Questa Altera Starter FPGA Edition-64 vlog 2025.2 Compiler 2025.05 May 31 2025
Start time: 13:47:21 on Sep 26,2026
vlog -sv ..\..\rtl\touch_controller.sv tb_touch_controller.sv 
** Note: (vlog-220) 'H:/altera_lite/25.1std/questa_fse/win64/../modelsim.ini' is used as the ini file.
-- Compiling module touch_controller
-- Compiling module xpt2046_model
-- Compiling module tb_touch_controller

Top level modules:
	tb_touch_controller
End time: 13:47:22 on Sep 26,2026, Elapsed time: 0:00:01
Errors: 0, Warnings: 0
Reading pref.tcl

# 2025.2

# ** Note: (vsim-220) 'H:/altera_lite/25.1std/questa_fse/win64/../modelsim.ini' is used as the ini file.
# vsim -c -work work -do "run -all; quit -f" tb_touch_controller 
# Start time: 13:47:24 on Sep 26,2026
# ** Note: (vsim-3812) Design is being optimized...
# ** Note: (vopt-220) 'H:/altera_lite/25.1std/questa_fse/win64/../modelsim.ini' is used as the ini file.
# //  Questa Altera Starter FPGA Edition-64
# //  Version 2025.2 win64 May 31 2025
# //
# // Unpublished work. Copyright 2025 Siemens
# //
# // This material contains trade secrets or otherwise confidential information
# // owned by Siemens Industry Software Inc. or its affiliates (collectively,
# // "SISW"), or its licensors. Access to and use of this information is strictly
# // limited as set forth in the Customer's applicable agreements with SISW.
# //
# // This material may not be copied, distributed, or otherwise disclosed outside
# // of the Customer's facilities without the express written permission of SISW,
# // and may not be used in any way not expressly authorized by SISW.
# //
# Loading sv_std.std
# Loading work.tb_touch_controller(fast)
# run -all
# [1] no touch: Z1 below threshold -> touch_valid must stay 0
#     checks=1 errors=0
# [2] press: Z1 above threshold -> touch_valid must rise
#     first press: valid=1 x=164 y=123
# [3] coordinate sweep (the /8192 regression guard)
#     checks=22 errors=0
# [4] full-scale reach: the extremes must be usable
# [4b] pad liveness: primary driven, alternate undriven
# [4c] Z1 magnitude meter
#     [sd] t=56015830 panel_cmd=b0 panel_n=24 dut_shift=000000000000 dut_res=0 dut_rz=2000 dut_st=2
#     [sd] t=56115830 panel_cmd=b0 panel_n=24 dut_shift=000000000000 dut_res=0 dut_rz=0 dut_st=2
#     [sd] t=56215830 panel_cmd=b0 panel_n=24 dut_shift=000000000000 dut_res=0 dut_rz=0 dut_st=2
#     [sd] t=56315830 panel_cmd=b0 panel_n=24 dut_shift=000000000000 dut_res=0 dut_rz=0 dut_st=2
#     [sd] t=56415830 panel_cmd=b0 panel_n=24 dut_shift=000000000000 dut_res=0 dut_rz=0 dut_st=2
#     [sd] t=56515830 panel_cmd=b0 panel_n=24 dut_shift=000000000000 dut_res=0 dut_rz=0 dut_st=2
#     [sd] t=56615830 panel_cmd=b0 panel_n=24 dut_shift=000000000000 dut_res=0 dut_rz=0 dut_st=2
#     [sd] t=56715830 panel_cmd=b0 panel_n=24 dut_shift=000000000000 dut_res=0 dut_rz=0 dut_st=2
#     [sd] t=56815830 panel_cmd=b0 panel_n=24 dut_shift=000000000000 dut_res=0 dut_rz=0 dut_st=2
#     [sd] t=56915830 panel_cmd=b0 panel_n=24 dut_shift=000000000000 dut_res=0 dut_rz=0 dut_st=2
#     [sd] t=57015830 panel_cmd=b0 panel_n=24 dut_shift=000000000000 dut_res=0 dut_rz=0 dut_st=2
#     [sd] t=57115830 panel_cmd=b0 panel_n=24 dut_shift=000000000000 dut_res=0 dut_rz=0 dut_st=2
#     [sd] t=57215830 panel_cmd=b0 panel_n=24 dut_shift=000000000000 dut_res=0 dut_rz=0 dut_st=2
#     [sd] t=57315830 panel_cmd=b0 panel_n=24 dut_shift=000000000000 dut_res=0 dut_rz=0 dut_st=2
#     [sd] t=57415830 panel_cmd=b0 panel_n=24 dut_shift=000000000000 dut_res=0 dut_rz=0 dut_st=2
#     [sd] t=57515830 panel_cmd=b0 panel_n=24 dut_shift=000000000000 dut_res=0 dut_rz=0 dut_st=2
#     [sd] t=57615830 panel_cmd=b0 panel_n=24 dut_shift=000000000000 dut_res=0 dut_rz=0 dut_st=2
#     [sd] t=57715830 panel_cmd=b0 panel_n=24 dut_shift=000000000000 dut_res=0 dut_rz=0 dut_st=2
#     [sd] t=57815830 panel_cmd=b0 panel_n=24 dut_shift=000000000000 dut_res=0 dut_rz=0 dut_st=2
#     [sd] t=57915830 panel_cmd=b0 panel_n=24 dut_shift=000000000000 dut_res=0 dut_rz=0 dut_st=2
#     [sd] t=58015830 panel_cmd=b0 panel_n=24 dut_shift=000000000000 dut_res=0 dut_rz=0 dut_st=2
#     [sd] t=58115830 panel_cmd=b0 panel_n=24 dut_shift=000000000000 dut_res=0 dut_rz=0 dut_st=2
#     [sd] t=58215830 panel_cmd=b0 panel_n=24 dut_shift=000000000000 dut_res=0 dut_rz=0 dut_st=2
#     [sd] t=58315830 panel_cmd=b0 panel_n=24 dut_shift=000000000000 dut_res=0 dut_rz=0 dut_st=2
#     [sd] t=58415830 panel_cmd=b0 panel_n=24 dut_shift=000000000000 dut_res=0 dut_rz=0 dut_st=2
#     [sd] t=58515830 panel_cmd=b0 panel_n=24 dut_shift=000000000000 dut_res=0 dut_rz=0 dut_st=2
#     [sd] t=58615830 panel_cmd=b0 panel_n=24 dut_shift=000000000000 dut_res=0 dut_rz=0 dut_st=2
#     [sd] t=58715830 panel_cmd=b0 panel_n=24 dut_shift=000000000000 dut_res=0 dut_rz=0 dut_st=2
#     [sd] t=58815830 panel_cmd=b0 panel_n=24 dut_shift=000000000000 dut_res=0 dut_rz=0 dut_st=2
#     [sd] t=58915830 panel_cmd=b0 panel_n=24 dut_shift=000000000000 dut_res=0 dut_rz=0 dut_st=2
#     [sd] t=59015830 panel_cmd=b0 panel_n=24 dut_shift=000000000000 dut_res=0 dut_rz=0 dut_st=2
#     [sd] t=59115830 panel_cmd=b0 panel_n=24 dut_shift=000000000000 dut_res=0 dut_rz=0 dut_st=2
#     [sd] t=59215830 panel_cmd=b0 panel_n=24 dut_shift=000000000000 dut_res=0 dut_rz=0 dut_st=2
#     [sd] t=59315830 panel_cmd=b0 panel_n=24 dut_shift=000000000000 dut_res=0 dut_rz=0 dut_st=2
#     [sd] t=59415830 panel_cmd=b0 panel_n=24 dut_shift=000000000000 dut_res=0 dut_rz=0 dut_st=2
#     [sd] t=59515830 panel_cmd=b0 panel_n=24 dut_shift=000000000000 dut_res=0 dut_rz=0 dut_st=2
#     [sd] t=59615830 panel_cmd=b0 panel_n=24 dut_shift=000000000000 dut_res=0 dut_rz=0 dut_st=2
#     [sd] t=59715830 panel_cmd=b0 panel_n=24 dut_shift=000000000000 dut_res=0 dut_rz=0 dut_st=2
#     [sd] t=59815830 panel_cmd=b0 panel_n=24 dut_shift=000000000000 dut_res=0 dut_rz=0 dut_st=2
#     [sd] t=59915830 panel_cmd=b0 panel_n=24 dut_shift=000000000000 dut_res=0 dut_rz=0 dut_st=2
#     val_z1=0 dut.raw_z1=0 dut.spi_result=0 dbg_z1=000 state=0
#     [sd] t=60015830 panel_cmd=b0 panel_n=24 dut_shift=000000010100 dut_res=20 dut_rz=0 dut_st=2
#     [sd] t=60031270 panel_cmd=d0 panel_n=24 dut_shift=111100101000 dut_res=3880 dut_rz=20 dut_st=5
#     [sd] t=60046690 panel_cmd=90 panel_n=24 dut_shift=111100101000 dut_res=3880 dut_rz=20 dut_st=7
#     [sd] t=60115830 panel_cmd=b0 panel_n=24 dut_shift=000000010100 dut_res=20 dut_rz=20 dut_st=2
#     [sd] t=60131270 panel_cmd=d0 panel_n=24 dut_shift=111100101000 dut_res=3880 dut_rz=20 dut_st=5
#     [sd] t=60146690 panel_cmd=90 panel_n=24 dut_shift=111100101000 dut_res=3880 dut_rz=20 dut_st=7
#     [sd] t=60215830 panel_cmd=b0 panel_n=24 dut_shift=000000010100 dut_res=20 dut_rz=20 dut_st=2
#     [sd] t=60231270 panel_cmd=d0 panel_n=24 dut_shift=111100101000 dut_res=3880 dut_rz=20 dut_st=5
#     [sd] t=60246690 panel_cmd=90 panel_n=24 dut_shift=111100101000 dut_res=3880 dut_rz=20 dut_st=7
#     [sd] t=60315830 panel_cmd=b0 panel_n=24 dut_shift=000000010100 dut_res=20 dut_rz=20 dut_st=2
#     [sd] t=60331270 panel_cmd=d0 panel_n=24 dut_shift=111100101000 dut_res=3880 dut_rz=20 dut_st=5
#     [sd] t=60346690 panel_cmd=90 panel_n=24 dut_shift=111100101000 dut_res=3880 dut_rz=20 dut_st=7
#     [sd] t=60415830 panel_cmd=b0 panel_n=24 dut_shift=000000010100 dut_res=20 dut_rz=20 dut_st=2
#     [sd] t=60431270 panel_cmd=d0 panel_n=24 dut_shift=111100101000 dut_res=3880 dut_rz=20 dut_st=5
#     [sd] t=60446690 panel_cmd=90 panel_n=24 dut_shift=111100101000 dut_res=3880 dut_rz=20 dut_st=7
#     [sd] t=60515830 panel_cmd=b0 panel_n=24 dut_shift=000000010100 dut_res=20 dut_rz=20 dut_st=2
#     [sd] t=60531270 panel_cmd=d0 panel_n=24 dut_shift=111100101000 dut_res=3880 dut_rz=20 dut_st=5
#     [sd] t=60546690 panel_cmd=90 panel_n=24 dut_shift=111100101000 dut_res=3880 dut_rz=20 dut_st=7
#     [sd] t=60615830 panel_cmd=b0 panel_n=24 dut_shift=000000010100 dut_res=20 dut_rz=20 dut_st=2
#     [sd] t=60631270 panel_cmd=d0 panel_n=24 dut_shift=111100101000 dut_res=3880 dut_rz=20 dut_st=5
#     [sd] t=60646690 panel_cmd=90 panel_n=24 dut_shift=111100101000 dut_res=3880 dut_rz=20 dut_st=7
#     [sd] t=60715830 panel_cmd=b0 panel_n=24 dut_shift=000000010100 dut_res=20 dut_rz=20 dut_st=2
#     [sd] t=60731270 panel_cmd=d0 panel_n=24 dut_shift=111100101000 dut_res=3880 dut_rz=20 dut_st=5
#     [sd] t=60746690 panel_cmd=90 panel_n=24 dut_shift=111100101000 dut_res=3880 dut_rz=20 dut_st=7
#     [sd] t=60815830 panel_cmd=b0 panel_n=24 dut_shift=000000010100 dut_res=20 dut_rz=20 dut_st=2
#     [sd] t=60831270 panel_cmd=d0 panel_n=24 dut_shift=111100101000 dut_res=3880 dut_rz=20 dut_st=5
#     [sd] t=60846690 panel_cmd=90 panel_n=24 dut_shift=111100101000 dut_res=3880 dut_rz=20 dut_st=7
#     [sd] t=60915830 panel_cmd=b0 panel_n=24 dut_shift=000000010100 dut_res=20 dut_rz=20 dut_st=2
#     [sd] t=60931270 panel_cmd=d0 panel_n=24 dut_shift=111100101000 dut_res=3880 dut_rz=20 dut_st=5
#     [sd] t=60946690 panel_cmd=90 panel_n=24 dut_shift=111100101000 dut_res=3880 dut_rz=20 dut_st=7
#     [sd] t=61015830 panel_cmd=b0 panel_n=24 dut_shift=000000010100 dut_res=20 dut_rz=20 dut_st=2
#     [sd] t=61031270 panel_cmd=d0 panel_n=24 dut_shift=111100101000 dut_res=3880 dut_rz=20 dut_st=5
#     [sd] t=61046690 panel_cmd=90 panel_n=24 dut_shift=111100101000 dut_res=3880 dut_rz=20 dut_st=7
#     [sd] t=61115830 panel_cmd=b0 panel_n=24 dut_shift=000000010100 dut_res=20 dut_rz=20 dut_st=2
#     [sd] t=61131270 panel_cmd=d0 panel_n=24 dut_shift=111100101000 dut_res=3880 dut_rz=20 dut_st=5
#     [sd] t=61146690 panel_cmd=90 panel_n=24 dut_shift=111100101000 dut_res=3880 dut_rz=20 dut_st=7
#     [sd] t=61215830 panel_cmd=b0 panel_n=24 dut_shift=000000010100 dut_res=20 dut_rz=20 dut_st=2
#     [sd] t=61231270 panel_cmd=d0 panel_n=24 dut_shift=111100101000 dut_res=3880 dut_rz=20 dut_st=5
#     [sd] t=61246690 panel_cmd=90 panel_n=24 dut_shift=111100101000 dut_res=3880 dut_rz=20 dut_st=7
#     [sd] t=61315830 panel_cmd=b0 panel_n=24 dut_shift=000000010100 dut_res=20 dut_rz=20 dut_st=2
#     [sd] t=61331270 panel_cmd=d0 panel_n=24 dut_shift=111100101000 dut_res=3880 dut_rz=20 dut_st=5
#     [sd] t=61346690 panel_cmd=90 panel_n=24 dut_shift=111100101000 dut_res=3880 dut_rz=20 dut_st=7
#     [sd] t=61415830 panel_cmd=b0 panel_n=24 dut_shift=000000010100 dut_res=20 dut_rz=20 dut_st=2
#     [sd] t=61431270 panel_cmd=d0 panel_n=24 dut_shift=111100101000 dut_res=3880 dut_rz=20 dut_st=5
#     [sd] t=61446690 panel_cmd=90 panel_n=24 dut_shift=111100101000 dut_res=3880 dut_rz=20 dut_st=7
#     [sd] t=61515830 panel_cmd=b0 panel_n=24 dut_shift=000000010100 dut_res=20 dut_rz=20 dut_st=2
#     [sd] t=61531270 panel_cmd=d0 panel_n=24 dut_shift=111100101000 dut_res=3880 dut_rz=20 dut_st=5
#     [sd] t=61546690 panel_cmd=90 panel_n=24 dut_shift=111100101000 dut_res=3880 dut_rz=20 dut_st=7
#     [sd] t=61615830 panel_cmd=b0 panel_n=24 dut_shift=000000010100 dut_res=20 dut_rz=20 dut_st=2
#     [sd] t=61631270 panel_cmd=d0 panel_n=24 dut_shift=111100101000 dut_res=3880 dut_rz=20 dut_st=5
#     [sd] t=61646690 panel_cmd=90 panel_n=24 dut_shift=111100101000 dut_res=3880 dut_rz=20 dut_st=7
#     [sd] t=61715830 panel_cmd=b0 panel_n=24 dut_shift=000000010100 dut_res=20 dut_rz=20 dut_st=2
#     [sd] t=61731270 panel_cmd=d0 panel_n=24 dut_shift=111100101000 dut_res=3880 dut_rz=20 dut_st=5
#     [sd] t=61746690 panel_cmd=90 panel_n=24 dut_shift=111100101000 dut_res=3880 dut_rz=20 dut_st=7
#     [sd] t=61815830 panel_cmd=b0 panel_n=24 dut_shift=000000010100 dut_res=20 dut_rz=20 dut_st=2
#     [sd] t=61831270 panel_cmd=d0 panel_n=24 dut_shift=111100101000 dut_res=3880 dut_rz=20 dut_st=5
#     [sd] t=61846690 panel_cmd=90 panel_n=24 dut_shift=111100101000 dut_res=3880 dut_rz=20 dut_st=7
#     [sd] t=61915830 panel_cmd=b0 panel_n=24 dut_shift=000000010100 dut_res=20 dut_rz=20 dut_st=2
#     [sd] t=61931270 panel_cmd=d0 panel_n=24 dut_shift=111100101000 dut_res=3880 dut_rz=20 dut_st=5
#     [sd] t=61946690 panel_cmd=90 panel_n=24 dut_shift=111100101000 dut_res=3880 dut_rz=20 dut_st=7
#     [sd] t=62015830 panel_cmd=b0 panel_n=24 dut_shift=000000010100 dut_res=20 dut_rz=20 dut_st=2
#     [sd] t=62031270 panel_cmd=d0 panel_n=24 dut_shift=111100101000 dut_res=3880 dut_rz=20 dut_st=5
#     [sd] t=62046690 panel_cmd=90 panel_n=24 dut_shift=111100101000 dut_res=3880 dut_rz=20 dut_st=7
#     [sd] t=62115830 panel_cmd=b0 panel_n=24 dut_shift=000000010100 dut_res=20 dut_rz=20 dut_st=2
#     [sd] t=62131270 panel_cmd=d0 panel_n=24 dut_shift=111100101000 dut_res=3880 dut_rz=20 dut_st=5
#     [sd] t=62146690 panel_cmd=90 panel_n=24 dut_shift=111100101000 dut_res=3880 dut_rz=20 dut_st=7
#     [sd] t=62215830 panel_cmd=b0 panel_n=24 dut_shift=000000010100 dut_res=20 dut_rz=20 dut_st=2
#     [sd] t=62231270 panel_cmd=d0 panel_n=24 dut_shift=111100101000 dut_res=3880 dut_rz=20 dut_st=5
#     [sd] t=62246690 panel_cmd=90 panel_n=24 dut_shift=111100101000 dut_res=3880 dut_rz=20 dut_st=7
#     [sd] t=62315830 panel_cmd=b0 panel_n=24 dut_shift=000000010100 dut_res=20 dut_rz=20 dut_st=2
#     [sd] t=62331270 panel_cmd=d0 panel_n=24 dut_shift=111100101000 dut_res=3880 dut_rz=20 dut_st=5
#     [sd] t=62346690 panel_cmd=90 panel_n=24 dut_shift=111100101000 dut_res=3880 dut_rz=20 dut_st=7
#     [sd] t=62415830 panel_cmd=b0 panel_n=24 dut_shift=000000010100 dut_res=20 dut_rz=20 dut_st=2
#     [sd] t=62431270 panel_cmd=d0 panel_n=24 dut_shift=111100101000 dut_res=3880 dut_rz=20 dut_st=5
#     [sd] t=62446690 panel_cmd=90 panel_n=24 dut_shift=111100101000 dut_res=3880 dut_rz=20 dut_st=7
#     [sd] t=62515830 panel_cmd=b0 panel_n=24 dut_shift=000000010100 dut_res=20 dut_rz=20 dut_st=2
#     [sd] t=62531270 panel_cmd=d0 panel_n=24 dut_shift=111100101000 dut_res=3880 dut_rz=20 dut_st=5
#     [sd] t=62546690 panel_cmd=90 panel_n=24 dut_shift=111100101000 dut_res=3880 dut_rz=20 dut_st=7
#     [sd] t=62615830 panel_cmd=b0 panel_n=24 dut_shift=000000010100 dut_res=20 dut_rz=20 dut_st=2
#     [sd] t=62631270 panel_cmd=d0 panel_n=24 dut_shift=111100101000 dut_res=3880 dut_rz=20 dut_st=5
#     [sd] t=62646690 panel_cmd=90 panel_n=24 dut_shift=111100101000 dut_res=3880 dut_rz=20 dut_st=7
#     [sd] t=62715830 panel_cmd=b0 panel_n=24 dut_shift=000000010100 dut_res=20 dut_rz=20 dut_st=2
#     [sd] t=62731270 panel_cmd=d0 panel_n=24 dut_shift=111100101000 dut_res=3880 dut_rz=20 dut_st=5
#     [sd] t=62746690 panel_cmd=90 panel_n=24 dut_shift=111100101000 dut_res=3880 dut_rz=20 dut_st=7
#     [sd] t=62815830 panel_cmd=b0 panel_n=24 dut_shift=000000010100 dut_res=20 dut_rz=20 dut_st=2
#     [sd] t=62831270 panel_cmd=d0 panel_n=24 dut_shift=111100101000 dut_res=3880 dut_rz=20 dut_st=5
#     [sd] t=62846690 panel_cmd=90 panel_n=24 dut_shift=111100101000 dut_res=3880 dut_rz=20 dut_st=7
#     [sd] t=62915830 panel_cmd=b0 panel_n=24 dut_shift=000000010100 dut_res=20 dut_rz=20 dut_st=2
#     [sd] t=62931270 panel_cmd=d0 panel_n=24 dut_shift=111100101000 dut_res=3880 dut_rz=20 dut_st=5
#     [sd] t=62946690 panel_cmd=90 panel_n=24 dut_shift=111100101000 dut_res=3880 dut_rz=20 dut_st=7
#     [sd] t=63015830 panel_cmd=b0 panel_n=24 dut_shift=000000010100 dut_res=20 dut_rz=20 dut_st=2
#     [sd] t=63031270 panel_cmd=d0 panel_n=24 dut_shift=111100101000 dut_res=3880 dut_rz=20 dut_st=5
#     [sd] t=63046690 panel_cmd=90 panel_n=24 dut_shift=111100101000 dut_res=3880 dut_rz=20 dut_st=7
#     [sd] t=63115830 panel_cmd=b0 panel_n=24 dut_shift=000000010100 dut_res=20 dut_rz=20 dut_st=2
#     [sd] t=63131270 panel_cmd=d0 panel_n=24 dut_shift=111100101000 dut_res=3880 dut_rz=20 dut_st=5
#     [sd] t=63146690 panel_cmd=90 panel_n=24 dut_shift=111100101000 dut_res=3880 dut_rz=20 dut_st=7
#     [sd] t=63215830 panel_cmd=b0 panel_n=24 dut_shift=000000010100 dut_res=20 dut_rz=20 dut_st=2
#     [sd] t=63231270 panel_cmd=d0 panel_n=24 dut_shift=111100101000 dut_res=3880 dut_rz=20 dut_st=5
#     [sd] t=63246690 panel_cmd=90 panel_n=24 dut_shift=111100101000 dut_res=3880 dut_rz=20 dut_st=7
#     [sd] t=63315830 panel_cmd=b0 panel_n=24 dut_shift=000000010100 dut_res=20 dut_rz=20 dut_st=2
#     [sd] t=63331270 panel_cmd=d0 panel_n=24 dut_shift=111100101000 dut_res=3880 dut_rz=20 dut_st=5
#     [sd] t=63346690 panel_cmd=90 panel_n=24 dut_shift=111100101000 dut_res=3880 dut_rz=20 dut_st=7
#     [sd] t=63415830 panel_cmd=b0 panel_n=24 dut_shift=000000010100 dut_res=20 dut_rz=20 dut_st=2
#     [sd] t=63431270 panel_cmd=d0 panel_n=24 dut_shift=111100101000 dut_res=3880 dut_rz=20 dut_st=5
#     [sd] t=63446690 panel_cmd=90 panel_n=24 dut_shift=111100101000 dut_res=3880 dut_rz=20 dut_st=7
#     [sd] t=63515830 panel_cmd=b0 panel_n=24 dut_shift=000000010100 dut_res=20 dut_rz=20 dut_st=2
#     [sd] t=63531270 panel_cmd=d0 panel_n=24 dut_shift=111100101000 dut_res=3880 dut_rz=20 dut_st=5
#     [sd] t=63546690 panel_cmd=90 panel_n=24 dut_shift=111100101000 dut_res=3880 dut_rz=20 dut_st=7
#     [sd] t=63615830 panel_cmd=b0 panel_n=24 dut_shift=000000010100 dut_res=20 dut_rz=20 dut_st=2
#     [sd] t=63631270 panel_cmd=d0 panel_n=24 dut_shift=111100101000 dut_res=3880 dut_rz=20 dut_st=5
#     [sd] t=63646690 panel_cmd=90 panel_n=24 dut_shift=111100101000 dut_res=3880 dut_rz=20 dut_st=7
#     [sd] t=63715830 panel_cmd=b0 panel_n=24 dut_shift=000000010100 dut_res=20 dut_rz=20 dut_st=2
#     [sd] t=63731270 panel_cmd=d0 panel_n=24 dut_shift=111100101000 dut_res=3880 dut_rz=20 dut_st=5
#     [sd] t=63746690 panel_cmd=90 panel_n=24 dut_shift=111100101000 dut_res=3880 dut_rz=20 dut_st=7
#     [sd] t=63815830 panel_cmd=b0 panel_n=24 dut_shift=000000010100 dut_res=20 dut_rz=20 dut_st=2
#     [sd] t=63831270 panel_cmd=d0 panel_n=24 dut_shift=111100101000 dut_res=3880 dut_rz=20 dut_st=5
#     [sd] t=63846690 panel_cmd=90 panel_n=24 dut_shift=111100101000 dut_res=3880 dut_rz=20 dut_st=7
#     [sd] t=63915830 panel_cmd=b0 panel_n=24 dut_shift=000000010100 dut_res=20 dut_rz=20 dut_st=2
#     [sd] t=63931270 panel_cmd=d0 panel_n=24 dut_shift=111100101000 dut_res=3880 dut_rz=20 dut_st=5
#     [sd] t=63946690 panel_cmd=90 panel_n=24 dut_shift=111100101000 dut_res=3880 dut_rz=20 dut_st=7
#     val_z1=20 dut.raw_z1=20 dut.spi_result=3880 dbg_z1=001 state=0
#     [sd] t=64015830 panel_cmd=b0 panel_n=24 dut_shift=000001100100 dut_res=100 dut_rz=20 dut_st=2
#     [sd] t=64031270 panel_cmd=d0 panel_n=24 dut_shift=111100101000 dut_res=3880 dut_rz=100 dut_st=5
#     [sd] t=64046690 panel_cmd=90 panel_n=24 dut_shift=111100101000 dut_res=3880 dut_rz=100 dut_st=7
#     [sd] t=64115830 panel_cmd=b0 panel_n=24 dut_shift=000001100100 dut_res=100 dut_rz=100 dut_st=2
#     [sd] t=64131270 panel_cmd=d0 panel_n=24 dut_shift=111100101000 dut_res=3880 dut_rz=100 dut_st=5
#     [sd] t=64146690 panel_cmd=90 panel_n=24 dut_shift=111100101000 dut_res=3880 dut_rz=100 dut_st=7
#     [sd] t=64215830 panel_cmd=b0 panel_n=24 dut_shift=000001100100 dut_res=100 dut_rz=100 dut_st=2
#     [sd] t=64231270 panel_cmd=d0 panel_n=24 dut_shift=111100101000 dut_res=3880 dut_rz=100 dut_st=5
#     [sd] t=64246690 panel_cmd=90 panel_n=24 dut_shift=111100101000 dut_res=3880 dut_rz=100 dut_st=7
#     [sd] t=64315830 panel_cmd=b0 panel_n=24 dut_shift=000001100100 dut_res=100 dut_rz=100 dut_st=2
#     [sd] t=64331270 panel_cmd=d0 panel_n=24 dut_shift=111100101000 dut_res=3880 dut_rz=100 dut_st=5
#     [sd] t=64346690 panel_cmd=90 panel_n=24 dut_shift=111100101000 dut_res=3880 dut_rz=100 dut_st=7
#     [sd] t=64415830 panel_cmd=b0 panel_n=24 dut_shift=000001100100 dut_res=100 dut_rz=100 dut_st=2
#     [sd] t=64431270 panel_cmd=d0 panel_n=24 dut_shift=111100101000 dut_res=3880 dut_rz=100 dut_st=5
#     [sd] t=64446690 panel_cmd=90 panel_n=24 dut_shift=111100101000 dut_res=3880 dut_rz=100 dut_st=7
#     [sd] t=64515830 panel_cmd=b0 panel_n=24 dut_shift=000001100100 dut_res=100 dut_rz=100 dut_st=2
#     [sd] t=64531270 panel_cmd=d0 panel_n=24 dut_shift=111100101000 dut_res=3880 dut_rz=100 dut_st=5
#     [sd] t=64546690 panel_cmd=90 panel_n=24 dut_shift=111100101000 dut_res=3880 dut_rz=100 dut_st=7
#     [sd] t=64615830 panel_cmd=b0 panel_n=24 dut_shift=000001100100 dut_res=100 dut_rz=100 dut_st=2
#     [sd] t=64631270 panel_cmd=d0 panel_n=24 dut_shift=111100101000 dut_res=3880 dut_rz=100 dut_st=5
#     [sd] t=64646690 panel_cmd=90 panel_n=24 dut_shift=111100101000 dut_res=3880 dut_rz=100 dut_st=7
#     [sd] t=64715830 panel_cmd=b0 panel_n=24 dut_shift=000001100100 dut_res=100 dut_rz=100 dut_st=2
#     [sd] t=64731270 panel_cmd=d0 panel_n=24 dut_shift=111100101000 dut_res=3880 dut_rz=100 dut_st=5
#     [sd] t=64746690 panel_cmd=90 panel_n=24 dut_shift=111100101000 dut_res=3880 dut_rz=100 dut_st=7
#     [sd] t=64815830 panel_cmd=b0 panel_n=24 dut_shift=000001100100 dut_res=100 dut_rz=100 dut_st=2
#     [sd] t=64831270 panel_cmd=d0 panel_n=24 dut_shift=111100101000 dut_res=3880 dut_rz=100 dut_st=5
#     [sd] t=64846690 panel_cmd=90 panel_n=24 dut_shift=111100101000 dut_res=3880 dut_rz=100 dut_st=7
#     [sd] t=64915830 panel_cmd=b0 panel_n=24 dut_shift=000001100100 dut_res=100 dut_rz=100 dut_st=2
#     [sd] t=64931270 panel_cmd=d0 panel_n=24 dut_shift=111100101000 dut_res=3880 dut_rz=100 dut_st=5
#     [sd] t=64946690 panel_cmd=90 panel_n=24 dut_shift=111100101000 dut_res=3880 dut_rz=100 dut_st=7
#     [sd] t=65015830 panel_cmd=b0 panel_n=24 dut_shift=000001100100 dut_res=100 dut_rz=100 dut_st=2
#     [sd] t=65031270 panel_cmd=d0 panel_n=24 dut_shift=111100101000 dut_res=3880 dut_rz=100 dut_st=5
#     [sd] t=65046690 panel_cmd=90 panel_n=24 dut_shift=111100101000 dut_res=3880 dut_rz=100 dut_st=7
#     [sd] t=65115830 panel_cmd=b0 panel_n=24 dut_shift=000001100100 dut_res=100 dut_rz=100 dut_st=2
#     [sd] t=65131270 panel_cmd=d0 panel_n=24 dut_shift=111100101000 dut_res=3880 dut_rz=100 dut_st=5
#     [sd] t=65146690 panel_cmd=90 panel_n=24 dut_shift=111100101000 dut_res=3880 dut_rz=100 dut_st=7
#     [sd] t=65215830 panel_cmd=b0 panel_n=24 dut_shift=000001100100 dut_res=100 dut_rz=100 dut_st=2
#     [sd] t=65231270 panel_cmd=d0 panel_n=24 dut_shift=111100101000 dut_res=3880 dut_rz=100 dut_st=5
#     [sd] t=65246690 panel_cmd=90 panel_n=24 dut_shift=111100101000 dut_res=3880 dut_rz=100 dut_st=7
#     [sd] t=65315830 panel_cmd=b0 panel_n=24 dut_shift=000001100100 dut_res=100 dut_rz=100 dut_st=2
#     [sd] t=65331270 panel_cmd=d0 panel_n=24 dut_shift=111100101000 dut_res=3880 dut_rz=100 dut_st=5
#     [sd] t=65346690 panel_cmd=90 panel_n=24 dut_shift=111100101000 dut_res=3880 dut_rz=100 dut_st=7
#     [sd] t=65415830 panel_cmd=b0 panel_n=24 dut_shift=000001100100 dut_res=100 dut_rz=100 dut_st=2
#     [sd] t=65431270 panel_cmd=d0 panel_n=24 dut_shift=111100101000 dut_res=3880 dut_rz=100 dut_st=5
#     [sd] t=65446690 panel_cmd=90 panel_n=24 dut_shift=111100101000 dut_res=3880 dut_rz=100 dut_st=7
#     [sd] t=65515830 panel_cmd=b0 panel_n=24 dut_shift=000001100100 dut_res=100 dut_rz=100 dut_st=2
#     [sd] t=65531270 panel_cmd=d0 panel_n=24 dut_shift=111100101000 dut_res=3880 dut_rz=100 dut_st=5
#     [sd] t=65546690 panel_cmd=90 panel_n=24 dut_shift=111100101000 dut_res=3880 dut_rz=100 dut_st=7
#     [sd] t=65615830 panel_cmd=b0 panel_n=24 dut_shift=000001100100 dut_res=100 dut_rz=100 dut_st=2
#     [sd] t=65631270 panel_cmd=d0 panel_n=24 dut_shift=111100101000 dut_res=3880 dut_rz=100 dut_st=5
#     [sd] t=65646690 panel_cmd=90 panel_n=24 dut_shift=111100101000 dut_res=3880 dut_rz=100 dut_st=7
#     [sd] t=65715830 panel_cmd=b0 panel_n=24 dut_shift=000001100100 dut_res=100 dut_rz=100 dut_st=2
#     [sd] t=65731270 panel_cmd=d0 panel_n=24 dut_shift=111100101000 dut_res=3880 dut_rz=100 dut_st=5
#     [sd] t=65746690 panel_cmd=90 panel_n=24 dut_shift=111100101000 dut_res=3880 dut_rz=100 dut_st=7
#     [sd] t=65815830 panel_cmd=b0 panel_n=24 dut_shift=000001100100 dut_res=100 dut_rz=100 dut_st=2
#     [sd] t=65831270 panel_cmd=d0 panel_n=24 dut_shift=111100101000 dut_res=3880 dut_rz=100 dut_st=5
#     [sd] t=65846690 panel_cmd=90 panel_n=24 dut_shift=111100101000 dut_res=3880 dut_rz=100 dut_st=7
#     [sd] t=65915830 panel_cmd=b0 panel_n=24 dut_shift=000001100100 dut_res=100 dut_rz=100 dut_st=2
#     [sd] t=65931270 panel_cmd=d0 panel_n=24 dut_shift=111100101000 dut_res=3880 dut_rz=100 dut_st=5
#     [sd] t=65946690 panel_cmd=90 panel_n=24 dut_shift=111100101000 dut_res=3880 dut_rz=100 dut_st=7
#     [sd] t=66015830 panel_cmd=b0 panel_n=24 dut_shift=000001100100 dut_res=100 dut_rz=100 dut_st=2
#     [sd] t=66031270 panel_cmd=d0 panel_n=24 dut_shift=111100101000 dut_res=3880 dut_rz=100 dut_st=5
#     [sd] t=66046690 panel_cmd=90 panel_n=24 dut_shift=111100101000 dut_res=3880 dut_rz=100 dut_st=7
#     [sd] t=66115830 panel_cmd=b0 panel_n=24 dut_shift=000001100100 dut_res=100 dut_rz=100 dut_st=2
#     [sd] t=66131270 panel_cmd=d0 panel_n=24 dut_shift=111100101000 dut_res=3880 dut_rz=100 dut_st=5
#     [sd] t=66146690 panel_cmd=90 panel_n=24 dut_shift=111100101000 dut_res=3880 dut_rz=100 dut_st=7
#     [sd] t=66215830 panel_cmd=b0 panel_n=24 dut_shift=000001100100 dut_res=100 dut_rz=100 dut_st=2
#     [sd] t=66231270 panel_cmd=d0 panel_n=24 dut_shift=111100101000 dut_res=3880 dut_rz=100 dut_st=5
#     [sd] t=66246690 panel_cmd=90 panel_n=24 dut_shift=111100101000 dut_res=3880 dut_rz=100 dut_st=7
#     [sd] t=66315830 panel_cmd=b0 panel_n=24 dut_shift=000001100100 dut_res=100 dut_rz=100 dut_st=2
#     [sd] t=66331270 panel_cmd=d0 panel_n=24 dut_shift=111100101000 dut_res=3880 dut_rz=100 dut_st=5
#     [sd] t=66346690 panel_cmd=90 panel_n=24 dut_shift=111100101000 dut_res=3880 dut_rz=100 dut_st=7
#     [sd] t=66415830 panel_cmd=b0 panel_n=24 dut_shift=000001100100 dut_res=100 dut_rz=100 dut_st=2
#     [sd] t=66431270 panel_cmd=d0 panel_n=24 dut_shift=111100101000 dut_res=3880 dut_rz=100 dut_st=5
#     [sd] t=66446690 panel_cmd=90 panel_n=24 dut_shift=111100101000 dut_res=3880 dut_rz=100 dut_st=7
#     [sd] t=66515830 panel_cmd=b0 panel_n=24 dut_shift=000001100100 dut_res=100 dut_rz=100 dut_st=2
#     [sd] t=66531270 panel_cmd=d0 panel_n=24 dut_shift=111100101000 dut_res=3880 dut_rz=100 dut_st=5
#     [sd] t=66546690 panel_cmd=90 panel_n=24 dut_shift=111100101000 dut_res=3880 dut_rz=100 dut_st=7
#     [sd] t=66615830 panel_cmd=b0 panel_n=24 dut_shift=000001100100 dut_res=100 dut_rz=100 dut_st=2
#     [sd] t=66631270 panel_cmd=d0 panel_n=24 dut_shift=111100101000 dut_res=3880 dut_rz=100 dut_st=5
#     [sd] t=66646690 panel_cmd=90 panel_n=24 dut_shift=111100101000 dut_res=3880 dut_rz=100 dut_st=7
#     [sd] t=66715830 panel_cmd=b0 panel_n=24 dut_shift=000001100100 dut_res=100 dut_rz=100 dut_st=2
#     [sd] t=66731270 panel_cmd=d0 panel_n=24 dut_shift=111100101000 dut_res=3880 dut_rz=100 dut_st=5
#     [sd] t=66746690 panel_cmd=90 panel_n=24 dut_shift=111100101000 dut_res=3880 dut_rz=100 dut_st=7
#     [sd] t=66815830 panel_cmd=b0 panel_n=24 dut_shift=000001100100 dut_res=100 dut_rz=100 dut_st=2
#     [sd] t=66831270 panel_cmd=d0 panel_n=24 dut_shift=111100101000 dut_res=3880 dut_rz=100 dut_st=5
#     [sd] t=66846690 panel_cmd=90 panel_n=24 dut_shift=111100101000 dut_res=3880 dut_rz=100 dut_st=7
#     [sd] t=66915830 panel_cmd=b0 panel_n=24 dut_shift=000001100100 dut_res=100 dut_rz=100 dut_st=2
#     [sd] t=66931270 panel_cmd=d0 panel_n=24 dut_shift=111100101000 dut_res=3880 dut_rz=100 dut_st=5
#     [sd] t=66946690 panel_cmd=90 panel_n=24 dut_shift=111100101000 dut_res=3880 dut_rz=100 dut_st=7
#     [sd] t=67015830 panel_cmd=b0 panel_n=24 dut_shift=000001100100 dut_res=100 dut_rz=100 dut_st=2
#     [sd] t=67031270 panel_cmd=d0 panel_n=24 dut_shift=111100101000 dut_res=3880 dut_rz=100 dut_st=5
#     [sd] t=67046690 panel_cmd=90 panel_n=24 dut_shift=111100101000 dut_res=3880 dut_rz=100 dut_st=7
#     [sd] t=67115830 panel_cmd=b0 panel_n=24 dut_shift=000001100100 dut_res=100 dut_rz=100 dut_st=2
#     [sd] t=67131270 panel_cmd=d0 panel_n=24 dut_shift=111100101000 dut_res=3880 dut_rz=100 dut_st=5
#     [sd] t=67146690 panel_cmd=90 panel_n=24 dut_shift=111100101000 dut_res=3880 dut_rz=100 dut_st=7
#     [sd] t=67215830 panel_cmd=b0 panel_n=24 dut_shift=000001100100 dut_res=100 dut_rz=100 dut_st=2
#     [sd] t=67231270 panel_cmd=d0 panel_n=24 dut_shift=111100101000 dut_res=3880 dut_rz=100 dut_st=5
#     [sd] t=67246690 panel_cmd=90 panel_n=24 dut_shift=111100101000 dut_res=3880 dut_rz=100 dut_st=7
#     [sd] t=67315830 panel_cmd=b0 panel_n=24 dut_shift=000001100100 dut_res=100 dut_rz=100 dut_st=2
#     [sd] t=67331270 panel_cmd=d0 panel_n=24 dut_shift=111100101000 dut_res=3880 dut_rz=100 dut_st=5
#     [sd] t=67346690 panel_cmd=90 panel_n=24 dut_shift=111100101000 dut_res=3880 dut_rz=100 dut_st=7
#     [sd] t=67415830 panel_cmd=b0 panel_n=24 dut_shift=000001100100 dut_res=100 dut_rz=100 dut_st=2
#     [sd] t=67431270 panel_cmd=d0 panel_n=24 dut_shift=111100101000 dut_res=3880 dut_rz=100 dut_st=5
#     [sd] t=67446690 panel_cmd=90 panel_n=24 dut_shift=111100101000 dut_res=3880 dut_rz=100 dut_st=7
#     [sd] t=67515830 panel_cmd=b0 panel_n=24 dut_shift=000001100100 dut_res=100 dut_rz=100 dut_st=2
#     [sd] t=67531270 panel_cmd=d0 panel_n=24 dut_shift=111100101000 dut_res=3880 dut_rz=100 dut_st=5
#     [sd] t=67546690 panel_cmd=90 panel_n=24 dut_shift=111100101000 dut_res=3880 dut_rz=100 dut_st=7
#     [sd] t=67615830 panel_cmd=b0 panel_n=24 dut_shift=000001100100 dut_res=100 dut_rz=100 dut_st=2
#     [sd] t=67631270 panel_cmd=d0 panel_n=24 dut_shift=111100101000 dut_res=3880 dut_rz=100 dut_st=5
#     [sd] t=67646690 panel_cmd=90 panel_n=24 dut_shift=111100101000 dut_res=3880 dut_rz=100 dut_st=7
#     [sd] t=67715830 panel_cmd=b0 panel_n=24 dut_shift=000001100100 dut_res=100 dut_rz=100 dut_st=2
#     [sd] t=67731270 panel_cmd=d0 panel_n=24 dut_shift=111100101000 dut_res=3880 dut_rz=100 dut_st=5
#     [sd] t=67746690 panel_cmd=90 panel_n=24 dut_shift=111100101000 dut_res=3880 dut_rz=100 dut_st=7
#     [sd] t=67815830 panel_cmd=b0 panel_n=24 dut_shift=000001100100 dut_res=100 dut_rz=100 dut_st=2
#     [sd] t=67831270 panel_cmd=d0 panel_n=24 dut_shift=111100101000 dut_res=3880 dut_rz=100 dut_st=5
#     [sd] t=67846690 panel_cmd=90 panel_n=24 dut_shift=111100101000 dut_res=3880 dut_rz=100 dut_st=7
#     [sd] t=67915830 panel_cmd=b0 panel_n=24 dut_shift=000001100100 dut_res=100 dut_rz=100 dut_st=2
#     [sd] t=67931270 panel_cmd=d0 panel_n=24 dut_shift=111100101000 dut_res=3880 dut_rz=100 dut_st=5
#     [sd] t=67946690 panel_cmd=90 panel_n=24 dut_shift=111100101000 dut_res=3880 dut_rz=100 dut_st=7
#     val_z1=100 dut.raw_z1=100 dut.spi_result=3880 dbg_z1=011 state=0
#     [sd] t=68015830 panel_cmd=b0 panel_n=24 dut_shift=000110010000 dut_res=400 dut_rz=100 dut_st=2
#     [sd] t=68031270 panel_cmd=d0 panel_n=24 dut_shift=111100101000 dut_res=3880 dut_rz=400 dut_st=5
#     [sd] t=68046690 panel_cmd=90 panel_n=24 dut_shift=111100101000 dut_res=3880 dut_rz=400 dut_st=7
#     [sd] t=68115830 panel_cmd=b0 panel_n=24 dut_shift=000110010000 dut_res=400 dut_rz=400 dut_st=2
#     [sd] t=68131270 panel_cmd=d0 panel_n=24 dut_shift=111100101000 dut_res=3880 dut_rz=400 dut_st=5
#     [sd] t=68146690 panel_cmd=90 panel_n=24 dut_shift=111100101000 dut_res=3880 dut_rz=400 dut_st=7
#     [sd] t=68215830 panel_cmd=b0 panel_n=24 dut_shift=000110010000 dut_res=400 dut_rz=400 dut_st=2
#     [sd] t=68231270 panel_cmd=d0 panel_n=24 dut_shift=111100101000 dut_res=3880 dut_rz=400 dut_st=5
#     [sd] t=68246690 panel_cmd=90 panel_n=24 dut_shift=111100101000 dut_res=3880 dut_rz=400 dut_st=7
#     [sd] t=68315830 panel_cmd=b0 panel_n=24 dut_shift=000110010000 dut_res=400 dut_rz=400 dut_st=2
#     [sd] t=68331270 panel_cmd=d0 panel_n=24 dut_shift=111100101000 dut_res=3880 dut_rz=400 dut_st=5
#     [sd] t=68346690 panel_cmd=90 panel_n=24 dut_shift=111100101000 dut_res=3880 dut_rz=400 dut_st=7
#     [sd] t=68415830 panel_cmd=b0 panel_n=24 dut_shift=000110010000 dut_res=400 dut_rz=400 dut_st=2
#     [sd] t=68431270 panel_cmd=d0 panel_n=24 dut_shift=111100101000 dut_res=3880 dut_rz=400 dut_st=5
#     [sd] t=68446690 panel_cmd=90 panel_n=24 dut_shift=111100101000 dut_res=3880 dut_rz=400 dut_st=7
#     [sd] t=68515830 panel_cmd=b0 panel_n=24 dut_shift=000110010000 dut_res=400 dut_rz=400 dut_st=2
#     [sd] t=68531270 panel_cmd=d0 panel_n=24 dut_shift=111100101000 dut_res=3880 dut_rz=400 dut_st=5
#     [sd] t=68546690 panel_cmd=90 panel_n=24 dut_shift=111100101000 dut_res=3880 dut_rz=400 dut_st=7
#     [sd] t=68615830 panel_cmd=b0 panel_n=24 dut_shift=000110010000 dut_res=400 dut_rz=400 dut_st=2
#     [sd] t=68631270 panel_cmd=d0 panel_n=24 dut_shift=111100101000 dut_res=3880 dut_rz=400 dut_st=5
#     [sd] t=68646690 panel_cmd=90 panel_n=24 dut_shift=111100101000 dut_res=3880 dut_rz=400 dut_st=7
#     [sd] t=68715830 panel_cmd=b0 panel_n=24 dut_shift=000110010000 dut_res=400 dut_rz=400 dut_st=2
#     [sd] t=68731270 panel_cmd=d0 panel_n=24 dut_shift=111100101000 dut_res=3880 dut_rz=400 dut_st=5
#     [sd] t=68746690 panel_cmd=90 panel_n=24 dut_shift=111100101000 dut_res=3880 dut_rz=400 dut_st=7
#     [sd] t=68815830 panel_cmd=b0 panel_n=24 dut_shift=000110010000 dut_res=400 dut_rz=400 dut_st=2
#     [sd] t=68831270 panel_cmd=d0 panel_n=24 dut_shift=111100101000 dut_res=3880 dut_rz=400 dut_st=5
#     [sd] t=68846690 panel_cmd=90 panel_n=24 dut_shift=111100101000 dut_res=3880 dut_rz=400 dut_st=7
#     [sd] t=68915830 panel_cmd=b0 panel_n=24 dut_shift=000110010000 dut_res=400 dut_rz=400 dut_st=2
#     [sd] t=68931270 panel_cmd=d0 panel_n=24 dut_shift=111100101000 dut_res=3880 dut_rz=400 dut_st=5
#     [sd] t=68946690 panel_cmd=90 panel_n=24 dut_shift=111100101000 dut_res=3880 dut_rz=400 dut_st=7
#     [sd] t=69015830 panel_cmd=b0 panel_n=24 dut_shift=000110010000 dut_res=400 dut_rz=400 dut_st=2
#     [sd] t=69031270 panel_cmd=d0 panel_n=24 dut_shift=111100101000 dut_res=3880 dut_rz=400 dut_st=5
#     [sd] t=69046690 panel_cmd=90 panel_n=24 dut_shift=111100101000 dut_res=3880 dut_rz=400 dut_st=7
#     [sd] t=69115830 panel_cmd=b0 panel_n=24 dut_shift=000110010000 dut_res=400 dut_rz=400 dut_st=2
#     [sd] t=69131270 panel_cmd=d0 panel_n=24 dut_shift=111100101000 dut_res=3880 dut_rz=400 dut_st=5
#     [sd] t=69146690 panel_cmd=90 panel_n=24 dut_shift=111100101000 dut_res=3880 dut_rz=400 dut_st=7
#     [sd] t=69215830 panel_cmd=b0 panel_n=24 dut_shift=000110010000 dut_res=400 dut_rz=400 dut_st=2
#     [sd] t=69231270 panel_cmd=d0 panel_n=24 dut_shift=111100101000 dut_res=3880 dut_rz=400 dut_st=5
#     [sd] t=69246690 panel_cmd=90 panel_n=24 dut_shift=111100101000 dut_res=3880 dut_rz=400 dut_st=7
#     [sd] t=69315830 panel_cmd=b0 panel_n=24 dut_shift=000110010000 dut_res=400 dut_rz=400 dut_st=2
#     [sd] t=69331270 panel_cmd=d0 panel_n=24 dut_shift=111100101000 dut_res=3880 dut_rz=400 dut_st=5
#     [sd] t=69346690 panel_cmd=90 panel_n=24 dut_shift=111100101000 dut_res=3880 dut_rz=400 dut_st=7
#     [sd] t=69415830 panel_cmd=b0 panel_n=24 dut_shift=000110010000 dut_res=400 dut_rz=400 dut_st=2
#     [sd] t=69431270 panel_cmd=d0 panel_n=24 dut_shift=111100101000 dut_res=3880 dut_rz=400 dut_st=5
#     [sd] t=69446690 panel_cmd=90 panel_n=24 dut_shift=111100101000 dut_res=3880 dut_rz=400 dut_st=7
#     [sd] t=69515830 panel_cmd=b0 panel_n=24 dut_shift=000110010000 dut_res=400 dut_rz=400 dut_st=2
#     [sd] t=69531270 panel_cmd=d0 panel_n=24 dut_shift=111100101000 dut_res=3880 dut_rz=400 dut_st=5
#     [sd] t=69546690 panel_cmd=90 panel_n=24 dut_shift=111100101000 dut_res=3880 dut_rz=400 dut_st=7
#     [sd] t=69615830 panel_cmd=b0 panel_n=24 dut_shift=000110010000 dut_res=400 dut_rz=400 dut_st=2
#     [sd] t=69631270 panel_cmd=d0 panel_n=24 dut_shift=111100101000 dut_res=3880 dut_rz=400 dut_st=5
#     [sd] t=69646690 panel_cmd=90 panel_n=24 dut_shift=111100101000 dut_res=3880 dut_rz=400 dut_st=7
#     [sd] t=69715830 panel_cmd=b0 panel_n=24 dut_shift=000110010000 dut_res=400 dut_rz=400 dut_st=2
#     [sd] t=69731270 panel_cmd=d0 panel_n=24 dut_shift=111100101000 dut_res=3880 dut_rz=400 dut_st=5
#     [sd] t=69746690 panel_cmd=90 panel_n=24 dut_shift=111100101000 dut_res=3880 dut_rz=400 dut_st=7
#     [sd] t=69815830 panel_cmd=b0 panel_n=24 dut_shift=000110010000 dut_res=400 dut_rz=400 dut_st=2
#     [sd] t=69831270 panel_cmd=d0 panel_n=24 dut_shift=111100101000 dut_res=3880 dut_rz=400 dut_st=5
#     [sd] t=69846690 panel_cmd=90 panel_n=24 dut_shift=111100101000 dut_res=3880 dut_rz=400 dut_st=7
#     [sd] t=69915830 panel_cmd=b0 panel_n=24 dut_shift=000110010000 dut_res=400 dut_rz=400 dut_st=2
#     [sd] t=69931270 panel_cmd=d0 panel_n=24 dut_shift=111100101000 dut_res=3880 dut_rz=400 dut_st=5
#     [sd] t=69946690 panel_cmd=90 panel_n=24 dut_shift=111100101000 dut_res=3880 dut_rz=400 dut_st=7
#     [sd] t=70015830 panel_cmd=b0 panel_n=24 dut_shift=000110010000 dut_res=400 dut_rz=400 dut_st=2
#     [sd] t=70031270 panel_cmd=d0 panel_n=24 dut_shift=111100101000 dut_res=3880 dut_rz=400 dut_st=5
#     [sd] t=70046690 panel_cmd=90 panel_n=24 dut_shift=111100101000 dut_res=3880 dut_rz=400 dut_st=7
#     [sd] t=70115830 panel_cmd=b0 panel_n=24 dut_shift=000110010000 dut_res=400 dut_rz=400 dut_st=2
#     [sd] t=70131270 panel_cmd=d0 panel_n=24 dut_shift=111100101000 dut_res=3880 dut_rz=400 dut_st=5
#     [sd] t=70146690 panel_cmd=90 panel_n=24 dut_shift=111100101000 dut_res=3880 dut_rz=400 dut_st=7
#     [sd] t=70215830 panel_cmd=b0 panel_n=24 dut_shift=000110010000 dut_res=400 dut_rz=400 dut_st=2
#     [sd] t=70231270 panel_cmd=d0 panel_n=24 dut_shift=111100101000 dut_res=3880 dut_rz=400 dut_st=5
#     [sd] t=70246690 panel_cmd=90 panel_n=24 dut_shift=111100101000 dut_res=3880 dut_rz=400 dut_st=7
#     [sd] t=70315830 panel_cmd=b0 panel_n=24 dut_shift=000110010000 dut_res=400 dut_rz=400 dut_st=2
#     [sd] t=70331270 panel_cmd=d0 panel_n=24 dut_shift=111100101000 dut_res=3880 dut_rz=400 dut_st=5
#     [sd] t=70346690 panel_cmd=90 panel_n=24 dut_shift=111100101000 dut_res=3880 dut_rz=400 dut_st=7
#     [sd] t=70415830 panel_cmd=b0 panel_n=24 dut_shift=000110010000 dut_res=400 dut_rz=400 dut_st=2
#     [sd] t=70431270 panel_cmd=d0 panel_n=24 dut_shift=111100101000 dut_res=3880 dut_rz=400 dut_st=5
#     [sd] t=70446690 panel_cmd=90 panel_n=24 dut_shift=111100101000 dut_res=3880 dut_rz=400 dut_st=7
#     [sd] t=70515830 panel_cmd=b0 panel_n=24 dut_shift=000110010000 dut_res=400 dut_rz=400 dut_st=2
#     [sd] t=70531270 panel_cmd=d0 panel_n=24 dut_shift=111100101000 dut_res=3880 dut_rz=400 dut_st=5
#     [sd] t=70546690 panel_cmd=90 panel_n=24 dut_shift=111100101000 dut_res=3880 dut_rz=400 dut_st=7
#     [sd] t=70615830 panel_cmd=b0 panel_n=24 dut_shift=000110010000 dut_res=400 dut_rz=400 dut_st=2
#     [sd] t=70631270 panel_cmd=d0 panel_n=24 dut_shift=111100101000 dut_res=3880 dut_rz=400 dut_st=5
#     [sd] t=70646690 panel_cmd=90 panel_n=24 dut_shift=111100101000 dut_res=3880 dut_rz=400 dut_st=7
#     [sd] t=70715830 panel_cmd=b0 panel_n=24 dut_shift=000110010000 dut_res=400 dut_rz=400 dut_st=2
#     [sd] t=70731270 panel_cmd=d0 panel_n=24 dut_shift=111100101000 dut_res=3880 dut_rz=400 dut_st=5
#     [sd] t=70746690 panel_cmd=90 panel_n=24 dut_shift=111100101000 dut_res=3880 dut_rz=400 dut_st=7
#     [sd] t=70815830 panel_cmd=b0 panel_n=24 dut_shift=000110010000 dut_res=400 dut_rz=400 dut_st=2
#     [sd] t=70831270 panel_cmd=d0 panel_n=24 dut_shift=111100101000 dut_res=3880 dut_rz=400 dut_st=5
#     [sd] t=70846690 panel_cmd=90 panel_n=24 dut_shift=111100101000 dut_res=3880 dut_rz=400 dut_st=7
#     [sd] t=70915830 panel_cmd=b0 panel_n=24 dut_shift=000110010000 dut_res=400 dut_rz=400 dut_st=2
#     [sd] t=70931270 panel_cmd=d0 panel_n=24 dut_shift=111100101000 dut_res=3880 dut_rz=400 dut_st=5
#     [sd] t=70946690 panel_cmd=90 panel_n=24 dut_shift=111100101000 dut_res=3880 dut_rz=400 dut_st=7
#     [sd] t=71015830 panel_cmd=b0 panel_n=24 dut_shift=000110010000 dut_res=400 dut_rz=400 dut_st=2
#     [sd] t=71031270 panel_cmd=d0 panel_n=24 dut_shift=111100101000 dut_res=3880 dut_rz=400 dut_st=5
#     [sd] t=71046690 panel_cmd=90 panel_n=24 dut_shift=111100101000 dut_res=3880 dut_rz=400 dut_st=7
#     [sd] t=71115830 panel_cmd=b0 panel_n=24 dut_shift=000110010000 dut_res=400 dut_rz=400 dut_st=2
#     [sd] t=71131270 panel_cmd=d0 panel_n=24 dut_shift=111100101000 dut_res=3880 dut_rz=400 dut_st=5
#     [sd] t=71146690 panel_cmd=90 panel_n=24 dut_shift=111100101000 dut_res=3880 dut_rz=400 dut_st=7
#     [sd] t=71215830 panel_cmd=b0 panel_n=24 dut_shift=000110010000 dut_res=400 dut_rz=400 dut_st=2
#     [sd] t=71231270 panel_cmd=d0 panel_n=24 dut_shift=111100101000 dut_res=3880 dut_rz=400 dut_st=5
#     [sd] t=71246690 panel_cmd=90 panel_n=24 dut_shift=111100101000 dut_res=3880 dut_rz=400 dut_st=7
#     [sd] t=71315830 panel_cmd=b0 panel_n=24 dut_shift=000110010000 dut_res=400 dut_rz=400 dut_st=2
#     [sd] t=71331270 panel_cmd=d0 panel_n=24 dut_shift=111100101000 dut_res=3880 dut_rz=400 dut_st=5
#     [sd] t=71346690 panel_cmd=90 panel_n=24 dut_shift=111100101000 dut_res=3880 dut_rz=400 dut_st=7
#     [sd] t=71415830 panel_cmd=b0 panel_n=24 dut_shift=000110010000 dut_res=400 dut_rz=400 dut_st=2
#     [sd] t=71431270 panel_cmd=d0 panel_n=24 dut_shift=111100101000 dut_res=3880 dut_rz=400 dut_st=5
#     [sd] t=71446690 panel_cmd=90 panel_n=24 dut_shift=111100101000 dut_res=3880 dut_rz=400 dut_st=7
#     [sd] t=71515830 panel_cmd=b0 panel_n=24 dut_shift=000110010000 dut_res=400 dut_rz=400 dut_st=2
#     [sd] t=71531270 panel_cmd=d0 panel_n=24 dut_shift=111100101000 dut_res=3880 dut_rz=400 dut_st=5
#     [sd] t=71546690 panel_cmd=90 panel_n=24 dut_shift=111100101000 dut_res=3880 dut_rz=400 dut_st=7
#     [sd] t=71615830 panel_cmd=b0 panel_n=24 dut_shift=000110010000 dut_res=400 dut_rz=400 dut_st=2
#     [sd] t=71631270 panel_cmd=d0 panel_n=24 dut_shift=111100101000 dut_res=3880 dut_rz=400 dut_st=5
#     [sd] t=71646690 panel_cmd=90 panel_n=24 dut_shift=111100101000 dut_res=3880 dut_rz=400 dut_st=7
#     [sd] t=71715830 panel_cmd=b0 panel_n=24 dut_shift=000110010000 dut_res=400 dut_rz=400 dut_st=2
#     [sd] t=71731270 panel_cmd=d0 panel_n=24 dut_shift=111100101000 dut_res=3880 dut_rz=400 dut_st=5
#     [sd] t=71746690 panel_cmd=90 panel_n=24 dut_shift=111100101000 dut_res=3880 dut_rz=400 dut_st=7
#     [sd] t=71815830 panel_cmd=b0 panel_n=24 dut_shift=000110010000 dut_res=400 dut_rz=400 dut_st=2
#     [sd] t=71831270 panel_cmd=d0 panel_n=24 dut_shift=111100101000 dut_res=3880 dut_rz=400 dut_st=5
#     [sd] t=71846690 panel_cmd=90 panel_n=24 dut_shift=111100101000 dut_res=3880 dut_rz=400 dut_st=7
#     [sd] t=71915830 panel_cmd=b0 panel_n=24 dut_shift=000110010000 dut_res=400 dut_rz=400 dut_st=2
#     [sd] t=71931270 panel_cmd=d0 panel_n=24 dut_shift=111100101000 dut_res=3880 dut_rz=400 dut_st=5
#     [sd] t=71946690 panel_cmd=90 panel_n=24 dut_shift=111100101000 dut_res=3880 dut_rz=400 dut_st=7
#     val_z1=400 dut.raw_z1=400 dut.spi_result=3880 dbg_z1=111 state=0
# [5] release: Z1 drops -> touch_valid clears
#     [sd] t=72015830 panel_cmd=b0 panel_n=24 dut_shift=000000001000 dut_res=8 dut_rz=400 dut_st=2
#     [sd] t=72115830 panel_cmd=b0 panel_n=24 dut_shift=000000001000 dut_res=8 dut_rz=8 dut_st=2
#     [sd] t=72215830 panel_cmd=b0 panel_n=24 dut_shift=000000001000 dut_res=8 dut_rz=8 dut_st=2
#     [sd] t=72315830 panel_cmd=b0 panel_n=24 dut_shift=000000001000 dut_res=8 dut_rz=8 dut_st=2
#     [sd] t=72415830 panel_cmd=b0 panel_n=24 dut_shift=000000001000 dut_res=8 dut_rz=8 dut_st=2
#     [sd] t=72515830 panel_cmd=b0 panel_n=24 dut_shift=000000001000 dut_res=8 dut_rz=8 dut_st=2
#     [sd] t=72615830 panel_cmd=b0 panel_n=24 dut_shift=000000001000 dut_res=8 dut_rz=8 dut_st=2
#     [sd] t=72715830 panel_cmd=b0 panel_n=24 dut_shift=000000001000 dut_res=8 dut_rz=8 dut_st=2
#     [sd] t=72815830 panel_cmd=b0 panel_n=24 dut_shift=000000001000 dut_res=8 dut_rz=8 dut_st=2
#     [sd] t=72915830 panel_cmd=b0 panel_n=24 dut_shift=000000001000 dut_res=8 dut_rz=8 dut_st=2
#     [sd] t=73015830 panel_cmd=b0 panel_n=24 dut_shift=000000001000 dut_res=8 dut_rz=8 dut_st=2
#     [sd] t=73115830 panel_cmd=b0 panel_n=24 dut_shift=000000001000 dut_res=8 dut_rz=8 dut_st=2
#     [sd] t=73215830 panel_cmd=b0 panel_n=24 dut_shift=000000001000 dut_res=8 dut_rz=8 dut_st=2
#     [sd] t=73315830 panel_cmd=b0 panel_n=24 dut_shift=000000001000 dut_res=8 dut_rz=8 dut_st=2
#     [sd] t=73415830 panel_cmd=b0 panel_n=24 dut_shift=000000001000 dut_res=8 dut_rz=8 dut_st=2
#     [sd] t=73515830 panel_cmd=b0 panel_n=24 dut_shift=000000001000 dut_res=8 dut_rz=8 dut_st=2
#     [sd] t=73615830 panel_cmd=b0 panel_n=24 dut_shift=000000001000 dut_res=8 dut_rz=8 dut_st=2
#     [sd] t=73715830 panel_cmd=b0 panel_n=24 dut_shift=000000001000 dut_res=8 dut_rz=8 dut_st=2
#     [sd] t=73815830 panel_cmd=b0 panel_n=24 dut_shift=000000001000 dut_res=8 dut_rz=8 dut_st=2
#     [sd] t=73915830 panel_cmd=b0 panel_n=24 dut_shift=000000001000 dut_res=8 dut_rz=8 dut_st=2
#     [sd] t=74015830 panel_cmd=b0 panel_n=24 dut_shift=000000001000 dut_res=8 dut_rz=8 dut_st=2
#     [sd] t=74115830 panel_cmd=b0 panel_n=24 dut_shift=000000001000 dut_res=8 dut_rz=8 dut_st=2
#     [sd] t=74215830 panel_cmd=b0 panel_n=24 dut_shift=000000001000 dut_res=8 dut_rz=8 dut_st=2
#     [sd] t=74315830 panel_cmd=b0 panel_n=24 dut_shift=000000001000 dut_res=8 dut_rz=8 dut_st=2
#     [sd] t=74415830 panel_cmd=b0 panel_n=24 dut_shift=000000001000 dut_res=8 dut_rz=8 dut_st=2
#     [sd] t=74515830 panel_cmd=b0 panel_n=24 dut_shift=000000001000 dut_res=8 dut_rz=8 dut_st=2
#     [sd] t=74615830 panel_cmd=b0 panel_n=24 dut_shift=000000001000 dut_res=8 dut_rz=8 dut_st=2
#     [sd] t=74715830 panel_cmd=b0 panel_n=24 dut_shift=000000001000 dut_res=8 dut_rz=8 dut_st=2
#     [sd] t=74815830 panel_cmd=b0 panel_n=24 dut_shift=000000001000 dut_res=8 dut_rz=8 dut_st=2
#     [sd] t=74915830 panel_cmd=b0 panel_n=24 dut_shift=000000001000 dut_res=8 dut_rz=8 dut_st=2
#     [sd] t=75015830 panel_cmd=b0 panel_n=24 dut_shift=000000001000 dut_res=8 dut_rz=8 dut_st=2
#     [sd] t=75115830 panel_cmd=b0 panel_n=24 dut_shift=000000001000 dut_res=8 dut_rz=8 dut_st=2
#     [sd] t=75215830 panel_cmd=b0 panel_n=24 dut_shift=000000001000 dut_res=8 dut_rz=8 dut_st=2
#     [sd] t=75315830 panel_cmd=b0 panel_n=24 dut_shift=000000001000 dut_res=8 dut_rz=8 dut_st=2
#     [sd] t=75415830 panel_cmd=b0 panel_n=24 dut_shift=000000001000 dut_res=8 dut_rz=8 dut_st=2
#     [sd] t=75515830 panel_cmd=b0 panel_n=24 dut_shift=000000001000 dut_res=8 dut_rz=8 dut_st=2
#     [sd] t=75615830 panel_cmd=b0 panel_n=24 dut_shift=000000001000 dut_res=8 dut_rz=8 dut_st=2
#     [sd] t=75715830 panel_cmd=b0 panel_n=24 dut_shift=000000001000 dut_res=8 dut_rz=8 dut_st=2
#     [sd] t=75815830 panel_cmd=b0 panel_n=24 dut_shift=000000001000 dut_res=8 dut_rz=8 dut_st=2
#     [sd] t=75915830 panel_cmd=b0 panel_n=24 dut_shift=000000001000 dut_res=8 dut_rz=8 dut_st=2
#     [sd] t=76015830 panel_cmd=b0 panel_n=24 dut_shift=000000001000 dut_res=8 dut_rz=8 dut_st=2
#     [sd] t=76115830 panel_cmd=b0 panel_n=24 dut_shift=000000001000 dut_res=8 dut_rz=8 dut_st=2
#     [sd] t=76215830 panel_cmd=b0 panel_n=24 dut_shift=000000001000 dut_res=8 dut_rz=8 dut_st=2
#     [sd] t=76315830 panel_cmd=b0 panel_n=24 dut_shift=000000001000 dut_res=8 dut_rz=8 dut_st=2
#     [sd] t=76415830 panel_cmd=b0 panel_n=24 dut_shift=000000001000 dut_res=8 dut_rz=8 dut_st=2
#     [sd] t=76515830 panel_cmd=b0 panel_n=24 dut_shift=000000001000 dut_res=8 dut_rz=8 dut_st=2
#     [sd] t=76615830 panel_cmd=b0 panel_n=24 dut_shift=000000001000 dut_res=8 dut_rz=8 dut_st=2
#     [sd] t=76715830 panel_cmd=b0 panel_n=24 dut_shift=000000001000 dut_res=8 dut_rz=8 dut_st=2
#     [sd] t=76815830 panel_cmd=b0 panel_n=24 dut_shift=000000001000 dut_res=8 dut_rz=8 dut_st=2
#     [sd] t=76915830 panel_cmd=b0 panel_n=24 dut_shift=000000001000 dut_res=8 dut_rz=8 dut_st=2
#     checks=31 errors=0
# [6] MISO stuck HIGH (all-ones results) -> dbg_stuck must latch
#     [sd] t=77015830 panel_cmd=b0 panel_n=24 dut_shift=111111111111 dut_res=4095 dut_rz=8 dut_st=2
#     [sd] t=77031270 panel_cmd=d0 panel_n=24 dut_shift=111111111111 dut_res=4095 dut_rz=4095 dut_st=5
#     [sd] t=77046690 panel_cmd=90 panel_n=24 dut_shift=111111111111 dut_res=4095 dut_rz=4095 dut_st=7
#     [sd] t=77115830 panel_cmd=b0 panel_n=24 dut_shift=111111111111 dut_res=4095 dut_rz=4095 dut_st=2
#     [sd] t=77131270 panel_cmd=d0 panel_n=24 dut_shift=111111111111 dut_res=4095 dut_rz=4095 dut_st=5
#     [sd] t=77146690 panel_cmd=90 panel_n=24 dut_shift=111111111111 dut_res=4095 dut_rz=4095 dut_st=7
#     [sd] t=77215830 panel_cmd=b0 panel_n=24 dut_shift=111111111111 dut_res=4095 dut_rz=4095 dut_st=2
#     [sd] t=77231270 panel_cmd=d0 panel_n=24 dut_shift=111111111111 dut_res=4095 dut_rz=4095 dut_st=5
#     [sd] t=77246690 panel_cmd=90 panel_n=24 dut_shift=111111111111 dut_res=4095 dut_rz=4095 dut_st=7
#     [sd] t=77315830 panel_cmd=b0 panel_n=24 dut_shift=111111111111 dut_res=4095 dut_rz=4095 dut_st=2
#     [sd] t=77331270 panel_cmd=d0 panel_n=24 dut_shift=111111111111 dut_res=4095 dut_rz=4095 dut_st=5
#     [sd] t=77346690 panel_cmd=90 panel_n=24 dut_shift=111111111111 dut_res=4095 dut_rz=4095 dut_st=7
#     [sd] t=77415830 panel_cmd=b0 panel_n=24 dut_shift=111111111111 dut_res=4095 dut_rz=4095 dut_st=2
#     [sd] t=77431270 panel_cmd=d0 panel_n=24 dut_shift=111111111111 dut_res=4095 dut_rz=4095 dut_st=5
#     [sd] t=77446690 panel_cmd=90 panel_n=24 dut_shift=111111111111 dut_res=4095 dut_rz=4095 dut_st=7
#     [sd] t=77515830 panel_cmd=b0 panel_n=24 dut_shift=111111111111 dut_res=4095 dut_rz=4095 dut_st=2
#     [sd] t=77531270 panel_cmd=d0 panel_n=24 dut_shift=111111111111 dut_res=4095 dut_rz=4095 dut_st=5
#     [sd] t=77546690 panel_cmd=90 panel_n=24 dut_shift=111111111111 dut_res=4095 dut_rz=4095 dut_st=7
#     [sd] t=77615830 panel_cmd=b0 panel_n=24 dut_shift=111111111111 dut_res=4095 dut_rz=4095 dut_st=2
#     [sd] t=77631270 panel_cmd=d0 panel_n=24 dut_shift=111111111111 dut_res=4095 dut_rz=4095 dut_st=5
#     [sd] t=77646690 panel_cmd=90 panel_n=24 dut_shift=111111111111 dut_res=4095 dut_rz=4095 dut_st=7
#     [sd] t=77715830 panel_cmd=b0 panel_n=24 dut_shift=111111111111 dut_res=4095 dut_rz=4095 dut_st=2
#     [sd] t=77731270 panel_cmd=d0 panel_n=24 dut_shift=111111111111 dut_res=4095 dut_rz=4095 dut_st=5
#     [sd] t=77746690 panel_cmd=90 panel_n=24 dut_shift=111111111111 dut_res=4095 dut_rz=4095 dut_st=7
#     [sd] t=77815830 panel_cmd=b0 panel_n=24 dut_shift=111111111111 dut_res=4095 dut_rz=4095 dut_st=2
#     [sd] t=77831270 panel_cmd=d0 panel_n=24 dut_shift=111111111111 dut_res=4095 dut_rz=4095 dut_st=5
#     [sd] t=77846690 panel_cmd=90 panel_n=24 dut_shift=111111111111 dut_res=4095 dut_rz=4095 dut_st=7
#     [sd] t=77915830 panel_cmd=b0 panel_n=24 dut_shift=111111111111 dut_res=4095 dut_rz=4095 dut_st=2
#     [sd] t=77931270 panel_cmd=d0 panel_n=24 dut_shift=111111111111 dut_res=4095 dut_rz=4095 dut_st=5
#     [sd] t=77946690 panel_cmd=90 panel_n=24 dut_shift=111111111111 dut_res=4095 dut_rz=4095 dut_st=7
#     [sd] t=78015830 panel_cmd=b0 panel_n=24 dut_shift=111111111111 dut_res=4095 dut_rz=4095 dut_st=2
#     [sd] t=78031270 panel_cmd=d0 panel_n=24 dut_shift=111111111111 dut_res=4095 dut_rz=4095 dut_st=5
#     [sd] t=78046690 panel_cmd=90 panel_n=24 dut_shift=111111111111 dut_res=4095 dut_rz=4095 dut_st=7
#     [sd] t=78115830 panel_cmd=b0 panel_n=24 dut_shift=111111111111 dut_res=4095 dut_rz=4095 dut_st=2
#     [sd] t=78131270 panel_cmd=d0 panel_n=24 dut_shift=111111111111 dut_res=4095 dut_rz=4095 dut_st=5
#     [sd] t=78146690 panel_cmd=90 panel_n=24 dut_shift=111111111111 dut_res=4095 dut_rz=4095 dut_st=7
#     [sd] t=78215830 panel_cmd=b0 panel_n=24 dut_shift=111111111111 dut_res=4095 dut_rz=4095 dut_st=2
#     [sd] t=78231270 panel_cmd=d0 panel_n=24 dut_shift=111111111111 dut_res=4095 dut_rz=4095 dut_st=5
#     [sd] t=78246690 panel_cmd=90 panel_n=24 dut_shift=111111111111 dut_res=4095 dut_rz=4095 dut_st=7
#     [sd] t=78315830 panel_cmd=b0 panel_n=24 dut_shift=111111111111 dut_res=4095 dut_rz=4095 dut_st=2
#     [sd] t=78331270 panel_cmd=d0 panel_n=24 dut_shift=111111111111 dut_res=4095 dut_rz=4095 dut_st=5
#     [sd] t=78346690 panel_cmd=90 panel_n=24 dut_shift=111111111111 dut_res=4095 dut_rz=4095 dut_st=7
#     [sd] t=78415830 panel_cmd=b0 panel_n=24 dut_shift=111111111111 dut_res=4095 dut_rz=4095 dut_st=2
#     [sd] t=78431270 panel_cmd=d0 panel_n=24 dut_shift=111111111111 dut_res=4095 dut_rz=4095 dut_st=5
#     [sd] t=78446690 panel_cmd=90 panel_n=24 dut_shift=111111111111 dut_res=4095 dut_rz=4095 dut_st=7
#     [sd] t=78515830 panel_cmd=b0 panel_n=24 dut_shift=111111111111 dut_res=4095 dut_rz=4095 dut_st=2
#     [sd] t=78531270 panel_cmd=d0 panel_n=24 dut_shift=111111111111 dut_res=4095 dut_rz=4095 dut_st=5
#     [sd] t=78546690 panel_cmd=90 panel_n=24 dut_shift=111111111111 dut_res=4095 dut_rz=4095 dut_st=7
#     [sd] t=78615830 panel_cmd=b0 panel_n=24 dut_shift=111111111111 dut_res=4095 dut_rz=4095 dut_st=2
#     [sd] t=78631270 panel_cmd=d0 panel_n=24 dut_shift=111111111111 dut_res=4095 dut_rz=4095 dut_st=5
#     [sd] t=78646690 panel_cmd=90 panel_n=24 dut_shift=111111111111 dut_res=4095 dut_rz=4095 dut_st=7
#     [sd] t=78715830 panel_cmd=b0 panel_n=24 dut_shift=111111111111 dut_res=4095 dut_rz=4095 dut_st=2
#     [sd] t=78731270 panel_cmd=d0 panel_n=24 dut_shift=111111111111 dut_res=4095 dut_rz=4095 dut_st=5
#     [sd] t=78746690 panel_cmd=90 panel_n=24 dut_shift=111111111111 dut_res=4095 dut_rz=4095 dut_st=7
#     [sd] t=78815830 panel_cmd=b0 panel_n=24 dut_shift=111111111111 dut_res=4095 dut_rz=4095 dut_st=2
#     [sd] t=78831270 panel_cmd=d0 panel_n=24 dut_shift=111111111111 dut_res=4095 dut_rz=4095 dut_st=5
#     [sd] t=78846690 panel_cmd=90 panel_n=24 dut_shift=111111111111 dut_res=4095 dut_rz=4095 dut_st=7
#     [sd] t=78915830 panel_cmd=b0 panel_n=24 dut_shift=111111111111 dut_res=4095 dut_rz=4095 dut_st=2
#     [sd] t=78931270 panel_cmd=d0 panel_n=24 dut_shift=111111111111 dut_res=4095 dut_rz=4095 dut_st=5
#     [sd] t=78946690 panel_cmd=90 panel_n=24 dut_shift=111111111111 dut_res=4095 dut_rz=4095 dut_st=7
#     [sd] t=79015830 panel_cmd=b0 panel_n=24 dut_shift=111111111111 dut_res=4095 dut_rz=4095 dut_st=2
#     [sd] t=79031270 panel_cmd=d0 panel_n=24 dut_shift=111111111111 dut_res=4095 dut_rz=4095 dut_st=5
#     [sd] t=79046690 panel_cmd=90 panel_n=24 dut_shift=111111111111 dut_res=4095 dut_rz=4095 dut_st=7
#     [sd] t=79115830 panel_cmd=b0 panel_n=24 dut_shift=111111111111 dut_res=4095 dut_rz=4095 dut_st=2
#     [sd] t=79131270 panel_cmd=d0 panel_n=24 dut_shift=111111111111 dut_res=4095 dut_rz=4095 dut_st=5
#     [sd] t=79146690 panel_cmd=90 panel_n=24 dut_shift=111111111111 dut_res=4095 dut_rz=4095 dut_st=7
#     [sd] t=79215830 panel_cmd=b0 panel_n=24 dut_shift=111111111111 dut_res=4095 dut_rz=4095 dut_st=2
#     [sd] t=79231270 panel_cmd=d0 panel_n=24 dut_shift=111111111111 dut_res=4095 dut_rz=4095 dut_st=5
#     [sd] t=79246690 panel_cmd=90 panel_n=24 dut_shift=111111111111 dut_res=4095 dut_rz=4095 dut_st=7
#     [sd] t=79315830 panel_cmd=b0 panel_n=24 dut_shift=111111111111 dut_res=4095 dut_rz=4095 dut_st=2
#     [sd] t=79331270 panel_cmd=d0 panel_n=24 dut_shift=111111111111 dut_res=4095 dut_rz=4095 dut_st=5
#     [sd] t=79346690 panel_cmd=90 panel_n=24 dut_shift=111111111111 dut_res=4095 dut_rz=4095 dut_st=7
#     [sd] t=79415830 panel_cmd=b0 panel_n=24 dut_shift=111111111111 dut_res=4095 dut_rz=4095 dut_st=2
#     [sd] t=79431270 panel_cmd=d0 panel_n=24 dut_shift=111111111111 dut_res=4095 dut_rz=4095 dut_st=5
#     [sd] t=79446690 panel_cmd=90 panel_n=24 dut_shift=111111111111 dut_res=4095 dut_rz=4095 dut_st=7
#     [sd] t=79515830 panel_cmd=b0 panel_n=24 dut_shift=111111111111 dut_res=4095 dut_rz=4095 dut_st=2
#     [sd] t=79531270 panel_cmd=d0 panel_n=24 dut_shift=111111111111 dut_res=4095 dut_rz=4095 dut_st=5
#     [sd] t=79546690 panel_cmd=90 panel_n=24 dut_shift=111111111111 dut_res=4095 dut_rz=4095 dut_st=7
#     [sd] t=79615830 panel_cmd=b0 panel_n=24 dut_shift=111111111111 dut_res=4095 dut_rz=4095 dut_st=2
#     [sd] t=79631270 panel_cmd=d0 panel_n=24 dut_shift=111111111111 dut_res=4095 dut_rz=4095 dut_st=5
#     [sd] t=79646690 panel_cmd=90 panel_n=24 dut_shift=111111111111 dut_res=4095 dut_rz=4095 dut_st=7
#     [sd] t=79715830 panel_cmd=b0 panel_n=24 dut_shift=111111111111 dut_res=4095 dut_rz=4095 dut_st=2
#     [sd] t=79731270 panel_cmd=d0 panel_n=24 dut_shift=111111111111 dut_res=4095 dut_rz=4095 dut_st=5
#     [sd] t=79746690 panel_cmd=90 panel_n=24 dut_shift=111111111111 dut_res=4095 dut_rz=4095 dut_st=7
#     [sd] t=79815830 panel_cmd=b0 panel_n=24 dut_shift=111111111111 dut_res=4095 dut_rz=4095 dut_st=2
#     [sd] t=79831270 panel_cmd=d0 panel_n=24 dut_shift=111111111111 dut_res=4095 dut_rz=4095 dut_st=5
#     [sd] t=79846690 panel_cmd=90 panel_n=24 dut_shift=111111111111 dut_res=4095 dut_rz=4095 dut_st=7
#     [sd] t=79915830 panel_cmd=b0 panel_n=24 dut_shift=111111111111 dut_res=4095 dut_rz=4095 dut_st=2
#     [sd] t=79931270 panel_cmd=d0 panel_n=24 dut_shift=111111111111 dut_res=4095 dut_rz=4095 dut_st=5
#     [sd] t=79946690 panel_cmd=90 panel_n=24 dut_shift=111111111111 dut_res=4095 dut_rz=4095 dut_st=7
#     [sd] t=80015830 panel_cmd=b0 panel_n=24 dut_shift=111111111111 dut_res=4095 dut_rz=4095 dut_st=2
#     [sd] t=80031270 panel_cmd=d0 panel_n=24 dut_shift=111111111111 dut_res=4095 dut_rz=4095 dut_st=5
#     [sd] t=80046690 panel_cmd=90 panel_n=24 dut_shift=111111111111 dut_res=4095 dut_rz=4095 dut_st=7
#     [sd] t=80115830 panel_cmd=b0 panel_n=24 dut_shift=111111111111 dut_res=4095 dut_rz=4095 dut_st=2
#     [sd] t=80131270 panel_cmd=d0 panel_n=24 dut_shift=111111111111 dut_res=4095 dut_rz=4095 dut_st=5
#     [sd] t=80146690 panel_cmd=90 panel_n=24 dut_shift=111111111111 dut_res=4095 dut_rz=4095 dut_st=7
#     [sd] t=80215830 panel_cmd=b0 panel_n=24 dut_shift=111111111111 dut_res=4095 dut_rz=4095 dut_st=2
#     [sd] t=80231270 panel_cmd=d0 panel_n=24 dut_shift=111111111111 dut_res=4095 dut_rz=4095 dut_st=5
#     [sd] t=80246690 panel_cmd=90 panel_n=24 dut_shift=111111111111 dut_res=4095 dut_rz=4095 dut_st=7
#     [sd] t=80315830 panel_cmd=b0 panel_n=24 dut_shift=111111111111 dut_res=4095 dut_rz=4095 dut_st=2
#     [sd] t=80331270 panel_cmd=d0 panel_n=24 dut_shift=111111111111 dut_res=4095 dut_rz=4095 dut_st=5
#     [sd] t=80346690 panel_cmd=90 panel_n=24 dut_shift=111111111111 dut_res=4095 dut_rz=4095 dut_st=7
#     [sd] t=80415830 panel_cmd=b0 panel_n=24 dut_shift=111111111111 dut_res=4095 dut_rz=4095 dut_st=2
#     [sd] t=80431270 panel_cmd=d0 panel_n=24 dut_shift=111111111111 dut_res=4095 dut_rz=4095 dut_st=5
#     [sd] t=80446690 panel_cmd=90 panel_n=24 dut_shift=111111111111 dut_res=4095 dut_rz=4095 dut_st=7
#     [sd] t=80515830 panel_cmd=b0 panel_n=24 dut_shift=111111111111 dut_res=4095 dut_rz=4095 dut_st=2
#     [sd] t=80531270 panel_cmd=d0 panel_n=24 dut_shift=111111111111 dut_res=4095 dut_rz=4095 dut_st=5
#     [sd] t=80546690 panel_cmd=90 panel_n=24 dut_shift=111111111111 dut_res=4095 dut_rz=4095 dut_st=7
#     [sd] t=80615830 panel_cmd=b0 panel_n=24 dut_shift=111111111111 dut_res=4095 dut_rz=4095 dut_st=2
#     [sd] t=80631270 panel_cmd=d0 panel_n=24 dut_shift=111111111111 dut_res=4095 dut_rz=4095 dut_st=5
#     [sd] t=80646690 panel_cmd=90 panel_n=24 dut_shift=111111111111 dut_res=4095 dut_rz=4095 dut_st=7
#     [sd] t=80715830 panel_cmd=b0 panel_n=24 dut_shift=111111111111 dut_res=4095 dut_rz=4095 dut_st=2
#     [sd] t=80731270 panel_cmd=d0 panel_n=24 dut_shift=111111111111 dut_res=4095 dut_rz=4095 dut_st=5
#     [sd] t=80746690 panel_cmd=90 panel_n=24 dut_shift=111111111111 dut_res=4095 dut_rz=4095 dut_st=7
#     [sd] t=80815830 panel_cmd=b0 panel_n=24 dut_shift=111111111111 dut_res=4095 dut_rz=4095 dut_st=2
#     [sd] t=80831270 panel_cmd=d0 panel_n=24 dut_shift=111111111111 dut_res=4095 dut_rz=4095 dut_st=5
#     [sd] t=80846690 panel_cmd=90 panel_n=24 dut_shift=111111111111 dut_res=4095 dut_rz=4095 dut_st=7
#     [sd] t=80915830 panel_cmd=b0 panel_n=24 dut_shift=111111111111 dut_res=4095 dut_rz=4095 dut_st=2
#     [sd] t=80931270 panel_cmd=d0 panel_n=24 dut_shift=111111111111 dut_res=4095 dut_rz=4095 dut_st=5
#     [sd] t=80946690 panel_cmd=90 panel_n=24 dut_shift=111111111111 dut_res=4095 dut_rz=4095 dut_st=7
#     [sd] t=81015830 panel_cmd=b0 panel_n=24 dut_shift=111111111111 dut_res=4095 dut_rz=4095 dut_st=2
#     [sd] t=81031270 panel_cmd=d0 panel_n=24 dut_shift=111111111111 dut_res=4095 dut_rz=4095 dut_st=5
#     [sd] t=81046690 panel_cmd=90 panel_n=24 dut_shift=111111111111 dut_res=4095 dut_rz=4095 dut_st=7
#     [sd] t=81115830 panel_cmd=b0 panel_n=24 dut_shift=111111111111 dut_res=4095 dut_rz=4095 dut_st=2
#     [sd] t=81131270 panel_cmd=d0 panel_n=24 dut_shift=111111111111 dut_res=4095 dut_rz=4095 dut_st=5
#     [sd] t=81146690 panel_cmd=90 panel_n=24 dut_shift=111111111111 dut_res=4095 dut_rz=4095 dut_st=7
#     [sd] t=81215830 panel_cmd=b0 panel_n=24 dut_shift=111111111111 dut_res=4095 dut_rz=4095 dut_st=2
#     [sd] t=81231270 panel_cmd=d0 panel_n=24 dut_shift=111111111111 dut_res=4095 dut_rz=4095 dut_st=5
#     [sd] t=81246690 panel_cmd=90 panel_n=24 dut_shift=111111111111 dut_res=4095 dut_rz=4095 dut_st=7
#     [sd] t=81315830 panel_cmd=b0 panel_n=24 dut_shift=111111111111 dut_res=4095 dut_rz=4095 dut_st=2
#     [sd] t=81331270 panel_cmd=d0 panel_n=24 dut_shift=111111111111 dut_res=4095 dut_rz=4095 dut_st=5
#     [sd] t=81346690 panel_cmd=90 panel_n=24 dut_shift=111111111111 dut_res=4095 dut_rz=4095 dut_st=7
#     [sd] t=81415830 panel_cmd=b0 panel_n=24 dut_shift=111111111111 dut_res=4095 dut_rz=4095 dut_st=2
#     [sd] t=81431270 panel_cmd=d0 panel_n=24 dut_shift=111111111111 dut_res=4095 dut_rz=4095 dut_st=5
#     [sd] t=81446690 panel_cmd=90 panel_n=24 dut_shift=111111111111 dut_res=4095 dut_rz=4095 dut_st=7
#     [sd] t=81515830 panel_cmd=b0 panel_n=24 dut_shift=111111111111 dut_res=4095 dut_rz=4095 dut_st=2
#     [sd] t=81531270 panel_cmd=d0 panel_n=24 dut_shift=111111111111 dut_res=4095 dut_rz=4095 dut_st=5
#     [sd] t=81546690 panel_cmd=90 panel_n=24 dut_shift=111111111111 dut_res=4095 dut_rz=4095 dut_st=7
#     [sd] t=81615830 panel_cmd=b0 panel_n=24 dut_shift=111111111111 dut_res=4095 dut_rz=4095 dut_st=2
#     [sd] t=81631270 panel_cmd=d0 panel_n=24 dut_shift=111111111111 dut_res=4095 dut_rz=4095 dut_st=5
#     [sd] t=81646690 panel_cmd=90 panel_n=24 dut_shift=111111111111 dut_res=4095 dut_rz=4095 dut_st=7
#     [sd] t=81715830 panel_cmd=b0 panel_n=24 dut_shift=111111111111 dut_res=4095 dut_rz=4095 dut_st=2
#     [sd] t=81731270 panel_cmd=d0 panel_n=24 dut_shift=111111111111 dut_res=4095 dut_rz=4095 dut_st=5
#     [sd] t=81746690 panel_cmd=90 panel_n=24 dut_shift=111111111111 dut_res=4095 dut_rz=4095 dut_st=7
#     [sd] t=81815830 panel_cmd=b0 panel_n=24 dut_shift=111111111111 dut_res=4095 dut_rz=4095 dut_st=2
#     [sd] t=81831270 panel_cmd=d0 panel_n=24 dut_shift=111111111111 dut_res=4095 dut_rz=4095 dut_st=5
#     [sd] t=81846690 panel_cmd=90 panel_n=24 dut_shift=111111111111 dut_res=4095 dut_rz=4095 dut_st=7
#     [sd] t=81915830 panel_cmd=b0 panel_n=24 dut_shift=111111111111 dut_res=4095 dut_rz=4095 dut_st=2
#     [sd] t=81931270 panel_cmd=d0 panel_n=24 dut_shift=111111111111 dut_res=4095 dut_rz=4095 dut_st=5
#     [sd] t=81946690 panel_cmd=90 panel_n=24 dut_shift=111111111111 dut_res=4095 dut_rz=4095 dut_st=7
#     [sd] t=82015830 panel_cmd=b0 panel_n=24 dut_shift=111111111111 dut_res=4095 dut_rz=4095 dut_st=2
#     [sd] t=82031270 panel_cmd=d0 panel_n=24 dut_shift=111111111111 dut_res=4095 dut_rz=4095 dut_st=5
#     [sd] t=82046690 panel_cmd=90 panel_n=24 dut_shift=111111111111 dut_res=4095 dut_rz=4095 dut_st=7
#     [sd] t=82115830 panel_cmd=b0 panel_n=24 dut_shift=111111111111 dut_res=4095 dut_rz=4095 dut_st=2
#     [sd] t=82131270 panel_cmd=d0 panel_n=24 dut_shift=111111111111 dut_res=4095 dut_rz=4095 dut_st=5
#     [sd] t=82146690 panel_cmd=90 panel_n=24 dut_shift=111111111111 dut_res=4095 dut_rz=4095 dut_st=7
#     [sd] t=82215830 panel_cmd=b0 panel_n=24 dut_shift=111111111111 dut_res=4095 dut_rz=4095 dut_st=2
#     [sd] t=82231270 panel_cmd=d0 panel_n=24 dut_shift=111111111111 dut_res=4095 dut_rz=4095 dut_st=5
#     [sd] t=82246690 panel_cmd=90 panel_n=24 dut_shift=111111111111 dut_res=4095 dut_rz=4095 dut_st=7
#     [sd] t=82315830 panel_cmd=b0 panel_n=24 dut_shift=111111111111 dut_res=4095 dut_rz=4095 dut_st=2
#     [sd] t=82331270 panel_cmd=d0 panel_n=24 dut_shift=111111111111 dut_res=4095 dut_rz=4095 dut_st=5
#     [sd] t=82346690 panel_cmd=90 panel_n=24 dut_shift=111111111111 dut_res=4095 dut_rz=4095 dut_st=7
#     [sd] t=82415830 panel_cmd=b0 panel_n=24 dut_shift=111111111111 dut_res=4095 dut_rz=4095 dut_st=2
#     [sd] t=82431270 panel_cmd=d0 panel_n=24 dut_shift=111111111111 dut_res=4095 dut_rz=4095 dut_st=5
#     [sd] t=82446690 panel_cmd=90 panel_n=24 dut_shift=111111111111 dut_res=4095 dut_rz=4095 dut_st=7
#     [sd] t=82515830 panel_cmd=b0 panel_n=24 dut_shift=111111111111 dut_res=4095 dut_rz=4095 dut_st=2
#     [sd] t=82531270 panel_cmd=d0 panel_n=24 dut_shift=111111111111 dut_res=4095 dut_rz=4095 dut_st=5
#     [sd] t=82546690 panel_cmd=90 panel_n=24 dut_shift=111111111111 dut_res=4095 dut_rz=4095 dut_st=7
#     [sd] t=82615830 panel_cmd=b0 panel_n=24 dut_shift=111111111111 dut_res=4095 dut_rz=4095 dut_st=2
#     [sd] t=82631270 panel_cmd=d0 panel_n=24 dut_shift=111111111111 dut_res=4095 dut_rz=4095 dut_st=5
#     [sd] t=82646690 panel_cmd=90 panel_n=24 dut_shift=111111111111 dut_res=4095 dut_rz=4095 dut_st=7
#     [sd] t=82715830 panel_cmd=b0 panel_n=24 dut_shift=111111111111 dut_res=4095 dut_rz=4095 dut_st=2
#     [sd] t=82731270 panel_cmd=d0 panel_n=24 dut_shift=111111111111 dut_res=4095 dut_rz=4095 dut_st=5
#     [sd] t=82746690 panel_cmd=90 panel_n=24 dut_shift=111111111111 dut_res=4095 dut_rz=4095 dut_st=7
#     [sd] t=82815830 panel_cmd=b0 panel_n=24 dut_shift=111111111111 dut_res=4095 dut_rz=4095 dut_st=2
#     [sd] t=82831270 panel_cmd=d0 panel_n=24 dut_shift=111111111111 dut_res=4095 dut_rz=4095 dut_st=5
#     [sd] t=82846690 panel_cmd=90 panel_n=24 dut_shift=111111111111 dut_res=4095 dut_rz=4095 dut_st=7
#     [sd] t=82915830 panel_cmd=b0 panel_n=24 dut_shift=111111111111 dut_res=4095 dut_rz=4095 dut_st=2
#     [sd] t=82931270 panel_cmd=d0 panel_n=24 dut_shift=111111111111 dut_res=4095 dut_rz=4095 dut_st=5
#     [sd] t=82946690 panel_cmd=90 panel_n=24 dut_shift=111111111111 dut_res=4095 dut_rz=4095 dut_st=7
#     [sd] t=83015830 panel_cmd=b0 panel_n=24 dut_shift=111111111111 dut_res=4095 dut_rz=4095 dut_st=2
#     [sd] t=83031270 panel_cmd=d0 panel_n=24 dut_shift=111111111111 dut_res=4095 dut_rz=4095 dut_st=5
#     [sd] t=83046690 panel_cmd=90 panel_n=24 dut_shift=111111111111 dut_res=4095 dut_rz=4095 dut_st=7
#     [sd] t=83115830 panel_cmd=b0 panel_n=24 dut_shift=111111111111 dut_res=4095 dut_rz=4095 dut_st=2
#     [sd] t=83131270 panel_cmd=d0 panel_n=24 dut_shift=111111111111 dut_res=4095 dut_rz=4095 dut_st=5
#     [sd] t=83146690 panel_cmd=90 panel_n=24 dut_shift=111111111111 dut_res=4095 dut_rz=4095 dut_st=7
#     [sd] t=83215830 panel_cmd=b0 panel_n=24 dut_shift=111111111111 dut_res=4095 dut_rz=4095 dut_st=2
#     [sd] t=83231270 panel_cmd=d0 panel_n=24 dut_shift=111111111111 dut_res=4095 dut_rz=4095 dut_st=5
#     [sd] t=83246690 panel_cmd=90 panel_n=24 dut_shift=111111111111 dut_res=4095 dut_rz=4095 dut_st=7
#     [sd] t=83315830 panel_cmd=b0 panel_n=24 dut_shift=111111111111 dut_res=4095 dut_rz=4095 dut_st=2
#     [sd] t=83331270 panel_cmd=d0 panel_n=24 dut_shift=111111111111 dut_res=4095 dut_rz=4095 dut_st=5
#     [sd] t=83346690 panel_cmd=90 panel_n=24 dut_shift=111111111111 dut_res=4095 dut_rz=4095 dut_st=7
#     [sd] t=83415830 panel_cmd=b0 panel_n=24 dut_shift=111111111111 dut_res=4095 dut_rz=4095 dut_st=2
#     [sd] t=83431270 panel_cmd=d0 panel_n=24 dut_shift=111111111111 dut_res=4095 dut_rz=4095 dut_st=5
#     [sd] t=83446690 panel_cmd=90 panel_n=24 dut_shift=111111111111 dut_res=4095 dut_rz=4095 dut_st=7
#     [sd] t=83515830 panel_cmd=b0 panel_n=24 dut_shift=111111111111 dut_res=4095 dut_rz=4095 dut_st=2
#     [sd] t=83531270 panel_cmd=d0 panel_n=24 dut_shift=111111111111 dut_res=4095 dut_rz=4095 dut_st=5
#     [sd] t=83546690 panel_cmd=90 panel_n=24 dut_shift=111111111111 dut_res=4095 dut_rz=4095 dut_st=7
#     [sd] t=83615830 panel_cmd=b0 panel_n=24 dut_shift=111111111111 dut_res=4095 dut_rz=4095 dut_st=2
#     [sd] t=83631270 panel_cmd=d0 panel_n=24 dut_shift=111111111111 dut_res=4095 dut_rz=4095 dut_st=5
#     [sd] t=83646690 panel_cmd=90 panel_n=24 dut_shift=111111111111 dut_res=4095 dut_rz=4095 dut_st=7
#     [sd] t=83715830 panel_cmd=b0 panel_n=24 dut_shift=111111111111 dut_res=4095 dut_rz=4095 dut_st=2
#     [sd] t=83731270 panel_cmd=d0 panel_n=24 dut_shift=111111111111 dut_res=4095 dut_rz=4095 dut_st=5
#     [sd] t=83746690 panel_cmd=90 panel_n=24 dut_shift=111111111111 dut_res=4095 dut_rz=4095 dut_st=7
#     [sd] t=83815830 panel_cmd=b0 panel_n=24 dut_shift=111111111111 dut_res=4095 dut_rz=4095 dut_st=2
#     [sd] t=83831270 panel_cmd=d0 panel_n=24 dut_shift=111111111111 dut_res=4095 dut_rz=4095 dut_st=5
#     [sd] t=83846690 panel_cmd=90 panel_n=24 dut_shift=111111111111 dut_res=4095 dut_rz=4095 dut_st=7
#     [sd] t=83915830 panel_cmd=b0 panel_n=24 dut_shift=111111111111 dut_res=4095 dut_rz=4095 dut_st=2
#     [sd] t=83931270 panel_cmd=d0 panel_n=24 dut_shift=111111111111 dut_res=4095 dut_rz=4095 dut_st=5
#     [sd] t=83946690 panel_cmd=90 panel_n=24 dut_shift=111111111111 dut_res=4095 dut_rz=4095 dut_st=7
#     [sd] t=84015830 panel_cmd=b0 panel_n=24 dut_shift=111111111111 dut_res=4095 dut_rz=4095 dut_st=2
#     [sd] t=84031270 panel_cmd=d0 panel_n=24 dut_shift=111111111111 dut_res=4095 dut_rz=4095 dut_st=5
#     [sd] t=84046690 panel_cmd=90 panel_n=24 dut_shift=111111111111 dut_res=4095 dut_rz=4095 dut_st=7
#     [sd] t=84115830 panel_cmd=b0 panel_n=24 dut_shift=111111111111 dut_res=4095 dut_rz=4095 dut_st=2
#     [sd] t=84131270 panel_cmd=d0 panel_n=24 dut_shift=111111111111 dut_res=4095 dut_rz=4095 dut_st=5
#     [sd] t=84146690 panel_cmd=90 panel_n=24 dut_shift=111111111111 dut_res=4095 dut_rz=4095 dut_st=7
#     [sd] t=84215830 panel_cmd=b0 panel_n=24 dut_shift=111111111111 dut_res=4095 dut_rz=4095 dut_st=2
#     [sd] t=84231270 panel_cmd=d0 panel_n=24 dut_shift=111111111111 dut_res=4095 dut_rz=4095 dut_st=5
#     [sd] t=84246690 panel_cmd=90 panel_n=24 dut_shift=111111111111 dut_res=4095 dut_rz=4095 dut_st=7
#     [sd] t=84315830 panel_cmd=b0 panel_n=24 dut_shift=111111111111 dut_res=4095 dut_rz=4095 dut_st=2
#     [sd] t=84331270 panel_cmd=d0 panel_n=24 dut_shift=111111111111 dut_res=4095 dut_rz=4095 dut_st=5
#     [sd] t=84346690 panel_cmd=90 panel_n=24 dut_shift=111111111111 dut_res=4095 dut_rz=4095 dut_st=7
#     [sd] t=84415830 panel_cmd=b0 panel_n=24 dut_shift=111111111111 dut_res=4095 dut_rz=4095 dut_st=2
#     [sd] t=84431270 panel_cmd=d0 panel_n=24 dut_shift=111111111111 dut_res=4095 dut_rz=4095 dut_st=5
#     [sd] t=84446690 panel_cmd=90 panel_n=24 dut_shift=111111111111 dut_res=4095 dut_rz=4095 dut_st=7
#     [sd] t=84515830 panel_cmd=b0 panel_n=24 dut_shift=111111111111 dut_res=4095 dut_rz=4095 dut_st=2
#     [sd] t=84531270 panel_cmd=d0 panel_n=24 dut_shift=111111111111 dut_res=4095 dut_rz=4095 dut_st=5
#     [sd] t=84546690 panel_cmd=90 panel_n=24 dut_shift=111111111111 dut_res=4095 dut_rz=4095 dut_st=7
#     [sd] t=84615830 panel_cmd=b0 panel_n=24 dut_shift=111111111111 dut_res=4095 dut_rz=4095 dut_st=2
#     [sd] t=84631270 panel_cmd=d0 panel_n=24 dut_shift=111111111111 dut_res=4095 dut_rz=4095 dut_st=5
#     [sd] t=84646690 panel_cmd=90 panel_n=24 dut_shift=111111111111 dut_res=4095 dut_rz=4095 dut_st=7
#     [sd] t=84715830 panel_cmd=b0 panel_n=24 dut_shift=111111111111 dut_res=4095 dut_rz=4095 dut_st=2
#     [sd] t=84731270 panel_cmd=d0 panel_n=24 dut_shift=111111111111 dut_res=4095 dut_rz=4095 dut_st=5
#     [sd] t=84746690 panel_cmd=90 panel_n=24 dut_shift=111111111111 dut_res=4095 dut_rz=4095 dut_st=7
#     [sd] t=84815830 panel_cmd=b0 panel_n=24 dut_shift=111111111111 dut_res=4095 dut_rz=4095 dut_st=2
#     [sd] t=84831270 panel_cmd=d0 panel_n=24 dut_shift=111111111111 dut_res=4095 dut_rz=4095 dut_st=5
#     [sd] t=84846690 panel_cmd=90 panel_n=24 dut_shift=111111111111 dut_res=4095 dut_rz=4095 dut_st=7
#     [sd] t=84915830 panel_cmd=b0 panel_n=24 dut_shift=111111111111 dut_res=4095 dut_rz=4095 dut_st=2
#     [sd] t=84931270 panel_cmd=d0 panel_n=24 dut_shift=111111111111 dut_res=4095 dut_rz=4095 dut_st=5
#     [sd] t=84946690 panel_cmd=90 panel_n=24 dut_shift=111111111111 dut_res=4095 dut_rz=4095 dut_st=7
#     [sd] t=85015830 panel_cmd=b0 panel_n=24 dut_shift=111111111111 dut_res=4095 dut_rz=4095 dut_st=2
#     [sd] t=85031270 panel_cmd=d0 panel_n=24 dut_shift=111111111111 dut_res=4095 dut_rz=4095 dut_st=5
#     [sd] t=85046690 panel_cmd=90 panel_n=24 dut_shift=111111111111 dut_res=4095 dut_rz=4095 dut_st=7
#     [sd] t=85115830 panel_cmd=b0 panel_n=24 dut_shift=111111111111 dut_res=4095 dut_rz=4095 dut_st=2
#     [sd] t=85131270 panel_cmd=d0 panel_n=24 dut_shift=111111111111 dut_res=4095 dut_rz=4095 dut_st=5
#     [sd] t=85146690 panel_cmd=90 panel_n=24 dut_shift=111111111111 dut_res=4095 dut_rz=4095 dut_st=7
#     [sd] t=85215830 panel_cmd=b0 panel_n=24 dut_shift=111111111111 dut_res=4095 dut_rz=4095 dut_st=2
#     [sd] t=85231270 panel_cmd=d0 panel_n=24 dut_shift=111111111111 dut_res=4095 dut_rz=4095 dut_st=5
#     [sd] t=85246690 panel_cmd=90 panel_n=24 dut_shift=111111111111 dut_res=4095 dut_rz=4095 dut_st=7
#     [sd] t=85315830 panel_cmd=b0 panel_n=24 dut_shift=111111111111 dut_res=4095 dut_rz=4095 dut_st=2
#     [sd] t=85331270 panel_cmd=d0 panel_n=24 dut_shift=111111111111 dut_res=4095 dut_rz=4095 dut_st=5
#     [sd] t=85346690 panel_cmd=90 panel_n=24 dut_shift=111111111111 dut_res=4095 dut_rz=4095 dut_st=7
#     [sd] t=85415830 panel_cmd=b0 panel_n=24 dut_shift=111111111111 dut_res=4095 dut_rz=4095 dut_st=2
#     [sd] t=85431270 panel_cmd=d0 panel_n=24 dut_shift=111111111111 dut_res=4095 dut_rz=4095 dut_st=5
#     [sd] t=85446690 panel_cmd=90 panel_n=24 dut_shift=111111111111 dut_res=4095 dut_rz=4095 dut_st=7
#     [sd] t=85515830 panel_cmd=b0 panel_n=24 dut_shift=111111111111 dut_res=4095 dut_rz=4095 dut_st=2
#     [sd] t=85531270 panel_cmd=d0 panel_n=24 dut_shift=111111111111 dut_res=4095 dut_rz=4095 dut_st=5
#     [sd] t=85546690 panel_cmd=90 panel_n=24 dut_shift=111111111111 dut_res=4095 dut_rz=4095 dut_st=7
#     [sd] t=85615830 panel_cmd=b0 panel_n=24 dut_shift=111111111111 dut_res=4095 dut_rz=4095 dut_st=2
#     [sd] t=85631270 panel_cmd=d0 panel_n=24 dut_shift=111111111111 dut_res=4095 dut_rz=4095 dut_st=5
#     [sd] t=85646690 panel_cmd=90 panel_n=24 dut_shift=111111111111 dut_res=4095 dut_rz=4095 dut_st=7
#     [sd] t=85715830 panel_cmd=b0 panel_n=24 dut_shift=111111111111 dut_res=4095 dut_rz=4095 dut_st=2
#     [sd] t=85731270 panel_cmd=d0 panel_n=24 dut_shift=111111111111 dut_res=4095 dut_rz=4095 dut_st=5
#     [sd] t=85746690 panel_cmd=90 panel_n=24 dut_shift=111111111111 dut_res=4095 dut_rz=4095 dut_st=7
#     [sd] t=85815830 panel_cmd=b0 panel_n=24 dut_shift=111111111111 dut_res=4095 dut_rz=4095 dut_st=2
#     [sd] t=85831270 panel_cmd=d0 panel_n=24 dut_shift=111111111111 dut_res=4095 dut_rz=4095 dut_st=5
#     [sd] t=85846690 panel_cmd=90 panel_n=24 dut_shift=111111111111 dut_res=4095 dut_rz=4095 dut_st=7
#     [sd] t=85915830 panel_cmd=b0 panel_n=24 dut_shift=111111111111 dut_res=4095 dut_rz=4095 dut_st=2
#     [sd] t=85931270 panel_cmd=d0 panel_n=24 dut_shift=111111111111 dut_res=4095 dut_rz=4095 dut_st=5
#     [sd] t=85946690 panel_cmd=90 panel_n=24 dut_shift=111111111111 dut_res=4095 dut_rz=4095 dut_st=7
#     [sd] t=86015830 panel_cmd=b0 panel_n=24 dut_shift=111111111111 dut_res=4095 dut_rz=4095 dut_st=2
#     [sd] t=86031270 panel_cmd=d0 panel_n=24 dut_shift=111111111111 dut_res=4095 dut_rz=4095 dut_st=5
#     [sd] t=86046690 panel_cmd=90 panel_n=24 dut_shift=111111111111 dut_res=4095 dut_rz=4095 dut_st=7
#     [sd] t=86115830 panel_cmd=b0 panel_n=24 dut_shift=111111111111 dut_res=4095 dut_rz=4095 dut_st=2
#     [sd] t=86131270 panel_cmd=d0 panel_n=24 dut_shift=111111111111 dut_res=4095 dut_rz=4095 dut_st=5
#     [sd] t=86146690 panel_cmd=90 panel_n=24 dut_shift=111111111111 dut_res=4095 dut_rz=4095 dut_st=7
#     [sd] t=86215830 panel_cmd=b0 panel_n=24 dut_shift=111111111111 dut_res=4095 dut_rz=4095 dut_st=2
#     [sd] t=86231270 panel_cmd=d0 panel_n=24 dut_shift=111111111111 dut_res=4095 dut_rz=4095 dut_st=5
#     [sd] t=86246690 panel_cmd=90 panel_n=24 dut_shift=111111111111 dut_res=4095 dut_rz=4095 dut_st=7
#     [sd] t=86315830 panel_cmd=b0 panel_n=24 dut_shift=111111111111 dut_res=4095 dut_rz=4095 dut_st=2
#     [sd] t=86331270 panel_cmd=d0 panel_n=24 dut_shift=111111111111 dut_res=4095 dut_rz=4095 dut_st=5
#     [sd] t=86346690 panel_cmd=90 panel_n=24 dut_shift=111111111111 dut_res=4095 dut_rz=4095 dut_st=7
#     [sd] t=86415830 panel_cmd=b0 panel_n=24 dut_shift=111111111111 dut_res=4095 dut_rz=4095 dut_st=2
#     [sd] t=86431270 panel_cmd=d0 panel_n=24 dut_shift=111111111111 dut_res=4095 dut_rz=4095 dut_st=5
#     [sd] t=86446690 panel_cmd=90 panel_n=24 dut_shift=111111111111 dut_res=4095 dut_rz=4095 dut_st=7
#     [sd] t=86515830 panel_cmd=b0 panel_n=24 dut_shift=111111111111 dut_res=4095 dut_rz=4095 dut_st=2
#     [sd] t=86531270 panel_cmd=d0 panel_n=24 dut_shift=111111111111 dut_res=4095 dut_rz=4095 dut_st=5
#     [sd] t=86546690 panel_cmd=90 panel_n=24 dut_shift=111111111111 dut_res=4095 dut_rz=4095 dut_st=7
#     [sd] t=86615830 panel_cmd=b0 panel_n=24 dut_shift=111111111111 dut_res=4095 dut_rz=4095 dut_st=2
#     [sd] t=86631270 panel_cmd=d0 panel_n=24 dut_shift=111111111111 dut_res=4095 dut_rz=4095 dut_st=5
#     [sd] t=86646690 panel_cmd=90 panel_n=24 dut_shift=111111111111 dut_res=4095 dut_rz=4095 dut_st=7
#     [sd] t=86715830 panel_cmd=b0 panel_n=24 dut_shift=111111111111 dut_res=4095 dut_rz=4095 dut_st=2
#     [sd] t=86731270 panel_cmd=d0 panel_n=24 dut_shift=111111111111 dut_res=4095 dut_rz=4095 dut_st=5
#     [sd] t=86746690 panel_cmd=90 panel_n=24 dut_shift=111111111111 dut_res=4095 dut_rz=4095 dut_st=7
#     [sd] t=86815830 panel_cmd=b0 panel_n=24 dut_shift=111111111111 dut_res=4095 dut_rz=4095 dut_st=2
#     [sd] t=86831270 panel_cmd=d0 panel_n=24 dut_shift=111111111111 dut_res=4095 dut_rz=4095 dut_st=5
#     [sd] t=86846690 panel_cmd=90 panel_n=24 dut_shift=111111111111 dut_res=4095 dut_rz=4095 dut_st=7
#     [sd] t=86915830 panel_cmd=b0 panel_n=24 dut_shift=111111111111 dut_res=4095 dut_rz=4095 dut_st=2
#     [sd] t=86931270 panel_cmd=d0 panel_n=24 dut_shift=111111111111 dut_res=4095 dut_rz=4095 dut_st=5
#     [sd] t=86946690 panel_cmd=90 panel_n=24 dut_shift=111111111111 dut_res=4095 dut_rz=4095 dut_st=7
#     [sd] t=87015830 panel_cmd=b0 panel_n=24 dut_shift=111111111111 dut_res=4095 dut_rz=4095 dut_st=2
#     [sd] t=87031270 panel_cmd=d0 panel_n=24 dut_shift=111111111111 dut_res=4095 dut_rz=4095 dut_st=5
#     [sd] t=87046690 panel_cmd=90 panel_n=24 dut_shift=111111111111 dut_res=4095 dut_rz=4095 dut_st=7
#     [sd] t=87115830 panel_cmd=b0 panel_n=24 dut_shift=111111111111 dut_res=4095 dut_rz=4095 dut_st=2
#     [sd] t=87131270 panel_cmd=d0 panel_n=24 dut_shift=111111111111 dut_res=4095 dut_rz=4095 dut_st=5
#     [sd] t=87146690 panel_cmd=90 panel_n=24 dut_shift=111111111111 dut_res=4095 dut_rz=4095 dut_st=7
#     [sd] t=87215830 panel_cmd=b0 panel_n=24 dut_shift=111111111111 dut_res=4095 dut_rz=4095 dut_st=2
#     [sd] t=87231270 panel_cmd=d0 panel_n=24 dut_shift=111111111111 dut_res=4095 dut_rz=4095 dut_st=5
#     [sd] t=87246690 panel_cmd=90 panel_n=24 dut_shift=111111111111 dut_res=4095 dut_rz=4095 dut_st=7
#     [sd] t=87315830 panel_cmd=b0 panel_n=24 dut_shift=111111111111 dut_res=4095 dut_rz=4095 dut_st=2
#     [sd] t=87331270 panel_cmd=d0 panel_n=24 dut_shift=111111111111 dut_res=4095 dut_rz=4095 dut_st=5
#     [sd] t=87346690 panel_cmd=90 panel_n=24 dut_shift=111111111111 dut_res=4095 dut_rz=4095 dut_st=7
#     [sd] t=87415830 panel_cmd=b0 panel_n=24 dut_shift=111111111111 dut_res=4095 dut_rz=4095 dut_st=2
#     [sd] t=87431270 panel_cmd=d0 panel_n=24 dut_shift=111111111111 dut_res=4095 dut_rz=4095 dut_st=5
#     [sd] t=87446690 panel_cmd=90 panel_n=24 dut_shift=111111111111 dut_res=4095 dut_rz=4095 dut_st=7
#     [sd] t=87515830 panel_cmd=b0 panel_n=24 dut_shift=111111111111 dut_res=4095 dut_rz=4095 dut_st=2
#     [sd] t=87531270 panel_cmd=d0 panel_n=24 dut_shift=111111111111 dut_res=4095 dut_rz=4095 dut_st=5
#     [sd] t=87546690 panel_cmd=90 panel_n=24 dut_shift=111111111111 dut_res=4095 dut_rz=4095 dut_st=7
#     [sd] t=87615830 panel_cmd=b0 panel_n=24 dut_shift=111111111111 dut_res=4095 dut_rz=4095 dut_st=2
#     [sd] t=87631270 panel_cmd=d0 panel_n=24 dut_shift=111111111111 dut_res=4095 dut_rz=4095 dut_st=5
#     [sd] t=87646690 panel_cmd=90 panel_n=24 dut_shift=111111111111 dut_res=4095 dut_rz=4095 dut_st=7
#     [sd] t=87715830 panel_cmd=b0 panel_n=24 dut_shift=111111111111 dut_res=4095 dut_rz=4095 dut_st=2
#     [sd] t=87731270 panel_cmd=d0 panel_n=24 dut_shift=111111111111 dut_res=4095 dut_rz=4095 dut_st=5
#     [sd] t=87746690 panel_cmd=90 panel_n=24 dut_shift=111111111111 dut_res=4095 dut_rz=4095 dut_st=7
#     [sd] t=87815830 panel_cmd=b0 panel_n=24 dut_shift=111111111111 dut_res=4095 dut_rz=4095 dut_st=2
#     [sd] t=87831270 panel_cmd=d0 panel_n=24 dut_shift=111111111111 dut_res=4095 dut_rz=4095 dut_st=5
#     [sd] t=87846690 panel_cmd=90 panel_n=24 dut_shift=111111111111 dut_res=4095 dut_rz=4095 dut_st=7
#     [sd] t=87915830 panel_cmd=b0 panel_n=24 dut_shift=111111111111 dut_res=4095 dut_rz=4095 dut_st=2
#     [sd] t=87931270 panel_cmd=d0 panel_n=24 dut_shift=111111111111 dut_res=4095 dut_rz=4095 dut_st=5
#     [sd] t=87946690 panel_cmd=90 panel_n=24 dut_shift=111111111111 dut_res=4095 dut_rz=4095 dut_st=7
#     [sd] t=88015830 panel_cmd=b0 panel_n=24 dut_shift=111111111111 dut_res=4095 dut_rz=4095 dut_st=2
#     [sd] t=88031270 panel_cmd=d0 panel_n=24 dut_shift=111111111111 dut_res=4095 dut_rz=4095 dut_st=5
#     [sd] t=88046690 panel_cmd=90 panel_n=24 dut_shift=111111111111 dut_res=4095 dut_rz=4095 dut_st=7
#     [sd] t=88115830 panel_cmd=b0 panel_n=24 dut_shift=111111111111 dut_res=4095 dut_rz=4095 dut_st=2
#     [sd] t=88131270 panel_cmd=d0 panel_n=24 dut_shift=111111111111 dut_res=4095 dut_rz=4095 dut_st=5
#     [sd] t=88146690 panel_cmd=90 panel_n=24 dut_shift=111111111111 dut_res=4095 dut_rz=4095 dut_st=7
#     [sd] t=88215830 panel_cmd=b0 panel_n=24 dut_shift=111111111111 dut_res=4095 dut_rz=4095 dut_st=2
#     [sd] t=88231270 panel_cmd=d0 panel_n=24 dut_shift=111111111111 dut_res=4095 dut_rz=4095 dut_st=5
#     [sd] t=88246690 panel_cmd=90 panel_n=24 dut_shift=111111111111 dut_res=4095 dut_rz=4095 dut_st=7
#     [sd] t=88315830 panel_cmd=b0 panel_n=24 dut_shift=111111111111 dut_res=4095 dut_rz=4095 dut_st=2
#     [sd] t=88331270 panel_cmd=d0 panel_n=24 dut_shift=111111111111 dut_res=4095 dut_rz=4095 dut_st=5
#     [sd] t=88346690 panel_cmd=90 panel_n=24 dut_shift=111111111111 dut_res=4095 dut_rz=4095 dut_st=7
#     [sd] t=88415830 panel_cmd=b0 panel_n=24 dut_shift=111111111111 dut_res=4095 dut_rz=4095 dut_st=2
#     [sd] t=88431270 panel_cmd=d0 panel_n=24 dut_shift=111111111111 dut_res=4095 dut_rz=4095 dut_st=5
#     [sd] t=88446690 panel_cmd=90 panel_n=24 dut_shift=111111111111 dut_res=4095 dut_rz=4095 dut_st=7
#     [sd] t=88515830 panel_cmd=b0 panel_n=24 dut_shift=111111111111 dut_res=4095 dut_rz=4095 dut_st=2
#     [sd] t=88531270 panel_cmd=d0 panel_n=24 dut_shift=111111111111 dut_res=4095 dut_rz=4095 dut_st=5
#     [sd] t=88546690 panel_cmd=90 panel_n=24 dut_shift=111111111111 dut_res=4095 dut_rz=4095 dut_st=7
#     [sd] t=88615830 panel_cmd=b0 panel_n=24 dut_shift=111111111111 dut_res=4095 dut_rz=4095 dut_st=2
#     [sd] t=88631270 panel_cmd=d0 panel_n=24 dut_shift=111111111111 dut_res=4095 dut_rz=4095 dut_st=5
#     [sd] t=88646690 panel_cmd=90 panel_n=24 dut_shift=111111111111 dut_res=4095 dut_rz=4095 dut_st=7
#     [sd] t=88715830 panel_cmd=b0 panel_n=24 dut_shift=111111111111 dut_res=4095 dut_rz=4095 dut_st=2
#     [sd] t=88731270 panel_cmd=d0 panel_n=24 dut_shift=111111111111 dut_res=4095 dut_rz=4095 dut_st=5
#     [sd] t=88746690 panel_cmd=90 panel_n=24 dut_shift=111111111111 dut_res=4095 dut_rz=4095 dut_st=7
#     [sd] t=88815830 panel_cmd=b0 panel_n=24 dut_shift=111111111111 dut_res=4095 dut_rz=4095 dut_st=2
#     [sd] t=88831270 panel_cmd=d0 panel_n=24 dut_shift=111111111111 dut_res=4095 dut_rz=4095 dut_st=5
#     [sd] t=88846690 panel_cmd=90 panel_n=24 dut_shift=111111111111 dut_res=4095 dut_rz=4095 dut_st=7
#     [sd] t=88915830 panel_cmd=b0 panel_n=24 dut_shift=111111111111 dut_res=4095 dut_rz=4095 dut_st=2
#     [sd] t=88931270 panel_cmd=d0 panel_n=24 dut_shift=111111111111 dut_res=4095 dut_rz=4095 dut_st=5
#     [sd] t=88946690 panel_cmd=90 panel_n=24 dut_shift=111111111111 dut_res=4095 dut_rz=4095 dut_st=7
#     checks=34 errors=0
# [7] link recovers -> dbg_stuck must clear
#     [sd] t=89015830 panel_cmd=b0 panel_n=24 dut_shift=011111010000 dut_res=2000 dut_rz=4095 dut_st=2
#     [sd] t=89031270 panel_cmd=d0 panel_n=24 dut_shift=010010110000 dut_res=1200 dut_rz=2000 dut_st=5
#     [sd] t=89046690 panel_cmd=90 panel_n=24 dut_shift=101000101000 dut_res=2600 dut_rz=2000 dut_st=7
#     [sd] t=89115830 panel_cmd=b0 panel_n=24 dut_shift=011111010000 dut_res=2000 dut_rz=2000 dut_st=2
#     [sd] t=89131270 panel_cmd=d0 panel_n=24 dut_shift=010010110000 dut_res=1200 dut_rz=2000 dut_st=5
#     [sd] t=89146690 panel_cmd=90 panel_n=24 dut_shift=101000101000 dut_res=2600 dut_rz=2000 dut_st=7
#     [sd] t=89215830 panel_cmd=b0 panel_n=24 dut_shift=011111010000 dut_res=2000 dut_rz=2000 dut_st=2
#     [sd] t=89231270 panel_cmd=d0 panel_n=24 dut_shift=010010110000 dut_res=1200 dut_rz=2000 dut_st=5
#     [sd] t=89246690 panel_cmd=90 panel_n=24 dut_shift=101000101000 dut_res=2600 dut_rz=2000 dut_st=7
#     [sd] t=89315830 panel_cmd=b0 panel_n=24 dut_shift=011111010000 dut_res=2000 dut_rz=2000 dut_st=2
#     [sd] t=89331270 panel_cmd=d0 panel_n=24 dut_shift=010010110000 dut_res=1200 dut_rz=2000 dut_st=5
#     [sd] t=89346690 panel_cmd=90 panel_n=24 dut_shift=101000101000 dut_res=2600 dut_rz=2000 dut_st=7
#     [sd] t=89415830 panel_cmd=b0 panel_n=24 dut_shift=011111010000 dut_res=2000 dut_rz=2000 dut_st=2
#     [sd] t=89431270 panel_cmd=d0 panel_n=24 dut_shift=010010110000 dut_res=1200 dut_rz=2000 dut_st=5
#     [sd] t=89446690 panel_cmd=90 panel_n=24 dut_shift=101000101000 dut_res=2600 dut_rz=2000 dut_st=7
#     [sd] t=89515830 panel_cmd=b0 panel_n=24 dut_shift=011111010000 dut_res=2000 dut_rz=2000 dut_st=2
#     [sd] t=89531270 panel_cmd=d0 panel_n=24 dut_shift=010010110000 dut_res=1200 dut_rz=2000 dut_st=5
#     [sd] t=89546690 panel_cmd=90 panel_n=24 dut_shift=101000101000 dut_res=2600 dut_rz=2000 dut_st=7
#     [sd] t=89615830 panel_cmd=b0 panel_n=24 dut_shift=011111010000 dut_res=2000 dut_rz=2000 dut_st=2
#     [sd] t=89631270 panel_cmd=d0 panel_n=24 dut_shift=010010110000 dut_res=1200 dut_rz=2000 dut_st=5
#     [sd] t=89646690 panel_cmd=90 panel_n=24 dut_shift=101000101000 dut_res=2600 dut_rz=2000 dut_st=7
#     [sd] t=89715830 panel_cmd=b0 panel_n=24 dut_shift=011111010000 dut_res=2000 dut_rz=2000 dut_st=2
#     [sd] t=89731270 panel_cmd=d0 panel_n=24 dut_shift=010010110000 dut_res=1200 dut_rz=2000 dut_st=5
#     [sd] t=89746690 panel_cmd=90 panel_n=24 dut_shift=101000101000 dut_res=2600 dut_rz=2000 dut_st=7
#     [sd] t=89815830 panel_cmd=b0 panel_n=24 dut_shift=011111010000 dut_res=2000 dut_rz=2000 dut_st=2
#     [sd] t=89831270 panel_cmd=d0 panel_n=24 dut_shift=010010110000 dut_res=1200 dut_rz=2000 dut_st=5
#     [sd] t=89846690 panel_cmd=90 panel_n=24 dut_shift=101000101000 dut_res=2600 dut_rz=2000 dut_st=7
#     [sd] t=89915830 panel_cmd=b0 panel_n=24 dut_shift=011111010000 dut_res=2000 dut_rz=2000 dut_st=2
#     [sd] t=89931270 panel_cmd=d0 panel_n=24 dut_shift=010010110000 dut_res=1200 dut_rz=2000 dut_st=5
#     [sd] t=89946690 panel_cmd=90 panel_n=24 dut_shift=101000101000 dut_res=2600 dut_rz=2000 dut_st=7
#     [sd] t=90015830 panel_cmd=b0 panel_n=24 dut_shift=011111010000 dut_res=2000 dut_rz=2000 dut_st=2
#     [sd] t=90031270 panel_cmd=d0 panel_n=24 dut_shift=010010110000 dut_res=1200 dut_rz=2000 dut_st=5
#     [sd] t=90046690 panel_cmd=90 panel_n=24 dut_shift=101000101000 dut_res=2600 dut_rz=2000 dut_st=7
#     [sd] t=90115830 panel_cmd=b0 panel_n=24 dut_shift=011111010000 dut_res=2000 dut_rz=2000 dut_st=2
#     [sd] t=90131270 panel_cmd=d0 panel_n=24 dut_shift=010010110000 dut_res=1200 dut_rz=2000 dut_st=5
#     [sd] t=90146690 panel_cmd=90 panel_n=24 dut_shift=101000101000 dut_res=2600 dut_rz=2000 dut_st=7
#     [sd] t=90215830 panel_cmd=b0 panel_n=24 dut_shift=011111010000 dut_res=2000 dut_rz=2000 dut_st=2
#     [sd] t=90231270 panel_cmd=d0 panel_n=24 dut_shift=010010110000 dut_res=1200 dut_rz=2000 dut_st=5
#     [sd] t=90246690 panel_cmd=90 panel_n=24 dut_shift=101000101000 dut_res=2600 dut_rz=2000 dut_st=7
#     [sd] t=90315830 panel_cmd=b0 panel_n=24 dut_shift=011111010000 dut_res=2000 dut_rz=2000 dut_st=2
#     [sd] t=90331270 panel_cmd=d0 panel_n=24 dut_shift=010010110000 dut_res=1200 dut_rz=2000 dut_st=5
#     [sd] t=90346690 panel_cmd=90 panel_n=24 dut_shift=101000101000 dut_res=2600 dut_rz=2000 dut_st=7
#     [sd] t=90415830 panel_cmd=b0 panel_n=24 dut_shift=011111010000 dut_res=2000 dut_rz=2000 dut_st=2
#     [sd] t=90431270 panel_cmd=d0 panel_n=24 dut_shift=010010110000 dut_res=1200 dut_rz=2000 dut_st=5
#     [sd] t=90446690 panel_cmd=90 panel_n=24 dut_shift=101000101000 dut_res=2600 dut_rz=2000 dut_st=7
#     [sd] t=90515830 panel_cmd=b0 panel_n=24 dut_shift=011111010000 dut_res=2000 dut_rz=2000 dut_st=2
#     [sd] t=90531270 panel_cmd=d0 panel_n=24 dut_shift=010010110000 dut_res=1200 dut_rz=2000 dut_st=5
#     [sd] t=90546690 panel_cmd=90 panel_n=24 dut_shift=101000101000 dut_res=2600 dut_rz=2000 dut_st=7
#     [sd] t=90615830 panel_cmd=b0 panel_n=24 dut_shift=011111010000 dut_res=2000 dut_rz=2000 dut_st=2
#     [sd] t=90631270 panel_cmd=d0 panel_n=24 dut_shift=010010110000 dut_res=1200 dut_rz=2000 dut_st=5
#     [sd] t=90646690 panel_cmd=90 panel_n=24 dut_shift=101000101000 dut_res=2600 dut_rz=2000 dut_st=7
#     [sd] t=90715830 panel_cmd=b0 panel_n=24 dut_shift=011111010000 dut_res=2000 dut_rz=2000 dut_st=2
#     [sd] t=90731270 panel_cmd=d0 panel_n=24 dut_shift=010010110000 dut_res=1200 dut_rz=2000 dut_st=5
#     [sd] t=90746690 panel_cmd=90 panel_n=24 dut_shift=101000101000 dut_res=2600 dut_rz=2000 dut_st=7
#     [sd] t=90815830 panel_cmd=b0 panel_n=24 dut_shift=011111010000 dut_res=2000 dut_rz=2000 dut_st=2
#     [sd] t=90831270 panel_cmd=d0 panel_n=24 dut_shift=010010110000 dut_res=1200 dut_rz=2000 dut_st=5
#     [sd] t=90846690 panel_cmd=90 panel_n=24 dut_shift=101000101000 dut_res=2600 dut_rz=2000 dut_st=7
#     [sd] t=90915830 panel_cmd=b0 panel_n=24 dut_shift=011111010000 dut_res=2000 dut_rz=2000 dut_st=2
#     [sd] t=90931270 panel_cmd=d0 panel_n=24 dut_shift=010010110000 dut_res=1200 dut_rz=2000 dut_st=5
#     [sd] t=90946690 panel_cmd=90 panel_n=24 dut_shift=101000101000 dut_res=2600 dut_rz=2000 dut_st=7
#     [sd] t=91015830 panel_cmd=b0 panel_n=24 dut_shift=011111010000 dut_res=2000 dut_rz=2000 dut_st=2
#     [sd] t=91031270 panel_cmd=d0 panel_n=24 dut_shift=010010110000 dut_res=1200 dut_rz=2000 dut_st=5
#     [sd] t=91046690 panel_cmd=90 panel_n=24 dut_shift=101000101000 dut_res=2600 dut_rz=2000 dut_st=7
#     [sd] t=91115830 panel_cmd=b0 panel_n=24 dut_shift=011111010000 dut_res=2000 dut_rz=2000 dut_st=2
#     [sd] t=91131270 panel_cmd=d0 panel_n=24 dut_shift=010010110000 dut_res=1200 dut_rz=2000 dut_st=5
#     [sd] t=91146690 panel_cmd=90 panel_n=24 dut_shift=101000101000 dut_res=2600 dut_rz=2000 dut_st=7
#     [sd] t=91215830 panel_cmd=b0 panel_n=24 dut_shift=011111010000 dut_res=2000 dut_rz=2000 dut_st=2
#     [sd] t=91231270 panel_cmd=d0 panel_n=24 dut_shift=010010110000 dut_res=1200 dut_rz=2000 dut_st=5
#     [sd] t=91246690 panel_cmd=90 panel_n=24 dut_shift=101000101000 dut_res=2600 dut_rz=2000 dut_st=7
#     [sd] t=91315830 panel_cmd=b0 panel_n=24 dut_shift=011111010000 dut_res=2000 dut_rz=2000 dut_st=2
#     [sd] t=91331270 panel_cmd=d0 panel_n=24 dut_shift=010010110000 dut_res=1200 dut_rz=2000 dut_st=5
#     [sd] t=91346690 panel_cmd=90 panel_n=24 dut_shift=101000101000 dut_res=2600 dut_rz=2000 dut_st=7
#     [sd] t=91415830 panel_cmd=b0 panel_n=24 dut_shift=011111010000 dut_res=2000 dut_rz=2000 dut_st=2
#     [sd] t=91431270 panel_cmd=d0 panel_n=24 dut_shift=010010110000 dut_res=1200 dut_rz=2000 dut_st=5
#     [sd] t=91446690 panel_cmd=90 panel_n=24 dut_shift=101000101000 dut_res=2600 dut_rz=2000 dut_st=7
#     [sd] t=91515830 panel_cmd=b0 panel_n=24 dut_shift=011111010000 dut_res=2000 dut_rz=2000 dut_st=2
#     [sd] t=91531270 panel_cmd=d0 panel_n=24 dut_shift=010010110000 dut_res=1200 dut_rz=2000 dut_st=5
#     [sd] t=91546690 panel_cmd=90 panel_n=24 dut_shift=101000101000 dut_res=2600 dut_rz=2000 dut_st=7
#     [sd] t=91615830 panel_cmd=b0 panel_n=24 dut_shift=011111010000 dut_res=2000 dut_rz=2000 dut_st=2
#     [sd] t=91631270 panel_cmd=d0 panel_n=24 dut_shift=010010110000 dut_res=1200 dut_rz=2000 dut_st=5
#     [sd] t=91646690 panel_cmd=90 panel_n=24 dut_shift=101000101000 dut_res=2600 dut_rz=2000 dut_st=7
#     [sd] t=91715830 panel_cmd=b0 panel_n=24 dut_shift=011111010000 dut_res=2000 dut_rz=2000 dut_st=2
#     [sd] t=91731270 panel_cmd=d0 panel_n=24 dut_shift=010010110000 dut_res=1200 dut_rz=2000 dut_st=5
#     [sd] t=91746690 panel_cmd=90 panel_n=24 dut_shift=101000101000 dut_res=2600 dut_rz=2000 dut_st=7
#     [sd] t=91815830 panel_cmd=b0 panel_n=24 dut_shift=011111010000 dut_res=2000 dut_rz=2000 dut_st=2
#     [sd] t=91831270 panel_cmd=d0 panel_n=24 dut_shift=010010110000 dut_res=1200 dut_rz=2000 dut_st=5
#     [sd] t=91846690 panel_cmd=90 panel_n=24 dut_shift=101000101000 dut_res=2600 dut_rz=2000 dut_st=7
#     [sd] t=91915830 panel_cmd=b0 panel_n=24 dut_shift=011111010000 dut_res=2000 dut_rz=2000 dut_st=2
#     [sd] t=91931270 panel_cmd=d0 panel_n=24 dut_shift=010010110000 dut_res=1200 dut_rz=2000 dut_st=5
#     [sd] t=91946690 panel_cmd=90 panel_n=24 dut_shift=101000101000 dut_res=2600 dut_rz=2000 dut_st=7
#     [sd] t=92015830 panel_cmd=b0 panel_n=24 dut_shift=011111010000 dut_res=2000 dut_rz=2000 dut_st=2
#     [sd] t=92031270 panel_cmd=d0 panel_n=24 dut_shift=010010110000 dut_res=1200 dut_rz=2000 dut_st=5
#     [sd] t=92046690 panel_cmd=90 panel_n=24 dut_shift=101000101000 dut_res=2600 dut_rz=2000 dut_st=7
#     [sd] t=92115830 panel_cmd=b0 panel_n=24 dut_shift=011111010000 dut_res=2000 dut_rz=2000 dut_st=2
#     [sd] t=92131270 panel_cmd=d0 panel_n=24 dut_shift=010010110000 dut_res=1200 dut_rz=2000 dut_st=5
#     [sd] t=92146690 panel_cmd=90 panel_n=24 dut_shift=101000101000 dut_res=2600 dut_rz=2000 dut_st=7
#     [sd] t=92215830 panel_cmd=b0 panel_n=24 dut_shift=011111010000 dut_res=2000 dut_rz=2000 dut_st=2
#     [sd] t=92231270 panel_cmd=d0 panel_n=24 dut_shift=010010110000 dut_res=1200 dut_rz=2000 dut_st=5
#     [sd] t=92246690 panel_cmd=90 panel_n=24 dut_shift=101000101000 dut_res=2600 dut_rz=2000 dut_st=7
#     [sd] t=92315830 panel_cmd=b0 panel_n=24 dut_shift=011111010000 dut_res=2000 dut_rz=2000 dut_st=2
#     [sd] t=92331270 panel_cmd=d0 panel_n=24 dut_shift=010010110000 dut_res=1200 dut_rz=2000 dut_st=5
#     [sd] t=92346690 panel_cmd=90 panel_n=24 dut_shift=101000101000 dut_res=2600 dut_rz=2000 dut_st=7
#     [sd] t=92415830 panel_cmd=b0 panel_n=24 dut_shift=011111010000 dut_res=2000 dut_rz=2000 dut_st=2
#     [sd] t=92431270 panel_cmd=d0 panel_n=24 dut_shift=010010110000 dut_res=1200 dut_rz=2000 dut_st=5
#     [sd] t=92446690 panel_cmd=90 panel_n=24 dut_shift=101000101000 dut_res=2600 dut_rz=2000 dut_st=7
#     [sd] t=92515830 panel_cmd=b0 panel_n=24 dut_shift=011111010000 dut_res=2000 dut_rz=2000 dut_st=2
#     [sd] t=92531270 panel_cmd=d0 panel_n=24 dut_shift=010010110000 dut_res=1200 dut_rz=2000 dut_st=5
#     [sd] t=92546690 panel_cmd=90 panel_n=24 dut_shift=101000101000 dut_res=2600 dut_rz=2000 dut_st=7
#     [sd] t=92615830 panel_cmd=b0 panel_n=24 dut_shift=011111010000 dut_res=2000 dut_rz=2000 dut_st=2
#     [sd] t=92631270 panel_cmd=d0 panel_n=24 dut_shift=010010110000 dut_res=1200 dut_rz=2000 dut_st=5
#     [sd] t=92646690 panel_cmd=90 panel_n=24 dut_shift=101000101000 dut_res=2600 dut_rz=2000 dut_st=7
#     [sd] t=92715830 panel_cmd=b0 panel_n=24 dut_shift=011111010000 dut_res=2000 dut_rz=2000 dut_st=2
#     [sd] t=92731270 panel_cmd=d0 panel_n=24 dut_shift=010010110000 dut_res=1200 dut_rz=2000 dut_st=5
#     [sd] t=92746690 panel_cmd=90 panel_n=24 dut_shift=101000101000 dut_res=2600 dut_rz=2000 dut_st=7
#     [sd] t=92815830 panel_cmd=b0 panel_n=24 dut_shift=011111010000 dut_res=2000 dut_rz=2000 dut_st=2
#     [sd] t=92831270 panel_cmd=d0 panel_n=24 dut_shift=010010110000 dut_res=1200 dut_rz=2000 dut_st=5
#     [sd] t=92846690 panel_cmd=90 panel_n=24 dut_shift=101000101000 dut_res=2600 dut_rz=2000 dut_st=7
#     [sd] t=92915830 panel_cmd=b0 panel_n=24 dut_shift=011111010000 dut_res=2000 dut_rz=2000 dut_st=2
#     [sd] t=92931270 panel_cmd=d0 panel_n=24 dut_shift=010010110000 dut_res=1200 dut_rz=2000 dut_st=5
#     [sd] t=92946690 panel_cmd=90 panel_n=24 dut_shift=101000101000 dut_res=2600 dut_rz=2000 dut_st=7
#     [sd] t=93015830 panel_cmd=b0 panel_n=24 dut_shift=011111010000 dut_res=2000 dut_rz=2000 dut_st=2
#     [sd] t=93031270 panel_cmd=d0 panel_n=24 dut_shift=010010110000 dut_res=1200 dut_rz=2000 dut_st=5
#     [sd] t=93046690 panel_cmd=90 panel_n=24 dut_shift=101000101000 dut_res=2600 dut_rz=2000 dut_st=7
#     [sd] t=93115830 panel_cmd=b0 panel_n=24 dut_shift=011111010000 dut_res=2000 dut_rz=2000 dut_st=2
#     [sd] t=93131270 panel_cmd=d0 panel_n=24 dut_shift=010010110000 dut_res=1200 dut_rz=2000 dut_st=5
#     [sd] t=93146690 panel_cmd=90 panel_n=24 dut_shift=101000101000 dut_res=2600 dut_rz=2000 dut_st=7
#     [sd] t=93215830 panel_cmd=b0 panel_n=24 dut_shift=011111010000 dut_res=2000 dut_rz=2000 dut_st=2
#     [sd] t=93231270 panel_cmd=d0 panel_n=24 dut_shift=010010110000 dut_res=1200 dut_rz=2000 dut_st=5
#     [sd] t=93246690 panel_cmd=90 panel_n=24 dut_shift=101000101000 dut_res=2600 dut_rz=2000 dut_st=7
#     [sd] t=93315830 panel_cmd=b0 panel_n=24 dut_shift=011111010000 dut_res=2000 dut_rz=2000 dut_st=2
#     [sd] t=93331270 panel_cmd=d0 panel_n=24 dut_shift=010010110000 dut_res=1200 dut_rz=2000 dut_st=5
#     [sd] t=93346690 panel_cmd=90 panel_n=24 dut_shift=101000101000 dut_res=2600 dut_rz=2000 dut_st=7
#     [sd] t=93415830 panel_cmd=b0 panel_n=24 dut_shift=011111010000 dut_res=2000 dut_rz=2000 dut_st=2
#     [sd] t=93431270 panel_cmd=d0 panel_n=24 dut_shift=010010110000 dut_res=1200 dut_rz=2000 dut_st=5
#     [sd] t=93446690 panel_cmd=90 panel_n=24 dut_shift=101000101000 dut_res=2600 dut_rz=2000 dut_st=7
#     [sd] t=93515830 panel_cmd=b0 panel_n=24 dut_shift=011111010000 dut_res=2000 dut_rz=2000 dut_st=2
#     [sd] t=93531270 panel_cmd=d0 panel_n=24 dut_shift=010010110000 dut_res=1200 dut_rz=2000 dut_st=5
#     [sd] t=93546690 panel_cmd=90 panel_n=24 dut_shift=101000101000 dut_res=2600 dut_rz=2000 dut_st=7
#     [sd] t=93615830 panel_cmd=b0 panel_n=24 dut_shift=011111010000 dut_res=2000 dut_rz=2000 dut_st=2
#     [sd] t=93631270 panel_cmd=d0 panel_n=24 dut_shift=010010110000 dut_res=1200 dut_rz=2000 dut_st=5
#     [sd] t=93646690 panel_cmd=90 panel_n=24 dut_shift=101000101000 dut_res=2600 dut_rz=2000 dut_st=7
#     [sd] t=93715830 panel_cmd=b0 panel_n=24 dut_shift=011111010000 dut_res=2000 dut_rz=2000 dut_st=2
#     [sd] t=93731270 panel_cmd=d0 panel_n=24 dut_shift=010010110000 dut_res=1200 dut_rz=2000 dut_st=5
#     [sd] t=93746690 panel_cmd=90 panel_n=24 dut_shift=101000101000 dut_res=2600 dut_rz=2000 dut_st=7
#     [sd] t=93815830 panel_cmd=b0 panel_n=24 dut_shift=011111010000 dut_res=2000 dut_rz=2000 dut_st=2
#     [sd] t=93831270 panel_cmd=d0 panel_n=24 dut_shift=010010110000 dut_res=1200 dut_rz=2000 dut_st=5
#     [sd] t=93846690 panel_cmd=90 panel_n=24 dut_shift=101000101000 dut_res=2600 dut_rz=2000 dut_st=7
#     [sd] t=93915830 panel_cmd=b0 panel_n=24 dut_shift=011111010000 dut_res=2000 dut_rz=2000 dut_st=2
#     [sd] t=93931270 panel_cmd=d0 panel_n=24 dut_shift=010010110000 dut_res=1200 dut_rz=2000 dut_st=5
#     [sd] t=93946690 panel_cmd=90 panel_n=24 dut_shift=101000101000 dut_res=2600 dut_rz=2000 dut_st=7
#     [sd] t=94015830 panel_cmd=b0 panel_n=24 dut_shift=011111010000 dut_res=2000 dut_rz=2000 dut_st=2
#     [sd] t=94031270 panel_cmd=d0 panel_n=24 dut_shift=010010110000 dut_res=1200 dut_rz=2000 dut_st=5
#     [sd] t=94046690 panel_cmd=90 panel_n=24 dut_shift=101000101000 dut_res=2600 dut_rz=2000 dut_st=7
#     [sd] t=94115830 panel_cmd=b0 panel_n=24 dut_shift=011111010000 dut_res=2000 dut_rz=2000 dut_st=2
#     [sd] t=94131270 panel_cmd=d0 panel_n=24 dut_shift=010010110000 dut_res=1200 dut_rz=2000 dut_st=5
#     [sd] t=94146690 panel_cmd=90 panel_n=24 dut_shift=101000101000 dut_res=2600 dut_rz=2000 dut_st=7
#     [sd] t=94215830 panel_cmd=b0 panel_n=24 dut_shift=011111010000 dut_res=2000 dut_rz=2000 dut_st=2
#     [sd] t=94231270 panel_cmd=d0 panel_n=24 dut_shift=010010110000 dut_res=1200 dut_rz=2000 dut_st=5
#     [sd] t=94246690 panel_cmd=90 panel_n=24 dut_shift=101000101000 dut_res=2600 dut_rz=2000 dut_st=7
#     [sd] t=94315830 panel_cmd=b0 panel_n=24 dut_shift=011111010000 dut_res=2000 dut_rz=2000 dut_st=2
#     [sd] t=94331270 panel_cmd=d0 panel_n=24 dut_shift=010010110000 dut_res=1200 dut_rz=2000 dut_st=5
#     [sd] t=94346690 panel_cmd=90 panel_n=24 dut_shift=101000101000 dut_res=2600 dut_rz=2000 dut_st=7
#     [sd] t=94415830 panel_cmd=b0 panel_n=24 dut_shift=011111010000 dut_res=2000 dut_rz=2000 dut_st=2
#     [sd] t=94431270 panel_cmd=d0 panel_n=24 dut_shift=010010110000 dut_res=1200 dut_rz=2000 dut_st=5
#     [sd] t=94446690 panel_cmd=90 panel_n=24 dut_shift=101000101000 dut_res=2600 dut_rz=2000 dut_st=7
#     [sd] t=94515830 panel_cmd=b0 panel_n=24 dut_shift=011111010000 dut_res=2000 dut_rz=2000 dut_st=2
#     [sd] t=94531270 panel_cmd=d0 panel_n=24 dut_shift=010010110000 dut_res=1200 dut_rz=2000 dut_st=5
#     [sd] t=94546690 panel_cmd=90 panel_n=24 dut_shift=101000101000 dut_res=2600 dut_rz=2000 dut_st=7
#     [sd] t=94615830 panel_cmd=b0 panel_n=24 dut_shift=011111010000 dut_res=2000 dut_rz=2000 dut_st=2
#     [sd] t=94631270 panel_cmd=d0 panel_n=24 dut_shift=010010110000 dut_res=1200 dut_rz=2000 dut_st=5
#     [sd] t=94646690 panel_cmd=90 panel_n=24 dut_shift=101000101000 dut_res=2600 dut_rz=2000 dut_st=7
#     [sd] t=94715830 panel_cmd=b0 panel_n=24 dut_shift=011111010000 dut_res=2000 dut_rz=2000 dut_st=2
#     [sd] t=94731270 panel_cmd=d0 panel_n=24 dut_shift=010010110000 dut_res=1200 dut_rz=2000 dut_st=5
#     [sd] t=94746690 panel_cmd=90 panel_n=24 dut_shift=101000101000 dut_res=2600 dut_rz=2000 dut_st=7
#     [sd] t=94815830 panel_cmd=b0 panel_n=24 dut_shift=011111010000 dut_res=2000 dut_rz=2000 dut_st=2
#     [sd] t=94831270 panel_cmd=d0 panel_n=24 dut_shift=010010110000 dut_res=1200 dut_rz=2000 dut_st=5
#     [sd] t=94846690 panel_cmd=90 panel_n=24 dut_shift=101000101000 dut_res=2600 dut_rz=2000 dut_st=7
#     [sd] t=94915830 panel_cmd=b0 panel_n=24 dut_shift=011111010000 dut_res=2000 dut_rz=2000 dut_st=2
#     [sd] t=94931270 panel_cmd=d0 panel_n=24 dut_shift=010010110000 dut_res=1200 dut_rz=2000 dut_st=5
#     [sd] t=94946690 panel_cmd=90 panel_n=24 dut_shift=101000101000 dut_res=2600 dut_rz=2000 dut_st=7
#     [sd] t=95015830 panel_cmd=b0 panel_n=24 dut_shift=011111010000 dut_res=2000 dut_rz=2000 dut_st=2
#     [sd] t=95031270 panel_cmd=d0 panel_n=24 dut_shift=010010110000 dut_res=1200 dut_rz=2000 dut_st=5
#     [sd] t=95046690 panel_cmd=90 panel_n=24 dut_shift=101000101000 dut_res=2600 dut_rz=2000 dut_st=7
#     [sd] t=95115830 panel_cmd=b0 panel_n=24 dut_shift=011111010000 dut_res=2000 dut_rz=2000 dut_st=2
#     [sd] t=95131270 panel_cmd=d0 panel_n=24 dut_shift=010010110000 dut_res=1200 dut_rz=2000 dut_st=5
#     [sd] t=95146690 panel_cmd=90 panel_n=24 dut_shift=101000101000 dut_res=2600 dut_rz=2000 dut_st=7
#     [sd] t=95215830 panel_cmd=b0 panel_n=24 dut_shift=011111010000 dut_res=2000 dut_rz=2000 dut_st=2
#     [sd] t=95231270 panel_cmd=d0 panel_n=24 dut_shift=010010110000 dut_res=1200 dut_rz=2000 dut_st=5
#     [sd] t=95246690 panel_cmd=90 panel_n=24 dut_shift=101000101000 dut_res=2600 dut_rz=2000 dut_st=7
#     [sd] t=95315830 panel_cmd=b0 panel_n=24 dut_shift=011111010000 dut_res=2000 dut_rz=2000 dut_st=2
#     [sd] t=95331270 panel_cmd=d0 panel_n=24 dut_shift=010010110000 dut_res=1200 dut_rz=2000 dut_st=5
#     [sd] t=95346690 panel_cmd=90 panel_n=24 dut_shift=101000101000 dut_res=2600 dut_rz=2000 dut_st=7
#     [sd] t=95415830 panel_cmd=b0 panel_n=24 dut_shift=011111010000 dut_res=2000 dut_rz=2000 dut_st=2
#     [sd] t=95431270 panel_cmd=d0 panel_n=24 dut_shift=010010110000 dut_res=1200 dut_rz=2000 dut_st=5
#     [sd] t=95446690 panel_cmd=90 panel_n=24 dut_shift=101000101000 dut_res=2600 dut_rz=2000 dut_st=7
#     [sd] t=95515830 panel_cmd=b0 panel_n=24 dut_shift=011111010000 dut_res=2000 dut_rz=2000 dut_st=2
#     [sd] t=95531270 panel_cmd=d0 panel_n=24 dut_shift=010010110000 dut_res=1200 dut_rz=2000 dut_st=5
#     [sd] t=95546690 panel_cmd=90 panel_n=24 dut_shift=101000101000 dut_res=2600 dut_rz=2000 dut_st=7
#     [sd] t=95615830 panel_cmd=b0 panel_n=24 dut_shift=011111010000 dut_res=2000 dut_rz=2000 dut_st=2
#     [sd] t=95631270 panel_cmd=d0 panel_n=24 dut_shift=010010110000 dut_res=1200 dut_rz=2000 dut_st=5
#     [sd] t=95646690 panel_cmd=90 panel_n=24 dut_shift=101000101000 dut_res=2600 dut_rz=2000 dut_st=7
#     [sd] t=95715830 panel_cmd=b0 panel_n=24 dut_shift=011111010000 dut_res=2000 dut_rz=2000 dut_st=2
#     [sd] t=95731270 panel_cmd=d0 panel_n=24 dut_shift=010010110000 dut_res=1200 dut_rz=2000 dut_st=5
#     [sd] t=95746690 panel_cmd=90 panel_n=24 dut_shift=101000101000 dut_res=2600 dut_rz=2000 dut_st=7
#     [sd] t=95815830 panel_cmd=b0 panel_n=24 dut_shift=011111010000 dut_res=2000 dut_rz=2000 dut_st=2
#     [sd] t=95831270 panel_cmd=d0 panel_n=24 dut_shift=010010110000 dut_res=1200 dut_rz=2000 dut_st=5
#     [sd] t=95846690 panel_cmd=90 panel_n=24 dut_shift=101000101000 dut_res=2600 dut_rz=2000 dut_st=7
#     [sd] t=95915830 panel_cmd=b0 panel_n=24 dut_shift=011111010000 dut_res=2000 dut_rz=2000 dut_st=2
#     [sd] t=95931270 panel_cmd=d0 panel_n=24 dut_shift=010010110000 dut_res=1200 dut_rz=2000 dut_st=5
#     [sd] t=95946690 panel_cmd=90 panel_n=24 dut_shift=101000101000 dut_res=2600 dut_rz=2000 dut_st=7
#     [sd] t=96015830 panel_cmd=b0 panel_n=24 dut_shift=011111010000 dut_res=2000 dut_rz=2000 dut_st=2
#     [sd] t=96031270 panel_cmd=d0 panel_n=24 dut_shift=010010110000 dut_res=1200 dut_rz=2000 dut_st=5
#     [sd] t=96046690 panel_cmd=90 panel_n=24 dut_shift=101000101000 dut_res=2600 dut_rz=2000 dut_st=7
#     [sd] t=96115830 panel_cmd=b0 panel_n=24 dut_shift=011111010000 dut_res=2000 dut_rz=2000 dut_st=2
#     [sd] t=96131270 panel_cmd=d0 panel_n=24 dut_shift=010010110000 dut_res=1200 dut_rz=2000 dut_st=5
#     [sd] t=96146690 panel_cmd=90 panel_n=24 dut_shift=101000101000 dut_res=2600 dut_rz=2000 dut_st=7
#     [sd] t=96215830 panel_cmd=b0 panel_n=24 dut_shift=011111010000 dut_res=2000 dut_rz=2000 dut_st=2
#     [sd] t=96231270 panel_cmd=d0 panel_n=24 dut_shift=010010110000 dut_res=1200 dut_rz=2000 dut_st=5
#     [sd] t=96246690 panel_cmd=90 panel_n=24 dut_shift=101000101000 dut_res=2600 dut_rz=2000 dut_st=7
#     [sd] t=96315830 panel_cmd=b0 panel_n=24 dut_shift=011111010000 dut_res=2000 dut_rz=2000 dut_st=2
#     [sd] t=96331270 panel_cmd=d0 panel_n=24 dut_shift=010010110000 dut_res=1200 dut_rz=2000 dut_st=5
#     [sd] t=96346690 panel_cmd=90 panel_n=24 dut_shift=101000101000 dut_res=2600 dut_rz=2000 dut_st=7
#     [sd] t=96415830 panel_cmd=b0 panel_n=24 dut_shift=011111010000 dut_res=2000 dut_rz=2000 dut_st=2
#     [sd] t=96431270 panel_cmd=d0 panel_n=24 dut_shift=010010110000 dut_res=1200 dut_rz=2000 dut_st=5
#     [sd] t=96446690 panel_cmd=90 panel_n=24 dut_shift=101000101000 dut_res=2600 dut_rz=2000 dut_st=7
#     [sd] t=96515830 panel_cmd=b0 panel_n=24 dut_shift=011111010000 dut_res=2000 dut_rz=2000 dut_st=2
#     [sd] t=96531270 panel_cmd=d0 panel_n=24 dut_shift=010010110000 dut_res=1200 dut_rz=2000 dut_st=5
#     [sd] t=96546690 panel_cmd=90 panel_n=24 dut_shift=101000101000 dut_res=2600 dut_rz=2000 dut_st=7
#     [sd] t=96615830 panel_cmd=b0 panel_n=24 dut_shift=011111010000 dut_res=2000 dut_rz=2000 dut_st=2
#     [sd] t=96631270 panel_cmd=d0 panel_n=24 dut_shift=010010110000 dut_res=1200 dut_rz=2000 dut_st=5
#     [sd] t=96646690 panel_cmd=90 panel_n=24 dut_shift=101000101000 dut_res=2600 dut_rz=2000 dut_st=7
#     [sd] t=96715830 panel_cmd=b0 panel_n=24 dut_shift=011111010000 dut_res=2000 dut_rz=2000 dut_st=2
#     [sd] t=96731270 panel_cmd=d0 panel_n=24 dut_shift=010010110000 dut_res=1200 dut_rz=2000 dut_st=5
#     [sd] t=96746690 panel_cmd=90 panel_n=24 dut_shift=101000101000 dut_res=2600 dut_rz=2000 dut_st=7
#     [sd] t=96815830 panel_cmd=b0 panel_n=24 dut_shift=011111010000 dut_res=2000 dut_rz=2000 dut_st=2
#     [sd] t=96831270 panel_cmd=d0 panel_n=24 dut_shift=010010110000 dut_res=1200 dut_rz=2000 dut_st=5
#     [sd] t=96846690 panel_cmd=90 panel_n=24 dut_shift=101000101000 dut_res=2600 dut_rz=2000 dut_st=7
#     [sd] t=96915830 panel_cmd=b0 panel_n=24 dut_shift=011111010000 dut_res=2000 dut_rz=2000 dut_st=2
#     [sd] t=96931270 panel_cmd=d0 panel_n=24 dut_shift=010010110000 dut_res=1200 dut_rz=2000 dut_st=5
#     [sd] t=96946690 panel_cmd=90 panel_n=24 dut_shift=101000101000 dut_res=2600 dut_rz=2000 dut_st=7
#     [sd] t=97015830 panel_cmd=b0 panel_n=24 dut_shift=011111010000 dut_res=2000 dut_rz=2000 dut_st=2
#     [sd] t=97031270 panel_cmd=d0 panel_n=24 dut_shift=010010110000 dut_res=1200 dut_rz=2000 dut_st=5
#     [sd] t=97046690 panel_cmd=90 panel_n=24 dut_shift=101000101000 dut_res=2600 dut_rz=2000 dut_st=7
#     [sd] t=97115830 panel_cmd=b0 panel_n=24 dut_shift=011111010000 dut_res=2000 dut_rz=2000 dut_st=2
#     [sd] t=97131270 panel_cmd=d0 panel_n=24 dut_shift=010010110000 dut_res=1200 dut_rz=2000 dut_st=5
#     [sd] t=97146690 panel_cmd=90 panel_n=24 dut_shift=101000101000 dut_res=2600 dut_rz=2000 dut_st=7
#     [sd] t=97215830 panel_cmd=b0 panel_n=24 dut_shift=011111010000 dut_res=2000 dut_rz=2000 dut_st=2
#     [sd] t=97231270 panel_cmd=d0 panel_n=24 dut_shift=010010110000 dut_res=1200 dut_rz=2000 dut_st=5
#     [sd] t=97246690 panel_cmd=90 panel_n=24 dut_shift=101000101000 dut_res=2600 dut_rz=2000 dut_st=7
#     [sd] t=97315830 panel_cmd=b0 panel_n=24 dut_shift=011111010000 dut_res=2000 dut_rz=2000 dut_st=2
#     [sd] t=97331270 panel_cmd=d0 panel_n=24 dut_shift=010010110000 dut_res=1200 dut_rz=2000 dut_st=5
#     [sd] t=97346690 panel_cmd=90 panel_n=24 dut_shift=101000101000 dut_res=2600 dut_rz=2000 dut_st=7
#     [sd] t=97415830 panel_cmd=b0 panel_n=24 dut_shift=011111010000 dut_res=2000 dut_rz=2000 dut_st=2
#     [sd] t=97431270 panel_cmd=d0 panel_n=24 dut_shift=010010110000 dut_res=1200 dut_rz=2000 dut_st=5
#     [sd] t=97446690 panel_cmd=90 panel_n=24 dut_shift=101000101000 dut_res=2600 dut_rz=2000 dut_st=7
#     [sd] t=97515830 panel_cmd=b0 panel_n=24 dut_shift=011111010000 dut_res=2000 dut_rz=2000 dut_st=2
#     [sd] t=97531270 panel_cmd=d0 panel_n=24 dut_shift=010010110000 dut_res=1200 dut_rz=2000 dut_st=5
#     [sd] t=97546690 panel_cmd=90 panel_n=24 dut_shift=101000101000 dut_res=2600 dut_rz=2000 dut_st=7
#     [sd] t=97615830 panel_cmd=b0 panel_n=24 dut_shift=011111010000 dut_res=2000 dut_rz=2000 dut_st=2
#     [sd] t=97631270 panel_cmd=d0 panel_n=24 dut_shift=010010110000 dut_res=1200 dut_rz=2000 dut_st=5
#     [sd] t=97646690 panel_cmd=90 panel_n=24 dut_shift=101000101000 dut_res=2600 dut_rz=2000 dut_st=7
#     [sd] t=97715830 panel_cmd=b0 panel_n=24 dut_shift=011111010000 dut_res=2000 dut_rz=2000 dut_st=2
#     [sd] t=97731270 panel_cmd=d0 panel_n=24 dut_shift=010010110000 dut_res=1200 dut_rz=2000 dut_st=5
#     [sd] t=97746690 panel_cmd=90 panel_n=24 dut_shift=101000101000 dut_res=2600 dut_rz=2000 dut_st=7
#     [sd] t=97815830 panel_cmd=b0 panel_n=24 dut_shift=011111010000 dut_res=2000 dut_rz=2000 dut_st=2
#     [sd] t=97831270 panel_cmd=d0 panel_n=24 dut_shift=010010110000 dut_res=1200 dut_rz=2000 dut_st=5
#     [sd] t=97846690 panel_cmd=90 panel_n=24 dut_shift=101000101000 dut_res=2600 dut_rz=2000 dut_st=7
#     [sd] t=97915830 panel_cmd=b0 panel_n=24 dut_shift=011111010000 dut_res=2000 dut_rz=2000 dut_st=2
#     [sd] t=97931270 panel_cmd=d0 panel_n=24 dut_shift=010010110000 dut_res=1200 dut_rz=2000 dut_st=5
#     [sd] t=97946690 panel_cmd=90 panel_n=24 dut_shift=101000101000 dut_res=2600 dut_rz=2000 dut_st=7
#     [sd] t=98015830 panel_cmd=b0 panel_n=24 dut_shift=011111010000 dut_res=2000 dut_rz=2000 dut_st=2
#     [sd] t=98031270 panel_cmd=d0 panel_n=24 dut_shift=010010110000 dut_res=1200 dut_rz=2000 dut_st=5
#     [sd] t=98046690 panel_cmd=90 panel_n=24 dut_shift=101000101000 dut_res=2600 dut_rz=2000 dut_st=7
#     [sd] t=98115830 panel_cmd=b0 panel_n=24 dut_shift=011111010000 dut_res=2000 dut_rz=2000 dut_st=2
#     [sd] t=98131270 panel_cmd=d0 panel_n=24 dut_shift=010010110000 dut_res=1200 dut_rz=2000 dut_st=5
#     [sd] t=98146690 panel_cmd=90 panel_n=24 dut_shift=101000101000 dut_res=2600 dut_rz=2000 dut_st=7
#     [sd] t=98215830 panel_cmd=b0 panel_n=24 dut_shift=011111010000 dut_res=2000 dut_rz=2000 dut_st=2
#     [sd] t=98231270 panel_cmd=d0 panel_n=24 dut_shift=010010110000 dut_res=1200 dut_rz=2000 dut_st=5
#     [sd] t=98246690 panel_cmd=90 panel_n=24 dut_shift=101000101000 dut_res=2600 dut_rz=2000 dut_st=7
#     [sd] t=98315830 panel_cmd=b0 panel_n=24 dut_shift=011111010000 dut_res=2000 dut_rz=2000 dut_st=2
#     [sd] t=98331270 panel_cmd=d0 panel_n=24 dut_shift=010010110000 dut_res=1200 dut_rz=2000 dut_st=5
#     [sd] t=98346690 panel_cmd=90 panel_n=24 dut_shift=101000101000 dut_res=2600 dut_rz=2000 dut_st=7
#     [sd] t=98415830 panel_cmd=b0 panel_n=24 dut_shift=011111010000 dut_res=2000 dut_rz=2000 dut_st=2
#     [sd] t=98431270 panel_cmd=d0 panel_n=24 dut_shift=010010110000 dut_res=1200 dut_rz=2000 dut_st=5
#     [sd] t=98446690 panel_cmd=90 panel_n=24 dut_shift=101000101000 dut_res=2600 dut_rz=2000 dut_st=7
#     [sd] t=98515830 panel_cmd=b0 panel_n=24 dut_shift=011111010000 dut_res=2000 dut_rz=2000 dut_st=2
#     [sd] t=98531270 panel_cmd=d0 panel_n=24 dut_shift=010010110000 dut_res=1200 dut_rz=2000 dut_st=5
#     [sd] t=98546690 panel_cmd=90 panel_n=24 dut_shift=101000101000 dut_res=2600 dut_rz=2000 dut_st=7
#     [sd] t=98615830 panel_cmd=b0 panel_n=24 dut_shift=011111010000 dut_res=2000 dut_rz=2000 dut_st=2
#     [sd] t=98631270 panel_cmd=d0 panel_n=24 dut_shift=010010110000 dut_res=1200 dut_rz=2000 dut_st=5
#     [sd] t=98646690 panel_cmd=90 panel_n=24 dut_shift=101000101000 dut_res=2600 dut_rz=2000 dut_st=7
#     [sd] t=98715830 panel_cmd=b0 panel_n=24 dut_shift=011111010000 dut_res=2000 dut_rz=2000 dut_st=2
#     [sd] t=98731270 panel_cmd=d0 panel_n=24 dut_shift=010010110000 dut_res=1200 dut_rz=2000 dut_st=5
#     [sd] t=98746690 panel_cmd=90 panel_n=24 dut_shift=101000101000 dut_res=2600 dut_rz=2000 dut_st=7
#     [sd] t=98815830 panel_cmd=b0 panel_n=24 dut_shift=011111010000 dut_res=2000 dut_rz=2000 dut_st=2
#     [sd] t=98831270 panel_cmd=d0 panel_n=24 dut_shift=010010110000 dut_res=1200 dut_rz=2000 dut_st=5
#     [sd] t=98846690 panel_cmd=90 panel_n=24 dut_shift=101000101000 dut_res=2600 dut_rz=2000 dut_st=7
#     [sd] t=98915830 panel_cmd=b0 panel_n=24 dut_shift=011111010000 dut_res=2000 dut_rz=2000 dut_st=2
#     [sd] t=98931270 panel_cmd=d0 panel_n=24 dut_shift=010010110000 dut_res=1200 dut_rz=2000 dut_st=5
#     [sd] t=98946690 panel_cmd=90 panel_n=24 dut_shift=101000101000 dut_res=2600 dut_rz=2000 dut_st=7
#     [sd] t=99015830 panel_cmd=b0 panel_n=24 dut_shift=011111010000 dut_res=2000 dut_rz=2000 dut_st=2
#     [sd] t=99031270 panel_cmd=d0 panel_n=24 dut_shift=010010110000 dut_res=1200 dut_rz=2000 dut_st=5
#     [sd] t=99046690 panel_cmd=90 panel_n=24 dut_shift=101000101000 dut_res=2600 dut_rz=2000 dut_st=7
#     [sd] t=99115830 panel_cmd=b0 panel_n=24 dut_shift=011111010000 dut_res=2000 dut_rz=2000 dut_st=2
#     [sd] t=99131270 panel_cmd=d0 panel_n=24 dut_shift=010010110000 dut_res=1200 dut_rz=2000 dut_st=5
#     [sd] t=99146690 panel_cmd=90 panel_n=24 dut_shift=101000101000 dut_res=2600 dut_rz=2000 dut_st=7
#     [sd] t=99215830 panel_cmd=b0 panel_n=24 dut_shift=011111010000 dut_res=2000 dut_rz=2000 dut_st=2
#     [sd] t=99231270 panel_cmd=d0 panel_n=24 dut_shift=010010110000 dut_res=1200 dut_rz=2000 dut_st=5
#     [sd] t=99246690 panel_cmd=90 panel_n=24 dut_shift=101000101000 dut_res=2600 dut_rz=2000 dut_st=7
#     [sd] t=99315830 panel_cmd=b0 panel_n=24 dut_shift=011111010000 dut_res=2000 dut_rz=2000 dut_st=2
#     [sd] t=99331270 panel_cmd=d0 panel_n=24 dut_shift=010010110000 dut_res=1200 dut_rz=2000 dut_st=5
#     [sd] t=99346690 panel_cmd=90 panel_n=24 dut_shift=101000101000 dut_res=2600 dut_rz=2000 dut_st=7
#     [sd] t=99415830 panel_cmd=b0 panel_n=24 dut_shift=011111010000 dut_res=2000 dut_rz=2000 dut_st=2
#     [sd] t=99431270 panel_cmd=d0 panel_n=24 dut_shift=010010110000 dut_res=1200 dut_rz=2000 dut_st=5
#     [sd] t=99446690 panel_cmd=90 panel_n=24 dut_shift=101000101000 dut_res=2600 dut_rz=2000 dut_st=7
#     [sd] t=99515830 panel_cmd=b0 panel_n=24 dut_shift=011111010000 dut_res=2000 dut_rz=2000 dut_st=2
#     [sd] t=99531270 panel_cmd=d0 panel_n=24 dut_shift=010010110000 dut_res=1200 dut_rz=2000 dut_st=5
#     [sd] t=99546690 panel_cmd=90 panel_n=24 dut_shift=101000101000 dut_res=2600 dut_rz=2000 dut_st=7
#     [sd] t=99615830 panel_cmd=b0 panel_n=24 dut_shift=011111010000 dut_res=2000 dut_rz=2000 dut_st=2
#     [sd] t=99631270 panel_cmd=d0 panel_n=24 dut_shift=010010110000 dut_res=1200 dut_rz=2000 dut_st=5
#     [sd] t=99646690 panel_cmd=90 panel_n=24 dut_shift=101000101000 dut_res=2600 dut_rz=2000 dut_st=7
#     [sd] t=99715830 panel_cmd=b0 panel_n=24 dut_shift=011111010000 dut_res=2000 dut_rz=2000 dut_st=2
#     [sd] t=99731270 panel_cmd=d0 panel_n=24 dut_shift=010010110000 dut_res=1200 dut_rz=2000 dut_st=5
#     [sd] t=99746690 panel_cmd=90 panel_n=24 dut_shift=101000101000 dut_res=2600 dut_rz=2000 dut_st=7
#     [sd] t=99815830 panel_cmd=b0 panel_n=24 dut_shift=011111010000 dut_res=2000 dut_rz=2000 dut_st=2
#     [sd] t=99831270 panel_cmd=d0 panel_n=24 dut_shift=010010110000 dut_res=1200 dut_rz=2000 dut_st=5
#     [sd] t=99846690 panel_cmd=90 panel_n=24 dut_shift=101000101000 dut_res=2600 dut_rz=2000 dut_st=7
#     [sd] t=99915830 panel_cmd=b0 panel_n=24 dut_shift=011111010000 dut_res=2000 dut_rz=2000 dut_st=2
#     [sd] t=99931270 panel_cmd=d0 panel_n=24 dut_shift=010010110000 dut_res=1200 dut_rz=2000 dut_st=5
#     [sd] t=99946690 panel_cmd=90 panel_n=24 dut_shift=101000101000 dut_res=2600 dut_rz=2000 dut_st=7
#     [sd] t=100015830 panel_cmd=b0 panel_n=24 dut_shift=011111010000 dut_res=2000 dut_rz=2000 dut_st=2
#     [sd] t=100031270 panel_cmd=d0 panel_n=24 dut_shift=010010110000 dut_res=1200 dut_rz=2000 dut_st=5
#     [sd] t=100046690 panel_cmd=90 panel_n=24 dut_shift=101000101000 dut_res=2600 dut_rz=2000 dut_st=7
#     [sd] t=100115830 panel_cmd=b0 panel_n=24 dut_shift=011111010000 dut_res=2000 dut_rz=2000 dut_st=2
#     [sd] t=100131270 panel_cmd=d0 panel_n=24 dut_shift=010010110000 dut_res=1200 dut_rz=2000 dut_st=5
#     [sd] t=100146690 panel_cmd=90 panel_n=24 dut_shift=101000101000 dut_res=2600 dut_rz=2000 dut_st=7
#     [sd] t=100215830 panel_cmd=b0 panel_n=24 dut_shift=011111010000 dut_res=2000 dut_rz=2000 dut_st=2
#     [sd] t=100231270 panel_cmd=d0 panel_n=24 dut_shift=010010110000 dut_res=1200 dut_rz=2000 dut_st=5
#     [sd] t=100246690 panel_cmd=90 panel_n=24 dut_shift=101000101000 dut_res=2600 dut_rz=2000 dut_st=7
#     [sd] t=100315830 panel_cmd=b0 panel_n=24 dut_shift=011111010000 dut_res=2000 dut_rz=2000 dut_st=2
#     [sd] t=100331270 panel_cmd=d0 panel_n=24 dut_shift=010010110000 dut_res=1200 dut_rz=2000 dut_st=5
#     [sd] t=100346690 panel_cmd=90 panel_n=24 dut_shift=101000101000 dut_res=2600 dut_rz=2000 dut_st=7
#     [sd] t=100415830 panel_cmd=b0 panel_n=24 dut_shift=011111010000 dut_res=2000 dut_rz=2000 dut_st=2
#     [sd] t=100431270 panel_cmd=d0 panel_n=24 dut_shift=010010110000 dut_res=1200 dut_rz=2000 dut_st=5
#     [sd] t=100446690 panel_cmd=90 panel_n=24 dut_shift=101000101000 dut_res=2600 dut_rz=2000 dut_st=7
#     [sd] t=100515830 panel_cmd=b0 panel_n=24 dut_shift=011111010000 dut_res=2000 dut_rz=2000 dut_st=2
#     [sd] t=100531270 panel_cmd=d0 panel_n=24 dut_shift=010010110000 dut_res=1200 dut_rz=2000 dut_st=5
#     [sd] t=100546690 panel_cmd=90 panel_n=24 dut_shift=101000101000 dut_res=2600 dut_rz=2000 dut_st=7
#     [sd] t=100615830 panel_cmd=b0 panel_n=24 dut_shift=011111010000 dut_res=2000 dut_rz=2000 dut_st=2
#     [sd] t=100631270 panel_cmd=d0 panel_n=24 dut_shift=010010110000 dut_res=1200 dut_rz=2000 dut_st=5
#     [sd] t=100646690 panel_cmd=90 panel_n=24 dut_shift=101000101000 dut_res=2600 dut_rz=2000 dut_st=7
#     [sd] t=100715830 panel_cmd=b0 panel_n=24 dut_shift=011111010000 dut_res=2000 dut_rz=2000 dut_st=2
#     [sd] t=100731270 panel_cmd=d0 panel_n=24 dut_shift=010010110000 dut_res=1200 dut_rz=2000 dut_st=5
#     [sd] t=100746690 panel_cmd=90 panel_n=24 dut_shift=101000101000 dut_res=2600 dut_rz=2000 dut_st=7
#     [sd] t=100815830 panel_cmd=b0 panel_n=24 dut_shift=011111010000 dut_res=2000 dut_rz=2000 dut_st=2
#     [sd] t=100831270 panel_cmd=d0 panel_n=24 dut_shift=010010110000 dut_res=1200 dut_rz=2000 dut_st=5
#     [sd] t=100846690 panel_cmd=90 panel_n=24 dut_shift=101000101000 dut_res=2600 dut_rz=2000 dut_st=7
#     [sd] t=100915830 panel_cmd=b0 panel_n=24 dut_shift=011111010000 dut_res=2000 dut_rz=2000 dut_st=2
#     [sd] t=100931270 panel_cmd=d0 panel_n=24 dut_shift=010010110000 dut_res=1200 dut_rz=2000 dut_st=5
#     [sd] t=100946690 panel_cmd=90 panel_n=24 dut_shift=101000101000 dut_res=2600 dut_rz=2000 dut_st=7
#     checks=35 errors=0
# ================================
#   checks=35 errors=0 malformed_frames=0
#   checks=36 errors=0
#   ALL PASS
# ================================
# ** Note: $finish    : tb_touch_controller.sv(407)
#    Time: 101000390 ns  Iteration: 1  Instance: /tb_touch_controller
# End time: 13:48:01 on Sep 26,2026, Elapsed time: 0:00:37
# Errors: 0, Warnings: 0
