Fitter report for line_game_top
Wed Sep 23 05:44:13 2026
Quartus Prime Version 25.1std.0 Build 1129 10/21/2025 SC Lite Edition


---------------------
; Table of Contents ;
---------------------
  1. Legal Notice
  2. Fitter Summary
  3. Fitter Settings
  4. Parallel Compilation
  5. Fitter Netlist Optimizations
  6. Incremental Compilation Preservation Summary
  7. Incremental Compilation Partition Settings
  8. Incremental Compilation Placement Preservation
  9. Pin-Out File
 10. Fitter Resource Usage Summary
 11. Fitter Partition Statistics
 12. Input Pins
 13. Output Pins
 14. Dual Purpose and Dedicated Pins
 15. I/O Bank Usage
 16. All Package Pins
 17. I/O Assignment Warnings
 18. Fitter Resource Utilization by Entity
 19. Delay Chain Summary
 20. Pad To Core Delay Chain Fanout
 21. Control Signals
 22. Global & Other Fast Signals
 23. Fitter RAM Summary
 24. Fitter DSP Block Usage Summary
 25. DSP Block Details
 26. Routing Usage Summary
 27. LAB Logic Elements
 28. LAB-wide Signals
 29. LAB Signals Sourced
 30. LAB Signals Sourced Out
 31. LAB Distinct Inputs
 32. I/O Rules Summary
 33. I/O Rules Details
 34. I/O Rules Matrix
 35. Fitter Device Options
 36. Operating Settings and Conditions
 37. Estimated Delay Added for Hold Timing Summary
 38. Estimated Delay Added for Hold Timing Details
 39. Fitter Messages
 40. Fitter Suppressed Messages



----------------
; Legal Notice ;
----------------
Copyright (C) 2025  Altera Corporation. All rights reserved.
Your use of Altera Corporation's design tools, logic functions 
and other software and tools, and any partner logic 
functions, and any output files from any of the foregoing 
(including device programming or simulation files), and any 
associated documentation or information are expressly subject 
to the terms and conditions of the Altera Program License 
Subscription Agreement, the Altera Quartus Prime License Agreement,
the Altera IP License Agreement, or other applicable license
agreement, including, without limitation, that your use is for
the sole purpose of programming logic devices manufactured by
Altera and sold by Altera or its authorized distributors.  Please
refer to the Altera Software License Subscription Agreements 
on the Quartus Prime software download page.



+--------------------------------------------------------------------------------------+
; Fitter Summary                                                                       ;
+------------------------------------+-------------------------------------------------+
; Fitter Status                      ; Successful - Wed Sep 23 05:44:13 2026           ;
; Quartus Prime Version              ; 25.1std.0 Build 1129 10/21/2025 SC Lite Edition ;
; Revision Name                      ; line_game_top                                   ;
; Top-level Entity Name              ; line_game_top                                   ;
; Family                             ; MAX 10                                          ;
; Device                             ; 10M08SCE144C8G                                  ;
; Timing Models                      ; Final                                           ;
; Total logic elements               ; 1,028 / 8,064 ( 13 % )                          ;
;     Total combinational functions  ; 1,014 / 8,064 ( 13 % )                          ;
;     Dedicated logic registers      ; 468 / 8,064 ( 6 % )                             ;
; Total registers                    ; 468                                             ;
; Total pins                         ; 7 / 101 ( 7 % )                                 ;
; Total virtual pins                 ; 0                                               ;
; Total memory bits                  ; 64,000 / 387,072 ( 17 % )                       ;
; Embedded Multiplier 9-bit elements ; 1 / 48 ( 2 % )                                  ;
; Total PLLs                         ; 0 / 1 ( 0 % )                                   ;
; UFM blocks                         ; 0 / 1 ( 0 % )                                   ;
; ADC blocks                         ; 0                                               ;
+------------------------------------+-------------------------------------------------+


+----------------------------------------------------------------------------------------------------------------------------------------------------+
; Fitter Settings                                                                                                                                    ;
+--------------------------------------------------------------------+---------------------------------------+---------------------------------------+
; Option                                                             ; Setting                               ; Default Value                         ;
+--------------------------------------------------------------------+---------------------------------------+---------------------------------------+
; Device                                                             ; 10M08SCE144C8G                        ;                                       ;
; Minimum Core Junction Temperature                                  ; 0                                     ;                                       ;
; Maximum Core Junction Temperature                                  ; 85                                    ;                                       ;
; Fit Attempts to Skip                                               ; 0                                     ; 0.0                                   ;
; Use smart compilation                                              ; Off                                   ; Off                                   ;
; Enable parallel Assembler and Timing Analyzer during compilation   ; On                                    ; On                                    ;
; Enable compact report table                                        ; Off                                   ; Off                                   ;
; Auto Merge PLLs                                                    ; On                                    ; On                                    ;
; Router Timing Optimization Level                                   ; Normal                                ; Normal                                ;
; Perform Clocking Topology Analysis During Routing                  ; Off                                   ; Off                                   ;
; Placement Effort Multiplier                                        ; 1.0                                   ; 1.0                                   ;
; Router Effort Multiplier                                           ; 1.0                                   ; 1.0                                   ;
; Optimize Hold Timing                                               ; All Paths                             ; All Paths                             ;
; Optimize Multi-Corner Timing                                       ; On                                    ; On                                    ;
; Power Optimization During Fitting                                  ; Normal compilation                    ; Normal compilation                    ;
; SSN Optimization                                                   ; Off                                   ; Off                                   ;
; Optimize Timing                                                    ; Normal compilation                    ; Normal compilation                    ;
; Optimize Timing for ECOs                                           ; Off                                   ; Off                                   ;
; Regenerate Full Fit Report During ECO Compiles                     ; Off                                   ; Off                                   ;
; Optimize IOC Register Placement for Timing                         ; Normal                                ; Normal                                ;
; Final Placement Optimizations                                      ; Automatically                         ; Automatically                         ;
; Fitter Initial Placement Seed                                      ; 1                                     ; 1                                     ;
; Periphery to Core Placement and Routing Optimization               ; Off                                   ; Off                                   ;
; PCI I/O                                                            ; Off                                   ; Off                                   ;
; Weak Pull-Up Resistor                                              ; Off                                   ; Off                                   ;
; Enable Bus-Hold Circuitry                                          ; Off                                   ; Off                                   ;
; Auto Packed Registers                                              ; Auto                                  ; Auto                                  ;
; Auto Delay Chains                                                  ; On                                    ; On                                    ;
; Auto Delay Chains for High Fanout Input Pins                       ; Off                                   ; Off                                   ;
; Allow Single-ended Buffer for Differential-XSTL Input              ; Off                                   ; Off                                   ;
; Treat Bidirectional Pin as Output Pin                              ; Off                                   ; Off                                   ;
; Perform Physical Synthesis for Combinational Logic for Fitting     ; Off                                   ; Off                                   ;
; Perform Physical Synthesis for Combinational Logic for Performance ; Off                                   ; Off                                   ;
; Perform Register Duplication for Performance                       ; Off                                   ; Off                                   ;
; Perform Logic to Memory Mapping for Fitting                        ; Off                                   ; Off                                   ;
; Perform Register Retiming for Performance                          ; Off                                   ; Off                                   ;
; Perform Asynchronous Signal Pipelining                             ; Off                                   ; Off                                   ;
; Fitter Effort                                                      ; Auto Fit                              ; Auto Fit                              ;
; Physical Synthesis Effort Level                                    ; Normal                                ; Normal                                ;
; Logic Cell Insertion - Logic Duplication                           ; Auto                                  ; Auto                                  ;
; Auto Register Duplication                                          ; Auto                                  ; Auto                                  ;
; Auto Global Clock                                                  ; On                                    ; On                                    ;
; Auto Global Register Control Signals                               ; On                                    ; On                                    ;
; Reserve all unused pins                                            ; As input tri-stated with weak pull-up ; As input tri-stated with weak pull-up ;
; Synchronizer Identification                                        ; Auto                                  ; Auto                                  ;
; Enable Beneficial Skew Optimization                                ; On                                    ; On                                    ;
; Optimize Design for Metastability                                  ; On                                    ; On                                    ;
; Force Fitter to Avoid Periphery Placement Warnings                 ; Off                                   ; Off                                   ;
; Enable input tri-state on active configuration pins in user mode   ; Off                                   ; Off                                   ;
+--------------------------------------------------------------------+---------------------------------------+---------------------------------------+


+------------------------------------------+
; Parallel Compilation                     ;
+----------------------------+-------------+
; Processors                 ; Number      ;
+----------------------------+-------------+
; Number detected on machine ; 36          ;
; Maximum allowed            ; 16          ;
;                            ;             ;
; Average used               ; 1.44        ;
; Maximum used               ; 16          ;
;                            ;             ;
; Usage by Processor         ; % Time Used ;
;     Processor 1            ; 100.0%      ;
;     Processor 2            ;   3.2%      ;
;     Processor 3            ;   3.1%      ;
;     Processor 4            ;   3.1%      ;
;     Processor 5            ;   3.0%      ;
;     Processor 6            ;   3.0%      ;
;     Processor 7            ;   3.0%      ;
;     Processor 8            ;   3.0%      ;
;     Processors 9-16        ;   2.8%      ;
+----------------------------+-------------+


+-----------------------------------------------------------------------------------------------------------------------------------------------------------------------------------------------------------------------------------------------------+
; Fitter Netlist Optimizations                                                                                                                                                                                                                        ;
+----------------------------------------+-----------------+------------------+---------------------+-----------+----------------+-------------------------------------------------------------------------+------------------+-----------------------+
; Node                                   ; Action          ; Operation        ; Reason              ; Node Port ; Node Port Name ; Destination Node                                                        ; Destination Port ; Destination Port Name ;
+----------------------------------------+-----------------+------------------+---------------------+-----------+----------------+-------------------------------------------------------------------------+------------------+-----------------------+
; game_core:u_game|req_h[0]              ; Packed Register ; Register Packing ; Timing optimization ; Q         ;                ; lcd_ili9341_ctrl:u_lcd|lpm_mult:Mult0|mult_2ls:auto_generated|mac_mult1 ; DATAB            ;                       ;
; game_core:u_game|req_h[0]              ; Duplicated      ; Register Packing ; Timing optimization ; Q         ;                ; game_core:u_game|req_h[0]~_Duplicate_1                                  ; Q                ;                       ;
; game_core:u_game|req_h[1]              ; Packed Register ; Register Packing ; Timing optimization ; Q         ;                ; lcd_ili9341_ctrl:u_lcd|lpm_mult:Mult0|mult_2ls:auto_generated|mac_mult1 ; DATAA            ;                       ;
; game_core:u_game|req_h[1]              ; Duplicated      ; Register Packing ; Timing optimization ; Q         ;                ; game_core:u_game|req_h[1]~_Duplicate_1                                  ; Q                ;                       ;
; game_core:u_game|req_h[1]~_Duplicate_1 ; Packed Register ; Register Packing ; Timing optimization ; Q         ;                ; lcd_ili9341_ctrl:u_lcd|lpm_mult:Mult0|mult_2ls:auto_generated|mac_mult1 ; DATAB            ;                       ;
; game_core:u_game|req_h[1]~_Duplicate_1 ; Duplicated      ; Register Packing ; Timing optimization ; Q         ;                ; game_core:u_game|req_h[1]~_Duplicate_2                                  ; Q                ;                       ;
; game_core:u_game|req_h[4]              ; Packed Register ; Register Packing ; Timing optimization ; Q         ;                ; lcd_ili9341_ctrl:u_lcd|lpm_mult:Mult0|mult_2ls:auto_generated|mac_mult1 ; DATAB            ;                       ;
; game_core:u_game|req_h[4]              ; Duplicated      ; Register Packing ; Timing optimization ; Q         ;                ; game_core:u_game|req_h[4]~_Duplicate_1                                  ; Q                ;                       ;
; game_core:u_game|req_h[4]~_Duplicate_1 ; Packed Register ; Register Packing ; Timing optimization ; Q         ;                ; lcd_ili9341_ctrl:u_lcd|lpm_mult:Mult0|mult_2ls:auto_generated|mac_mult1 ; DATAB            ;                       ;
; game_core:u_game|req_h[4]~_Duplicate_1 ; Duplicated      ; Register Packing ; Timing optimization ; Q         ;                ; game_core:u_game|req_h[4]~_Duplicate_2                                  ; Q                ;                       ;
; game_core:u_game|req_h[4]~_Duplicate_2 ; Packed Register ; Register Packing ; Timing optimization ; Q         ;                ; lcd_ili9341_ctrl:u_lcd|lpm_mult:Mult0|mult_2ls:auto_generated|mac_mult1 ; DATAB            ;                       ;
; game_core:u_game|req_h[4]~_Duplicate_2 ; Duplicated      ; Register Packing ; Timing optimization ; Q         ;                ; game_core:u_game|req_h[4]~_Duplicate_3                                  ; Q                ;                       ;
; game_core:u_game|req_h[4]~_Duplicate_3 ; Packed Register ; Register Packing ; Timing optimization ; Q         ;                ; lcd_ili9341_ctrl:u_lcd|lpm_mult:Mult0|mult_2ls:auto_generated|mac_mult1 ; DATAB            ;                       ;
; game_core:u_game|req_h[4]~_Duplicate_3 ; Duplicated      ; Register Packing ; Timing optimization ; Q         ;                ; game_core:u_game|req_h[4]~_Duplicate_4                                  ; Q                ;                       ;
; game_core:u_game|req_w[0]              ; Packed Register ; Register Packing ; Timing optimization ; Q         ;                ; lcd_ili9341_ctrl:u_lcd|lpm_mult:Mult0|mult_2ls:auto_generated|mac_mult1 ; DATAA            ;                       ;
; game_core:u_game|req_w[0]              ; Duplicated      ; Register Packing ; Timing optimization ; Q         ;                ; game_core:u_game|req_w[0]~_Duplicate_1                                  ; Q                ;                       ;
; game_core:u_game|req_w[6]              ; Packed Register ; Register Packing ; Timing optimization ; Q         ;                ; lcd_ili9341_ctrl:u_lcd|lpm_mult:Mult0|mult_2ls:auto_generated|mac_mult1 ; DATAA            ;                       ;
; game_core:u_game|req_w[6]              ; Duplicated      ; Register Packing ; Timing optimization ; Q         ;                ; game_core:u_game|req_w[6]~_Duplicate_1                                  ; Q                ;                       ;
; game_core:u_game|req_w[6]~_Duplicate_1 ; Packed Register ; Register Packing ; Timing optimization ; Q         ;                ; lcd_ili9341_ctrl:u_lcd|lpm_mult:Mult0|mult_2ls:auto_generated|mac_mult1 ; DATAA            ;                       ;
; game_core:u_game|req_w[6]~_Duplicate_1 ; Duplicated      ; Register Packing ; Timing optimization ; Q         ;                ; game_core:u_game|req_w[6]~_Duplicate_2                                  ; Q                ;                       ;
+----------------------------------------+-----------------+------------------+---------------------+-----------+----------------+-------------------------------------------------------------------------+------------------+-----------------------+


+---------------------------------------------------------------------------------------------------+
; Incremental Compilation Preservation Summary                                                      ;
+---------------------+---------------------+----------------------------+--------------------------+
; Type                ; Total [A + B]       ; From Design Partitions [A] ; From Rapid Recompile [B] ;
+---------------------+---------------------+----------------------------+--------------------------+
; Placement (by node) ;                     ;                            ;                          ;
;     -- Requested    ; 0.00 % ( 0 / 1522 ) ; 0.00 % ( 0 / 1522 )        ; 0.00 % ( 0 / 1522 )      ;
;     -- Achieved     ; 0.00 % ( 0 / 1522 ) ; 0.00 % ( 0 / 1522 )        ; 0.00 % ( 0 / 1522 )      ;
;                     ;                     ;                            ;                          ;
; Routing (by net)    ;                     ;                            ;                          ;
;     -- Requested    ; 0.00 % ( 0 / 0 )    ; 0.00 % ( 0 / 0 )           ; 0.00 % ( 0 / 0 )         ;
;     -- Achieved     ; 0.00 % ( 0 / 0 )    ; 0.00 % ( 0 / 0 )           ; 0.00 % ( 0 / 0 )         ;
+---------------------+---------------------+----------------------------+--------------------------+


+----------------------------------------------------------------------------------------------------------------------------------------------------------------------------------------+
; Incremental Compilation Partition Settings                                                                                                                                             ;
+--------------------------------+----------------+-------------------+-------------------------+------------------------+------------------------------+--------------------------------+
; Partition Name                 ; Partition Type ; Netlist Type Used ; Preservation Level Used ; Netlist Type Requested ; Preservation Level Requested ; Contents                       ;
+--------------------------------+----------------+-------------------+-------------------------+------------------------+------------------------------+--------------------------------+
; Top                            ; User-created   ; Source File       ; N/A                     ; Source File            ; N/A                          ;                                ;
; hard_block:auto_generated_inst ; Auto-generated ; Source File       ; N/A                     ; Source File            ; N/A                          ; hard_block:auto_generated_inst ;
+--------------------------------+----------------+-------------------+-------------------------+------------------------+------------------------------+--------------------------------+


+------------------------------------------------------------------------------------------------------------------------------------+
; Incremental Compilation Placement Preservation                                                                                     ;
+--------------------------------+-----------------------+-------------------------+-------------------+---------------------+-------+
; Partition Name                 ; Preservation Achieved ; Preservation Level Used ; Netlist Type Used ; Preservation Method ; Notes ;
+--------------------------------+-----------------------+-------------------------+-------------------+---------------------+-------+
; Top                            ; 0.00 % ( 0 / 1508 )   ; N/A                     ; Source File       ; N/A                 ;       ;
; hard_block:auto_generated_inst ; 0.00 % ( 0 / 14 )     ; N/A                     ; Source File       ; N/A                 ;       ;
+--------------------------------+-----------------------+-------------------------+-------------------+---------------------+-------+


+--------------+
; Pin-Out File ;
+--------------+
The pin-out file can be found in H:/git/PCB_CQmax10/CQmax10/sample/line_game1/output_files/line_game_top.pin.


+-------------------------------------------------------------------------+
; Fitter Resource Usage Summary                                           ;
+---------------------------------------------+---------------------------+
; Resource                                    ; Usage                     ;
+---------------------------------------------+---------------------------+
; Total logic elements                        ; 1,028 / 8,064 ( 13 % )    ;
;     -- Combinational with no register       ; 560                       ;
;     -- Register only                        ; 14                        ;
;     -- Combinational with a register        ; 454                       ;
;                                             ;                           ;
; Logic element usage by number of LUT inputs ;                           ;
;     -- 4 input functions                    ; 428                       ;
;     -- 3 input functions                    ; 252                       ;
;     -- <=2 input functions                  ; 334                       ;
;     -- Register only                        ; 14                        ;
;                                             ;                           ;
; Logic elements by mode                      ;                           ;
;     -- normal mode                          ; 755                       ;
;     -- arithmetic mode                      ; 259                       ;
;                                             ;                           ;
; Total registers*                            ; 468 / 8,542 ( 5 % )       ;
;     -- Dedicated logic registers            ; 468 / 8,064 ( 6 % )       ;
;     -- I/O registers                        ; 0 / 478 ( 0 % )           ;
;                                             ;                           ;
; Total LABs:  partially or completely used   ; 79 / 504 ( 16 % )         ;
; Virtual pins                                ; 0                         ;
; I/O pins                                    ; 7 / 101 ( 7 % )           ;
;     -- Clock pins                           ; 1 / 4 ( 25 % )            ;
;     -- Dedicated input pins                 ; 1 / 1 ( 100 % )           ;
;                                             ;                           ;
; M9Ks                                        ; 8 / 42 ( 19 % )           ;
; UFM blocks                                  ; 0 / 1 ( 0 % )             ;
; Total block memory bits                     ; 64,000 / 387,072 ( 17 % ) ;
; Total block memory implementation bits      ; 73,728 / 387,072 ( 19 % ) ;
; Embedded Multiplier 9-bit elements          ; 1 / 48 ( 2 % )            ;
; PLLs                                        ; 0 / 1 ( 0 % )             ;
; Global signals                              ; 1                         ;
;     -- Global clocks                        ; 1 / 10 ( 10 % )           ;
; JTAGs                                       ; 0 / 1 ( 0 % )             ;
; CRC blocks                                  ; 0 / 1 ( 0 % )             ;
; Remote update blocks                        ; 0 / 1 ( 0 % )             ;
; Oscillator blocks                           ; 0 / 1 ( 0 % )             ;
; Average interconnect usage (total/H/V)      ; 2.1% / 1.9% / 2.5%        ;
; Peak interconnect usage (total/H/V)         ; 8.0% / 7.2% / 9.2%        ;
; Maximum fan-out                             ; 477                       ;
; Highest non-global fan-out                  ; 285                       ;
; Total fan-out                               ; 4865                      ;
; Average fan-out                             ; 3.17                      ;
+---------------------------------------------+---------------------------+
*  Register count does not include registers inside RAM blocks or DSP blocks.



+-----------------------------------------------------------------------------------------------------+
; Fitter Partition Statistics                                                                         ;
+---------------------------------------------+----------------------+--------------------------------+
; Statistic                                   ; Top                  ; hard_block:auto_generated_inst ;
+---------------------------------------------+----------------------+--------------------------------+
; Difficulty Clustering Region                ; Low                  ; Low                            ;
;                                             ;                      ;                                ;
; Total logic elements                        ; 1028 / 8064 ( 13 % ) ; 0 / 8064 ( 0 % )               ;
;     -- Combinational with no register       ; 560                  ; 0                              ;
;     -- Register only                        ; 14                   ; 0                              ;
;     -- Combinational with a register        ; 454                  ; 0                              ;
;                                             ;                      ;                                ;
; Logic element usage by number of LUT inputs ;                      ;                                ;
;     -- 4 input functions                    ; 428                  ; 0                              ;
;     -- 3 input functions                    ; 252                  ; 0                              ;
;     -- <=2 input functions                  ; 334                  ; 0                              ;
;     -- Register only                        ; 14                   ; 0                              ;
;                                             ;                      ;                                ;
; Logic elements by mode                      ;                      ;                                ;
;     -- normal mode                          ; 755                  ; 0                              ;
;     -- arithmetic mode                      ; 259                  ; 0                              ;
;                                             ;                      ;                                ;
; Total registers                             ; 468                  ; 0                              ;
;     -- Dedicated logic registers            ; 468 / 8064 ( 6 % )   ; 0 / 8064 ( 0 % )               ;
;     -- I/O registers                        ; 0                    ; 0                              ;
;                                             ;                      ;                                ;
; Total LABs:  partially or completely used   ; 79 / 504 ( 16 % )    ; 0 / 504 ( 0 % )                ;
;                                             ;                      ;                                ;
; Virtual pins                                ; 0                    ; 0                              ;
; I/O pins                                    ; 7                    ; 0                              ;
; Embedded Multiplier 9-bit elements          ; 1 / 48 ( 2 % )       ; 0 / 48 ( 0 % )                 ;
; Total memory bits                           ; 64000                ; 0                              ;
; Total RAM block bits                        ; 73728                ; 0                              ;
; M9K                                         ; 8 / 42 ( 19 % )      ; 0 / 42 ( 0 % )                 ;
; Clock control block                         ; 1 / 12 ( 8 % )       ; 0 / 12 ( 0 % )                 ;
; User Flash Memory                           ; 1 / 1 ( 100 % )      ; 0 / 1 ( 0 % )                  ;
; Analog-to-Digital Converter                 ; 1 / 1 ( 100 % )      ; 0 / 1 ( 0 % )                  ;
;                                             ;                      ;                                ;
; Connections                                 ;                      ;                                ;
;     -- Input Connections                    ; 0                    ; 0                              ;
;     -- Registered Input Connections         ; 0                    ; 0                              ;
;     -- Output Connections                   ; 0                    ; 0                              ;
;     -- Registered Output Connections        ; 0                    ; 0                              ;
;                                             ;                      ;                                ;
; Internal Connections                        ;                      ;                                ;
;     -- Total Connections                    ; 4888                 ; 7                              ;
;     -- Registered Connections               ; 2334                 ; 0                              ;
;                                             ;                      ;                                ;
; External Connections                        ;                      ;                                ;
;     -- Top                                  ; 0                    ; 0                              ;
;     -- hard_block:auto_generated_inst       ; 0                    ; 0                              ;
;                                             ;                      ;                                ;
; Partition Interface                         ;                      ;                                ;
;     -- Input Ports                          ; 3                    ; 0                              ;
;     -- Output Ports                         ; 4                    ; 0                              ;
;     -- Bidir Ports                          ; 0                    ; 0                              ;
;                                             ;                      ;                                ;
; Registered Ports                            ;                      ;                                ;
;     -- Registered Input Ports               ; 0                    ; 0                              ;
;     -- Registered Output Ports              ; 0                    ; 0                              ;
;                                             ;                      ;                                ;
; Port Connectivity                           ;                      ;                                ;
;     -- Input Ports driven by GND            ; 0                    ; 0                              ;
;     -- Output Ports driven by GND           ; 0                    ; 0                              ;
;     -- Input Ports driven by VCC            ; 0                    ; 0                              ;
;     -- Output Ports driven by VCC           ; 0                    ; 0                              ;
;     -- Input Ports with no Source           ; 0                    ; 0                              ;
;     -- Output Ports with no Source          ; 0                    ; 0                              ;
;     -- Input Ports with no Fanout           ; 0                    ; 0                              ;
;     -- Output Ports with no Fanout          ; 0                    ; 0                              ;
+---------------------------------------------+----------------------+--------------------------------+


+------------------------------------------------------------------------------------------------------------------------------------------------------------------------------------------------------------------------------------------------------------------------------------------+
; Input Pins                                                                                                                                                                                                                                                                               ;
+---------+-------+----------+--------------+--------------+--------------+-----------------------+--------------------+--------+----------------+---------------+-----------------+----------+--------------+--------------+---------------------------+----------------------+-----------+
; Name    ; Pin # ; I/O Bank ; X coordinate ; Y coordinate ; Z coordinate ; Combinational Fan-Out ; Registered Fan-Out ; Global ; Input Register ; Power Up High ; PCI I/O Enabled ; Bus Hold ; Weak Pull Up ; I/O Standard ; Termination Control Block ; Location assigned by ; Slew Rate ;
+---------+-------+----------+--------------+--------------+--------------+-----------------------+--------------------+--------+----------------+---------------+-----------------+----------+--------------+--------------+---------------------------+----------------------+-----------+
; Button  ; 62    ; 4        ; 22           ; 0            ; 7            ; 1                     ; 0                  ; no     ; no             ; no            ; yes             ; no       ; Off          ; 3.3-V LVTTL  ; --                        ; User                 ; 0         ;
; btn_rst ; 17    ; 1B       ; 10           ; 17           ; 0            ; 3                     ; 0                  ; no     ; no             ; no            ; yes             ; no       ; Off          ; 3.3-V LVTTL  ; --                        ; User                 ; 0         ;
; clk     ; 88    ; 6        ; 31           ; 9            ; 21           ; 477                   ; 0                  ; yes    ; no             ; no            ; yes             ; no       ; Off          ; 3.3-V LVTTL  ; --                        ; User                 ; 0         ;
+---------+-------+----------+--------------+--------------+--------------+-----------------------+--------------------+--------+----------------+---------------+-----------------+----------+--------------+--------------+---------------------------+----------------------+-----------+


+-------------------------------------------------------------------------------------------------------------------------------------------------------------------------------------------------------------------------------------------------------------------------------------------------------------------------------------------------------------------------------------------------------------------------------------+
; Output Pins                                                                                                                                                                                                                                                                                                                                                                                                                         ;
+----------+-------+----------+--------------+--------------+--------------+-----------------+------------------------+---------------+-----------+-----------------+------------+---------------+----------+--------------+--------------+------------------+-------------+---------------------------+----------------------------+-----------------------------+----------------------+----------------------+---------------------+
; Name     ; Pin # ; I/O Bank ; X coordinate ; Y coordinate ; Z coordinate ; Output Register ; Output Enable Register ; Power Up High ; Slew Rate ; PCI I/O Enabled ; Open Drain ; TRI Primitive ; Bus Hold ; Weak Pull Up ; I/O Standard ; Current Strength ; Termination ; Termination Control Block ; Output Buffer Pre-emphasis ; Voltage Output Differential ; Location assigned by ; Output Enable Source ; Output Enable Group ;
+----------+-------+----------+--------------+--------------+--------------+-----------------+------------------------+---------------+-----------+-----------------+------------+---------------+----------+--------------+--------------+------------------+-------------+---------------------------+----------------------------+-----------------------------+----------------------+----------------------+---------------------+
; lcd_cs   ; 81    ; 5        ; 31           ; 4            ; 14           ; no              ; no                     ; no            ; 2         ; no              ; no         ; no            ; no       ; Off          ; 3.3-V LVTTL  ; 8mA              ; Off         ; --                        ; no                         ; no                          ; User                 ; -                    ; -                   ;
; lcd_dc   ; 77    ; 5        ; 31           ; 1            ; 14           ; no              ; no                     ; no            ; 2         ; no              ; no         ; no            ; no       ; Off          ; 3.3-V LVTTL  ; 8mA              ; Off         ; --                        ; no                         ; no                          ; User                 ; -                    ; -                   ;
; lcd_mosi ; 78    ; 5        ; 31           ; 4            ; 7            ; no              ; no                     ; no            ; 2         ; no              ; no         ; no            ; no       ; Off          ; 3.3-V LVTTL  ; 8mA              ; Off         ; --                        ; no                         ; no                          ; User                 ; -                    ; -                   ;
; lcd_sck  ; 75    ; 5        ; 31           ; 1            ; 21           ; no              ; no                     ; no            ; 2         ; no              ; no         ; no            ; no       ; Off          ; 3.3-V LVTTL  ; 8mA              ; Off         ; --                        ; no                         ; no                          ; User                 ; -                    ; -                   ;
+----------+-------+----------+--------------+--------------+--------------+-----------------+------------------------+---------------+-----------+-----------------+------------+---------------+----------+--------------+--------------+------------------+-------------+---------------------------+----------------------------+-----------------------------+----------------------+----------------------+---------------------+


+----------------------------------------------------------------------------------------------------------------------------------------+
; Dual Purpose and Dedicated Pins                                                                                                        ;
+----------+----------------------------------------------------+--------------------------------+--------------------+------------------+
; Location ; Pin Name                                           ; Reserved As                    ; User Signal Name   ; Pin Type         ;
+----------+----------------------------------------------------+--------------------------------+--------------------+------------------+
; 16       ; DIFFIO_RX_L11n, DIFFOUT_L11n, TMS, Low_Speed       ; Reserved as secondary function ; ~ALTERA_TMS~       ; Dual Purpose Pin ;
; 18       ; DIFFIO_RX_L11p, DIFFOUT_L11p, TCK, Low_Speed       ; Reserved as secondary function ; ~ALTERA_TCK~       ; Dual Purpose Pin ;
; 19       ; DIFFIO_RX_L12n, DIFFOUT_L12n, TDI, Low_Speed       ; Reserved as secondary function ; ~ALTERA_TDI~       ; Dual Purpose Pin ;
; 20       ; DIFFIO_RX_L12p, DIFFOUT_L12p, TDO, Low_Speed       ; Reserved as secondary function ; ~ALTERA_TDO~       ; Dual Purpose Pin ;
; 129      ; nCONFIG, Low_Speed                                 ; Reserved as secondary function ; ~ALTERA_nCONFIG~   ; Dual Purpose Pin ;
; 136      ; DIFFIO_RX_T24p, DIFFOUT_T24p, nSTATUS, Low_Speed   ; Reserved as secondary function ; ~ALTERA_nSTATUS~   ; Dual Purpose Pin ;
; 138      ; DIFFIO_RX_T24n, DIFFOUT_T24n, CONF_DONE, Low_Speed ; Reserved as secondary function ; ~ALTERA_CONF_DONE~ ; Dual Purpose Pin ;
+----------+----------------------------------------------------+--------------------------------+--------------------+------------------+


+-----------------------------------------------------------+
; I/O Bank Usage                                            ;
+----------+-----------------+---------------+--------------+
; I/O Bank ; Usage           ; VCCIO Voltage ; VREF Voltage ;
+----------+-----------------+---------------+--------------+
; 1A       ; 0 / 8 ( 0 % )   ; 2.5V          ; --           ;
; 1B       ; 5 / 10 ( 50 % ) ; 3.3V          ; --           ;
; 2        ; 0 / 7 ( 0 % )   ; 2.5V          ; --           ;
; 3        ; 0 / 18 ( 0 % )  ; 2.5V          ; --           ;
; 4        ; 1 / 7 ( 14 % )  ; 3.3V          ; --           ;
; 5        ; 4 / 12 ( 33 % ) ; 3.3V          ; --           ;
; 6        ; 1 / 15 ( 7 % )  ; 3.3V          ; --           ;
; 7        ; 0 / 7 ( 0 % )   ; 2.5V          ; --           ;
; 8        ; 3 / 17 ( 18 % ) ; 2.5V          ; --           ;
+----------+-----------------+---------------+--------------+


+-----------------------------------------------------------------------------------------------------------------------------------------------------------------------------------------+
; All Package Pins                                                                                                                                                                        ;
+----------+------------+----------+------------------------------------------------+--------+-----------------------+-----------+------------+-----------------+----------+--------------+
; Location ; Pad Number ; I/O Bank ; Pin Name/Usage                                 ; Dir.   ; I/O Standard          ; Voltage   ; I/O Type   ; User Assignment ; Bus Hold ; Weak Pull Up ;
+----------+------------+----------+------------------------------------------------+--------+-----------------------+-----------+------------+-----------------+----------+--------------+
; 1        ;            ; --       ; VCC_ONE                                        ; power  ;                       ; 3.0V/3.3V ; --         ;                 ; --       ; --           ;
; 2        ;            ; --       ; VCCA6                                          ; power  ;                       ; 3.0V/3.3V ; --         ;                 ; --       ; --           ;
; 3        ;            ;          ; GND                                            ; gnd    ;                       ;           ; --         ;                 ; --       ; --           ;
; 4        ;            ;          ; GND                                            ; gnd    ;                       ;           ; --         ;                 ; --       ; --           ;
; 5        ;            ; --       ; VCCA3                                          ; power  ;                       ; 3.0V/3.3V ; --         ;                 ; --       ; --           ;
; 6        ; 0          ; 1A       ; RESERVED_INPUT_WITH_WEAK_PULLUP                ;        ;                       ;           ; Row I/O    ;                 ; no       ; On           ;
; 7        ; 2          ; 1A       ; RESERVED_INPUT_WITH_WEAK_PULLUP                ;        ;                       ;           ; Row I/O    ;                 ; no       ; On           ;
; 8        ; 4          ; 1A       ; RESERVED_INPUT_WITH_WEAK_PULLUP                ;        ;                       ;           ; Row I/O    ;                 ; no       ; On           ;
; 9        ;            ; 1A       ; VCCIO1A                                        ; power  ;                       ; 2.5V      ; --         ;                 ; --       ; --           ;
; 10       ; 6          ; 1A       ; RESERVED_INPUT_WITH_WEAK_PULLUP                ;        ;                       ;           ; Row I/O    ;                 ; no       ; On           ;
; 11       ; 8          ; 1A       ; RESERVED_INPUT_WITH_WEAK_PULLUP                ;        ;                       ;           ; Row I/O    ;                 ; no       ; On           ;
; 12       ; 10         ; 1A       ; RESERVED_INPUT_WITH_WEAK_PULLUP                ;        ;                       ;           ; Row I/O    ;                 ; no       ; On           ;
; 13       ; 12         ; 1A       ; RESERVED_INPUT_WITH_WEAK_PULLUP                ;        ;                       ;           ; Row I/O    ;                 ; no       ; On           ;
; 14       ; 14         ; 1A       ; RESERVED_INPUT_WITH_WEAK_PULLUP                ;        ;                       ;           ; Row I/O    ;                 ; no       ; On           ;
; 15       ; 18         ; 1B       ; RESERVED_INPUT_WITH_WEAK_PULLUP                ;        ;                       ;           ; Row I/O    ;                 ; no       ; On           ;
; 16       ; 20         ; 1B       ; ~ALTERA_TMS~ / RESERVED_INPUT_WITH_WEAK_PULLUP ; input  ; 3.3 V Schmitt Trigger ;           ; Row I/O    ; N               ; no       ; On           ;
; 17       ; 21         ; 1B       ; btn_rst                                        ; input  ; 3.3-V LVTTL           ;           ; Row I/O    ; Y               ; no       ; Off          ;
; 18       ; 22         ; 1B       ; ~ALTERA_TCK~ / RESERVED_INPUT                  ; input  ; 3.3 V Schmitt Trigger ;           ; Row I/O    ; N               ; no       ; Off          ;
; 19       ; 24         ; 1B       ; ~ALTERA_TDI~ / RESERVED_INPUT_WITH_WEAK_PULLUP ; input  ; 3.3 V Schmitt Trigger ;           ; Row I/O    ; N               ; no       ; On           ;
; 20       ; 26         ; 1B       ; ~ALTERA_TDO~                                   ; output ; 3.3-V LVTTL           ;           ; Row I/O    ; N               ; no       ; Off          ;
; 21       ; 28         ; 1B       ; RESERVED_INPUT_WITH_WEAK_PULLUP                ;        ;                       ;           ; Row I/O    ;                 ; no       ; On           ;
; 22       ; 30         ; 1B       ; RESERVED_INPUT_WITH_WEAK_PULLUP                ;        ;                       ;           ; Row I/O    ;                 ; no       ; On           ;
; 23       ;            ; 1B       ; VCCIO1B                                        ; power  ;                       ; 3.3V      ; --         ;                 ; --       ; --           ;
; 24       ; 32         ; 1B       ; RESERVED_INPUT_WITH_WEAK_PULLUP                ;        ;                       ;           ; Row I/O    ;                 ; no       ; On           ;
; 25       ; 34         ; 1B       ; RESERVED_INPUT_WITH_WEAK_PULLUP                ;        ;                       ;           ; Row I/O    ;                 ; no       ; On           ;
; 26       ; 36         ; 2        ; RESERVED_INPUT_WITH_WEAK_PULLUP                ;        ;                       ;           ; Row I/O    ;                 ; no       ; On           ;
; 27       ; 38         ; 2        ; RESERVED_INPUT_WITH_WEAK_PULLUP                ;        ;                       ;           ; Row I/O    ;                 ; no       ; On           ;
; 28       ; 40         ; 2        ; RESERVED_INPUT_WITH_WEAK_PULLUP                ;        ;                       ;           ; Row I/O    ;                 ; no       ; On           ;
; 29       ; 42         ; 2        ; RESERVED_INPUT_WITH_WEAK_PULLUP                ;        ;                       ;           ; Row I/O    ;                 ; no       ; On           ;
; 30       ; 45         ; 2        ; RESERVED_INPUT_WITH_WEAK_PULLUP                ;        ;                       ;           ; Row I/O    ;                 ; --       ; --           ;
; 31       ;            ; 2        ; VCCIO2                                         ; power  ;                       ; 2.5V      ; --         ;                 ; --       ; --           ;
; 32       ; 56         ; 2        ; RESERVED_INPUT_WITH_WEAK_PULLUP                ;        ;                       ;           ; Row I/O    ;                 ; no       ; On           ;
; 33       ; 58         ; 2        ; RESERVED_INPUT_WITH_WEAK_PULLUP                ;        ;                       ;           ; Row I/O    ;                 ; no       ; On           ;
; 34       ;            ; --       ; VCCA2                                          ; power  ;                       ; 3.0V/3.3V ; --         ;                 ; --       ; --           ;
; 35       ;            ; --       ; VCCA1                                          ; power  ;                       ; 3.0V/3.3V ; --         ;                 ; --       ; --           ;
; 36       ;            ; --       ; VCC_ONE                                        ; power  ;                       ; 3.0V/3.3V ; --         ;                 ; --       ; --           ;
; 37       ;            ; --       ; VCC_ONE                                        ; power  ;                       ; 3.0V/3.3V ; --         ;                 ; --       ; --           ;
; 38       ; 60         ; 3        ; RESERVED_INPUT_WITH_WEAK_PULLUP                ;        ;                       ;           ; Column I/O ;                 ; no       ; On           ;
; 39       ; 62         ; 3        ; RESERVED_INPUT_WITH_WEAK_PULLUP                ;        ;                       ;           ; Column I/O ;                 ; no       ; On           ;
; 40       ;            ; 3        ; VCCIO3                                         ; power  ;                       ; 2.5V      ; --         ;                 ; --       ; --           ;
; 41       ; 64         ; 3        ; RESERVED_INPUT_WITH_WEAK_PULLUP                ;        ;                       ;           ; Column I/O ;                 ; no       ; On           ;
; 42       ;            ;          ; GND                                            ; gnd    ;                       ;           ; --         ;                 ; --       ; --           ;
; 43       ; 66         ; 3        ; RESERVED_INPUT_WITH_WEAK_PULLUP                ;        ;                       ;           ; Column I/O ;                 ; no       ; On           ;
; 44       ; 68         ; 3        ; RESERVED_INPUT_WITH_WEAK_PULLUP                ;        ;                       ;           ; Column I/O ;                 ; no       ; On           ;
; 45       ; 70         ; 3        ; RESERVED_INPUT_WITH_WEAK_PULLUP                ;        ;                       ;           ; Column I/O ;                 ; no       ; On           ;
; 46       ; 72         ; 3        ; RESERVED_INPUT_WITH_WEAK_PULLUP                ;        ;                       ;           ; Column I/O ;                 ; no       ; On           ;
; 47       ; 74         ; 3        ; RESERVED_INPUT_WITH_WEAK_PULLUP                ;        ;                       ;           ; Column I/O ;                 ; no       ; On           ;
; 48       ; 77         ; 3        ; RESERVED_INPUT_WITH_WEAK_PULLUP                ;        ;                       ;           ; Column I/O ;                 ; --       ; --           ;
; 49       ;            ; 3        ; VCCIO3                                         ; power  ;                       ; 2.5V      ; --         ;                 ; --       ; --           ;
; 50       ; 76         ; 3        ; RESERVED_INPUT_WITH_WEAK_PULLUP                ;        ;                       ;           ; Column I/O ;                 ; no       ; On           ;
; 51       ;            ; --       ; VCC_ONE                                        ; power  ;                       ; 3.0V/3.3V ; --         ;                 ; --       ; --           ;
; 52       ; 78         ; 3        ; RESERVED_INPUT_WITH_WEAK_PULLUP                ;        ;                       ;           ; Column I/O ;                 ; no       ; On           ;
; 53       ;            ;          ; GND                                            ; gnd    ;                       ;           ; --         ;                 ; --       ; --           ;
; 54       ; 80         ; 3        ; RESERVED_INPUT_WITH_WEAK_PULLUP                ;        ;                       ;           ; Column I/O ;                 ; no       ; On           ;
; 55       ; 84         ; 3        ; RESERVED_INPUT_WITH_WEAK_PULLUP                ;        ;                       ;           ; Column I/O ;                 ; no       ; On           ;
; 56       ; 86         ; 3        ; RESERVED_INPUT_WITH_WEAK_PULLUP                ;        ;                       ;           ; Column I/O ;                 ; no       ; On           ;
; 57       ; 88         ; 3        ; RESERVED_INPUT_WITH_WEAK_PULLUP                ;        ;                       ;           ; Column I/O ;                 ; no       ; On           ;
; 58       ; 90         ; 3        ; RESERVED_INPUT_WITH_WEAK_PULLUP                ;        ;                       ;           ; Column I/O ;                 ; no       ; On           ;
; 59       ; 92         ; 3        ; RESERVED_INPUT_WITH_WEAK_PULLUP                ;        ;                       ;           ; Column I/O ;                 ; no       ; On           ;
; 60       ; 94         ; 3        ; RESERVED_INPUT_WITH_WEAK_PULLUP                ;        ;                       ;           ; Column I/O ;                 ; no       ; On           ;
; 61       ; 101        ; 4        ; RESERVED_INPUT_WITH_WEAK_PULLUP                ;        ;                       ;           ; Column I/O ;                 ; --       ; --           ;
; 62       ; 102        ; 4        ; Button                                         ; input  ; 3.3-V LVTTL           ;           ; Column I/O ; Y               ; no       ; Off          ;
; 63       ;            ;          ; GND                                            ; gnd    ;                       ;           ; --         ;                 ; --       ; --           ;
; 64       ; 108        ; 4        ; RESERVED_INPUT_WITH_WEAK_PULLUP                ;        ;                       ;           ; Column I/O ;                 ; no       ; On           ;
; 65       ; 110        ; 4        ; RESERVED_INPUT_WITH_WEAK_PULLUP                ;        ;                       ;           ; Column I/O ;                 ; no       ; On           ;
; 66       ; 112        ; 4        ; RESERVED_INPUT_WITH_WEAK_PULLUP                ;        ;                       ;           ; Column I/O ;                 ; no       ; On           ;
; 67       ;            ; 4        ; VCCIO4                                         ; power  ;                       ; 3.3V      ; --         ;                 ; --       ; --           ;
; 68       ;            ;          ; GND                                            ; gnd    ;                       ;           ; --         ;                 ; --       ; --           ;
; 69       ; 116        ; 4        ; RESERVED_INPUT_WITH_WEAK_PULLUP                ;        ;                       ;           ; Column I/O ;                 ; no       ; On           ;
; 70       ; 118        ; 4        ; RESERVED_INPUT_WITH_WEAK_PULLUP                ;        ;                       ;           ; Column I/O ;                 ; no       ; On           ;
; 71       ;            ; --       ; VCCA5                                          ; power  ;                       ; 3.0V/3.3V ; --         ;                 ; --       ; --           ;
; 72       ;            ; --       ; VCC_ONE                                        ; power  ;                       ; 3.0V/3.3V ; --         ;                 ; --       ; --           ;
; 73       ;            ; --       ; VCC_ONE                                        ; power  ;                       ; 3.0V/3.3V ; --         ;                 ; --       ; --           ;
; 74       ; 121        ; 5        ; RESERVED_INPUT_WITH_WEAK_PULLUP                ;        ;                       ;           ; Row I/O    ;                 ; no       ; On           ;
; 75       ; 120        ; 5        ; lcd_sck                                        ; output ; 3.3-V LVTTL           ;           ; Row I/O    ; Y               ; no       ; Off          ;
; 76       ; 123        ; 5        ; RESERVED_INPUT_WITH_WEAK_PULLUP                ;        ;                       ;           ; Row I/O    ;                 ; no       ; On           ;
; 77       ; 122        ; 5        ; lcd_dc                                         ; output ; 3.3-V LVTTL           ;           ; Row I/O    ; Y               ; no       ; Off          ;
; 78       ; 133        ; 5        ; lcd_mosi                                       ; output ; 3.3-V LVTTL           ;           ; Row I/O    ; Y               ; no       ; Off          ;
; 79       ; 132        ; 5        ; RESERVED_INPUT_WITH_WEAK_PULLUP                ;        ;                       ;           ; Row I/O    ;                 ; no       ; On           ;
; 80       ; 135        ; 5        ; RESERVED_INPUT_WITH_WEAK_PULLUP                ;        ;                       ;           ; Row I/O    ;                 ; --       ; --           ;
; 81       ; 134        ; 5        ; lcd_cs                                         ; output ; 3.3-V LVTTL           ;           ; Row I/O    ; Y               ; no       ; Off          ;
; 82       ;            ; 5        ; VCCIO5                                         ; power  ;                       ; 3.3V      ; --         ;                 ; --       ; --           ;
; 83       ;            ;          ; GND                                            ; gnd    ;                       ;           ; --         ;                 ; --       ; --           ;
; 84       ; 141        ; 5        ; RESERVED_INPUT_WITH_WEAK_PULLUP                ;        ;                       ;           ; Row I/O    ;                 ; no       ; On           ;
; 85       ; 140        ; 5        ; RESERVED_INPUT_WITH_WEAK_PULLUP                ;        ;                       ;           ; Row I/O    ;                 ; no       ; On           ;
; 86       ; 143        ; 5        ; RESERVED_INPUT_WITH_WEAK_PULLUP                ;        ;                       ;           ; Row I/O    ;                 ; no       ; On           ;
; 87       ; 142        ; 5        ; RESERVED_INPUT_WITH_WEAK_PULLUP                ;        ;                       ;           ; Row I/O    ;                 ; no       ; On           ;
; 88       ; 148        ; 6        ; clk                                            ; input  ; 3.3-V LVTTL           ;           ; Row I/O    ; Y               ; no       ; Off          ;
; 89       ; 150        ; 6        ; RESERVED_INPUT_WITH_WEAK_PULLUP                ;        ;                       ;           ; Row I/O    ;                 ; no       ; On           ;
; 90       ; 152        ; 6        ; RESERVED_INPUT_WITH_WEAK_PULLUP                ;        ;                       ;           ; Row I/O    ;                 ; no       ; On           ;
; 91       ; 154        ; 6        ; RESERVED_INPUT_WITH_WEAK_PULLUP                ;        ;                       ;           ; Row I/O    ;                 ; no       ; On           ;
; 92       ; 156        ; 6        ; RESERVED_INPUT_WITH_WEAK_PULLUP                ;        ;                       ;           ; Row I/O    ;                 ; no       ; On           ;
; 93       ; 158        ; 6        ; RESERVED_INPUT_WITH_WEAK_PULLUP                ;        ;                       ;           ; Row I/O    ;                 ; no       ; On           ;
; 94       ;            ; 6        ; VCCIO6                                         ; power  ;                       ; 3.3V      ; --         ;                 ; --       ; --           ;
; 95       ;            ;          ; GND                                            ; gnd    ;                       ;           ; --         ;                 ; --       ; --           ;
; 96       ; 172        ; 6        ; RESERVED_INPUT_WITH_WEAK_PULLUP                ;        ;                       ;           ; Row I/O    ;                 ; no       ; On           ;
; 97       ; 173        ; 6        ; RESERVED_INPUT_WITH_WEAK_PULLUP                ;        ;                       ;           ; Row I/O    ;                 ; --       ; --           ;
; 98       ; 174        ; 6        ; RESERVED_INPUT_WITH_WEAK_PULLUP                ;        ;                       ;           ; Row I/O    ;                 ; no       ; On           ;
; 99       ; 176        ; 6        ; RESERVED_INPUT_WITH_WEAK_PULLUP                ;        ;                       ;           ; Row I/O    ;                 ; no       ; On           ;
; 100      ; 177        ; 6        ; RESERVED_INPUT_WITH_WEAK_PULLUP                ;        ;                       ;           ; Row I/O    ;                 ; no       ; On           ;
; 101      ; 178        ; 6        ; RESERVED_INPUT_WITH_WEAK_PULLUP                ;        ;                       ;           ; Row I/O    ;                 ; no       ; On           ;
; 102      ; 179        ; 6        ; RESERVED_INPUT_WITH_WEAK_PULLUP                ;        ;                       ;           ; Row I/O    ;                 ; no       ; On           ;
; 103      ;            ; 6        ; VCCIO6                                         ; power  ;                       ; 3.3V      ; --         ;                 ; --       ; --           ;
; 104      ;            ;          ; GND                                            ; gnd    ;                       ;           ; --         ;                 ; --       ; --           ;
; 105      ; 188        ; 6        ; RESERVED_INPUT_WITH_WEAK_PULLUP                ;        ;                       ;           ; Row I/O    ;                 ; no       ; On           ;
; 106      ; 190        ; 6        ; RESERVED_INPUT_WITH_WEAK_PULLUP                ;        ;                       ;           ; Row I/O    ;                 ; no       ; On           ;
; 107      ;            ; --       ; VCCA3                                          ; power  ;                       ; 3.0V/3.3V ; --         ;                 ; --       ; --           ;
; 108      ;            ; --       ; VCC_ONE                                        ; power  ;                       ; 3.0V/3.3V ; --         ;                 ; --       ; --           ;
; 109      ;            ; --       ; VCC_ONE                                        ; power  ;                       ; 3.0V/3.3V ; --         ;                 ; --       ; --           ;
; 110      ; 192        ; 7        ; RESERVED_INPUT_WITH_WEAK_PULLUP                ;        ;                       ;           ; Column I/O ;                 ; no       ; On           ;
; 111      ; 194        ; 7        ; RESERVED_INPUT_WITH_WEAK_PULLUP                ;        ;                       ;           ; Column I/O ;                 ; no       ; On           ;
; 112      ; 199        ; 7        ; RESERVED_INPUT_WITH_WEAK_PULLUP                ;        ;                       ;           ; Column I/O ;                 ; --       ; --           ;
; 113      ; 202        ; 7        ; RESERVED_INPUT_WITH_WEAK_PULLUP                ;        ;                       ;           ; Column I/O ;                 ; no       ; On           ;
; 114      ; 204        ; 7        ; RESERVED_INPUT_WITH_WEAK_PULLUP                ;        ;                       ;           ; Column I/O ;                 ; no       ; On           ;
; 115      ;            ; --       ; VCC_ONE                                        ; power  ;                       ; 3.0V/3.3V ; --         ;                 ; --       ; --           ;
; 116      ;            ;          ; GND                                            ; gnd    ;                       ;           ; --         ;                 ; --       ; --           ;
; 117      ;            ; 7        ; VCCIO7                                         ; power  ;                       ; 2.5V      ; --         ;                 ; --       ; --           ;
; 118      ; 212        ; 7        ; RESERVED_INPUT_WITH_WEAK_PULLUP                ;        ;                       ;           ; Column I/O ;                 ; no       ; On           ;
; 119      ; 214        ; 7        ; RESERVED_INPUT_WITH_WEAK_PULLUP                ;        ;                       ;           ; Column I/O ;                 ; no       ; On           ;
; 120      ; 224        ; 8        ; RESERVED_INPUT_WITH_WEAK_PULLUP                ;        ;                       ;           ; Column I/O ;                 ; no       ; On           ;
; 121      ; 226        ; 8        ; RESERVED_INPUT_WITH_WEAK_PULLUP                ;        ;                       ;           ; Column I/O ;                 ; no       ; On           ;
; 122      ; 228        ; 8        ; RESERVED_INPUT_WITH_WEAK_PULLUP                ;        ;                       ;           ; Column I/O ;                 ; no       ; On           ;
; 123      ; 231        ; 8        ; RESERVED_INPUT_WITH_WEAK_PULLUP                ;        ;                       ;           ; Column I/O ;                 ; --       ; --           ;
; 124      ; 233        ; 8        ; RESERVED_INPUT_WITH_WEAK_PULLUP                ;        ;                       ;           ; Column I/O ;                 ; no       ; On           ;
; 125      ;            ;          ; GND                                            ; gnd    ;                       ;           ; --         ;                 ; --       ; --           ;
; 126      ; 232        ; 8        ; RESERVED_INPUT_WITH_WEAK_PULLUP                ;        ;                       ;           ; Column I/O ;                 ; no       ; On           ;
; 127      ; 235        ; 8        ; RESERVED_INPUT_WITH_WEAK_PULLUP                ;        ;                       ;           ; Column I/O ;                 ; no       ; On           ;
; 128      ;            ; 8        ; VCCIO8                                         ; power  ;                       ; 2.5V      ; --         ;                 ; --       ; --           ;
; 129      ; 234        ; 8        ; ~ALTERA_nCONFIG~ / RESERVED_INPUT              ; input  ; 2.5 V Schmitt Trigger ;           ; Column I/O ; N               ; no       ; Off          ;
; 130      ; 236        ; 8        ; RESERVED_INPUT_WITH_WEAK_PULLUP                ;        ;                       ;           ; Column I/O ;                 ; no       ; On           ;
; 131      ; 238        ; 8        ; RESERVED_INPUT_WITH_WEAK_PULLUP                ;        ;                       ;           ; Column I/O ;                 ; no       ; On           ;
; 132      ; 240        ; 8        ; RESERVED_INPUT_WITH_WEAK_PULLUP                ;        ;                       ;           ; Column I/O ;                 ; no       ; On           ;
; 133      ;            ;          ; GND                                            ; gnd    ;                       ;           ; --         ;                 ; --       ; --           ;
; 134      ; 242        ; 8        ; RESERVED_INPUT_WITH_WEAK_PULLUP                ;        ;                       ;           ; Column I/O ;                 ; no       ; On           ;
; 135      ; 243        ; 8        ; RESERVED_INPUT_WITH_WEAK_PULLUP                ;        ;                       ;           ; Column I/O ;                 ; no       ; On           ;
; 136      ; 244        ; 8        ; ~ALTERA_nSTATUS~ / RESERVED_INPUT              ; input  ; 2.5 V Schmitt Trigger ;           ; Column I/O ; N               ; no       ; Off          ;
; 137      ;            ;          ; GND                                            ; gnd    ;                       ;           ; --         ;                 ; --       ; --           ;
; 138      ; 246        ; 8        ; ~ALTERA_CONF_DONE~ / RESERVED_INPUT            ; input  ; 2.5 V Schmitt Trigger ;           ; Column I/O ; N               ; no       ; Off          ;
; 139      ;            ; 8        ; VCCIO8                                         ; power  ;                       ; 2.5V      ; --         ;                 ; --       ; --           ;
; 140      ; 248        ; 8        ; RESERVED_INPUT_WITH_WEAK_PULLUP                ;        ;                       ;           ; Column I/O ;                 ; no       ; On           ;
; 141      ; 250        ; 8        ; RESERVED_INPUT_WITH_WEAK_PULLUP                ;        ;                       ;           ; Column I/O ;                 ; no       ; On           ;
; 142      ;            ;          ; GND                                            ; gnd    ;                       ;           ; --         ;                 ; --       ; --           ;
; 143      ;            ; --       ; VCCA4                                          ; power  ;                       ; 3.0V/3.3V ; --         ;                 ; --       ; --           ;
; 144      ;            ; --       ; VCC_ONE                                        ; power  ;                       ; 3.0V/3.3V ; --         ;                 ; --       ; --           ;
; EPAD     ;            ;          ; GND                                            ;        ;                       ;           ; --         ;                 ; --       ; --           ;
+----------+------------+----------+------------------------------------------------+--------+-----------------------+-----------+------------+-----------------+----------+--------------+
Note: Pin directions (input, output or bidir) are based on device operating in user mode.


+-----------------------------------+
; I/O Assignment Warnings           ;
+----------+------------------------+
; Pin Name ; Reason                 ;
+----------+------------------------+
; lcd_cs   ; Missing drive strength ;
; lcd_mosi ; Missing drive strength ;
; lcd_sck  ; Missing drive strength ;
; lcd_dc   ; Missing drive strength ;
+----------+------------------------+


+------------------------------------------------------------------------------------------------------------------------------------------------------------------------------------------------------------------------------------------------------------------------------------------------------------------------------------------------------------------------------------------------------------------------------------------------------+
; Fitter Resource Utilization by Entity                                                                                                                                                                                                                                                                                                                                                                                                                ;
+------------------------------------------------+-------------+---------------------------+---------------+-------------+------+------------+--------------+---------+-----------+------+--------------+--------------+-------------------+------------------+------------+-----------------------------------------------------------------------------------------------------------------------------------------+------------------+--------------+
; Compilation Hierarchy Node                     ; Logic Cells ; Dedicated Logic Registers ; I/O Registers ; Memory Bits ; M9Ks ; UFM Blocks ; DSP Elements ; DSP 9x9 ; DSP 18x18 ; Pins ; Virtual Pins ; LUT-Only LCs ; Register-Only LCs ; LUT/Register LCs ; ADC blocks ; Full Hierarchy Name                                                                                                                     ; Entity Name      ; Library Name ;
+------------------------------------------------+-------------+---------------------------+---------------+-------------+------+------------+--------------+---------+-----------+------+--------------+--------------+-------------------+------------------+------------+-----------------------------------------------------------------------------------------------------------------------------------------+------------------+--------------+
; |line_game_top                                 ; 1028 (1)    ; 468 (0)                   ; 0 (0)         ; 64000       ; 8    ; 1          ; 1            ; 1       ; 0         ; 7    ; 0            ; 560 (1)      ; 14 (0)            ; 454 (0)          ; 0          ; |line_game_top                                                                                                                          ; line_game_top    ; work         ;
;    |debounce:u_debounce|                       ; 31 (31)     ; 23 (23)                   ; 0 (0)         ; 0           ; 0    ; 0          ; 0            ; 0       ; 0         ; 0    ; 0            ; 8 (8)        ; 0 (0)             ; 23 (23)          ; 0          ; |line_game_top|debounce:u_debounce                                                                                                      ; debounce         ; work         ;
;    |game_core:u_game|                          ; 627 (597)   ; 300 (297)                 ; 0 (0)         ; 64000       ; 8    ; 0          ; 0            ; 0       ; 0         ; 0    ; 0            ; 326 (299)    ; 5 (3)             ; 296 (295)        ; 0          ; |line_game_top|game_core:u_game                                                                                                         ; game_core        ; work         ;
;       |altsyncram:collision_mem_rtl_0|         ; 24 (0)      ; 3 (0)                     ; 0 (0)         ; 64000       ; 8    ; 0          ; 0            ; 0       ; 0         ; 0    ; 0            ; 21 (0)       ; 2 (0)             ; 1 (0)            ; 0          ; |line_game_top|game_core:u_game|altsyncram:collision_mem_rtl_0                                                                          ; altsyncram       ; work         ;
;          |altsyncram_9r71:auto_generated|      ; 24 (3)      ; 3 (3)                     ; 0 (0)         ; 64000       ; 8    ; 0          ; 0            ; 0       ; 0         ; 0    ; 0            ; 21 (0)       ; 2 (2)             ; 1 (0)            ; 0          ; |line_game_top|game_core:u_game|altsyncram:collision_mem_rtl_0|altsyncram_9r71:auto_generated                                           ; altsyncram_9r71  ; work         ;
;             |decode_aj9:rden_decode|           ; 7 (7)       ; 0 (0)                     ; 0 (0)         ; 0           ; 0    ; 0          ; 0            ; 0       ; 0         ; 0    ; 0            ; 7 (7)        ; 0 (0)             ; 0 (0)            ; 0          ; |line_game_top|game_core:u_game|altsyncram:collision_mem_rtl_0|altsyncram_9r71:auto_generated|decode_aj9:rden_decode                    ; decode_aj9       ; work         ;
;             |decode_h7a:decode3|               ; 9 (9)       ; 0 (0)                     ; 0 (0)         ; 0           ; 0    ; 0          ; 0            ; 0       ; 0         ; 0    ; 0            ; 9 (9)        ; 0 (0)             ; 0 (0)            ; 0          ; |line_game_top|game_core:u_game|altsyncram:collision_mem_rtl_0|altsyncram_9r71:auto_generated|decode_h7a:decode3                        ; decode_h7a       ; work         ;
;             |mux_q1b:mux2|                     ; 6 (6)       ; 0 (0)                     ; 0 (0)         ; 0           ; 0    ; 0          ; 0            ; 0       ; 0         ; 0    ; 0            ; 5 (5)        ; 0 (0)             ; 1 (1)            ; 0          ; |line_game_top|game_core:u_game|altsyncram:collision_mem_rtl_0|altsyncram_9r71:auto_generated|mux_q1b:mux2                              ; mux_q1b          ; work         ;
;       |lpm_mult:Mult0|                         ; 6 (0)       ; 0 (0)                     ; 0 (0)         ; 0           ; 0    ; 0          ; 0            ; 0       ; 0         ; 0    ; 0            ; 6 (0)        ; 0 (0)             ; 0 (0)            ; 0          ; |line_game_top|game_core:u_game|lpm_mult:Mult0                                                                                          ; lpm_mult         ; work         ;
;          |multcore:mult_core|                  ; 6 (6)       ; 0 (0)                     ; 0 (0)         ; 0           ; 0    ; 0          ; 0            ; 0       ; 0         ; 0    ; 0            ; 6 (6)        ; 0 (0)             ; 0 (0)            ; 0          ; |line_game_top|game_core:u_game|lpm_mult:Mult0|multcore:mult_core                                                                       ; multcore         ; work         ;
;    |lcd_ili9341_ctrl:u_lcd|                    ; 368 (295)   ; 142 (123)                 ; 0 (0)         ; 0           ; 0    ; 0          ; 1            ; 1       ; 0         ; 0    ; 0            ; 225 (171)    ; 8 (8)             ; 135 (100)        ; 0          ; |line_game_top|lcd_ili9341_ctrl:u_lcd                                                                                                   ; lcd_ili9341_ctrl ; work         ;
;       |lpm_mult:Mult0|                         ; 0 (0)       ; 0 (0)                     ; 0 (0)         ; 0           ; 0    ; 0          ; 1            ; 1       ; 0         ; 0    ; 0            ; 0 (0)        ; 0 (0)             ; 0 (0)            ; 0          ; |line_game_top|lcd_ili9341_ctrl:u_lcd|lpm_mult:Mult0                                                                                    ; lpm_mult         ; work         ;
;          |mult_2ls:auto_generated|             ; 0 (0)       ; 0 (0)                     ; 0 (0)         ; 0           ; 0    ; 0          ; 1            ; 1       ; 0         ; 0    ; 0            ; 0 (0)        ; 0 (0)             ; 0 (0)            ; 0          ; |line_game_top|lcd_ili9341_ctrl:u_lcd|lpm_mult:Mult0|mult_2ls:auto_generated                                                            ; mult_2ls         ; work         ;
;       |lpm_mult:Mult1|                         ; 59 (0)      ; 0 (0)                     ; 0 (0)         ; 0           ; 0    ; 0          ; 0            ; 0       ; 0         ; 0    ; 0            ; 43 (0)       ; 0 (0)             ; 16 (0)           ; 0          ; |line_game_top|lcd_ili9341_ctrl:u_lcd|lpm_mult:Mult1                                                                                    ; lpm_mult         ; work         ;
;          |multcore:mult_core|                  ; 59 (27)     ; 0 (0)                     ; 0 (0)         ; 0           ; 0    ; 0          ; 0            ; 0       ; 0         ; 0    ; 0            ; 43 (27)      ; 0 (0)             ; 16 (0)           ; 0          ; |line_game_top|lcd_ili9341_ctrl:u_lcd|lpm_mult:Mult1|multcore:mult_core                                                                 ; multcore         ; work         ;
;             |mpar_add:padder|                  ; 32 (0)      ; 0 (0)                     ; 0 (0)         ; 0           ; 0    ; 0          ; 0            ; 0       ; 0         ; 0    ; 0            ; 16 (0)       ; 0 (0)             ; 16 (0)           ; 0          ; |line_game_top|lcd_ili9341_ctrl:u_lcd|lpm_mult:Mult1|multcore:mult_core|mpar_add:padder                                                 ; mpar_add         ; work         ;
;                |lpm_add_sub:adder[0]|          ; 32 (0)      ; 0 (0)                     ; 0 (0)         ; 0           ; 0    ; 0          ; 0            ; 0       ; 0         ; 0    ; 0            ; 16 (0)       ; 0 (0)             ; 16 (0)           ; 0          ; |line_game_top|lcd_ili9341_ctrl:u_lcd|lpm_mult:Mult1|multcore:mult_core|mpar_add:padder|lpm_add_sub:adder[0]                            ; lpm_add_sub      ; work         ;
;                   |add_sub_arg:auto_generated| ; 32 (32)     ; 0 (0)                     ; 0 (0)         ; 0           ; 0    ; 0          ; 0            ; 0       ; 0         ; 0    ; 0            ; 16 (16)      ; 0 (0)             ; 16 (16)          ; 0          ; |line_game_top|lcd_ili9341_ctrl:u_lcd|lpm_mult:Mult1|multcore:mult_core|mpar_add:padder|lpm_add_sub:adder[0]|add_sub_arg:auto_generated ; add_sub_arg      ; work         ;
;       |spi_byte_master:u_spi|                  ; 30 (30)     ; 19 (19)                   ; 0 (0)         ; 0           ; 0    ; 0          ; 0            ; 0       ; 0         ; 0    ; 0            ; 11 (11)      ; 0 (0)             ; 19 (19)          ; 0          ; |line_game_top|lcd_ili9341_ctrl:u_lcd|spi_byte_master:u_spi                                                                             ; spi_byte_master  ; work         ;
;    |reset_sync:u_reset|                        ; 3 (3)       ; 3 (3)                     ; 0 (0)         ; 0           ; 0    ; 0          ; 0            ; 0       ; 0         ; 0    ; 0            ; 0 (0)        ; 1 (1)             ; 2 (2)            ; 0          ; |line_game_top|reset_sync:u_reset                                                                                                       ; reset_sync       ; work         ;
+------------------------------------------------+-------------+---------------------------+---------------+-------------+------+------------+--------------+---------+-----------+------+--------------+--------------+-------------------+------------------+------------+-----------------------------------------------------------------------------------------------------------------------------------------+------------------+--------------+
Note: For table entries with two numbers listed, the numbers in parentheses indicate the number of resources of the given type used by the specific entity alone. The numbers listed outside of parentheses indicate the total resources of the given type used by the specific entity and all of its sub-entities in the hierarchy.


+------------------------------------------------------------------------------------------+
; Delay Chain Summary                                                                      ;
+----------+----------+---------------+---------------+-----------------------+-----+------+
; Name     ; Pin Type ; Pad to Core 0 ; Pad to Core 1 ; Pad to Input Register ; TCO ; TCOE ;
+----------+----------+---------------+---------------+-----------------------+-----+------+
; lcd_cs   ; Output   ; --            ; --            ; --                    ; --  ; --   ;
; lcd_mosi ; Output   ; --            ; --            ; --                    ; --  ; --   ;
; lcd_sck  ; Output   ; --            ; --            ; --                    ; --  ; --   ;
; lcd_dc   ; Output   ; --            ; --            ; --                    ; --  ; --   ;
; clk      ; Input    ; (0) 0 ps      ; --            ; --                    ; --  ; --   ;
; btn_rst  ; Input    ; (6) 873 ps    ; --            ; --                    ; --  ; --   ;
; Button   ; Input    ; --            ; (6) 868 ps    ; --                    ; --  ; --   ;
+----------+----------+---------------+---------------+-----------------------+-----+------+


+--------------------------------------------------------------------+
; Pad To Core Delay Chain Fanout                                     ;
+--------------------------------------+-------------------+---------+
; Source Pin / Fanout                  ; Pad To Core Index ; Setting ;
+--------------------------------------+-------------------+---------+
; clk                                  ;                   ;         ;
; btn_rst                              ;                   ;         ;
;      - reset_sync:u_reset|sync_ff[1] ; 0                 ; 6       ;
;      - reset_sync:u_reset|sync_ff[2] ; 0                 ; 6       ;
;      - reset_sync:u_reset|sync_ff[0] ; 0                 ; 6       ;
; Button                               ;                   ;         ;
;      - debounce:u_debounce|sync0~0   ; 1                 ; 6       ;
+--------------------------------------+-------------------+---------+


+------------------------------------------------------------------------------------------------------------------------------------------------------------------------------------------------------------------------------------------------------------------------------+
; Control Signals                                                                                                                                                                                                                                                              ;
+------------------------------------------------------------------------------------------------------------------------+--------------------+---------+---------------------------------------+--------+----------------------+------------------+---------------------------+
; Name                                                                                                                   ; Location           ; Fan-Out ; Usage                                 ; Global ; Global Resource Used ; Global Line Name ; Enable Signal Source Name ;
+------------------------------------------------------------------------------------------------------------------------+--------------------+---------+---------------------------------------+--------+----------------------+------------------+---------------------------+
; btn_rst                                                                                                                ; PIN_17             ; 3       ; Async. clear                          ; no     ; --                   ; --               ; --                        ;
; clk                                                                                                                    ; PIN_88             ; 477     ; Clock                                 ; yes    ; Global Clock         ; GCLK9            ; --                        ;
; debounce:u_debounce|cnt[6]~53                                                                                          ; LCCOMB_X15_Y10_N28 ; 19      ; Sync. clear                           ; no     ; --                   ; --               ; --                        ;
; debounce:u_debounce|cnt[6]~54                                                                                          ; LCCOMB_X15_Y10_N26 ; 19      ; Clock enable                          ; no     ; --                   ; --               ; --                        ;
; game_core:u_game|altsyncram:collision_mem_rtl_0|altsyncram_9r71:auto_generated|decode_aj9:rden_decode|w_anode176w[3]   ; LCCOMB_X22_Y10_N18 ; 1       ; Clock enable                          ; no     ; --                   ; --               ; --                        ;
; game_core:u_game|altsyncram:collision_mem_rtl_0|altsyncram_9r71:auto_generated|decode_aj9:rden_decode|w_anode194w[3]~0 ; LCCOMB_X24_Y8_N22  ; 1       ; Clock enable                          ; no     ; --                   ; --               ; --                        ;
; game_core:u_game|altsyncram:collision_mem_rtl_0|altsyncram_9r71:auto_generated|decode_aj9:rden_decode|w_anode205w[3]~0 ; LCCOMB_X24_Y8_N12  ; 1       ; Clock enable                          ; no     ; --                   ; --               ; --                        ;
; game_core:u_game|altsyncram:collision_mem_rtl_0|altsyncram_9r71:auto_generated|decode_aj9:rden_decode|w_anode216w[3]~0 ; LCCOMB_X24_Y8_N28  ; 1       ; Clock enable                          ; no     ; --                   ; --               ; --                        ;
; game_core:u_game|altsyncram:collision_mem_rtl_0|altsyncram_9r71:auto_generated|decode_aj9:rden_decode|w_anode227w[3]~0 ; LCCOMB_X24_Y8_N4   ; 1       ; Clock enable                          ; no     ; --                   ; --               ; --                        ;
; game_core:u_game|altsyncram:collision_mem_rtl_0|altsyncram_9r71:auto_generated|decode_aj9:rden_decode|w_anode238w[3]~0 ; LCCOMB_X24_Y8_N16  ; 1       ; Clock enable                          ; no     ; --                   ; --               ; --                        ;
; game_core:u_game|altsyncram:collision_mem_rtl_0|altsyncram_9r71:auto_generated|decode_aj9:rden_decode|w_anode260w[3]~0 ; LCCOMB_X24_Y8_N8   ; 1       ; Clock enable                          ; no     ; --                   ; --               ; --                        ;
; game_core:u_game|altsyncram:collision_mem_rtl_0|altsyncram_9r71:auto_generated|decode_h7a:decode3|w_anode105w[3]~0     ; LCCOMB_X24_Y8_N0   ; 1       ; Write enable                          ; no     ; --                   ; --               ; --                        ;
; game_core:u_game|altsyncram:collision_mem_rtl_0|altsyncram_9r71:auto_generated|decode_h7a:decode3|w_anode115w[3]~0     ; LCCOMB_X24_Y8_N26  ; 1       ; Write enable                          ; no     ; --                   ; --               ; --                        ;
; game_core:u_game|altsyncram:collision_mem_rtl_0|altsyncram_9r71:auto_generated|decode_h7a:decode3|w_anode125w[3]~0     ; LCCOMB_X24_Y8_N10  ; 1       ; Write enable                          ; no     ; --                   ; --               ; --                        ;
; game_core:u_game|altsyncram:collision_mem_rtl_0|altsyncram_9r71:auto_generated|decode_h7a:decode3|w_anode135w[3]~0     ; LCCOMB_X24_Y8_N6   ; 1       ; Write enable                          ; no     ; --                   ; --               ; --                        ;
; game_core:u_game|altsyncram:collision_mem_rtl_0|altsyncram_9r71:auto_generated|decode_h7a:decode3|w_anode145w[3]~0     ; LCCOMB_X24_Y8_N18  ; 1       ; Write enable                          ; no     ; --                   ; --               ; --                        ;
; game_core:u_game|altsyncram:collision_mem_rtl_0|altsyncram_9r71:auto_generated|decode_h7a:decode3|w_anode155w[3]~0     ; LCCOMB_X24_Y8_N14  ; 1       ; Write enable                          ; no     ; --                   ; --               ; --                        ;
; game_core:u_game|altsyncram:collision_mem_rtl_0|altsyncram_9r71:auto_generated|decode_h7a:decode3|w_anode155w[3]~1     ; LCCOMB_X24_Y8_N24  ; 1       ; Clock enable                          ; no     ; --                   ; --               ; --                        ;
; game_core:u_game|altsyncram:collision_mem_rtl_0|altsyncram_9r71:auto_generated|decode_h7a:decode3|w_anode165w[3]~0     ; LCCOMB_X24_Y8_N30  ; 1       ; Write enable                          ; no     ; --                   ; --               ; --                        ;
; game_core:u_game|altsyncram:collision_mem_rtl_0|altsyncram_9r71:auto_generated|decode_h7a:decode3|w_anode88w[3]~0      ; LCCOMB_X24_Y8_N20  ; 1       ; Write enable                          ; no     ; --                   ; --               ; --                        ;
; game_core:u_game|cell_col[2]~0                                                                                         ; LCCOMB_X17_Y7_N8   ; 3       ; Clock enable                          ; no     ; --                   ; --               ; --                        ;
; game_core:u_game|cell_row[2]~0                                                                                         ; LCCOMB_X17_Y7_N18  ; 3       ; Clock enable                          ; no     ; --                   ; --               ; --                        ;
; game_core:u_game|clr_cnt[3]~18                                                                                         ; LCCOMB_X24_Y10_N6  ; 16      ; Sync. clear                           ; no     ; --                   ; --               ; --                        ;
; game_core:u_game|clr_cnt[3]~19                                                                                         ; LCCOMB_X22_Y10_N20 ; 16      ; Clock enable                          ; no     ; --                   ; --               ; --                        ;
; game_core:u_game|dd_sr[3]~10                                                                                           ; LCCOMB_X15_Y8_N20  ; 16      ; Clock enable                          ; no     ; --                   ; --               ; --                        ;
; game_core:u_game|digit[1][0]~1                                                                                         ; LCCOMB_X20_Y7_N2   ; 19      ; Clock enable                          ; no     ; --                   ; --               ; --                        ;
; game_core:u_game|lat_y[0]~0                                                                                            ; LCCOMB_X20_Y10_N4  ; 20      ; Clock enable                          ; no     ; --                   ; --               ; --                        ;
; game_core:u_game|mem_addr[0]~1                                                                                         ; LCCOMB_X23_Y10_N28 ; 16      ; Clock enable                          ; no     ; --                   ; --               ; --                        ;
; game_core:u_game|req_x[8]~0                                                                                            ; LCCOMB_X19_Y7_N12  ; 16      ; Clock enable                          ; no     ; --                   ; --               ; --                        ;
; game_core:u_game|score_shown[13]~2                                                                                     ; LCCOMB_X15_Y6_N30  ; 17      ; Clock enable                          ; no     ; --                   ; --               ; --                        ;
; game_core:u_game|state.S_GAMEOVER_DELAY                                                                                ; FF_X20_Y6_N31      ; 46      ; Sync. load                            ; no     ; --                   ; --               ; --                        ;
; game_core:u_game|state.S_SCORE_BCD                                                                                     ; FF_X19_Y6_N31      ; 28      ; Sync. load                            ; no     ; --                   ; --               ; --                        ;
; game_core:u_game|state.S_SCORE_BCD_ITER                                                                                ; FF_X19_Y7_N17      ; 55      ; Sync. load                            ; no     ; --                   ; --               ; --                        ;
; game_core:u_game|tick_cnt[0]~35                                                                                        ; LCCOMB_X19_Y6_N18  ; 32      ; Clock enable                          ; no     ; --                   ; --               ; --                        ;
; game_core:u_game|tick_cnt[18]~34                                                                                       ; LCCOMB_X20_Y4_N24  ; 32      ; Sync. clear                           ; no     ; --                   ; --               ; --                        ;
; lcd_ili9341_ctrl:u_lcd|delay_cnt[1]~1                                                                                  ; LCCOMB_X14_Y12_N6  ; 32      ; Clock enable                          ; no     ; --                   ; --               ; --                        ;
; lcd_ili9341_ctrl:u_lcd|fx0[7]~1                                                                                        ; LCCOMB_X22_Y8_N22  ; 40      ; Clock enable                          ; no     ; --                   ; --               ; --                        ;
; lcd_ili9341_ctrl:u_lcd|init_idx[0]~7                                                                                   ; LCCOMB_X14_Y12_N24 ; 5       ; Sync. clear                           ; no     ; --                   ; --               ; --                        ;
; lcd_ili9341_ctrl:u_lcd|init_idx[0]~8                                                                                   ; LCCOMB_X15_Y12_N8  ; 5       ; Clock enable                          ; no     ; --                   ; --               ; --                        ;
; lcd_ili9341_ctrl:u_lcd|pix_left[13]~0                                                                                  ; LCCOMB_X22_Y8_N16  ; 17      ; Clock enable                          ; no     ; --                   ; --               ; --                        ;
; lcd_ili9341_ctrl:u_lcd|ret_id~30                                                                                       ; LCCOMB_X18_Y11_N12 ; 9       ; Clock enable                          ; no     ; --                   ; --               ; --                        ;
; lcd_ili9341_ctrl:u_lcd|spi_byte_master:u_spi|shreg[4]~2                                                                ; LCCOMB_X22_Y12_N14 ; 11      ; Clock enable, Sync. load              ; no     ; --                   ; --               ; --                        ;
; lcd_ili9341_ctrl:u_lcd|spi_byte_master:u_spi|state.S_HIGH                                                              ; FF_X22_Y12_N13     ; 17      ; Sync. load                            ; no     ; --                   ; --               ; --                        ;
; lcd_ili9341_ctrl:u_lcd|spi_data[7]~7                                                                                   ; LCCOMB_X22_Y9_N2   ; 3       ; Clock enable                          ; no     ; --                   ; --               ; --                        ;
; lcd_ili9341_ctrl:u_lcd|state.S_FILL_STREAM                                                                             ; FF_X22_Y8_N9       ; 33      ; Sync. load                            ; no     ; --                   ; --               ; --                        ;
; lcd_ili9341_ctrl:u_lcd|state.S_SEND_WAIT                                                                               ; FF_X18_Y12_N31     ; 23      ; Sync. clear                           ; no     ; --                   ; --               ; --                        ;
; reset_sync:u_reset|sync_ff[2]                                                                                          ; FF_X18_Y9_N21      ; 285     ; Clock enable, Sync. clear, Sync. load ; no     ; --                   ; --               ; --                        ;
+------------------------------------------------------------------------------------------------------------------------+--------------------+---------+---------------------------------------+--------+----------------------+------------------+---------------------------+


+----------------------------------------------------------------------------------------------------------------------------------------+
; Global & Other Fast Signals                                                                                                            ;
+------+----------+---------+--------------------------------------+----------------------+------------------+---------------------------+
; Name ; Location ; Fan-Out ; Fan-Out Using Intentional Clock Skew ; Global Resource Used ; Global Line Name ; Enable Signal Source Name ;
+------+----------+---------+--------------------------------------+----------------------+------------------+---------------------------+
; clk  ; PIN_88   ; 477     ; 8                                    ; Global Clock         ; GCLK9            ; --                        ;
+------+----------+---------+--------------------------------------+----------------------+------------------+---------------------------+


+-----------------------------------------------------------------------------------------------------------------------------------------------------------------------------------------------------------------------------------------------------------------------------------------------------------------------------------------------------------------------------------------------------------------------------------------------------------------------------------------------------------------------------------------------------------------------------------------------------------------------------------------------------------------------------------------------------------------------+
; Fitter RAM Summary                                                                                                                                                                                                                                                                                                                                                                                                                                                                                                                                                                                                                                                                                                    ;
+-------------------------------------------------------------------------------------------+------+-------------+--------------+--------------+--------------+--------------+--------------+------------------------+-------------------------+------------------------+-------------------------+-------+-----------------------------+-----------------------------+-----------------------------+-----------------------------+---------------------+------+------+---------------------------------------------------------------------------------------------------------------------------+----------------------+-----------------+------------------------+----------+------------------------+---------------+
; Name                                                                                      ; Type ; Mode        ; Clock Mode   ; Port A Depth ; Port A Width ; Port B Depth ; Port B Width ; Port A Input Registers ; Port A Output Registers ; Port B Input Registers ; Port B Output Registers ; Size  ; Implementation Port A Depth ; Implementation Port A Width ; Implementation Port B Depth ; Implementation Port B Width ; Implementation Bits ; M9Ks ; MIF  ; Location                                                                                                                  ; Mixed Width RDW Mode ; Port A RDW Mode ; Port B RDW Mode        ; ECC Mode ; ECC Pipeline Registers ; Fits in MLABs ;
+-------------------------------------------------------------------------------------------+------+-------------+--------------+--------------+--------------+--------------+--------------+------------------------+-------------------------+------------------------+-------------------------+-------+-----------------------------+-----------------------------+-----------------------------+-----------------------------+---------------------+------+------+---------------------------------------------------------------------------------------------------------------------------+----------------------+-----------------+------------------------+----------+------------------------+---------------+
; game_core:u_game|altsyncram:collision_mem_rtl_0|altsyncram_9r71:auto_generated|ALTSYNCRAM ; AUTO ; Single Port ; Single Clock ; 64000        ; 1            ; --           ; --           ; yes                    ; no                      ; --                     ; --                      ; 64000 ; 64000                       ; 1                           ; --                          ; --                          ; 64000               ; 8    ; None ; M9K_X26_Y9_N0, M9K_X26_Y11_N0, M9K_X26_Y8_N0, M9K_X26_Y10_N0, M9K_X26_Y6_N0, M9K_X26_Y5_N0, M9K_X26_Y7_N0, M9K_X26_Y12_N0 ; Don't care           ; Old data        ; New data with NBE Read ; Off      ; No                     ; No - Unknown  ;
+-------------------------------------------------------------------------------------------+------+-------------+--------------+--------------+--------------+--------------+--------------+------------------------+-------------------------+------------------------+-------------------------+-------+-----------------------------+-----------------------------+-----------------------------+-----------------------------+---------------------+------+------+---------------------------------------------------------------------------------------------------------------------------+----------------------+-----------------+------------------------+----------+------------------------+---------------+
Note: Fitter may spread logical memories into multiple blocks to improve timing. The actual required RAM blocks can be found in the Fitter Resource Usage section.


+-----------------------------------------------------------------------------------------------+
; Fitter DSP Block Usage Summary                                                                ;
+---------------------------------------+-------------+---------------------+-------------------+
; Statistic                             ; Number Used ; Available per Block ; Maximum Available ;
+---------------------------------------+-------------+---------------------+-------------------+
; Simple Multipliers (9-bit)            ; 1           ; 2                   ; 48                ;
; Simple Multipliers (18-bit)           ; 0           ; 1                   ; 24                ;
; Embedded Multiplier Blocks            ; 1           ; --                  ; 24                ;
; Embedded Multiplier 9-bit elements    ; 1           ; 2                   ; 48                ;
; Signed Embedded Multipliers           ; 0           ; --                  ; --                ;
; Unsigned Embedded Multipliers         ; 1           ; --                  ; --                ;
; Mixed Sign Embedded Multipliers       ; 0           ; --                  ; --                ;
; Variable Sign Embedded Multipliers    ; 0           ; --                  ; --                ;
; Dedicated Input Shift Register Chains ; 0           ; --                  ; --                ;
+---------------------------------------+-------------+---------------------+-------------------+


+-------------------------------------------------------------------------------------------------------------------------------------------------------------------------------------------------------------------------------------------------------------------------+
; DSP Block Details                                                                                                                                                                                                                                                       ;
+----------------------------------------------------------------------------+---------------------------+-------------------+---------------------+--------------------------------+-----------------------+-----------------------+-------------------+-----------------+
; Name                                                                       ; Mode                      ; Location          ; Sign Representation ; Has Input Shift Register Chain ; Data A Input Register ; Data B Input Register ; Pipeline Register ; Output Register ;
+----------------------------------------------------------------------------+---------------------------+-------------------+---------------------+--------------------------------+-----------------------+-----------------------+-------------------+-----------------+
; lcd_ili9341_ctrl:u_lcd|lpm_mult:Mult0|mult_2ls:auto_generated|mac_out2     ; Simple Multiplier (9-bit) ; DSPOUT_X21_Y8_N2  ;                     ; No                             ;                       ;                       ;                   ; no              ;
;    lcd_ili9341_ctrl:u_lcd|lpm_mult:Mult0|mult_2ls:auto_generated|mac_mult1 ;                           ; DSPMULT_X21_Y8_N0 ; Unsigned            ;                                ; yes                   ; yes                   ; no                ;                 ;
+----------------------------------------------------------------------------+---------------------------+-------------------+---------------------+--------------------------------+-----------------------+-----------------------+-------------------+-----------------+


+------------------------------------------------+
; Routing Usage Summary                          ;
+-----------------------+------------------------+
; Routing Resource Type ; Usage                  ;
+-----------------------+------------------------+
; Block interconnects   ; 1,301 / 27,275 ( 5 % ) ;
; C16 interconnects     ; 5 / 1,240 ( < 1 % )    ;
; C4 interconnects      ; 518 / 20,832 ( 2 % )   ;
; Direct links          ; 341 / 27,275 ( 1 % )   ;
; Global clocks         ; 1 / 10 ( 10 % )        ;
; Local interconnects   ; 581 / 8,064 ( 7 % )    ;
; R24 interconnects     ; 4 / 1,320 ( < 1 % )    ;
; R4 interconnects      ; 575 / 28,560 ( 2 % )   ;
+-----------------------+------------------------+


+----------------------------------------------------------------------------+
; LAB Logic Elements                                                         ;
+---------------------------------------------+------------------------------+
; Number of Logic Elements  (Average = 13.01) ; Number of LABs  (Total = 79) ;
+---------------------------------------------+------------------------------+
; 1                                           ; 1                            ;
; 2                                           ; 5                            ;
; 3                                           ; 1                            ;
; 4                                           ; 0                            ;
; 5                                           ; 2                            ;
; 6                                           ; 2                            ;
; 7                                           ; 3                            ;
; 8                                           ; 2                            ;
; 9                                           ; 2                            ;
; 10                                          ; 1                            ;
; 11                                          ; 2                            ;
; 12                                          ; 0                            ;
; 13                                          ; 4                            ;
; 14                                          ; 2                            ;
; 15                                          ; 7                            ;
; 16                                          ; 45                           ;
+---------------------------------------------+------------------------------+


+-------------------------------------------------------------------+
; LAB-wide Signals                                                  ;
+------------------------------------+------------------------------+
; LAB-wide Signals  (Average = 1.84) ; Number of LABs  (Total = 79) ;
+------------------------------------+------------------------------+
; 1 Async. clear                     ; 1                            ;
; 1 Clock                            ; 64                           ;
; 1 Clock enable                     ; 39                           ;
; 1 Sync. clear                      ; 24                           ;
; 1 Sync. load                       ; 10                           ;
; 2 Clock enables                    ; 7                            ;
+------------------------------------+------------------------------+


+-----------------------------------------------------------------------------+
; LAB Signals Sourced                                                         ;
+----------------------------------------------+------------------------------+
; Number of Signals Sourced  (Average = 18.90) ; Number of LABs  (Total = 79) ;
+----------------------------------------------+------------------------------+
; 0                                            ; 0                            ;
; 1                                            ; 0                            ;
; 2                                            ; 3                            ;
; 3                                            ; 2                            ;
; 4                                            ; 1                            ;
; 5                                            ; 1                            ;
; 6                                            ; 2                            ;
; 7                                            ; 2                            ;
; 8                                            ; 1                            ;
; 9                                            ; 0                            ;
; 10                                           ; 1                            ;
; 11                                           ; 0                            ;
; 12                                           ; 3                            ;
; 13                                           ; 2                            ;
; 14                                           ; 1                            ;
; 15                                           ; 1                            ;
; 16                                           ; 10                           ;
; 17                                           ; 3                            ;
; 18                                           ; 1                            ;
; 19                                           ; 1                            ;
; 20                                           ; 5                            ;
; 21                                           ; 5                            ;
; 22                                           ; 7                            ;
; 23                                           ; 2                            ;
; 24                                           ; 4                            ;
; 25                                           ; 5                            ;
; 26                                           ; 2                            ;
; 27                                           ; 3                            ;
; 28                                           ; 3                            ;
; 29                                           ; 2                            ;
; 30                                           ; 2                            ;
; 31                                           ; 0                            ;
; 32                                           ; 4                            ;
+----------------------------------------------+------------------------------+


+--------------------------------------------------------------------------------+
; LAB Signals Sourced Out                                                        ;
+-------------------------------------------------+------------------------------+
; Number of Signals Sourced Out  (Average = 9.05) ; Number of LABs  (Total = 79) ;
+-------------------------------------------------+------------------------------+
; 0                                               ; 0                            ;
; 1                                               ; 6                            ;
; 2                                               ; 10                           ;
; 3                                               ; 2                            ;
; 4                                               ; 2                            ;
; 5                                               ; 6                            ;
; 6                                               ; 3                            ;
; 7                                               ; 5                            ;
; 8                                               ; 3                            ;
; 9                                               ; 4                            ;
; 10                                              ; 4                            ;
; 11                                              ; 5                            ;
; 12                                              ; 3                            ;
; 13                                              ; 5                            ;
; 14                                              ; 2                            ;
; 15                                              ; 5                            ;
; 16                                              ; 8                            ;
; 17                                              ; 4                            ;
; 18                                              ; 1                            ;
; 19                                              ; 1                            ;
+-------------------------------------------------+------------------------------+


+-----------------------------------------------------------------------------+
; LAB Distinct Inputs                                                         ;
+----------------------------------------------+------------------------------+
; Number of Distinct Inputs  (Average = 14.30) ; Number of LABs  (Total = 79) ;
+----------------------------------------------+------------------------------+
; 0                                            ; 0                            ;
; 1                                            ; 0                            ;
; 2                                            ; 0                            ;
; 3                                            ; 4                            ;
; 4                                            ; 6                            ;
; 5                                            ; 6                            ;
; 6                                            ; 0                            ;
; 7                                            ; 3                            ;
; 8                                            ; 4                            ;
; 9                                            ; 2                            ;
; 10                                           ; 2                            ;
; 11                                           ; 1                            ;
; 12                                           ; 3                            ;
; 13                                           ; 2                            ;
; 14                                           ; 4                            ;
; 15                                           ; 3                            ;
; 16                                           ; 6                            ;
; 17                                           ; 6                            ;
; 18                                           ; 5                            ;
; 19                                           ; 2                            ;
; 20                                           ; 2                            ;
; 21                                           ; 3                            ;
; 22                                           ; 5                            ;
; 23                                           ; 1                            ;
; 24                                           ; 2                            ;
; 25                                           ; 3                            ;
; 26                                           ; 0                            ;
; 27                                           ; 1                            ;
; 28                                           ; 1                            ;
; 29                                           ; 1                            ;
; 30                                           ; 1                            ;
+----------------------------------------------+------------------------------+


+------------------------------------------+
; I/O Rules Summary                        ;
+----------------------------------+-------+
; I/O Rules Statistic              ; Total ;
+----------------------------------+-------+
; Total I/O Rules                  ; 30    ;
; Number of I/O Rules Passed       ; 9     ;
; Number of I/O Rules Failed       ; 0     ;
; Number of I/O Rules Unchecked    ; 0     ;
; Number of I/O Rules Inapplicable ; 21    ;
+----------------------------------+-------+


+--------------------------------------------------------------------------------------------------------------------------------------------------------------------------------------------------------------------------------------------------------------------------------------+
; I/O Rules Details                                                                                                                                                                                                                                                                    ;
+--------------+-----------+-----------------------------------+------------------------------------------------------------------------------------------------------+----------+--------------------------------------------------------------------------+------+-------------------+
; Status       ; ID        ; Category                          ; Rule Description                                                                                     ; Severity ; Information                                                              ; Area ; Extra Information ;
+--------------+-----------+-----------------------------------+------------------------------------------------------------------------------------------------------+----------+--------------------------------------------------------------------------+------+-------------------+
; Pass         ; IO_000001 ; Capacity Checks                   ; Number of pins in an I/O bank should not exceed the number of locations available.                   ; Critical ; 0 such failures found.                                                   ; I/O  ;                   ;
; Inapplicable ; IO_000002 ; Capacity Checks                   ; Number of clocks in an I/O bank should not exceed the number of clocks available.                    ; Critical ; No Global Signal assignments found.                                      ; I/O  ;                   ;
; Pass         ; IO_000003 ; Capacity Checks                   ; Number of pins in a Vrefgroup should not exceed the number of locations available.                   ; Critical ; 0 such failures found.                                                   ; I/O  ;                   ;
; Inapplicable ; IO_000004 ; Voltage Compatibility Checks      ; The I/O bank should support the requested VCCIO.                                                     ; Critical ; No IOBANK_VCCIO assignments found.                                       ; I/O  ;                   ;
; Inapplicable ; IO_000005 ; Voltage Compatibility Checks      ; The I/O bank should not have competing VREF values.                                                  ; Critical ; No VREF I/O Standard assignments found.                                  ; I/O  ;                   ;
; Pass         ; IO_000006 ; Voltage Compatibility Checks      ; The I/O bank should not have competing VCCIO values.                                                 ; Critical ; 0 such failures found.                                                   ; I/O  ;                   ;
; Pass         ; IO_000007 ; Valid Location Checks             ; Checks for unavailable locations.                                                                    ; Critical ; 0 such failures found.                                                   ; I/O  ;                   ;
; Inapplicable ; IO_000008 ; Valid Location Checks             ; Checks for reserved locations.                                                                       ; Critical ; No reserved LogicLock region found.                                      ; I/O  ;                   ;
; Pass         ; IO_000009 ; I/O Properties Checks for One I/O ; The location should support the requested I/O standard.                                              ; Critical ; 0 such failures found.                                                   ; I/O  ;                   ;
; Pass         ; IO_000010 ; I/O Properties Checks for One I/O ; The location should support the requested I/O direction.                                             ; Critical ; 0 such failures found.                                                   ; I/O  ;                   ;
; Inapplicable ; IO_000011 ; I/O Properties Checks for One I/O ; The location should support the requested Current Strength.                                          ; Critical ; No Current Strength assignments found.                                   ; I/O  ;                   ;
; Inapplicable ; IO_000012 ; I/O Properties Checks for One I/O ; The location should support the requested On Chip Termination value.                                 ; Critical ; No Termination assignments found.                                        ; I/O  ;                   ;
; Inapplicable ; IO_000013 ; I/O Properties Checks for One I/O ; The location should support the requested Bus Hold value.                                            ; Critical ; No Enable Bus-Hold Circuitry assignments found.                          ; I/O  ;                   ;
; Inapplicable ; IO_000014 ; I/O Properties Checks for One I/O ; The location should support the requested Weak Pull Up value.                                        ; Critical ; No Weak Pull-Up Resistor assignments found.                              ; I/O  ;                   ;
; Pass         ; IO_000015 ; I/O Properties Checks for One I/O ; The location should support the requested PCI Clamp Diode.                                           ; Critical ; 0 such failures found.                                                   ; I/O  ;                   ;
; Inapplicable ; IO_000018 ; I/O Properties Checks for One I/O ; The I/O standard should support the requested Current Strength.                                      ; Critical ; No Current Strength assignments found.                                   ; I/O  ;                   ;
; Inapplicable ; IO_000019 ; I/O Properties Checks for One I/O ; The I/O standard should support the requested On Chip Termination value.                             ; Critical ; No Termination assignments found.                                        ; I/O  ;                   ;
; Pass         ; IO_000020 ; I/O Properties Checks for One I/O ; The I/O standard should support the requested PCI Clamp Diode.                                       ; Critical ; 0 such failures found.                                                   ; I/O  ;                   ;
; Inapplicable ; IO_000021 ; I/O Properties Checks for One I/O ; The I/O standard should support the requested Weak Pull Up value.                                    ; Critical ; No Weak Pull-Up Resistor assignments found.                              ; I/O  ;                   ;
; Inapplicable ; IO_000022 ; I/O Properties Checks for One I/O ; The I/O standard should support the requested Bus Hold value.                                        ; Critical ; No Enable Bus-Hold Circuitry assignments found.                          ; I/O  ;                   ;
; Inapplicable ; IO_000023 ; I/O Properties Checks for One I/O ; The I/O standard should support the Open Drain value.                                                ; Critical ; No open drain assignments found.                                         ; I/O  ;                   ;
; Inapplicable ; IO_000024 ; I/O Properties Checks for One I/O ; The I/O direction should support the On Chip Termination value.                                      ; Critical ; No Termination assignments found.                                        ; I/O  ;                   ;
; Inapplicable ; IO_000026 ; I/O Properties Checks for One I/O ; On Chip Termination and Current Strength should not be used at the same time.                        ; Critical ; No Current Strength or Termination assignments found.                    ; I/O  ;                   ;
; Inapplicable ; IO_000027 ; I/O Properties Checks for One I/O ; Weak Pull Up and Bus Hold should not be used at the same time.                                       ; Critical ; No Enable Bus-Hold Circuitry or Weak Pull-Up Resistor assignments found. ; I/O  ;                   ;
; Inapplicable ; IO_000045 ; I/O Properties Checks for One I/O ; The I/O standard should support the requested Slew Rate value.                                       ; Critical ; No Slew Rate assignments found.                                          ; I/O  ;                   ;
; Inapplicable ; IO_000046 ; I/O Properties Checks for One I/O ; The location should support the requested Slew Rate value.                                           ; Critical ; No Slew Rate assignments found.                                          ; I/O  ;                   ;
; Inapplicable ; IO_000047 ; I/O Properties Checks for One I/O ; On Chip Termination and Slew Rate should not be used at the same time.                               ; Critical ; No Slew Rate assignments found.                                          ; I/O  ;                   ;
; Pass         ; IO_000033 ; Electromigration Checks           ; Current density for consecutive I/Os should not exceed 160mA for row I/Os and 160mA for column I/Os. ; Critical ; 0 such failures found.                                                   ; I/O  ;                   ;
; Inapplicable ; IO_000034 ; SI Related Distance Checks        ; Single-ended outputs should be 5 LAB row(s) away from a differential I/O.                            ; High     ; No Differential I/O Standard assignments found.                          ; I/O  ;                   ;
; Inapplicable ; IO_000042 ; SI Related SSO Limit Checks       ; No more than 20 outputs are allowed in a VREF group when VREF is being read from.                    ; High     ; No VREF I/O Standard assignments found.                                  ; I/O  ;                   ;
+--------------+-----------+-----------------------------------+------------------------------------------------------------------------------------------------------+----------+--------------------------------------------------------------------------+------+-------------------+


+-----------------------------------------------------------------------------------------------------------------------------------------------------------------------------------------------------------------------------------------------------------------------------------------------------------------------------------------------------------------------------------------------------------------------------------------------------------------+
; I/O Rules Matrix                                                                                                                                                                                                                                                                                                                                                                                                                                                ;
+--------------------+-----------+--------------+-----------+--------------+--------------+-----------+-----------+--------------+-----------+-----------+--------------+--------------+--------------+--------------+--------------+--------------+--------------+--------------+--------------+--------------+--------------+--------------+--------------+--------------+--------------+--------------+--------------+-----------+--------------+--------------+
; Pin/Rules          ; IO_000001 ; IO_000002    ; IO_000003 ; IO_000004    ; IO_000005    ; IO_000006 ; IO_000007 ; IO_000008    ; IO_000009 ; IO_000010 ; IO_000011    ; IO_000012    ; IO_000013    ; IO_000014    ; IO_000015    ; IO_000018    ; IO_000019    ; IO_000020    ; IO_000021    ; IO_000022    ; IO_000023    ; IO_000024    ; IO_000026    ; IO_000027    ; IO_000045    ; IO_000046    ; IO_000047    ; IO_000033 ; IO_000034    ; IO_000042    ;
+--------------------+-----------+--------------+-----------+--------------+--------------+-----------+-----------+--------------+-----------+-----------+--------------+--------------+--------------+--------------+--------------+--------------+--------------+--------------+--------------+--------------+--------------+--------------+--------------+--------------+--------------+--------------+--------------+-----------+--------------+--------------+
; Total Pass         ; 7         ; 0            ; 7         ; 0            ; 0            ; 7         ; 7         ; 0            ; 7         ; 7         ; 0            ; 0            ; 0            ; 0            ; 3            ; 0            ; 0            ; 3            ; 0            ; 0            ; 0            ; 0            ; 0            ; 0            ; 0            ; 0            ; 0            ; 7         ; 0            ; 0            ;
; Total Unchecked    ; 0         ; 0            ; 0         ; 0            ; 0            ; 0         ; 0         ; 0            ; 0         ; 0         ; 0            ; 0            ; 0            ; 0            ; 0            ; 0            ; 0            ; 0            ; 0            ; 0            ; 0            ; 0            ; 0            ; 0            ; 0            ; 0            ; 0            ; 0         ; 0            ; 0            ;
; Total Inapplicable ; 0         ; 7            ; 0         ; 7            ; 7            ; 0         ; 0         ; 7            ; 0         ; 0         ; 7            ; 7            ; 7            ; 7            ; 4            ; 7            ; 7            ; 4            ; 7            ; 7            ; 7            ; 7            ; 7            ; 7            ; 7            ; 7            ; 7            ; 0         ; 7            ; 7            ;
; Total Fail         ; 0         ; 0            ; 0         ; 0            ; 0            ; 0         ; 0         ; 0            ; 0         ; 0         ; 0            ; 0            ; 0            ; 0            ; 0            ; 0            ; 0            ; 0            ; 0            ; 0            ; 0            ; 0            ; 0            ; 0            ; 0            ; 0            ; 0            ; 0         ; 0            ; 0            ;
; lcd_cs             ; Pass      ; Inapplicable ; Pass      ; Inapplicable ; Inapplicable ; Pass      ; Pass      ; Inapplicable ; Pass      ; Pass      ; Inapplicable ; Inapplicable ; Inapplicable ; Inapplicable ; Inapplicable ; Inapplicable ; Inapplicable ; Inapplicable ; Inapplicable ; Inapplicable ; Inapplicable ; Inapplicable ; Inapplicable ; Inapplicable ; Inapplicable ; Inapplicable ; Inapplicable ; Pass      ; Inapplicable ; Inapplicable ;
; lcd_mosi           ; Pass      ; Inapplicable ; Pass      ; Inapplicable ; Inapplicable ; Pass      ; Pass      ; Inapplicable ; Pass      ; Pass      ; Inapplicable ; Inapplicable ; Inapplicable ; Inapplicable ; Inapplicable ; Inapplicable ; Inapplicable ; Inapplicable ; Inapplicable ; Inapplicable ; Inapplicable ; Inapplicable ; Inapplicable ; Inapplicable ; Inapplicable ; Inapplicable ; Inapplicable ; Pass      ; Inapplicable ; Inapplicable ;
; lcd_sck            ; Pass      ; Inapplicable ; Pass      ; Inapplicable ; Inapplicable ; Pass      ; Pass      ; Inapplicable ; Pass      ; Pass      ; Inapplicable ; Inapplicable ; Inapplicable ; Inapplicable ; Inapplicable ; Inapplicable ; Inapplicable ; Inapplicable ; Inapplicable ; Inapplicable ; Inapplicable ; Inapplicable ; Inapplicable ; Inapplicable ; Inapplicable ; Inapplicable ; Inapplicable ; Pass      ; Inapplicable ; Inapplicable ;
; lcd_dc             ; Pass      ; Inapplicable ; Pass      ; Inapplicable ; Inapplicable ; Pass      ; Pass      ; Inapplicable ; Pass      ; Pass      ; Inapplicable ; Inapplicable ; Inapplicable ; Inapplicable ; Inapplicable ; Inapplicable ; Inapplicable ; Inapplicable ; Inapplicable ; Inapplicable ; Inapplicable ; Inapplicable ; Inapplicable ; Inapplicable ; Inapplicable ; Inapplicable ; Inapplicable ; Pass      ; Inapplicable ; Inapplicable ;
; clk                ; Pass      ; Inapplicable ; Pass      ; Inapplicable ; Inapplicable ; Pass      ; Pass      ; Inapplicable ; Pass      ; Pass      ; Inapplicable ; Inapplicable ; Inapplicable ; Inapplicable ; Pass         ; Inapplicable ; Inapplicable ; Pass         ; Inapplicable ; Inapplicable ; Inapplicable ; Inapplicable ; Inapplicable ; Inapplicable ; Inapplicable ; Inapplicable ; Inapplicable ; Pass      ; Inapplicable ; Inapplicable ;
; btn_rst            ; Pass      ; Inapplicable ; Pass      ; Inapplicable ; Inapplicable ; Pass      ; Pass      ; Inapplicable ; Pass      ; Pass      ; Inapplicable ; Inapplicable ; Inapplicable ; Inapplicable ; Pass         ; Inapplicable ; Inapplicable ; Pass         ; Inapplicable ; Inapplicable ; Inapplicable ; Inapplicable ; Inapplicable ; Inapplicable ; Inapplicable ; Inapplicable ; Inapplicable ; Pass      ; Inapplicable ; Inapplicable ;
; Button             ; Pass      ; Inapplicable ; Pass      ; Inapplicable ; Inapplicable ; Pass      ; Pass      ; Inapplicable ; Pass      ; Pass      ; Inapplicable ; Inapplicable ; Inapplicable ; Inapplicable ; Pass         ; Inapplicable ; Inapplicable ; Pass         ; Inapplicable ; Inapplicable ; Inapplicable ; Inapplicable ; Inapplicable ; Inapplicable ; Inapplicable ; Inapplicable ; Inapplicable ; Pass      ; Inapplicable ; Inapplicable ;
+--------------------+-----------+--------------+-----------+--------------+--------------+-----------+-----------+--------------+-----------+-----------+--------------+--------------+--------------+--------------+--------------+--------------+--------------+--------------+--------------+--------------+--------------+--------------+--------------+--------------+--------------+--------------+--------------+-----------+--------------+--------------+


+-------------------------------------------------------------------------------------------+
; Fitter Device Options                                                                     ;
+------------------------------------------------------------------+------------------------+
; Option                                                           ; Setting                ;
+------------------------------------------------------------------+------------------------+
; Enable user-supplied start-up clock (CLKUSR)                     ; Off                    ;
; Enable device-wide reset (DEV_CLRn)                              ; Off                    ;
; Enable device-wide output enable (DEV_OE)                        ; Off                    ;
; Enable INIT_DONE output                                          ; Off                    ;
; Configuration scheme                                             ; Internal Configuration ;
; Enable Error Detection CRC_ERROR pin                             ; Off                    ;
; Enable open drain on CRC_ERROR pin                               ; Off                    ;
; Enable nCONFIG, nSTATUS, and CONF_DONE pins                      ; On                     ;
; Enable JTAG pin sharing                                          ; Off                    ;
; Enable nCE pin                                                   ; Off                    ;
; Enable CONFIG_SEL pin                                            ; Off                    ;
; Enable input tri-state on active configuration pins in user mode ; Off                    ;
; Configuration Voltage Level                                      ; Auto                   ;
; Force Configuration Voltage Level                                ; Off                    ;
; Data[0]                                                          ; Unreserved             ;
; Data[1]/ASDO                                                     ; Unreserved             ;
; FLASH_nCE/nCSO                                                   ; Unreserved             ;
; DCLK                                                             ; Unreserved             ;
+------------------------------------------------------------------+------------------------+


+------------------------------------+
; Operating Settings and Conditions  ;
+---------------------------+--------+
; Setting                   ; Value  ;
+---------------------------+--------+
; Nominal Core Voltage      ; 1.20 V ;
; Low Junction Temperature  ; 0 °C   ;
; High Junction Temperature ; 85 °C  ;
+---------------------------+--------+


+------------------------------------------------------------+
; Estimated Delay Added for Hold Timing Summary              ;
+-----------------+----------------------+-------------------+
; Source Clock(s) ; Destination Clock(s) ; Delay Added in ns ;
+-----------------+----------------------+-------------------+
; clk             ; clk                  ; 6.0               ;
+-----------------+----------------------+-------------------+
Note: For more information on problematic transfers, consider running the Fitter again with the Optimize hold timing option (Settings Menu) turned off.
This will disable optimization of problematic paths and expose them for further analysis using the Timing Analyzer.


+----------------------------------------------------------------------------------------------------------------------------------------------------------------------------------+
; Estimated Delay Added for Hold Timing Details                                                                                                                                    ;
+---------------------------------------------+----------------------------------------------------------------------------------------------------------------+-------------------+
; Source Register                             ; Destination Register                                                                                           ; Delay Added in ns ;
+---------------------------------------------+----------------------------------------------------------------------------------------------------------------+-------------------+
; game_core:u_game|mem_addr[1]                ; game_core:u_game|altsyncram:collision_mem_rtl_0|altsyncram_9r71:auto_generated|ram_block1a2~porta_address_reg0 ; 0.291             ;
; game_core:u_game|mem_addr[3]                ; game_core:u_game|altsyncram:collision_mem_rtl_0|altsyncram_9r71:auto_generated|ram_block1a2~porta_address_reg0 ; 0.291             ;
; game_core:u_game|mem_addr[0]                ; game_core:u_game|altsyncram:collision_mem_rtl_0|altsyncram_9r71:auto_generated|ram_block1a2~porta_address_reg0 ; 0.289             ;
; game_core:u_game|mem_addr[2]                ; game_core:u_game|altsyncram:collision_mem_rtl_0|altsyncram_9r71:auto_generated|ram_block1a2~porta_address_reg0 ; 0.289             ;
; game_core:u_game|mem_addr[4]                ; game_core:u_game|altsyncram:collision_mem_rtl_0|altsyncram_9r71:auto_generated|ram_block1a2~porta_address_reg0 ; 0.289             ;
; game_core:u_game|mem_addr[6]                ; game_core:u_game|altsyncram:collision_mem_rtl_0|altsyncram_9r71:auto_generated|ram_block1a2~porta_address_reg0 ; 0.282             ;
; game_core:u_game|mem_addr[8]                ; game_core:u_game|altsyncram:collision_mem_rtl_0|altsyncram_9r71:auto_generated|ram_block1a2~porta_address_reg0 ; 0.282             ;
; game_core:u_game|mem_wdata                  ; game_core:u_game|altsyncram:collision_mem_rtl_0|altsyncram_9r71:auto_generated|ram_block1a1~porta_datain_reg0  ; 0.281             ;
; game_core:u_game|mem_addr[5]                ; game_core:u_game|altsyncram:collision_mem_rtl_0|altsyncram_9r71:auto_generated|ram_block1a2~porta_address_reg0 ; 0.279             ;
; game_core:u_game|mem_addr[7]                ; game_core:u_game|altsyncram:collision_mem_rtl_0|altsyncram_9r71:auto_generated|ram_block1a2~porta_address_reg0 ; 0.279             ;
; game_core:u_game|mem_addr[9]                ; game_core:u_game|altsyncram:collision_mem_rtl_0|altsyncram_9r71:auto_generated|ram_block1a2~porta_address_reg0 ; 0.279             ;
; game_core:u_game|dd_sr[27]                  ; game_core:u_game|digit[2][2]                                                                                   ; 0.155             ;
; game_core:u_game|dd_sr[23]                  ; game_core:u_game|digit[1][2]                                                                                   ; 0.154             ;
; game_core:u_game|lat_x[5]                   ; game_core:u_game|pos_x[5]                                                                                      ; 0.148             ;
; game_core:u_game|lat_x[7]                   ; game_core:u_game|pos_x[7]                                                                                      ; 0.148             ;
; game_core:u_game|lat_y[4]                   ; game_core:u_game|pos_y[4]                                                                                      ; 0.148             ;
; game_core:u_game|lat_y[3]                   ; game_core:u_game|pos_y[3]                                                                                      ; 0.148             ;
; game_core:u_game|lat_y[2]                   ; game_core:u_game|pos_y[2]                                                                                      ; 0.148             ;
; game_core:u_game|lat_y[0]                   ; game_core:u_game|pos_y[0]                                                                                      ; 0.148             ;
; game_core:u_game|dd_sr[18]                  ; game_core:u_game|digit[0][1]                                                                                   ; 0.014             ;
; game_core:u_game|cell_row[0]                ; game_core:u_game|cell_row[2]                                                                                   ; 0.014             ;
; game_core:u_game|dd_sr[35]                  ; game_core:u_game|digit[4][2]                                                                                   ; 0.013             ;
; game_core:u_game|dd_sr[19]                  ; game_core:u_game|digit[0][2]                                                                                   ; 0.013             ;
; game_core:u_game|dd_sr[30]                  ; game_core:u_game|digit[3][1]                                                                                   ; 0.013             ;
; game_core:u_game|dd_sr[31]                  ; game_core:u_game|digit[3][2]                                                                                   ; 0.013             ;
; lcd_ili9341_ctrl:u_lcd|ret_id.R_FILL_CASET3 ; lcd_ili9341_ctrl:u_lcd|ret_id.R_FILL_CASET4                                                                    ; 0.012             ;
; lcd_ili9341_ctrl:u_lcd|ret_id.R_FILL_CASET4 ; lcd_ili9341_ctrl:u_lcd|ret_id.R_FILL_PASET1                                                                    ; 0.012             ;
; lcd_ili9341_ctrl:u_lcd|ret_id.R_FILL_PASET1 ; lcd_ili9341_ctrl:u_lcd|ret_id.R_FILL_PASET2                                                                    ; 0.012             ;
; lcd_ili9341_ctrl:u_lcd|ret_id.R_FILL_PASET2 ; lcd_ili9341_ctrl:u_lcd|ret_id.R_FILL_PASET3                                                                    ; 0.012             ;
; lcd_ili9341_ctrl:u_lcd|ret_id.R_FILL_PASET4 ; lcd_ili9341_ctrl:u_lcd|ret_id.R_FILL_RAMWR                                                                     ; 0.012             ;
; game_core:u_game|score_ret.S_GAMEOVER_DELAY ; game_core:u_game|state.S_GAMEOVER_DELAY                                                                        ; 0.012             ;
; game_core:u_game|state.S_LCD_INIT           ; game_core:u_game|req_cmd[1]                                                                                    ; 0.012             ;
+---------------------------------------------+----------------------------------------------------------------------------------------------------------------+-------------------+
Note: This table only shows the top 32 path(s) that have the largest delay added for hold.


+-----------------+
; Fitter Messages ;
+-----------------+
Warning (18236): Number of processors has not been specified which may cause overloading on shared machines.  Set the global assignment NUM_PARALLEL_PROCESSORS in your QSF to an appropriate value for best performance.
Info (20030): Parallel compilation is enabled and will use 16 of the 16 processors detected
Info (119006): Selected device 10M08SCE144C8G for design "line_game_top"
Info (22896): The CONFIG_SEL pin is disabled. It is not supported for MAX 10 devices with compact features.
Info (21077): Low junction temperature is 0 degrees C
Info (21077): High junction temperature is 85 degrees C
Info (171003): Fitter is performing an Auto Fit compilation, which may decrease Fitter effort to reduce compilation time
Warning (292013): Feature LogicLock is only available with a valid subscription license. You can purchase a software subscription to gain full access to this feature.
Critical Warning (16562): Review the Power Analyzer report file (<design>.pow.rpt) to ensure your design is within the maximum power utilization limit of the single power-supply target device and to avoid functional failures.
Info (176444): Device migration not selected. If you intend to use device migration later, you may need to change the pin assignments as they may be incompatible with other devices
    Info (176445): Device 10M04SCE144C8G is compatible
    Info (176445): Device 10M16SCE144C8G is compatible
    Info (176445): Device 10M25SCE144C8G is compatible
Info (169124): Fitter converted 7 user pins into dedicated programming pins
    Info (169125): Pin ~ALTERA_TMS~ is reserved at location 16
    Info (169125): Pin ~ALTERA_TCK~ is reserved at location 18
    Info (169125): Pin ~ALTERA_TDI~ is reserved at location 19
    Info (169125): Pin ~ALTERA_TDO~ is reserved at location 20
    Info (169125): Pin ~ALTERA_nCONFIG~ is reserved at location 129
    Info (169125): Pin ~ALTERA_nSTATUS~ is reserved at location 136
    Info (169125): Pin ~ALTERA_CONF_DONE~ is reserved at location 138
Info (169141): DATA[0] dual-purpose pin not reserved
Info (12825): Data[1]/ASDO dual-purpose pin not reserved
Info (12825): nCSO dual-purpose pin not reserved
Info (12825): DCLK dual-purpose pin not reserved
Warning (15714): Some pins have incomplete I/O assignments. Refer to the I/O Assignment Warnings report for details
Info (176045): Design uses memory blocks. Violating setup or hold times of memory block address registers for either read or write operations could cause memory contents to be corrupted. Make sure that all memory block address registers meet the setup and hold time requirements.
Critical Warning (332012): Synopsys Design Constraints File file not found: 'line_game_top.sdc'. A Synopsys Design Constraints File is required by the Timing Analyzer to get proper timing constraints. Without it, the Compiler will not properly optimize the design.
Info (332144): No user constrained base clocks found in the design
Info (332143): No user constrained clock uncertainty found in the design. Calling "derive_clock_uncertainty"
Info (332154): The derive_clock_uncertainty command did not apply clock uncertainty to any clock-to-clock transfers.
Info (332130): Timing requirements not specified -- quality metrics such as performance may be sacrificed to reduce compilation time.
Info (176353): Automatically promoted node clk~input (placed in PIN 88 (CLK2p, DIFFIO_RX_R14p, DIFFOUT_R14p, High_Speed)) File: H:/git/PCB_CQmax10/CQmax10/sample/line_game1/rtl/line_game_top.sv Line: 14
    Info (176355): Automatically promoted destinations to use location or clock signal Global Clock CLKCTRL_G9
Info (176233): Starting register packing
Info (176235): Finished register packing
    Extra Info (176218): Packed 10 registers into blocks of type Embedded multiplier block
    Extra Info (176220): Created 10 register duplicates
Info (171121): Fitter preparation operations ending: elapsed time is 00:00:02
Info (14896): Fitter has disabled Advanced Physical Optimization because it is not supported for the current family.
Info (170189): Fitter placement preparation operations beginning
Info (170190): Fitter placement preparation operations ending: elapsed time is 00:00:00
Info (170191): Fitter placement operations beginning
Info (170137): Fitter placement was successful
Info (170192): Fitter placement operations ending: elapsed time is 00:00:05
Info (170193): Fitter routing operations beginning
Info (170195): Router estimated average interconnect usage is 1% of the available device resources
    Info (170196): Router estimated peak interconnect usage is 6% of the available device resources in the region that extends from location X10_Y0 to location X20_Y12
Info (170199): The Fitter performed an Auto Fit compilation.  Optimizations were skipped to reduce compilation time.
    Info (170201): Optimizations that may affect the design's routability were skipped
Info (170194): Fitter routing operations ending: elapsed time is 00:00:02
Info (11888): Total time spent on timing analysis during the Fitter is 0.94 seconds.
Info (334003): Started post-fitting delay annotation
Info (334004): Delay annotation completed successfully
Info (334003): Started post-fitting delay annotation
Info (334004): Delay annotation completed successfully
Info (11218): Fitter post-fit operations ending: elapsed time is 00:00:02
Warning (169177): 3 pins must meet Intel FPGA requirements for 3.3-, 3.0-, and 2.5-V interfaces. For more information, refer to AN 447: Interfacing MAX 10 Devices with 3.3/3.0/2.5-V LVTTL/LVCMOS I/O Systems.
    Info (169178): Pin clk uses I/O standard 3.3-V LVTTL at 88 File: H:/git/PCB_CQmax10/CQmax10/sample/line_game1/rtl/line_game_top.sv Line: 14
    Info (169178): Pin btn_rst uses I/O standard 3.3-V LVTTL at 17 File: H:/git/PCB_CQmax10/CQmax10/sample/line_game1/rtl/line_game_top.sv Line: 15
    Info (169178): Pin Button uses I/O standard 3.3-V LVTTL at 62 File: H:/git/PCB_CQmax10/CQmax10/sample/line_game1/rtl/line_game_top.sv Line: 16
Warning (169202): Inconsistent VCCIO across multiple banks of configuration pins. The configuration pins are contained in 2 banks in 'Internal Configuration' configuration scheme and there are 2 different VCCIOs.
Info (144001): Generated suppressed messages file H:/git/PCB_CQmax10/CQmax10/sample/line_game1/output_files/line_game_top.fit.smsg
Info: Quartus Prime Fitter was successful. 0 errors, 7 warnings
    Info: Peak virtual memory: 6550 megabytes
    Info: Processing ended: Wed Sep 23 05:44:14 2026
    Info: Elapsed time: 00:00:14
    Info: Total CPU time (on all processors): 00:00:39


+----------------------------+
; Fitter Suppressed Messages ;
+----------------------------+
The suppressed messages can be found in H:/git/PCB_CQmax10/CQmax10/sample/line_game1/output_files/line_game_top.fit.smsg.


