Analysis & Synthesis report for line_game_top
Wed Sep  2 01:00:11 2026
Quartus Prime Version 25.1std.0 Build 1129 10/21/2025 SC Lite Edition


---------------------
; Table of Contents ;
---------------------
  1. Legal Notice
  2. Analysis & Synthesis Summary
  3. Analysis & Synthesis Settings
  4. Parallel Compilation
  5. Analysis & Synthesis Source Files Read
  6. Analysis & Synthesis Resource Usage Summary
  7. Analysis & Synthesis Resource Utilization by Entity
  8. Analysis & Synthesis RAM Summary
  9. Analysis & Synthesis DSP Block Usage Summary
 10. State Machine - |line_game_top|lcd_ili9341_ctrl:u_lcd|ret_id
 11. State Machine - |line_game_top|lcd_ili9341_ctrl:u_lcd|state
 12. State Machine - |line_game_top|lcd_ili9341_ctrl:u_lcd|spi_byte_master:u_spi|state
 13. State Machine - |line_game_top|game_core:u_game|state
 14. Registers Removed During Synthesis
 15. General Register Statistics
 16. Registers Packed Into Inferred Megafunctions
 17. Multiplexer Restructuring Statistics (Restructuring Performed)
 18. Source assignments for game_core:u_game|altsyncram:collision_mem_rtl_0|altsyncram_9r71:auto_generated
 19. Parameter Settings for User Entity Instance: reset_sync:u_reset
 20. Parameter Settings for User Entity Instance: debounce:u_debounce
 21. Parameter Settings for User Entity Instance: game_core:u_game
 22. Parameter Settings for User Entity Instance: lcd_ili9341_ctrl:u_lcd
 23. Parameter Settings for User Entity Instance: lcd_ili9341_ctrl:u_lcd|spi_byte_master:u_spi
 24. Parameter Settings for Inferred Entity Instance: game_core:u_game|altsyncram:collision_mem_rtl_0
 25. Parameter Settings for Inferred Entity Instance: lcd_ili9341_ctrl:u_lcd|lpm_mult:Mult0
 26. Parameter Settings for Inferred Entity Instance: lcd_ili9341_ctrl:u_lcd|lpm_mult:Mult1
 27. Parameter Settings for Inferred Entity Instance: game_core:u_game|lpm_mult:Mult0
 28. altsyncram Parameter Settings by Entity Instance
 29. lpm_mult Parameter Settings by Entity Instance
 30. Post-Synthesis Netlist Statistics for Top Partition
 31. Elapsed Time Per Partition
 32. Analysis & Synthesis Messages
 33. Analysis & Synthesis Suppressed Messages



----------------
; Legal Notice ;
----------------
Copyright (C) 2025  Altera Corporation. All rights reserved.
Your use of Altera Corporation's design tools, logic functions 
and other software and tools, and any partner logic 
functions, and any output files from any of the foregoing 
(including device programming or simulation files), and any 
associated documentation or information are expressly subject 
to the terms and conditions of the Altera Program License 
Subscription Agreement, the Altera Quartus Prime License Agreement,
the Altera IP License Agreement, or other applicable license
agreement, including, without limitation, that your use is for
the sole purpose of programming logic devices manufactured by
Altera and sold by Altera or its authorized distributors.  Please
refer to the Altera Software License Subscription Agreements 
on the Quartus Prime software download page.



+--------------------------------------------------------------------------------------+
; Analysis & Synthesis Summary                                                         ;
+------------------------------------+-------------------------------------------------+
; Analysis & Synthesis Status        ; Successful - Wed Sep  2 01:00:11 2026           ;
; Quartus Prime Version              ; 25.1std.0 Build 1129 10/21/2025 SC Lite Edition ;
; Revision Name                      ; line_game_top                                   ;
; Top-level Entity Name              ; line_game_top                                   ;
; Family                             ; MAX 10                                          ;
; Total logic elements               ; 999                                             ;
;     Total combinational functions  ; 971                                             ;
;     Dedicated logic registers      ; 468                                             ;
; Total registers                    ; 468                                             ;
; Total pins                         ; 7                                               ;
; Total virtual pins                 ; 0                                               ;
; Total memory bits                  ; 64,000                                          ;
; Embedded Multiplier 9-bit elements ; 1                                               ;
; Total PLLs                         ; 0                                               ;
; UFM blocks                         ; 0                                               ;
; ADC blocks                         ; 0                                               ;
+------------------------------------+-------------------------------------------------+


+------------------------------------------------------------------------------------------------------------+
; Analysis & Synthesis Settings                                                                              ;
+------------------------------------------------------------------+--------------------+--------------------+
; Option                                                           ; Setting            ; Default Value      ;
+------------------------------------------------------------------+--------------------+--------------------+
; Device                                                           ; 10M08SCE144C8G     ;                    ;
; Top-level entity name                                            ; line_game_top      ; line_game_top      ;
; Family name                                                      ; MAX 10             ; Cyclone V          ;
; Use smart compilation                                            ; Off                ; Off                ;
; Enable parallel Assembler and Timing Analyzer during compilation ; On                 ; On                 ;
; Enable compact report table                                      ; Off                ; Off                ;
; Restructure Multiplexers                                         ; Auto               ; Auto               ;
; Create Debugging Nodes for IP Cores                              ; Off                ; Off                ;
; Preserve fewer node names                                        ; On                 ; On                 ;
; Intel FPGA IP Evaluation Mode                                    ; Enable             ; Enable             ;
; Verilog Version                                                  ; Verilog_2001       ; Verilog_2001       ;
; VHDL Version                                                     ; VHDL_1993          ; VHDL_1993          ;
; State Machine Processing                                         ; Auto               ; Auto               ;
; Safe State Machine                                               ; Off                ; Off                ;
; Extract Verilog State Machines                                   ; On                 ; On                 ;
; Extract VHDL State Machines                                      ; On                 ; On                 ;
; Ignore Verilog initial constructs                                ; Off                ; Off                ;
; Iteration limit for constant Verilog loops                       ; 5000               ; 5000               ;
; Iteration limit for non-constant Verilog loops                   ; 250                ; 250                ;
; Add Pass-Through Logic to Inferred RAMs                          ; On                 ; On                 ;
; Infer RAMs from Raw Logic                                        ; On                 ; On                 ;
; Parallel Synthesis                                               ; On                 ; On                 ;
; DSP Block Balancing                                              ; Auto               ; Auto               ;
; NOT Gate Push-Back                                               ; On                 ; On                 ;
; Power-Up Don't Care                                              ; On                 ; On                 ;
; Remove Redundant Logic Cells                                     ; Off                ; Off                ;
; Remove Duplicate Registers                                       ; On                 ; On                 ;
; Ignore CARRY Buffers                                             ; Off                ; Off                ;
; Ignore CASCADE Buffers                                           ; Off                ; Off                ;
; Ignore GLOBAL Buffers                                            ; Off                ; Off                ;
; Ignore ROW GLOBAL Buffers                                        ; Off                ; Off                ;
; Ignore LCELL Buffers                                             ; Off                ; Off                ;
; Ignore SOFT Buffers                                              ; On                 ; On                 ;
; Limit AHDL Integers to 32 Bits                                   ; Off                ; Off                ;
; Optimization Technique                                           ; Balanced           ; Balanced           ;
; Carry Chain Length                                               ; 70                 ; 70                 ;
; Auto Carry Chains                                                ; On                 ; On                 ;
; Auto Open-Drain Pins                                             ; On                 ; On                 ;
; Perform WYSIWYG Primitive Resynthesis                            ; Off                ; Off                ;
; Auto ROM Replacement                                             ; On                 ; On                 ;
; Auto RAM Replacement                                             ; On                 ; On                 ;
; Auto DSP Block Replacement                                       ; On                 ; On                 ;
; Auto Shift Register Replacement                                  ; Auto               ; Auto               ;
; Allow Shift Register Merging across Hierarchies                  ; Auto               ; Auto               ;
; Auto Clock Enable Replacement                                    ; On                 ; On                 ;
; Strict RAM Replacement                                           ; Off                ; Off                ;
; Allow Synchronous Control Signals                                ; On                 ; On                 ;
; Force Use of Synchronous Clear Signals                           ; Off                ; Off                ;
; Auto RAM Block Balancing                                         ; On                 ; On                 ;
; Auto RAM to Logic Cell Conversion                                ; Off                ; Off                ;
; Auto Resource Sharing                                            ; Off                ; Off                ;
; Allow Any RAM Size For Recognition                               ; Off                ; Off                ;
; Allow Any ROM Size For Recognition                               ; Off                ; Off                ;
; Allow Any Shift Register Size For Recognition                    ; Off                ; Off                ;
; Use LogicLock Constraints during Resource Balancing              ; On                 ; On                 ;
; Ignore translate_off and synthesis_off directives                ; Off                ; Off                ;
; Timing-Driven Synthesis                                          ; On                 ; On                 ;
; Report Parameter Settings                                        ; On                 ; On                 ;
; Report Source Assignments                                        ; On                 ; On                 ;
; Report Connectivity Checks                                       ; On                 ; On                 ;
; Ignore Maximum Fan-Out Assignments                               ; Off                ; Off                ;
; Synchronization Register Chain Length                            ; 2                  ; 2                  ;
; Power Optimization During Synthesis                              ; Normal compilation ; Normal compilation ;
; HDL message level                                                ; Level2             ; Level2             ;
; Suppress Register Optimization Related Messages                  ; Off                ; Off                ;
; Number of Removed Registers Reported in Synthesis Report         ; 5000               ; 5000               ;
; Number of Swept Nodes Reported in Synthesis Report               ; 5000               ; 5000               ;
; Number of Inverted Registers Reported in Synthesis Report        ; 100                ; 100                ;
; Clock MUX Protection                                             ; On                 ; On                 ;
; Auto Gated Clock Conversion                                      ; Off                ; Off                ;
; Block Design Naming                                              ; Auto               ; Auto               ;
; SDC constraint protection                                        ; Off                ; Off                ;
; Synthesis Effort                                                 ; Auto               ; Auto               ;
; Shift Register Replacement - Allow Asynchronous Clear Signal     ; On                 ; On                 ;
; Pre-Mapping Resynthesis Optimization                             ; Off                ; Off                ;
; Analysis & Synthesis Message Level                               ; Medium             ; Medium             ;
; Disable Register Merging Across Hierarchies                      ; Auto               ; Auto               ;
; Resource Aware Inference For Block RAM                           ; On                 ; On                 ;
+------------------------------------------------------------------+--------------------+--------------------+


+------------------------------------------+
; Parallel Compilation                     ;
+----------------------------+-------------+
; Processors                 ; Number      ;
+----------------------------+-------------+
; Number detected on machine ; 36          ;
; Maximum allowed            ; 16          ;
;                            ;             ;
; Average used               ; 1.01        ;
; Maximum used               ; 16          ;
;                            ;             ;
; Usage by Processor         ; % Time Used ;
;     Processor 1            ; 100.0%      ;
;     Processor 2            ;   0.1%      ;
;     Processor 3            ;   0.1%      ;
;     Processor 4            ;   0.0%      ;
;     Processor 5            ;   0.0%      ;
;     Processor 6            ;   0.0%      ;
;     Processor 7            ;   0.0%      ;
;     Processor 8            ;   0.0%      ;
;     Processors 9-16        ;   0.0%      ;
+----------------------------+-------------+


+------------------------------------------------------------------------------------------------------------------------------------------------------------------------------+
; Analysis & Synthesis Source Files Read                                                                                                                                       ;
+----------------------------------+-----------------+------------------------------+--------------------------------------------------------------------------------+---------+
; File Name with User-Entered Path ; Used in Netlist ; File Type                    ; File Name with Absolute Path                                                   ; Library ;
+----------------------------------+-----------------+------------------------------+--------------------------------------------------------------------------------+---------+
; rtl/spi_byte_master.sv           ; yes             ; User SystemVerilog HDL File  ; H:/git/PCB_CQmax10/CQmax10/sample/line_game1/rtl/spi_byte_master.sv            ;         ;
; rtl/reset_sync.sv                ; yes             ; User SystemVerilog HDL File  ; H:/git/PCB_CQmax10/CQmax10/sample/line_game1/rtl/reset_sync.sv                 ;         ;
; rtl/line_game_top.sv             ; yes             ; User SystemVerilog HDL File  ; H:/git/PCB_CQmax10/CQmax10/sample/line_game1/rtl/line_game_top.sv              ;         ;
; rtl/lcd_ili9341_ctrl.sv          ; yes             ; User SystemVerilog HDL File  ; H:/git/PCB_CQmax10/CQmax10/sample/line_game1/rtl/lcd_ili9341_ctrl.sv           ;         ;
; rtl/game_core.sv                 ; yes             ; User SystemVerilog HDL File  ; H:/git/PCB_CQmax10/CQmax10/sample/line_game1/rtl/game_core.sv                  ;         ;
; rtl/debounce.sv                  ; yes             ; User SystemVerilog HDL File  ; H:/git/PCB_CQmax10/CQmax10/sample/line_game1/rtl/debounce.sv                   ;         ;
; altsyncram.tdf                   ; yes             ; Megafunction                 ; h:/altera_lite/25.1std/quartus/libraries/megafunctions/altsyncram.tdf          ;         ;
; stratix_ram_block.inc            ; yes             ; Megafunction                 ; h:/altera_lite/25.1std/quartus/libraries/megafunctions/stratix_ram_block.inc   ;         ;
; lpm_mux.inc                      ; yes             ; Megafunction                 ; h:/altera_lite/25.1std/quartus/libraries/megafunctions/lpm_mux.inc             ;         ;
; lpm_decode.inc                   ; yes             ; Megafunction                 ; h:/altera_lite/25.1std/quartus/libraries/megafunctions/lpm_decode.inc          ;         ;
; aglobal251.inc                   ; yes             ; Megafunction                 ; h:/altera_lite/25.1std/quartus/libraries/megafunctions/aglobal251.inc          ;         ;
; a_rdenreg.inc                    ; yes             ; Megafunction                 ; h:/altera_lite/25.1std/quartus/libraries/megafunctions/a_rdenreg.inc           ;         ;
; altrom.inc                       ; yes             ; Megafunction                 ; h:/altera_lite/25.1std/quartus/libraries/megafunctions/altrom.inc              ;         ;
; altram.inc                       ; yes             ; Megafunction                 ; h:/altera_lite/25.1std/quartus/libraries/megafunctions/altram.inc              ;         ;
; altdpram.inc                     ; yes             ; Megafunction                 ; h:/altera_lite/25.1std/quartus/libraries/megafunctions/altdpram.inc            ;         ;
; db/altsyncram_9r71.tdf           ; yes             ; Auto-Generated Megafunction  ; H:/git/PCB_CQmax10/CQmax10/sample/line_game1/db/altsyncram_9r71.tdf            ;         ;
; db/decode_h7a.tdf                ; yes             ; Auto-Generated Megafunction  ; H:/git/PCB_CQmax10/CQmax10/sample/line_game1/db/decode_h7a.tdf                 ;         ;
; db/decode_aj9.tdf                ; yes             ; Auto-Generated Megafunction  ; H:/git/PCB_CQmax10/CQmax10/sample/line_game1/db/decode_aj9.tdf                 ;         ;
; db/mux_q1b.tdf                   ; yes             ; Auto-Generated Megafunction  ; H:/git/PCB_CQmax10/CQmax10/sample/line_game1/db/mux_q1b.tdf                    ;         ;
; lpm_mult.tdf                     ; yes             ; Megafunction                 ; h:/altera_lite/25.1std/quartus/libraries/megafunctions/lpm_mult.tdf            ;         ;
; lpm_add_sub.inc                  ; yes             ; Megafunction                 ; h:/altera_lite/25.1std/quartus/libraries/megafunctions/lpm_add_sub.inc         ;         ;
; multcore.inc                     ; yes             ; Megafunction                 ; h:/altera_lite/25.1std/quartus/libraries/megafunctions/multcore.inc            ;         ;
; bypassff.inc                     ; yes             ; Megafunction                 ; h:/altera_lite/25.1std/quartus/libraries/megafunctions/bypassff.inc            ;         ;
; altshift.inc                     ; yes             ; Megafunction                 ; h:/altera_lite/25.1std/quartus/libraries/megafunctions/altshift.inc            ;         ;
; db/mult_2ls.tdf                  ; yes             ; Auto-Generated Megafunction  ; H:/git/PCB_CQmax10/CQmax10/sample/line_game1/db/mult_2ls.tdf                   ;         ;
; multcore.tdf                     ; yes             ; Megafunction                 ; h:/altera_lite/25.1std/quartus/libraries/megafunctions/multcore.tdf            ;         ;
; csa_add.inc                      ; yes             ; Megafunction                 ; h:/altera_lite/25.1std/quartus/libraries/megafunctions/csa_add.inc             ;         ;
; mpar_add.inc                     ; yes             ; Megafunction                 ; h:/altera_lite/25.1std/quartus/libraries/megafunctions/mpar_add.inc            ;         ;
; muleabz.inc                      ; yes             ; Megafunction                 ; h:/altera_lite/25.1std/quartus/libraries/megafunctions/muleabz.inc             ;         ;
; mul_lfrg.inc                     ; yes             ; Megafunction                 ; h:/altera_lite/25.1std/quartus/libraries/megafunctions/mul_lfrg.inc            ;         ;
; mul_boothc.inc                   ; yes             ; Megafunction                 ; h:/altera_lite/25.1std/quartus/libraries/megafunctions/mul_boothc.inc          ;         ;
; alt_ded_mult.inc                 ; yes             ; Megafunction                 ; h:/altera_lite/25.1std/quartus/libraries/megafunctions/alt_ded_mult.inc        ;         ;
; alt_ded_mult_y.inc               ; yes             ; Megafunction                 ; h:/altera_lite/25.1std/quartus/libraries/megafunctions/alt_ded_mult_y.inc      ;         ;
; dffpipe.inc                      ; yes             ; Megafunction                 ; h:/altera_lite/25.1std/quartus/libraries/megafunctions/dffpipe.inc             ;         ;
; mpar_add.tdf                     ; yes             ; Megafunction                 ; h:/altera_lite/25.1std/quartus/libraries/megafunctions/mpar_add.tdf            ;         ;
; lpm_add_sub.tdf                  ; yes             ; Megafunction                 ; h:/altera_lite/25.1std/quartus/libraries/megafunctions/lpm_add_sub.tdf         ;         ;
; addcore.inc                      ; yes             ; Megafunction                 ; h:/altera_lite/25.1std/quartus/libraries/megafunctions/addcore.inc             ;         ;
; look_add.inc                     ; yes             ; Megafunction                 ; h:/altera_lite/25.1std/quartus/libraries/megafunctions/look_add.inc            ;         ;
; alt_stratix_add_sub.inc          ; yes             ; Megafunction                 ; h:/altera_lite/25.1std/quartus/libraries/megafunctions/alt_stratix_add_sub.inc ;         ;
; db/add_sub_arg.tdf               ; yes             ; Auto-Generated Megafunction  ; H:/git/PCB_CQmax10/CQmax10/sample/line_game1/db/add_sub_arg.tdf                ;         ;
; altshift.tdf                     ; yes             ; Megafunction                 ; h:/altera_lite/25.1std/quartus/libraries/megafunctions/altshift.tdf            ;         ;
+----------------------------------+-----------------+------------------------------+--------------------------------------------------------------------------------+---------+


+---------------------------------------------------------+
; Analysis & Synthesis Resource Usage Summary             ;
+---------------------------------------------+-----------+
; Resource                                    ; Usage     ;
+---------------------------------------------+-----------+
; Estimated Total logic elements              ; 999       ;
;                                             ;           ;
; Total combinational functions               ; 971       ;
; Logic element usage by number of LUT inputs ;           ;
;     -- 4 input functions                    ; 403       ;
;     -- 3 input functions                    ; 252       ;
;     -- <=2 input functions                  ; 316       ;
;                                             ;           ;
; Logic elements by mode                      ;           ;
;     -- normal mode                          ; 712       ;
;     -- arithmetic mode                      ; 259       ;
;                                             ;           ;
; Total registers                             ; 468       ;
;     -- Dedicated logic registers            ; 468       ;
;     -- I/O registers                        ; 0         ;
;                                             ;           ;
; I/O pins                                    ; 7         ;
; Total memory bits                           ; 64000     ;
;                                             ;           ;
; Embedded Multiplier 9-bit elements          ; 1         ;
;                                             ;           ;
; Maximum fan-out node                        ; clk~input ;
; Maximum fan-out                             ; 476       ;
; Total fan-out                               ; 4693      ;
; Average fan-out                             ; 3.21      ;
+---------------------------------------------+-----------+


+---------------------------------------------------------------------------------------------------------------------------------------------------------------------------------------------------------------------------------------------------------------------------------------------------------------------------------------------------------------------------------+
; Analysis & Synthesis Resource Utilization by Entity                                                                                                                                                                                                                                                                                                                             ;
+------------------------------------------------+---------------------+---------------------------+-------------+------------+--------------+---------+-----------+------+--------------+------------+-----------------------------------------------------------------------------------------------------------------------------------------+------------------+--------------+
; Compilation Hierarchy Node                     ; Combinational ALUTs ; Dedicated Logic Registers ; Memory Bits ; UFM Blocks ; DSP Elements ; DSP 9x9 ; DSP 18x18 ; Pins ; Virtual Pins ; ADC blocks ; Full Hierarchy Name                                                                                                                     ; Entity Name      ; Library Name ;
+------------------------------------------------+---------------------+---------------------------+-------------+------------+--------------+---------+-----------+------+--------------+------------+-----------------------------------------------------------------------------------------------------------------------------------------+------------------+--------------+
; |line_game_top                                 ; 971 (1)             ; 468 (0)                   ; 64000       ; 0          ; 1            ; 1       ; 0         ; 7    ; 0            ; 0          ; |line_game_top                                                                                                                          ; line_game_top    ; work         ;
;    |debounce:u_debounce|                       ; 31 (31)             ; 23 (23)                   ; 0           ; 0          ; 0            ; 0       ; 0         ; 0    ; 0            ; 0          ; |line_game_top|debounce:u_debounce                                                                                                      ; debounce         ; work         ;
;    |game_core:u_game|                          ; 577 (549)           ; 300 (297)                 ; 64000       ; 0          ; 0            ; 0       ; 0         ; 0    ; 0            ; 0          ; |line_game_top|game_core:u_game                                                                                                         ; game_core        ; work         ;
;       |altsyncram:collision_mem_rtl_0|         ; 22 (0)              ; 3 (0)                     ; 64000       ; 0          ; 0            ; 0       ; 0         ; 0    ; 0            ; 0          ; |line_game_top|game_core:u_game|altsyncram:collision_mem_rtl_0                                                                          ; altsyncram       ; work         ;
;          |altsyncram_9r71:auto_generated|      ; 22 (0)              ; 3 (3)                     ; 64000       ; 0          ; 0            ; 0       ; 0         ; 0    ; 0            ; 0          ; |line_game_top|game_core:u_game|altsyncram:collision_mem_rtl_0|altsyncram_9r71:auto_generated                                           ; altsyncram_9r71  ; work         ;
;             |decode_aj9:rden_decode|           ; 7 (7)               ; 0 (0)                     ; 0           ; 0          ; 0            ; 0       ; 0         ; 0    ; 0            ; 0          ; |line_game_top|game_core:u_game|altsyncram:collision_mem_rtl_0|altsyncram_9r71:auto_generated|decode_aj9:rden_decode                    ; decode_aj9       ; work         ;
;             |decode_h7a:decode3|               ; 9 (9)               ; 0 (0)                     ; 0           ; 0          ; 0            ; 0       ; 0         ; 0    ; 0            ; 0          ; |line_game_top|game_core:u_game|altsyncram:collision_mem_rtl_0|altsyncram_9r71:auto_generated|decode_h7a:decode3                        ; decode_h7a       ; work         ;
;             |mux_q1b:mux2|                     ; 6 (6)               ; 0 (0)                     ; 0           ; 0          ; 0            ; 0       ; 0         ; 0    ; 0            ; 0          ; |line_game_top|game_core:u_game|altsyncram:collision_mem_rtl_0|altsyncram_9r71:auto_generated|mux_q1b:mux2                              ; mux_q1b          ; work         ;
;       |lpm_mult:Mult0|                         ; 6 (0)               ; 0 (0)                     ; 0           ; 0          ; 0            ; 0       ; 0         ; 0    ; 0            ; 0          ; |line_game_top|game_core:u_game|lpm_mult:Mult0                                                                                          ; lpm_mult         ; work         ;
;          |multcore:mult_core|                  ; 6 (6)               ; 0 (0)                     ; 0           ; 0          ; 0            ; 0       ; 0         ; 0    ; 0            ; 0          ; |line_game_top|game_core:u_game|lpm_mult:Mult0|multcore:mult_core                                                                       ; multcore         ; work         ;
;    |lcd_ili9341_ctrl:u_lcd|                    ; 362 (273)           ; 142 (123)                 ; 0           ; 0          ; 1            ; 1       ; 0         ; 0    ; 0            ; 0          ; |line_game_top|lcd_ili9341_ctrl:u_lcd                                                                                                   ; lcd_ili9341_ctrl ; work         ;
;       |lpm_mult:Mult0|                         ; 0 (0)               ; 0 (0)                     ; 0           ; 0          ; 1            ; 1       ; 0         ; 0    ; 0            ; 0          ; |line_game_top|lcd_ili9341_ctrl:u_lcd|lpm_mult:Mult0                                                                                    ; lpm_mult         ; work         ;
;          |mult_2ls:auto_generated|             ; 0 (0)               ; 0 (0)                     ; 0           ; 0          ; 1            ; 1       ; 0         ; 0    ; 0            ; 0          ; |line_game_top|lcd_ili9341_ctrl:u_lcd|lpm_mult:Mult0|mult_2ls:auto_generated                                                            ; mult_2ls         ; work         ;
;       |lpm_mult:Mult1|                         ; 59 (0)              ; 0 (0)                     ; 0           ; 0          ; 0            ; 0       ; 0         ; 0    ; 0            ; 0          ; |line_game_top|lcd_ili9341_ctrl:u_lcd|lpm_mult:Mult1                                                                                    ; lpm_mult         ; work         ;
;          |multcore:mult_core|                  ; 59 (27)             ; 0 (0)                     ; 0           ; 0          ; 0            ; 0       ; 0         ; 0    ; 0            ; 0          ; |line_game_top|lcd_ili9341_ctrl:u_lcd|lpm_mult:Mult1|multcore:mult_core                                                                 ; multcore         ; work         ;
;             |mpar_add:padder|                  ; 32 (0)              ; 0 (0)                     ; 0           ; 0          ; 0            ; 0       ; 0         ; 0    ; 0            ; 0          ; |line_game_top|lcd_ili9341_ctrl:u_lcd|lpm_mult:Mult1|multcore:mult_core|mpar_add:padder                                                 ; mpar_add         ; work         ;
;                |lpm_add_sub:adder[0]|          ; 32 (0)              ; 0 (0)                     ; 0           ; 0          ; 0            ; 0       ; 0         ; 0    ; 0            ; 0          ; |line_game_top|lcd_ili9341_ctrl:u_lcd|lpm_mult:Mult1|multcore:mult_core|mpar_add:padder|lpm_add_sub:adder[0]                            ; lpm_add_sub      ; work         ;
;                   |add_sub_arg:auto_generated| ; 32 (32)             ; 0 (0)                     ; 0           ; 0          ; 0            ; 0       ; 0         ; 0    ; 0            ; 0          ; |line_game_top|lcd_ili9341_ctrl:u_lcd|lpm_mult:Mult1|multcore:mult_core|mpar_add:padder|lpm_add_sub:adder[0]|add_sub_arg:auto_generated ; add_sub_arg      ; work         ;
;       |spi_byte_master:u_spi|                  ; 30 (30)             ; 19 (19)                   ; 0           ; 0          ; 0            ; 0       ; 0         ; 0    ; 0            ; 0          ; |line_game_top|lcd_ili9341_ctrl:u_lcd|spi_byte_master:u_spi                                                                             ; spi_byte_master  ; work         ;
;    |reset_sync:u_reset|                        ; 0 (0)               ; 3 (3)                     ; 0           ; 0          ; 0            ; 0       ; 0         ; 0    ; 0            ; 0          ; |line_game_top|reset_sync:u_reset                                                                                                       ; reset_sync       ; work         ;
+------------------------------------------------+---------------------+---------------------------+-------------+------------+--------------+---------+-----------+------+--------------+------------+-----------------------------------------------------------------------------------------------------------------------------------------+------------------+--------------+
Note: For table entries with two numbers listed, the numbers in parentheses indicate the number of resources of the given type used by the specific entity alone. The numbers listed outside of parentheses indicate the total resources of the given type used by the specific entity and all of its sub-entities in the hierarchy.


+-------------------------------------------------------------------------------------------------------------------------------------------------------------------------------------------+
; Analysis & Synthesis RAM Summary                                                                                                                                                          ;
+-------------------------------------------------------------------------------------------+------+-------------+--------------+--------------+--------------+--------------+-------+------+
; Name                                                                                      ; Type ; Mode        ; Port A Depth ; Port A Width ; Port B Depth ; Port B Width ; Size  ; MIF  ;
+-------------------------------------------------------------------------------------------+------+-------------+--------------+--------------+--------------+--------------+-------+------+
; game_core:u_game|altsyncram:collision_mem_rtl_0|altsyncram_9r71:auto_generated|ALTSYNCRAM ; AUTO ; Single Port ; 64000        ; 1            ; --           ; --           ; 64000 ; None ;
+-------------------------------------------------------------------------------------------+------+-------------+--------------+--------------+--------------+--------------+-------+------+


+-----------------------------------------------------+
; Analysis & Synthesis DSP Block Usage Summary        ;
+---------------------------------------+-------------+
; Statistic                             ; Number Used ;
+---------------------------------------+-------------+
; Simple Multipliers (9-bit)            ; 1           ;
; Simple Multipliers (18-bit)           ; 0           ;
; Embedded Multiplier Blocks            ; --          ;
; Embedded Multiplier 9-bit elements    ; 1           ;
; Signed Embedded Multipliers           ; 0           ;
; Unsigned Embedded Multipliers         ; 1           ;
; Mixed Sign Embedded Multipliers       ; 0           ;
; Variable Sign Embedded Multipliers    ; 0           ;
; Dedicated Input Shift Register Chains ; 0           ;
+---------------------------------------+-------------+
Note: number of Embedded Multiplier Blocks used is only available after a successful fit.


Encoding Type:  One-Hot
+--------------------------------------------------------------------------------------------------------------------------------------------------------------------------------------------------------------------------------------------------------------------------------------------+
; State Machine - |line_game_top|lcd_ili9341_ctrl:u_lcd|ret_id                                                                                                                                                                                                                               ;
+----------------------------+----------------------------+---------------------+----------------------+----------------------+----------------------+----------------------+----------------------+----------------------+----------------------+----------------------+--------------------+
; Name                       ; ret_id.R_FILL_STREAM_ENTRY ; ret_id.R_FILL_RAMWR ; ret_id.R_FILL_PASET4 ; ret_id.R_FILL_PASET3 ; ret_id.R_FILL_PASET2 ; ret_id.R_FILL_PASET1 ; ret_id.R_FILL_CASET4 ; ret_id.R_FILL_CASET3 ; ret_id.R_FILL_CASET2 ; ret_id.R_FILL_CASET1 ; ret_id.R_INIT_NEXT ;
+----------------------------+----------------------------+---------------------+----------------------+----------------------+----------------------+----------------------+----------------------+----------------------+----------------------+----------------------+--------------------+
; ret_id.R_INIT_NEXT         ; 0                          ; 0                   ; 0                    ; 0                    ; 0                    ; 0                    ; 0                    ; 0                    ; 0                    ; 0                    ; 0                  ;
; ret_id.R_FILL_CASET1       ; 0                          ; 0                   ; 0                    ; 0                    ; 0                    ; 0                    ; 0                    ; 0                    ; 0                    ; 1                    ; 1                  ;
; ret_id.R_FILL_CASET2       ; 0                          ; 0                   ; 0                    ; 0                    ; 0                    ; 0                    ; 0                    ; 0                    ; 1                    ; 0                    ; 1                  ;
; ret_id.R_FILL_CASET3       ; 0                          ; 0                   ; 0                    ; 0                    ; 0                    ; 0                    ; 0                    ; 1                    ; 0                    ; 0                    ; 1                  ;
; ret_id.R_FILL_CASET4       ; 0                          ; 0                   ; 0                    ; 0                    ; 0                    ; 0                    ; 1                    ; 0                    ; 0                    ; 0                    ; 1                  ;
; ret_id.R_FILL_PASET1       ; 0                          ; 0                   ; 0                    ; 0                    ; 0                    ; 1                    ; 0                    ; 0                    ; 0                    ; 0                    ; 1                  ;
; ret_id.R_FILL_PASET2       ; 0                          ; 0                   ; 0                    ; 0                    ; 1                    ; 0                    ; 0                    ; 0                    ; 0                    ; 0                    ; 1                  ;
; ret_id.R_FILL_PASET3       ; 0                          ; 0                   ; 0                    ; 1                    ; 0                    ; 0                    ; 0                    ; 0                    ; 0                    ; 0                    ; 1                  ;
; ret_id.R_FILL_PASET4       ; 0                          ; 0                   ; 1                    ; 0                    ; 0                    ; 0                    ; 0                    ; 0                    ; 0                    ; 0                    ; 1                  ;
; ret_id.R_FILL_RAMWR        ; 0                          ; 1                   ; 0                    ; 0                    ; 0                    ; 0                    ; 0                    ; 0                    ; 0                    ; 0                    ; 1                  ;
; ret_id.R_FILL_STREAM_ENTRY ; 1                          ; 0                   ; 0                    ; 0                    ; 0                    ; 0                    ; 0                    ; 0                    ; 0                    ; 0                    ; 1                  ;
+----------------------------+----------------------------+---------------------+----------------------+----------------------+----------------------+----------------------+----------------------+----------------------+----------------------+----------------------+--------------------+


Encoding Type:  One-Hot
+-----------------------------------------------------------------------------------------------------------------------------------------------------------+
; State Machine - |line_game_top|lcd_ili9341_ctrl:u_lcd|state                                                                                               ;
+---------------------+---------------------+--------------------+-------------------+--------------+--------------------+-------------------+--------------+
; Name                ; state.S_FILL_STREAM ; state.S_FILL_START ; state.S_SEND_WAIT ; state.S_SEND ; state.S_INIT_DELAY ; state.S_INIT_STEP ; state.S_IDLE ;
+---------------------+---------------------+--------------------+-------------------+--------------+--------------------+-------------------+--------------+
; state.S_IDLE        ; 0                   ; 0                  ; 0                 ; 0            ; 0                  ; 0                 ; 0            ;
; state.S_INIT_STEP   ; 0                   ; 0                  ; 0                 ; 0            ; 0                  ; 1                 ; 1            ;
; state.S_INIT_DELAY  ; 0                   ; 0                  ; 0                 ; 0            ; 1                  ; 0                 ; 1            ;
; state.S_SEND        ; 0                   ; 0                  ; 0                 ; 1            ; 0                  ; 0                 ; 1            ;
; state.S_SEND_WAIT   ; 0                   ; 0                  ; 1                 ; 0            ; 0                  ; 0                 ; 1            ;
; state.S_FILL_START  ; 0                   ; 1                  ; 0                 ; 0            ; 0                  ; 0                 ; 1            ;
; state.S_FILL_STREAM ; 1                   ; 0                  ; 0                 ; 0            ; 0                  ; 0                 ; 1            ;
+---------------------+---------------------+--------------------+-------------------+--------------+--------------------+-------------------+--------------+


Encoding Type:  One-Hot
+-----------------------------------------------------------------------------------+
; State Machine - |line_game_top|lcd_ili9341_ctrl:u_lcd|spi_byte_master:u_spi|state ;
+--------------+--------------+--------------+--------------------------------------+
; Name         ; state.S_IDLE ; state.S_HIGH ; state.S_LOW                          ;
+--------------+--------------+--------------+--------------------------------------+
; state.S_IDLE ; 0            ; 0            ; 0                                    ;
; state.S_LOW  ; 1            ; 0            ; 1                                    ;
; state.S_HIGH ; 1            ; 1            ; 0                                    ;
+--------------+--------------+--------------+--------------------------------------+


Encoding Type:  One-Hot
+-----------------------------------------------------------------------------------------------------------------------------------------------------------------------------------------------------------------------------------------------------------------------------------------------------------------------------------------------------------------------------------------------------------------------------------------------------------------------------------------------------------------------------------------------------------------------------------------------------------------------------------------------------------------------+
; State Machine - |line_game_top|game_core:u_game|state                                                                                                                                                                                                                                                                                                                                                                                                                                                                                                                                                                                                                 ;
+-------------------------------+-----------------------------+-------------------------------+------------------------+-------------------------+-------------------------+-------------------------+------------------------+-------------------+--------------------+-----------------------+------------------+-----------------------+-----------------------+---------------------+-----------------------+--------------------------+---------------------+---------------------+---------------------+-----------------------+------------------+--------------------------+---------------------+-------------------+-----------------------+------------------+
; Name                          ; state.S_GAMEOVER_WAIT_PRESS ; state.S_GAMEOVER_WAIT_RELEASE ; state.S_GAMEOVER_DELAY ; state.S_SCORE_CELL_WAIT ; state.S_SCORE_CELL_DRAW ; state.S_SCORE_CELL_NEXT ; state.S_SCORE_BCD_ITER ; state.S_SCORE_BCD ; state.S_RUN_COMMIT ; state.S_RUN_DRAW_WAIT ; state.S_RUN_DRAW ; state.S_RUN_COLL_READ ; state.S_RUN_COLL_ADDR ; state.S_RUN_COMPUTE ; state.S_RUN_WAIT_TICK ; state.S_ORIGIN_DRAW_WAIT ; state.S_ORIGIN_DRAW ; state.S_ORIGIN_MARK ; state.S_ORIGIN_ADDR ; state.S_DIV_LINE_WAIT ; state.S_DIV_LINE ; state.S_FIELD_CLEAR_WAIT ; state.S_FIELD_CLEAR ; state.S_MEM_CLEAR ; state.S_LCD_INIT_WAIT ; state.S_LCD_INIT ;
+-------------------------------+-----------------------------+-------------------------------+------------------------+-------------------------+-------------------------+-------------------------+------------------------+-------------------+--------------------+-----------------------+------------------+-----------------------+-----------------------+---------------------+-----------------------+--------------------------+---------------------+---------------------+---------------------+-----------------------+------------------+--------------------------+---------------------+-------------------+-----------------------+------------------+
; state.S_LCD_INIT              ; 0                           ; 0                             ; 0                      ; 0                       ; 0                       ; 0                       ; 0                      ; 0                 ; 0                  ; 0                     ; 0                ; 0                     ; 0                     ; 0                   ; 0                     ; 0                        ; 0                   ; 0                   ; 0                   ; 0                     ; 0                ; 0                        ; 0                   ; 0                 ; 0                     ; 0                ;
; state.S_LCD_INIT_WAIT         ; 0                           ; 0                             ; 0                      ; 0                       ; 0                       ; 0                       ; 0                      ; 0                 ; 0                  ; 0                     ; 0                ; 0                     ; 0                     ; 0                   ; 0                     ; 0                        ; 0                   ; 0                   ; 0                   ; 0                     ; 0                ; 0                        ; 0                   ; 0                 ; 1                     ; 1                ;
; state.S_MEM_CLEAR             ; 0                           ; 0                             ; 0                      ; 0                       ; 0                       ; 0                       ; 0                      ; 0                 ; 0                  ; 0                     ; 0                ; 0                     ; 0                     ; 0                   ; 0                     ; 0                        ; 0                   ; 0                   ; 0                   ; 0                     ; 0                ; 0                        ; 0                   ; 1                 ; 0                     ; 1                ;
; state.S_FIELD_CLEAR           ; 0                           ; 0                             ; 0                      ; 0                       ; 0                       ; 0                       ; 0                      ; 0                 ; 0                  ; 0                     ; 0                ; 0                     ; 0                     ; 0                   ; 0                     ; 0                        ; 0                   ; 0                   ; 0                   ; 0                     ; 0                ; 0                        ; 1                   ; 0                 ; 0                     ; 1                ;
; state.S_FIELD_CLEAR_WAIT      ; 0                           ; 0                             ; 0                      ; 0                       ; 0                       ; 0                       ; 0                      ; 0                 ; 0                  ; 0                     ; 0                ; 0                     ; 0                     ; 0                   ; 0                     ; 0                        ; 0                   ; 0                   ; 0                   ; 0                     ; 0                ; 1                        ; 0                   ; 0                 ; 0                     ; 1                ;
; state.S_DIV_LINE              ; 0                           ; 0                             ; 0                      ; 0                       ; 0                       ; 0                       ; 0                      ; 0                 ; 0                  ; 0                     ; 0                ; 0                     ; 0                     ; 0                   ; 0                     ; 0                        ; 0                   ; 0                   ; 0                   ; 0                     ; 1                ; 0                        ; 0                   ; 0                 ; 0                     ; 1                ;
; state.S_DIV_LINE_WAIT         ; 0                           ; 0                             ; 0                      ; 0                       ; 0                       ; 0                       ; 0                      ; 0                 ; 0                  ; 0                     ; 0                ; 0                     ; 0                     ; 0                   ; 0                     ; 0                        ; 0                   ; 0                   ; 0                   ; 1                     ; 0                ; 0                        ; 0                   ; 0                 ; 0                     ; 1                ;
; state.S_ORIGIN_ADDR           ; 0                           ; 0                             ; 0                      ; 0                       ; 0                       ; 0                       ; 0                      ; 0                 ; 0                  ; 0                     ; 0                ; 0                     ; 0                     ; 0                   ; 0                     ; 0                        ; 0                   ; 0                   ; 1                   ; 0                     ; 0                ; 0                        ; 0                   ; 0                 ; 0                     ; 1                ;
; state.S_ORIGIN_MARK           ; 0                           ; 0                             ; 0                      ; 0                       ; 0                       ; 0                       ; 0                      ; 0                 ; 0                  ; 0                     ; 0                ; 0                     ; 0                     ; 0                   ; 0                     ; 0                        ; 0                   ; 1                   ; 0                   ; 0                     ; 0                ; 0                        ; 0                   ; 0                 ; 0                     ; 1                ;
; state.S_ORIGIN_DRAW           ; 0                           ; 0                             ; 0                      ; 0                       ; 0                       ; 0                       ; 0                      ; 0                 ; 0                  ; 0                     ; 0                ; 0                     ; 0                     ; 0                   ; 0                     ; 0                        ; 1                   ; 0                   ; 0                   ; 0                     ; 0                ; 0                        ; 0                   ; 0                 ; 0                     ; 1                ;
; state.S_ORIGIN_DRAW_WAIT      ; 0                           ; 0                             ; 0                      ; 0                       ; 0                       ; 0                       ; 0                      ; 0                 ; 0                  ; 0                     ; 0                ; 0                     ; 0                     ; 0                   ; 0                     ; 1                        ; 0                   ; 0                   ; 0                   ; 0                     ; 0                ; 0                        ; 0                   ; 0                 ; 0                     ; 1                ;
; state.S_RUN_WAIT_TICK         ; 0                           ; 0                             ; 0                      ; 0                       ; 0                       ; 0                       ; 0                      ; 0                 ; 0                  ; 0                     ; 0                ; 0                     ; 0                     ; 0                   ; 1                     ; 0                        ; 0                   ; 0                   ; 0                   ; 0                     ; 0                ; 0                        ; 0                   ; 0                 ; 0                     ; 1                ;
; state.S_RUN_COMPUTE           ; 0                           ; 0                             ; 0                      ; 0                       ; 0                       ; 0                       ; 0                      ; 0                 ; 0                  ; 0                     ; 0                ; 0                     ; 0                     ; 1                   ; 0                     ; 0                        ; 0                   ; 0                   ; 0                   ; 0                     ; 0                ; 0                        ; 0                   ; 0                 ; 0                     ; 1                ;
; state.S_RUN_COLL_ADDR         ; 0                           ; 0                             ; 0                      ; 0                       ; 0                       ; 0                       ; 0                      ; 0                 ; 0                  ; 0                     ; 0                ; 0                     ; 1                     ; 0                   ; 0                     ; 0                        ; 0                   ; 0                   ; 0                   ; 0                     ; 0                ; 0                        ; 0                   ; 0                 ; 0                     ; 1                ;
; state.S_RUN_COLL_READ         ; 0                           ; 0                             ; 0                      ; 0                       ; 0                       ; 0                       ; 0                      ; 0                 ; 0                  ; 0                     ; 0                ; 1                     ; 0                     ; 0                   ; 0                     ; 0                        ; 0                   ; 0                   ; 0                   ; 0                     ; 0                ; 0                        ; 0                   ; 0                 ; 0                     ; 1                ;
; state.S_RUN_DRAW              ; 0                           ; 0                             ; 0                      ; 0                       ; 0                       ; 0                       ; 0                      ; 0                 ; 0                  ; 0                     ; 1                ; 0                     ; 0                     ; 0                   ; 0                     ; 0                        ; 0                   ; 0                   ; 0                   ; 0                     ; 0                ; 0                        ; 0                   ; 0                 ; 0                     ; 1                ;
; state.S_RUN_DRAW_WAIT         ; 0                           ; 0                             ; 0                      ; 0                       ; 0                       ; 0                       ; 0                      ; 0                 ; 0                  ; 1                     ; 0                ; 0                     ; 0                     ; 0                   ; 0                     ; 0                        ; 0                   ; 0                   ; 0                   ; 0                     ; 0                ; 0                        ; 0                   ; 0                 ; 0                     ; 1                ;
; state.S_RUN_COMMIT            ; 0                           ; 0                             ; 0                      ; 0                       ; 0                       ; 0                       ; 0                      ; 0                 ; 1                  ; 0                     ; 0                ; 0                     ; 0                     ; 0                   ; 0                     ; 0                        ; 0                   ; 0                   ; 0                   ; 0                     ; 0                ; 0                        ; 0                   ; 0                 ; 0                     ; 1                ;
; state.S_SCORE_BCD             ; 0                           ; 0                             ; 0                      ; 0                       ; 0                       ; 0                       ; 0                      ; 1                 ; 0                  ; 0                     ; 0                ; 0                     ; 0                     ; 0                   ; 0                     ; 0                        ; 0                   ; 0                   ; 0                   ; 0                     ; 0                ; 0                        ; 0                   ; 0                 ; 0                     ; 1                ;
; state.S_SCORE_BCD_ITER        ; 0                           ; 0                             ; 0                      ; 0                       ; 0                       ; 0                       ; 1                      ; 0                 ; 0                  ; 0                     ; 0                ; 0                     ; 0                     ; 0                   ; 0                     ; 0                        ; 0                   ; 0                   ; 0                   ; 0                     ; 0                ; 0                        ; 0                   ; 0                 ; 0                     ; 1                ;
; state.S_SCORE_CELL_NEXT       ; 0                           ; 0                             ; 0                      ; 0                       ; 0                       ; 1                       ; 0                      ; 0                 ; 0                  ; 0                     ; 0                ; 0                     ; 0                     ; 0                   ; 0                     ; 0                        ; 0                   ; 0                   ; 0                   ; 0                     ; 0                ; 0                        ; 0                   ; 0                 ; 0                     ; 1                ;
; state.S_SCORE_CELL_DRAW       ; 0                           ; 0                             ; 0                      ; 0                       ; 1                       ; 0                       ; 0                      ; 0                 ; 0                  ; 0                     ; 0                ; 0                     ; 0                     ; 0                   ; 0                     ; 0                        ; 0                   ; 0                   ; 0                   ; 0                     ; 0                ; 0                        ; 0                   ; 0                 ; 0                     ; 1                ;
; state.S_SCORE_CELL_WAIT       ; 0                           ; 0                             ; 0                      ; 1                       ; 0                       ; 0                       ; 0                      ; 0                 ; 0                  ; 0                     ; 0                ; 0                     ; 0                     ; 0                   ; 0                     ; 0                        ; 0                   ; 0                   ; 0                   ; 0                     ; 0                ; 0                        ; 0                   ; 0                 ; 0                     ; 1                ;
; state.S_GAMEOVER_DELAY        ; 0                           ; 0                             ; 1                      ; 0                       ; 0                       ; 0                       ; 0                      ; 0                 ; 0                  ; 0                     ; 0                ; 0                     ; 0                     ; 0                   ; 0                     ; 0                        ; 0                   ; 0                   ; 0                   ; 0                     ; 0                ; 0                        ; 0                   ; 0                 ; 0                     ; 1                ;
; state.S_GAMEOVER_WAIT_RELEASE ; 0                           ; 1                             ; 0                      ; 0                       ; 0                       ; 0                       ; 0                      ; 0                 ; 0                  ; 0                     ; 0                ; 0                     ; 0                     ; 0                   ; 0                     ; 0                        ; 0                   ; 0                   ; 0                   ; 0                     ; 0                ; 0                        ; 0                   ; 0                 ; 0                     ; 1                ;
; state.S_GAMEOVER_WAIT_PRESS   ; 1                           ; 0                             ; 0                      ; 0                       ; 0                       ; 0                       ; 0                      ; 0                 ; 0                  ; 0                     ; 0                ; 0                     ; 0                     ; 0                   ; 0                     ; 0                        ; 0                   ; 0                   ; 0                   ; 0                     ; 0                ; 0                        ; 0                   ; 0                 ; 0                     ; 1                ;
+-------------------------------+-----------------------------+-------------------------------+------------------------+-------------------------+-------------------------+-------------------------+------------------------+-------------------+--------------------+-----------------------+------------------+-----------------------+-----------------------+---------------------+-----------------------+--------------------------+---------------------+---------------------+---------------------+-----------------------+------------------+--------------------------+---------------------+-------------------+-----------------------+------------------+


+-------------------------------------------------------------------------------------------------------+
; Registers Removed During Synthesis                                                                    ;
+-------------------------------------------------+-----------------------------------------------------+
; Register name                                   ; Reason for Removal                                  ;
+-------------------------------------------------+-----------------------------------------------------+
; lcd_ili9341_ctrl:u_lcd|fy0[8]                   ; Stuck at GND due to stuck port data_in              ;
; game_core:u_game|req_h[2,3,8]                   ; Stuck at GND due to stuck port data_in              ;
; game_core:u_game|req_w[2..5,7]                  ; Stuck at GND due to stuck port data_in              ;
; game_core:u_game|req_w[8]                       ; Merged with game_core:u_game|req_w[6]               ;
; game_core:u_game|req_w[1]                       ; Merged with game_core:u_game|req_h[1]               ;
; game_core:u_game|req_h[5..7]                    ; Merged with game_core:u_game|req_h[4]               ;
; lcd_ili9341_ctrl:u_lcd|fill_color_r[3,4,15]     ; Merged with lcd_ili9341_ctrl:u_lcd|fill_color_r[14] ;
; lcd_ili9341_ctrl:u_lcd|fill_color_r[6..8]       ; Merged with lcd_ili9341_ctrl:u_lcd|fill_color_r[5]  ;
; game_core:u_game|req_color[3,4,15]              ; Merged with game_core:u_game|req_color[14]          ;
; game_core:u_game|req_color[6..8]                ; Merged with game_core:u_game|req_color[5]           ;
; lcd_ili9341_ctrl:u_lcd|fill_color_r[1,2,11..13] ; Merged with lcd_ili9341_ctrl:u_lcd|fill_color_r[0]  ;
; game_core:u_game|req_color[1,2,11..13]          ; Merged with game_core:u_game|req_color[0]           ;
; lcd_ili9341_ctrl:u_lcd|fill_color_r[9]          ; Merged with lcd_ili9341_ctrl:u_lcd|fill_color_r[10] ;
; game_core:u_game|req_color[9]                   ; Merged with game_core:u_game|req_color[10]          ;
; lcd_ili9341_ctrl:u_lcd|ret_id~13                ; Lost fanout                                         ;
; lcd_ili9341_ctrl:u_lcd|ret_id~14                ; Lost fanout                                         ;
; lcd_ili9341_ctrl:u_lcd|ret_id~15                ; Lost fanout                                         ;
; lcd_ili9341_ctrl:u_lcd|ret_id~16                ; Lost fanout                                         ;
; lcd_ili9341_ctrl:u_lcd|state~9                  ; Lost fanout                                         ;
; lcd_ili9341_ctrl:u_lcd|state~10                 ; Lost fanout                                         ;
; lcd_ili9341_ctrl:u_lcd|state~11                 ; Lost fanout                                         ;
; lcd_ili9341_ctrl:u_lcd|state~12                 ; Lost fanout                                         ;
; game_core:u_game|state~28                       ; Lost fanout                                         ;
; game_core:u_game|state~29                       ; Lost fanout                                         ;
; game_core:u_game|state~30                       ; Lost fanout                                         ;
; game_core:u_game|state~31                       ; Lost fanout                                         ;
; game_core:u_game|state~32                       ; Lost fanout                                         ;
; lcd_ili9341_ctrl:u_lcd|init_idx[5]              ; Lost fanout                                         ;
; Total Number of Removed Registers = 52          ;                                                     ;
+-------------------------------------------------+-----------------------------------------------------+


+------------------------------------------------------+
; General Register Statistics                          ;
+----------------------------------------------+-------+
; Statistic                                    ; Value ;
+----------------------------------------------+-------+
; Total registers                              ; 468   ;
; Number of registers using Synchronous Clear  ; 214   ;
; Number of registers using Synchronous Load   ; 25    ;
; Number of registers using Asynchronous Clear ; 3     ;
; Number of registers using Asynchronous Load  ; 0     ;
; Number of registers using Clock Enable       ; 364   ;
; Number of registers using Preset             ; 0     ;
+----------------------------------------------+-------+


+--------------------------------------------------------------------------+
; Registers Packed Into Inferred Megafunctions                             ;
+----------------------------+--------------------------------------+------+
; Register Name              ; Megafunction                         ; Type ;
+----------------------------+--------------------------------------+------+
; game_core:u_game|mem_rdata ; game_core:u_game|collision_mem_rtl_0 ; RAM  ;
+----------------------------+--------------------------------------+------+


+-------------------------------------------------------------------------------------------------------------------------------------------------------------------------------------+
; Multiplexer Restructuring Statistics (Restructuring Performed)                                                                                                                      ;
+--------------------+-----------+---------------+----------------------+------------------------+------------+-----------------------------------------------------------------------+
; Multiplexer Inputs ; Bus Width ; Baseline Area ; Area if Restructured ; Saving if Restructured ; Registered ; Example Multiplexer Output                                            ;
+--------------------+-----------+---------------+----------------------+------------------------+------------+-----------------------------------------------------------------------+
; 3:1                ; 19 bits   ; 38 LEs        ; 19 LEs               ; 19 LEs                 ; Yes        ; |line_game_top|game_core:u_game|digit[1][2]                           ;
; 3:1                ; 16 bits   ; 32 LEs        ; 16 LEs               ; 16 LEs                 ; Yes        ; |line_game_top|game_core:u_game|dd_sr[1]                              ;
; 4:1                ; 16 bits   ; 32 LEs        ; 16 LEs               ; 16 LEs                 ; Yes        ; |line_game_top|game_core:u_game|clr_cnt[11]                           ;
; 4:1                ; 19 bits   ; 38 LEs        ; 19 LEs               ; 19 LEs                 ; Yes        ; |line_game_top|debounce:u_debounce|cnt[17]                            ;
; 4:1                ; 2 bits    ; 4 LEs         ; 4 LEs                ; 0 LEs                  ; Yes        ; |line_game_top|game_core:u_game|req_y[6]                              ;
; 4:1                ; 14 bits   ; 28 LEs        ; 28 LEs               ; 0 LEs                  ; Yes        ; |line_game_top|game_core:u_game|req_x[7]                              ;
; 5:1                ; 32 bits   ; 96 LEs        ; 32 LEs               ; 64 LEs                 ; Yes        ; |line_game_top|game_core:u_game|tick_cnt[26]                          ;
; 5:1                ; 3 bits    ; 9 LEs         ; 3 LEs                ; 6 LEs                  ; Yes        ; |line_game_top|game_core:u_game|cell_col[0]                           ;
; 5:1                ; 16 bits   ; 48 LEs        ; 32 LEs               ; 16 LEs                 ; Yes        ; |line_game_top|game_core:u_game|mem_addr[15]                          ;
; 6:1                ; 12 bits   ; 48 LEs        ; 12 LEs               ; 36 LEs                 ; Yes        ; |line_game_top|lcd_ili9341_ctrl:u_lcd|delay_cnt[27]                   ;
; 6:1                ; 20 bits   ; 80 LEs        ; 40 LEs               ; 40 LEs                 ; Yes        ; |line_game_top|lcd_ili9341_ctrl:u_lcd|delay_cnt[14]                   ;
; 6:1                ; 17 bits   ; 68 LEs        ; 17 LEs               ; 51 LEs                 ; Yes        ; |line_game_top|game_core:u_game|score_shown[5]                        ;
; 6:1                ; 3 bits    ; 12 LEs        ; 3 LEs                ; 9 LEs                  ; Yes        ; |line_game_top|game_core:u_game|cell_row[0]                           ;
; 6:1                ; 4 bits    ; 16 LEs        ; 8 LEs                ; 8 LEs                  ; Yes        ; |line_game_top|lcd_ili9341_ctrl:u_lcd|spi_byte_master:u_spi|bitcnt[1] ;
; 6:1                ; 7 bits    ; 28 LEs        ; 14 LEs               ; 14 LEs                 ; Yes        ; |line_game_top|lcd_ili9341_ctrl:u_lcd|spi_byte_master:u_spi|shreg[3]  ;
; 6:1                ; 17 bits   ; 68 LEs        ; 34 LEs               ; 34 LEs                 ; Yes        ; |line_game_top|lcd_ili9341_ctrl:u_lcd|pix_left[6]                     ;
; 7:1                ; 32 bits   ; 128 LEs       ; 32 LEs               ; 96 LEs                 ; Yes        ; |line_game_top|game_core:u_game|go_cnt[7]                             ;
; 8:1                ; 6 bits    ; 30 LEs        ; 6 LEs                ; 24 LEs                 ; Yes        ; |line_game_top|lcd_ili9341_ctrl:u_lcd|init_idx[5]                     ;
; 13:1               ; 3 bits    ; 24 LEs        ; 12 LEs               ; 12 LEs                 ; Yes        ; |line_game_top|lcd_ili9341_ctrl:u_lcd|spi_data[6]                     ;
; 5:1                ; 3 bits    ; 9 LEs         ; 3 LEs                ; 6 LEs                  ; Yes        ; |line_game_top|game_core:u_game|cell_digit[0]                         ;
; 3:1                ; 2 bits    ; 4 LEs         ; 4 LEs                ; 0 LEs                  ; No         ; |line_game_top|game_core:u_game|ndx[1]                                ;
; 8:1                ; 4 bits    ; 20 LEs        ; 16 LEs               ; 4 LEs                  ; No         ; |line_game_top|game_core:u_game|Mux3                                  ;
; 7:1                ; 9 bits    ; 36 LEs        ; 18 LEs               ; 18 LEs                 ; No         ; |line_game_top|lcd_ili9341_ctrl:u_lcd|ret_id                          ;
; 7:1                ; 2 bits    ; 8 LEs         ; 6 LEs                ; 2 LEs                  ; No         ; |line_game_top|lcd_ili9341_ctrl:u_lcd|spi_byte_master:u_spi|state     ;
; 16:1               ; 5 bits    ; 50 LEs        ; 20 LEs               ; 30 LEs                 ; No         ; |line_game_top|game_core:u_game|state                                 ;
+--------------------+-----------+---------------+----------------------+------------------------+------------+-----------------------------------------------------------------------+


+-------------------------------------------------------------------------------------------------------+
; Source assignments for game_core:u_game|altsyncram:collision_mem_rtl_0|altsyncram_9r71:auto_generated ;
+---------------------------------+--------------------+------+-----------------------------------------+
; Assignment                      ; Value              ; From ; To                                      ;
+---------------------------------+--------------------+------+-----------------------------------------+
; OPTIMIZE_POWER_DURING_SYNTHESIS ; NORMAL_COMPILATION ; -    ; -                                       ;
+---------------------------------+--------------------+------+-----------------------------------------+


+-----------------------------------------------------------------+
; Parameter Settings for User Entity Instance: reset_sync:u_reset ;
+----------------+-------+----------------------------------------+
; Parameter Name ; Value ; Type                                   ;
+----------------+-------+----------------------------------------+
; SYNC_STAGES    ; 3     ; Signed Integer                         ;
+----------------+-------+----------------------------------------+
Note: In order to hide this table in the UI and the text report file, please set the "Show Parameter Settings in Synthesis Report" option in "Analysis and Synthesis Settings -> More Settings" to "Off".


+------------------------------------------------------------------+
; Parameter Settings for User Entity Instance: debounce:u_debounce ;
+----------------+----------+--------------------------------------+
; Parameter Name ; Value    ; Type                                 ;
+----------------+----------+--------------------------------------+
; CLK_FREQ_HZ    ; 50000000 ; Signed Integer                       ;
; DEBOUNCE_MS    ; 10       ; Signed Integer                       ;
+----------------+----------+--------------------------------------+
Note: In order to hide this table in the UI and the text report file, please set the "Show Parameter Settings in Synthesis Report" option in "Analysis and Synthesis Settings -> More Settings" to "Off".


+---------------------------------------------------------------+
; Parameter Settings for User Entity Instance: game_core:u_game ;
+------------------+----------+---------------------------------+
; Parameter Name   ; Value    ; Type                            ;
+------------------+----------+---------------------------------+
; FIELD_W          ; 320      ; Signed Integer                  ;
; FIELD_H          ; 200      ; Signed Integer                  ;
; SCREEN_W         ; 320      ; Signed Integer                  ;
; SCREEN_H         ; 240      ; Signed Integer                  ;
; CLK_FREQ_HZ      ; 50000000 ; Signed Integer                  ;
; STEP_MS          ; 20       ; Signed Integer                  ;
; GAMEOVER_WAIT_MS ; 2000     ; Signed Integer                  ;
+------------------+----------+---------------------------------+
Note: In order to hide this table in the UI and the text report file, please set the "Show Parameter Settings in Synthesis Report" option in "Analysis and Synthesis Settings -> More Settings" to "Off".


+---------------------------------------------------------------------+
; Parameter Settings for User Entity Instance: lcd_ili9341_ctrl:u_lcd ;
+------------------+----------+---------------------------------------+
; Parameter Name   ; Value    ; Type                                  ;
+------------------+----------+---------------------------------------+
; SCLK_HALF_CYCLES ; 2        ; Signed Integer                        ;
; SCREEN_W         ; 320      ; Signed Integer                        ;
; SCREEN_H         ; 240      ; Signed Integer                        ;
; MADCTL_VALUE     ; 00101000 ; Unsigned Binary                       ;
+------------------+----------+---------------------------------------+
Note: In order to hide this table in the UI and the text report file, please set the "Show Parameter Settings in Synthesis Report" option in "Analysis and Synthesis Settings -> More Settings" to "Off".


+-------------------------------------------------------------------------------------------+
; Parameter Settings for User Entity Instance: lcd_ili9341_ctrl:u_lcd|spi_byte_master:u_spi ;
+----------------+-------+------------------------------------------------------------------+
; Parameter Name ; Value ; Type                                                             ;
+----------------+-------+------------------------------------------------------------------+
; HALF_PERIOD    ; 2     ; Signed Integer                                                   ;
+----------------+-------+------------------------------------------------------------------+
Note: In order to hide this table in the UI and the text report file, please set the "Show Parameter Settings in Synthesis Report" option in "Analysis and Synthesis Settings -> More Settings" to "Off".


+--------------------------------------------------------------------------------------------------+
; Parameter Settings for Inferred Entity Instance: game_core:u_game|altsyncram:collision_mem_rtl_0 ;
+------------------------------------+----------------------+--------------------------------------+
; Parameter Name                     ; Value                ; Type                                 ;
+------------------------------------+----------------------+--------------------------------------+
; BYTE_SIZE_BLOCK                    ; 8                    ; Untyped                              ;
; AUTO_CARRY_CHAINS                  ; ON                   ; AUTO_CARRY                           ;
; IGNORE_CARRY_BUFFERS               ; OFF                  ; IGNORE_CARRY                         ;
; AUTO_CASCADE_CHAINS                ; ON                   ; AUTO_CASCADE                         ;
; IGNORE_CASCADE_BUFFERS             ; OFF                  ; IGNORE_CASCADE                       ;
; WIDTH_BYTEENA                      ; 1                    ; Untyped                              ;
; OPERATION_MODE                     ; SINGLE_PORT          ; Untyped                              ;
; WIDTH_A                            ; 1                    ; Untyped                              ;
; WIDTHAD_A                          ; 16                   ; Untyped                              ;
; NUMWORDS_A                         ; 64000                ; Untyped                              ;
; OUTDATA_REG_A                      ; UNREGISTERED         ; Untyped                              ;
; ADDRESS_ACLR_A                     ; NONE                 ; Untyped                              ;
; OUTDATA_ACLR_A                     ; NONE                 ; Untyped                              ;
; WRCONTROL_ACLR_A                   ; NONE                 ; Untyped                              ;
; INDATA_ACLR_A                      ; NONE                 ; Untyped                              ;
; BYTEENA_ACLR_A                     ; NONE                 ; Untyped                              ;
; WIDTH_B                            ; 1                    ; Untyped                              ;
; WIDTHAD_B                          ; 1                    ; Untyped                              ;
; NUMWORDS_B                         ; 1                    ; Untyped                              ;
; INDATA_REG_B                       ; CLOCK1               ; Untyped                              ;
; WRCONTROL_WRADDRESS_REG_B          ; CLOCK1               ; Untyped                              ;
; RDCONTROL_REG_B                    ; CLOCK1               ; Untyped                              ;
; ADDRESS_REG_B                      ; CLOCK1               ; Untyped                              ;
; OUTDATA_REG_B                      ; UNREGISTERED         ; Untyped                              ;
; BYTEENA_REG_B                      ; CLOCK1               ; Untyped                              ;
; INDATA_ACLR_B                      ; NONE                 ; Untyped                              ;
; WRCONTROL_ACLR_B                   ; NONE                 ; Untyped                              ;
; ADDRESS_ACLR_B                     ; NONE                 ; Untyped                              ;
; OUTDATA_ACLR_B                     ; NONE                 ; Untyped                              ;
; RDCONTROL_ACLR_B                   ; NONE                 ; Untyped                              ;
; BYTEENA_ACLR_B                     ; NONE                 ; Untyped                              ;
; WIDTH_BYTEENA_A                    ; 1                    ; Untyped                              ;
; WIDTH_BYTEENA_B                    ; 1                    ; Untyped                              ;
; RAM_BLOCK_TYPE                     ; AUTO                 ; Untyped                              ;
; BYTE_SIZE                          ; 8                    ; Untyped                              ;
; READ_DURING_WRITE_MODE_MIXED_PORTS ; DONT_CARE            ; Untyped                              ;
; READ_DURING_WRITE_MODE_PORT_A      ; OLD_DATA             ; Untyped                              ;
; READ_DURING_WRITE_MODE_PORT_B      ; NEW_DATA_NO_NBE_READ ; Untyped                              ;
; INIT_FILE                          ; UNUSED               ; Untyped                              ;
; INIT_FILE_LAYOUT                   ; PORT_A               ; Untyped                              ;
; MAXIMUM_DEPTH                      ; 0                    ; Untyped                              ;
; CLOCK_ENABLE_INPUT_A               ; NORMAL               ; Untyped                              ;
; CLOCK_ENABLE_INPUT_B               ; NORMAL               ; Untyped                              ;
; CLOCK_ENABLE_OUTPUT_A              ; NORMAL               ; Untyped                              ;
; CLOCK_ENABLE_OUTPUT_B              ; NORMAL               ; Untyped                              ;
; CLOCK_ENABLE_CORE_A                ; USE_INPUT_CLKEN      ; Untyped                              ;
; CLOCK_ENABLE_CORE_B                ; USE_INPUT_CLKEN      ; Untyped                              ;
; ENABLE_ECC                         ; FALSE                ; Untyped                              ;
; ECC_PIPELINE_STAGE_ENABLED         ; FALSE                ; Untyped                              ;
; WIDTH_ECCSTATUS                    ; 3                    ; Untyped                              ;
; DEVICE_FAMILY                      ; MAX 10               ; Untyped                              ;
; CBXI_PARAMETER                     ; altsyncram_9r71      ; Untyped                              ;
+------------------------------------+----------------------+--------------------------------------+
Note: In order to hide this table in the UI and the text report file, please set the "Show Parameter Settings in Synthesis Report" option in "Analysis and Synthesis Settings -> More Settings" to "Off".


+----------------------------------------------------------------------------------------+
; Parameter Settings for Inferred Entity Instance: lcd_ili9341_ctrl:u_lcd|lpm_mult:Mult0 ;
+------------------------------------------------+----------+----------------------------+
; Parameter Name                                 ; Value    ; Type                       ;
+------------------------------------------------+----------+----------------------------+
; AUTO_CARRY_CHAINS                              ; ON       ; AUTO_CARRY                 ;
; IGNORE_CARRY_BUFFERS                           ; OFF      ; IGNORE_CARRY               ;
; AUTO_CASCADE_CHAINS                            ; ON       ; AUTO_CASCADE               ;
; IGNORE_CASCADE_BUFFERS                         ; OFF      ; IGNORE_CASCADE             ;
; LPM_WIDTHA                                     ; 9        ; Untyped                    ;
; LPM_WIDTHB                                     ; 8        ; Untyped                    ;
; LPM_WIDTHP                                     ; 17       ; Untyped                    ;
; LPM_WIDTHR                                     ; 17       ; Untyped                    ;
; LPM_WIDTHS                                     ; 1        ; Untyped                    ;
; LPM_REPRESENTATION                             ; UNSIGNED ; Untyped                    ;
; LPM_PIPELINE                                   ; 0        ; Untyped                    ;
; LATENCY                                        ; 0        ; Untyped                    ;
; INPUT_A_IS_CONSTANT                            ; NO       ; Untyped                    ;
; INPUT_B_IS_CONSTANT                            ; NO       ; Untyped                    ;
; USE_EAB                                        ; OFF      ; Untyped                    ;
; MAXIMIZE_SPEED                                 ; 5        ; Untyped                    ;
; DEVICE_FAMILY                                  ; MAX 10   ; Untyped                    ;
; CARRY_CHAIN                                    ; MANUAL   ; Untyped                    ;
; APEX20K_TECHNOLOGY_MAPPER                      ; LUT      ; TECH_MAPPER_APEX20K        ;
; DEDICATED_MULTIPLIER_CIRCUITRY                 ; AUTO     ; Untyped                    ;
; DEDICATED_MULTIPLIER_MIN_INPUT_WIDTH_FOR_AUTO  ; 0        ; Untyped                    ;
; DEDICATED_MULTIPLIER_MIN_OUTPUT_WIDTH_FOR_AUTO ; 0        ; Untyped                    ;
; CBXI_PARAMETER                                 ; mult_2ls ; Untyped                    ;
; INPUT_A_FIXED_VALUE                            ; Bx       ; Untyped                    ;
; INPUT_B_FIXED_VALUE                            ; Bx       ; Untyped                    ;
; USE_AHDL_IMPLEMENTATION                        ; OFF      ; Untyped                    ;
+------------------------------------------------+----------+----------------------------+
Note: In order to hide this table in the UI and the text report file, please set the "Show Parameter Settings in Synthesis Report" option in "Analysis and Synthesis Settings -> More Settings" to "Off".


+----------------------------------------------------------------------------------------+
; Parameter Settings for Inferred Entity Instance: lcd_ili9341_ctrl:u_lcd|lpm_mult:Mult1 ;
+------------------------------------------------+----------+----------------------------+
; Parameter Name                                 ; Value    ; Type                       ;
+------------------------------------------------+----------+----------------------------+
; AUTO_CARRY_CHAINS                              ; ON       ; AUTO_CARRY                 ;
; IGNORE_CARRY_BUFFERS                           ; OFF      ; IGNORE_CARRY               ;
; AUTO_CASCADE_CHAINS                            ; ON       ; AUTO_CASCADE               ;
; IGNORE_CASCADE_BUFFERS                         ; OFF      ; IGNORE_CASCADE             ;
; LPM_WIDTHA                                     ; 8        ; Untyped                    ;
; LPM_WIDTHB                                     ; 16       ; Untyped                    ;
; LPM_WIDTHP                                     ; 24       ; Untyped                    ;
; LPM_WIDTHR                                     ; 24       ; Untyped                    ;
; LPM_WIDTHS                                     ; 1        ; Untyped                    ;
; LPM_REPRESENTATION                             ; UNSIGNED ; Untyped                    ;
; LPM_PIPELINE                                   ; 0        ; Untyped                    ;
; LATENCY                                        ; 0        ; Untyped                    ;
; INPUT_A_IS_CONSTANT                            ; NO       ; Untyped                    ;
; INPUT_B_IS_CONSTANT                            ; YES      ; Untyped                    ;
; USE_EAB                                        ; OFF      ; Untyped                    ;
; MAXIMIZE_SPEED                                 ; 6        ; Untyped                    ;
; DEVICE_FAMILY                                  ; MAX 10   ; Untyped                    ;
; CARRY_CHAIN                                    ; MANUAL   ; Untyped                    ;
; APEX20K_TECHNOLOGY_MAPPER                      ; LUT      ; TECH_MAPPER_APEX20K        ;
; DEDICATED_MULTIPLIER_CIRCUITRY                 ; AUTO     ; Untyped                    ;
; DEDICATED_MULTIPLIER_MIN_INPUT_WIDTH_FOR_AUTO  ; 0        ; Untyped                    ;
; DEDICATED_MULTIPLIER_MIN_OUTPUT_WIDTH_FOR_AUTO ; 0        ; Untyped                    ;
; CBXI_PARAMETER                                 ; NOTHING  ; Untyped                    ;
; INPUT_A_FIXED_VALUE                            ; Bx       ; Untyped                    ;
; INPUT_B_FIXED_VALUE                            ; Bx       ; Untyped                    ;
; USE_AHDL_IMPLEMENTATION                        ; OFF      ; Untyped                    ;
+------------------------------------------------+----------+----------------------------+
Note: In order to hide this table in the UI and the text report file, please set the "Show Parameter Settings in Synthesis Report" option in "Analysis and Synthesis Settings -> More Settings" to "Off".


+----------------------------------------------------------------------------------+
; Parameter Settings for Inferred Entity Instance: game_core:u_game|lpm_mult:Mult0 ;
+------------------------------------------------+----------+----------------------+
; Parameter Name                                 ; Value    ; Type                 ;
+------------------------------------------------+----------+----------------------+
; AUTO_CARRY_CHAINS                              ; ON       ; AUTO_CARRY           ;
; IGNORE_CARRY_BUFFERS                           ; OFF      ; IGNORE_CARRY         ;
; AUTO_CASCADE_CHAINS                            ; ON       ; AUTO_CASCADE         ;
; IGNORE_CASCADE_BUFFERS                         ; OFF      ; IGNORE_CASCADE       ;
; LPM_WIDTHA                                     ; 3        ; Untyped              ;
; LPM_WIDTHB                                     ; 5        ; Untyped              ;
; LPM_WIDTHP                                     ; 8        ; Untyped              ;
; LPM_WIDTHR                                     ; 8        ; Untyped              ;
; LPM_WIDTHS                                     ; 1        ; Untyped              ;
; LPM_REPRESENTATION                             ; UNSIGNED ; Untyped              ;
; LPM_PIPELINE                                   ; 0        ; Untyped              ;
; LATENCY                                        ; 0        ; Untyped              ;
; INPUT_A_IS_CONSTANT                            ; NO       ; Untyped              ;
; INPUT_B_IS_CONSTANT                            ; YES      ; Untyped              ;
; USE_EAB                                        ; OFF      ; Untyped              ;
; MAXIMIZE_SPEED                                 ; 5        ; Untyped              ;
; DEVICE_FAMILY                                  ; MAX 10   ; Untyped              ;
; CARRY_CHAIN                                    ; MANUAL   ; Untyped              ;
; APEX20K_TECHNOLOGY_MAPPER                      ; LUT      ; TECH_MAPPER_APEX20K  ;
; DEDICATED_MULTIPLIER_CIRCUITRY                 ; AUTO     ; Untyped              ;
; DEDICATED_MULTIPLIER_MIN_INPUT_WIDTH_FOR_AUTO  ; 0        ; Untyped              ;
; DEDICATED_MULTIPLIER_MIN_OUTPUT_WIDTH_FOR_AUTO ; 0        ; Untyped              ;
; CBXI_PARAMETER                                 ; NOTHING  ; Untyped              ;
; INPUT_A_FIXED_VALUE                            ; Bx       ; Untyped              ;
; INPUT_B_FIXED_VALUE                            ; Bx       ; Untyped              ;
; USE_AHDL_IMPLEMENTATION                        ; OFF      ; Untyped              ;
+------------------------------------------------+----------+----------------------+
Note: In order to hide this table in the UI and the text report file, please set the "Show Parameter Settings in Synthesis Report" option in "Analysis and Synthesis Settings -> More Settings" to "Off".


+---------------------------------------------------------------------------------------------+
; altsyncram Parameter Settings by Entity Instance                                            ;
+-------------------------------------------+-------------------------------------------------+
; Name                                      ; Value                                           ;
+-------------------------------------------+-------------------------------------------------+
; Number of entity instances                ; 1                                               ;
; Entity Instance                           ; game_core:u_game|altsyncram:collision_mem_rtl_0 ;
;     -- OPERATION_MODE                     ; SINGLE_PORT                                     ;
;     -- WIDTH_A                            ; 1                                               ;
;     -- NUMWORDS_A                         ; 64000                                           ;
;     -- OUTDATA_REG_A                      ; UNREGISTERED                                    ;
;     -- WIDTH_B                            ; 1                                               ;
;     -- NUMWORDS_B                         ; 1                                               ;
;     -- ADDRESS_REG_B                      ; CLOCK1                                          ;
;     -- OUTDATA_REG_B                      ; UNREGISTERED                                    ;
;     -- RAM_BLOCK_TYPE                     ; AUTO                                            ;
;     -- READ_DURING_WRITE_MODE_MIXED_PORTS ; DONT_CARE                                       ;
+-------------------------------------------+-------------------------------------------------+


+-------------------------------------------------------------------------------+
; lpm_mult Parameter Settings by Entity Instance                                ;
+---------------------------------------+---------------------------------------+
; Name                                  ; Value                                 ;
+---------------------------------------+---------------------------------------+
; Number of entity instances            ; 3                                     ;
; Entity Instance                       ; lcd_ili9341_ctrl:u_lcd|lpm_mult:Mult0 ;
;     -- LPM_WIDTHA                     ; 9                                     ;
;     -- LPM_WIDTHB                     ; 8                                     ;
;     -- LPM_WIDTHP                     ; 17                                    ;
;     -- LPM_REPRESENTATION             ; UNSIGNED                              ;
;     -- INPUT_A_IS_CONSTANT            ; NO                                    ;
;     -- INPUT_B_IS_CONSTANT            ; NO                                    ;
;     -- USE_EAB                        ; OFF                                   ;
;     -- DEDICATED_MULTIPLIER_CIRCUITRY ; AUTO                                  ;
;     -- INPUT_A_FIXED_VALUE            ; Bx                                    ;
;     -- INPUT_B_FIXED_VALUE            ; Bx                                    ;
; Entity Instance                       ; lcd_ili9341_ctrl:u_lcd|lpm_mult:Mult1 ;
;     -- LPM_WIDTHA                     ; 8                                     ;
;     -- LPM_WIDTHB                     ; 16                                    ;
;     -- LPM_WIDTHP                     ; 24                                    ;
;     -- LPM_REPRESENTATION             ; UNSIGNED                              ;
;     -- INPUT_A_IS_CONSTANT            ; NO                                    ;
;     -- INPUT_B_IS_CONSTANT            ; YES                                   ;
;     -- USE_EAB                        ; OFF                                   ;
;     -- DEDICATED_MULTIPLIER_CIRCUITRY ; AUTO                                  ;
;     -- INPUT_A_FIXED_VALUE            ; Bx                                    ;
;     -- INPUT_B_FIXED_VALUE            ; Bx                                    ;
; Entity Instance                       ; game_core:u_game|lpm_mult:Mult0       ;
;     -- LPM_WIDTHA                     ; 3                                     ;
;     -- LPM_WIDTHB                     ; 5                                     ;
;     -- LPM_WIDTHP                     ; 8                                     ;
;     -- LPM_REPRESENTATION             ; UNSIGNED                              ;
;     -- INPUT_A_IS_CONSTANT            ; NO                                    ;
;     -- INPUT_B_IS_CONSTANT            ; YES                                   ;
;     -- USE_EAB                        ; OFF                                   ;
;     -- DEDICATED_MULTIPLIER_CIRCUITRY ; AUTO                                  ;
;     -- INPUT_A_FIXED_VALUE            ; Bx                                    ;
;     -- INPUT_B_FIXED_VALUE            ; Bx                                    ;
+---------------------------------------+---------------------------------------+


+-----------------------------------------------------+
; Post-Synthesis Netlist Statistics for Top Partition ;
+-----------------------+-----------------------------+
; Type                  ; Count                       ;
+-----------------------+-----------------------------+
; boundary_port         ; 7                           ;
; cycloneiii_ff         ; 468                         ;
;     CLR               ; 3                           ;
;     ENA               ; 196                         ;
;     ENA SCLR          ; 149                         ;
;     ENA SLD           ; 19                          ;
;     SCLR              ; 64                          ;
;     SCLR SLD          ; 1                           ;
;     SLD               ; 5                           ;
;     plain             ; 31                          ;
; cycloneiii_lcell_comb ; 971                         ;
;     arith             ; 259                         ;
;         2 data inputs ; 209                         ;
;         3 data inputs ; 50                          ;
;     normal            ; 712                         ;
;         0 data inputs ; 3                           ;
;         1 data inputs ; 16                          ;
;         2 data inputs ; 88                          ;
;         3 data inputs ; 202                         ;
;         4 data inputs ; 403                         ;
; cycloneiii_mac_mult   ; 1                           ;
; cycloneiii_mac_out    ; 1                           ;
; cycloneiii_ram_block  ; 8                           ;
;                       ;                             ;
; Max LUT depth         ; 12.00                       ;
; Average LUT depth     ; 3.87                        ;
+-----------------------+-----------------------------+


+-------------------------------+
; Elapsed Time Per Partition    ;
+----------------+--------------+
; Partition Name ; Elapsed Time ;
+----------------+--------------+
; Top            ; 00:00:04     ;
+----------------+--------------+


+-------------------------------+
; Analysis & Synthesis Messages ;
+-------------------------------+
Info: *******************************************************************
Info: Running Quartus Prime Analysis & Synthesis
    Info: Version 25.1std.0 Build 1129 10/21/2025 SC Lite Edition
    Info: Processing started: Wed Sep  2 00:59:54 2026
Info: Command: quartus_map --read_settings_files=on --write_settings_files=off line_game -c line_game_top
Warning (18236): Number of processors has not been specified which may cause overloading on shared machines.  Set the global assignment NUM_PARALLEL_PROCESSORS in your QSF to an appropriate value for best performance.
Info (20030): Parallel compilation is enabled and will use 16 of the 16 processors detected
Info (12021): Found 1 design units, including 1 entities, in source file rtl/spi_byte_master.sv
    Info (12023): Found entity 1: spi_byte_master File: H:/git/PCB_CQmax10/CQmax10/sample/line_game1/rtl/spi_byte_master.sv Line: 4
Info (12021): Found 1 design units, including 1 entities, in source file rtl/reset_sync.sv
    Info (12023): Found entity 1: reset_sync File: H:/git/PCB_CQmax10/CQmax10/sample/line_game1/rtl/reset_sync.sv Line: 5
Info (12021): Found 1 design units, including 1 entities, in source file rtl/line_game_top.sv
    Info (12023): Found entity 1: line_game_top File: H:/git/PCB_CQmax10/CQmax10/sample/line_game1/rtl/line_game_top.sv Line: 13
Info (12021): Found 1 design units, including 1 entities, in source file rtl/lcd_ili9341_ctrl.sv
    Info (12023): Found entity 1: lcd_ili9341_ctrl File: H:/git/PCB_CQmax10/CQmax10/sample/line_game1/rtl/lcd_ili9341_ctrl.sv Line: 20
Info (12021): Found 1 design units, including 1 entities, in source file rtl/game_core.sv
    Info (12023): Found entity 1: game_core File: H:/git/PCB_CQmax10/CQmax10/sample/line_game1/rtl/game_core.sv Line: 13
Info (12021): Found 1 design units, including 0 entities, in source file rtl/font5x7_pkg.sv
    Info (12022): Found design unit 1: font5x7_pkg (SystemVerilog) File: H:/git/PCB_CQmax10/CQmax10/sample/line_game1/rtl/font5x7_pkg.sv Line: 7
Info (12021): Found 1 design units, including 1 entities, in source file rtl/debounce.sv
    Info (12023): Found entity 1: debounce File: H:/git/PCB_CQmax10/CQmax10/sample/line_game1/rtl/debounce.sv Line: 7
Info (12127): Elaborating entity "line_game_top" for the top level hierarchy
Info (12128): Elaborating entity "reset_sync" for hierarchy "reset_sync:u_reset" File: H:/git/PCB_CQmax10/CQmax10/sample/line_game1/rtl/line_game_top.sv Line: 29
Info (12128): Elaborating entity "debounce" for hierarchy "debounce:u_debounce" File: H:/git/PCB_CQmax10/CQmax10/sample/line_game1/rtl/line_game_top.sv Line: 40
Info (12128): Elaborating entity "game_core" for hierarchy "game_core:u_game" File: H:/git/PCB_CQmax10/CQmax10/sample/line_game1/rtl/line_game_top.sv Line: 69
Warning (10230): Verilog HDL assignment warning at game_core.sv(61): truncated value with size 32 to match size of target (16) File: H:/git/PCB_CQmax10/CQmax10/sample/line_game1/rtl/game_core.sv Line: 61
Warning (10230): Verilog HDL assignment warning at game_core.sv(337): truncated value with size 32 to match size of target (9) File: H:/git/PCB_CQmax10/CQmax10/sample/line_game1/rtl/game_core.sv Line: 337
Warning (10230): Verilog HDL assignment warning at game_core.sv(338): truncated value with size 32 to match size of target (8) File: H:/git/PCB_CQmax10/CQmax10/sample/line_game1/rtl/game_core.sv Line: 338
Info (12128): Elaborating entity "lcd_ili9341_ctrl" for hierarchy "lcd_ili9341_ctrl:u_lcd" File: H:/git/PCB_CQmax10/CQmax10/sample/line_game1/rtl/line_game_top.sv Line: 91
Info (10264): Verilog HDL Case Statement information at lcd_ili9341_ctrl.sv(158): all case item expressions in this case statement are onehot File: H:/git/PCB_CQmax10/CQmax10/sample/line_game1/rtl/lcd_ili9341_ctrl.sv Line: 158
Info (12128): Elaborating entity "spi_byte_master" for hierarchy "lcd_ili9341_ctrl:u_lcd|spi_byte_master:u_spi" File: H:/git/PCB_CQmax10/CQmax10/sample/line_game1/rtl/lcd_ili9341_ctrl.sv Line: 62
Warning (10230): Verilog HDL assignment warning at spi_byte_master.sv(17): truncated value with size 32 to match size of target (1) File: H:/git/PCB_CQmax10/CQmax10/sample/line_game1/rtl/spi_byte_master.sv Line: 17
Info (19000): Inferred 1 megafunctions from design logic
    Info (276029): Inferred altsyncram megafunction from the following design logic: "game_core:u_game|collision_mem_rtl_0" 
        Info (286033): Parameter OPERATION_MODE set to SINGLE_PORT
        Info (286033): Parameter WIDTH_A set to 1
        Info (286033): Parameter WIDTHAD_A set to 16
        Info (286033): Parameter NUMWORDS_A set to 64000
        Info (286033): Parameter OUTDATA_REG_A set to UNREGISTERED
        Info (286033): Parameter ADDRESS_ACLR_A set to NONE
        Info (286033): Parameter OUTDATA_ACLR_A set to NONE
        Info (286033): Parameter READ_DURING_WRITE_MODE_PORT_A set to OLD_DATA
        Info (286033): Parameter INDATA_ACLR_A set to NONE
        Info (286033): Parameter WRCONTROL_ACLR_A set to NONE
Info (278001): Inferred 3 megafunctions from design logic
    Info (278003): Inferred multiplier megafunction ("lpm_mult") from the following logic: "lcd_ili9341_ctrl:u_lcd|Mult0" File: H:/git/PCB_CQmax10/CQmax10/sample/line_game1/rtl/lcd_ili9341_ctrl.sv Line: 170
    Info (278003): Inferred multiplier megafunction ("lpm_mult") from the following logic: "lcd_ili9341_ctrl:u_lcd|Mult1" File: H:/git/PCB_CQmax10/CQmax10/sample/line_game1/rtl/lcd_ili9341_ctrl.sv Line: 197
    Info (278003): Inferred multiplier megafunction ("lpm_mult") from the following logic: "game_core:u_game|Mult0" File: H:/git/PCB_CQmax10/CQmax10/sample/line_game1/rtl/game_core.sv Line: 337
Info (12130): Elaborated megafunction instantiation "game_core:u_game|altsyncram:collision_mem_rtl_0"
Info (12133): Instantiated megafunction "game_core:u_game|altsyncram:collision_mem_rtl_0" with the following parameter:
    Info (12134): Parameter "OPERATION_MODE" = "SINGLE_PORT"
    Info (12134): Parameter "WIDTH_A" = "1"
    Info (12134): Parameter "WIDTHAD_A" = "16"
    Info (12134): Parameter "NUMWORDS_A" = "64000"
    Info (12134): Parameter "OUTDATA_REG_A" = "UNREGISTERED"
    Info (12134): Parameter "ADDRESS_ACLR_A" = "NONE"
    Info (12134): Parameter "OUTDATA_ACLR_A" = "NONE"
    Info (12134): Parameter "READ_DURING_WRITE_MODE_PORT_A" = "OLD_DATA"
    Info (12134): Parameter "INDATA_ACLR_A" = "NONE"
    Info (12134): Parameter "WRCONTROL_ACLR_A" = "NONE"
Info (12021): Found 1 design units, including 1 entities, in source file db/altsyncram_9r71.tdf
    Info (12023): Found entity 1: altsyncram_9r71 File: H:/git/PCB_CQmax10/CQmax10/sample/line_game1/db/altsyncram_9r71.tdf Line: 34
Info (12021): Found 1 design units, including 1 entities, in source file db/decode_h7a.tdf
    Info (12023): Found entity 1: decode_h7a File: H:/git/PCB_CQmax10/CQmax10/sample/line_game1/db/decode_h7a.tdf Line: 23
Info (12021): Found 1 design units, including 1 entities, in source file db/decode_aj9.tdf
    Info (12023): Found entity 1: decode_aj9 File: H:/git/PCB_CQmax10/CQmax10/sample/line_game1/db/decode_aj9.tdf Line: 23
Info (12021): Found 1 design units, including 1 entities, in source file db/mux_q1b.tdf
    Info (12023): Found entity 1: mux_q1b File: H:/git/PCB_CQmax10/CQmax10/sample/line_game1/db/mux_q1b.tdf Line: 23
Info (12130): Elaborated megafunction instantiation "lcd_ili9341_ctrl:u_lcd|lpm_mult:Mult0" File: H:/git/PCB_CQmax10/CQmax10/sample/line_game1/rtl/lcd_ili9341_ctrl.sv Line: 170
Info (12133): Instantiated megafunction "lcd_ili9341_ctrl:u_lcd|lpm_mult:Mult0" with the following parameter: File: H:/git/PCB_CQmax10/CQmax10/sample/line_game1/rtl/lcd_ili9341_ctrl.sv Line: 170
    Info (12134): Parameter "LPM_WIDTHA" = "9"
    Info (12134): Parameter "LPM_WIDTHB" = "8"
    Info (12134): Parameter "LPM_WIDTHP" = "17"
    Info (12134): Parameter "LPM_WIDTHR" = "17"
    Info (12134): Parameter "LPM_WIDTHS" = "1"
    Info (12134): Parameter "LPM_REPRESENTATION" = "UNSIGNED"
    Info (12134): Parameter "INPUT_A_IS_CONSTANT" = "NO"
    Info (12134): Parameter "INPUT_B_IS_CONSTANT" = "NO"
    Info (12134): Parameter "MAXIMIZE_SPEED" = "5"
Info (12021): Found 1 design units, including 1 entities, in source file db/mult_2ls.tdf
    Info (12023): Found entity 1: mult_2ls File: H:/git/PCB_CQmax10/CQmax10/sample/line_game1/db/mult_2ls.tdf Line: 29
Info (12130): Elaborated megafunction instantiation "lcd_ili9341_ctrl:u_lcd|lpm_mult:Mult1" File: H:/git/PCB_CQmax10/CQmax10/sample/line_game1/rtl/lcd_ili9341_ctrl.sv Line: 197
Info (12133): Instantiated megafunction "lcd_ili9341_ctrl:u_lcd|lpm_mult:Mult1" with the following parameter: File: H:/git/PCB_CQmax10/CQmax10/sample/line_game1/rtl/lcd_ili9341_ctrl.sv Line: 197
    Info (12134): Parameter "LPM_WIDTHA" = "8"
    Info (12134): Parameter "LPM_WIDTHB" = "16"
    Info (12134): Parameter "LPM_WIDTHP" = "24"
    Info (12134): Parameter "LPM_WIDTHR" = "24"
    Info (12134): Parameter "LPM_WIDTHS" = "1"
    Info (12134): Parameter "LPM_REPRESENTATION" = "UNSIGNED"
    Info (12134): Parameter "INPUT_A_IS_CONSTANT" = "NO"
    Info (12134): Parameter "INPUT_B_IS_CONSTANT" = "YES"
    Info (12134): Parameter "MAXIMIZE_SPEED" = "6"
Info (12131): Elaborated megafunction instantiation "lcd_ili9341_ctrl:u_lcd|lpm_mult:Mult1|multcore:mult_core", which is child of megafunction instantiation "lcd_ili9341_ctrl:u_lcd|lpm_mult:Mult1" File: h:/altera_lite/25.1std/quartus/libraries/megafunctions/lpm_mult.tdf Line: 309
Info (12131): Elaborated megafunction instantiation "lcd_ili9341_ctrl:u_lcd|lpm_mult:Mult1|multcore:mult_core|mpar_add:padder", which is child of megafunction instantiation "lcd_ili9341_ctrl:u_lcd|lpm_mult:Mult1" File: h:/altera_lite/25.1std/quartus/libraries/megafunctions/multcore.tdf Line: 229
Info (12131): Elaborated megafunction instantiation "lcd_ili9341_ctrl:u_lcd|lpm_mult:Mult1|multcore:mult_core|mpar_add:padder|lpm_add_sub:adder[0]", which is child of megafunction instantiation "lcd_ili9341_ctrl:u_lcd|lpm_mult:Mult1" File: h:/altera_lite/25.1std/quartus/libraries/megafunctions/mpar_add.tdf Line: 78
Info (12021): Found 1 design units, including 1 entities, in source file db/add_sub_arg.tdf
    Info (12023): Found entity 1: add_sub_arg File: H:/git/PCB_CQmax10/CQmax10/sample/line_game1/db/add_sub_arg.tdf Line: 23
Info (12131): Elaborated megafunction instantiation "lcd_ili9341_ctrl:u_lcd|lpm_mult:Mult1|altshift:external_latency_ffs", which is child of megafunction instantiation "lcd_ili9341_ctrl:u_lcd|lpm_mult:Mult1" File: h:/altera_lite/25.1std/quartus/libraries/megafunctions/lpm_mult.tdf Line: 352
Info (12130): Elaborated megafunction instantiation "game_core:u_game|lpm_mult:Mult0" File: H:/git/PCB_CQmax10/CQmax10/sample/line_game1/rtl/game_core.sv Line: 337
Info (12133): Instantiated megafunction "game_core:u_game|lpm_mult:Mult0" with the following parameter: File: H:/git/PCB_CQmax10/CQmax10/sample/line_game1/rtl/game_core.sv Line: 337
    Info (12134): Parameter "LPM_WIDTHA" = "3"
    Info (12134): Parameter "LPM_WIDTHB" = "5"
    Info (12134): Parameter "LPM_WIDTHP" = "8"
    Info (12134): Parameter "LPM_WIDTHR" = "8"
    Info (12134): Parameter "LPM_WIDTHS" = "1"
    Info (12134): Parameter "LPM_REPRESENTATION" = "UNSIGNED"
    Info (12134): Parameter "INPUT_A_IS_CONSTANT" = "NO"
    Info (12134): Parameter "INPUT_B_IS_CONSTANT" = "YES"
    Info (12134): Parameter "MAXIMIZE_SPEED" = "5"
Info (12131): Elaborated megafunction instantiation "game_core:u_game|lpm_mult:Mult0|multcore:mult_core", which is child of megafunction instantiation "game_core:u_game|lpm_mult:Mult0" File: h:/altera_lite/25.1std/quartus/libraries/megafunctions/lpm_mult.tdf Line: 309
Info (12131): Elaborated megafunction instantiation "game_core:u_game|lpm_mult:Mult0|multcore:mult_core|mpar_add:padder", which is child of megafunction instantiation "game_core:u_game|lpm_mult:Mult0" File: h:/altera_lite/25.1std/quartus/libraries/megafunctions/multcore.tdf Line: 229
Info (12131): Elaborated megafunction instantiation "game_core:u_game|lpm_mult:Mult0|altshift:external_latency_ffs", which is child of megafunction instantiation "game_core:u_game|lpm_mult:Mult0" File: h:/altera_lite/25.1std/quartus/libraries/megafunctions/lpm_mult.tdf Line: 352
Info (286030): Timing-Driven Synthesis is running
Info (17049): 14 registers lost all their fanouts during netlist optimizations.
Info (144001): Generated suppressed messages file H:/git/PCB_CQmax10/CQmax10/sample/line_game1/output_files/line_game_top.map.smsg
Info (16010): Generating hard_block partition "hard_block:auto_generated_inst"
    Info (16011): Adding 0 node(s), including 0 DDIO, 0 PLL, 0 transceiver and 0 LCELL
Info (21057): Implemented 1049 device resources after synthesis - the final resource count might be different
    Info (21058): Implemented 3 input pins
    Info (21059): Implemented 4 output pins
    Info (21061): Implemented 1033 logic cells
    Info (21064): Implemented 8 RAM segments
    Info (21062): Implemented 1 DSP elements
Info: Quartus Prime Analysis & Synthesis was successful. 0 errors, 5 warnings
    Info: Peak virtual memory: 4866 megabytes
    Info: Processing ended: Wed Sep  2 01:00:11 2026
    Info: Elapsed time: 00:00:17
    Info: Total CPU time (on all processors): 00:00:31


+------------------------------------------+
; Analysis & Synthesis Suppressed Messages ;
+------------------------------------------+
The suppressed messages can be found in H:/git/PCB_CQmax10/CQmax10/sample/line_game1/output_files/line_game_top.map.smsg.


