Fitter report for usb_host
Thu Sep 17 01:32:12 2026
Quartus Prime Version 25.1std.0 Build 1129 10/21/2025 SC Lite Edition


---------------------
; Table of Contents ;
---------------------
  1. Legal Notice
  2. Fitter Summary
  3. Fitter Settings
  4. Parallel Compilation
  5. Fitter Netlist Optimizations
  6. Incremental Compilation Preservation Summary
  7. Incremental Compilation Partition Settings
  8. Incremental Compilation Placement Preservation
  9. Pin-Out File
 10. Fitter Resource Usage Summary
 11. Fitter Partition Statistics
 12. Input Pins
 13. Output Pins
 14. Bidir Pins
 15. Dual Purpose and Dedicated Pins
 16. I/O Bank Usage
 17. All Package Pins
 18. PLL Summary
 19. PLL Usage
 20. I/O Assignment Warnings
 21. Fitter Resource Utilization by Entity
 22. Delay Chain Summary
 23. Pad To Core Delay Chain Fanout
 24. Control Signals
 25. Global & Other Fast Signals
 26. Fitter RAM Summary
 27. Routing Usage Summary
 28. LAB Logic Elements
 29. LAB-wide Signals
 30. LAB Signals Sourced
 31. LAB Signals Sourced Out
 32. LAB Distinct Inputs
 33. I/O Rules Summary
 34. I/O Rules Details
 35. I/O Rules Matrix
 36. Fitter Device Options
 37. Operating Settings and Conditions
 38. Estimated Delay Added for Hold Timing Summary
 39. Estimated Delay Added for Hold Timing Details
 40. Fitter Messages
 41. Fitter Suppressed Messages



----------------
; Legal Notice ;
----------------
Copyright (C) 2025  Altera Corporation. All rights reserved.
Your use of Altera Corporation's design tools, logic functions 
and other software and tools, and any partner logic 
functions, and any output files from any of the foregoing 
(including device programming or simulation files), and any 
associated documentation or information are expressly subject 
to the terms and conditions of the Altera Program License 
Subscription Agreement, the Altera Quartus Prime License Agreement,
the Altera IP License Agreement, or other applicable license
agreement, including, without limitation, that your use is for
the sole purpose of programming logic devices manufactured by
Altera and sold by Altera or its authorized distributors.  Please
refer to the Altera Software License Subscription Agreements 
on the Quartus Prime software download page.



+--------------------------------------------------------------------------------------+
; Fitter Summary                                                                       ;
+------------------------------------+-------------------------------------------------+
; Fitter Status                      ; Successful - Thu Sep 17 01:32:12 2026           ;
; Quartus Prime Version              ; 25.1std.0 Build 1129 10/21/2025 SC Lite Edition ;
; Revision Name                      ; usb_host                                        ;
; Top-level Entity Name              ; top                                             ;
; Family                             ; MAX 10                                          ;
; Device                             ; 10M08SCE144C8G                                  ;
; Timing Models                      ; Final                                           ;
; Total logic elements               ; 1,240 / 8,064 ( 15 % )                          ;
;     Total combinational functions  ; 1,100 / 8,064 ( 14 % )                          ;
;     Dedicated logic registers      ; 560 / 8,064 ( 7 % )                             ;
; Total registers                    ; 560                                             ;
; Total pins                         ; 16 / 101 ( 16 % )                               ;
; Total virtual pins                 ; 0                                               ;
; Total memory bits                  ; 512 / 387,072 ( < 1 % )                         ;
; Embedded Multiplier 9-bit elements ; 0 / 48 ( 0 % )                                  ;
; Total PLLs                         ; 1 / 1 ( 100 % )                                 ;
; UFM blocks                         ; 0 / 1 ( 0 % )                                   ;
; ADC blocks                         ; 0                                               ;
+------------------------------------+-------------------------------------------------+


+----------------------------------------------------------------------------------------------------------------------------------------------------+
; Fitter Settings                                                                                                                                    ;
+--------------------------------------------------------------------+---------------------------------------+---------------------------------------+
; Option                                                             ; Setting                               ; Default Value                         ;
+--------------------------------------------------------------------+---------------------------------------+---------------------------------------+
; Device                                                             ; 10M08SCE144C8G                        ;                                       ;
; Minimum Core Junction Temperature                                  ; 0                                     ;                                       ;
; Maximum Core Junction Temperature                                  ; 85                                    ;                                       ;
; Fit Attempts to Skip                                               ; 0                                     ; 0.0                                   ;
; Use smart compilation                                              ; Off                                   ; Off                                   ;
; Enable parallel Assembler and Timing Analyzer during compilation   ; On                                    ; On                                    ;
; Enable compact report table                                        ; Off                                   ; Off                                   ;
; Auto Merge PLLs                                                    ; On                                    ; On                                    ;
; Router Timing Optimization Level                                   ; Normal                                ; Normal                                ;
; Perform Clocking Topology Analysis During Routing                  ; Off                                   ; Off                                   ;
; Placement Effort Multiplier                                        ; 1.0                                   ; 1.0                                   ;
; Router Effort Multiplier                                           ; 1.0                                   ; 1.0                                   ;
; Optimize Hold Timing                                               ; All Paths                             ; All Paths                             ;
; Optimize Multi-Corner Timing                                       ; On                                    ; On                                    ;
; Power Optimization During Fitting                                  ; Normal compilation                    ; Normal compilation                    ;
; SSN Optimization                                                   ; Off                                   ; Off                                   ;
; Optimize Timing                                                    ; Normal compilation                    ; Normal compilation                    ;
; Optimize Timing for ECOs                                           ; Off                                   ; Off                                   ;
; Regenerate Full Fit Report During ECO Compiles                     ; Off                                   ; Off                                   ;
; Optimize IOC Register Placement for Timing                         ; Normal                                ; Normal                                ;
; Final Placement Optimizations                                      ; Automatically                         ; Automatically                         ;
; Fitter Initial Placement Seed                                      ; 1                                     ; 1                                     ;
; Periphery to Core Placement and Routing Optimization               ; Off                                   ; Off                                   ;
; PCI I/O                                                            ; Off                                   ; Off                                   ;
; Weak Pull-Up Resistor                                              ; Off                                   ; Off                                   ;
; Enable Bus-Hold Circuitry                                          ; Off                                   ; Off                                   ;
; Auto Packed Registers                                              ; Auto                                  ; Auto                                  ;
; Auto Delay Chains                                                  ; On                                    ; On                                    ;
; Auto Delay Chains for High Fanout Input Pins                       ; Off                                   ; Off                                   ;
; Allow Single-ended Buffer for Differential-XSTL Input              ; Off                                   ; Off                                   ;
; Treat Bidirectional Pin as Output Pin                              ; Off                                   ; Off                                   ;
; Perform Physical Synthesis for Combinational Logic for Fitting     ; Off                                   ; Off                                   ;
; Perform Physical Synthesis for Combinational Logic for Performance ; Off                                   ; Off                                   ;
; Perform Register Duplication for Performance                       ; Off                                   ; Off                                   ;
; Perform Logic to Memory Mapping for Fitting                        ; Off                                   ; Off                                   ;
; Perform Register Retiming for Performance                          ; Off                                   ; Off                                   ;
; Perform Asynchronous Signal Pipelining                             ; Off                                   ; Off                                   ;
; Fitter Effort                                                      ; Auto Fit                              ; Auto Fit                              ;
; Physical Synthesis Effort Level                                    ; Normal                                ; Normal                                ;
; Logic Cell Insertion - Logic Duplication                           ; Auto                                  ; Auto                                  ;
; Auto Register Duplication                                          ; Auto                                  ; Auto                                  ;
; Auto Global Clock                                                  ; On                                    ; On                                    ;
; Auto Global Register Control Signals                               ; On                                    ; On                                    ;
; Reserve all unused pins                                            ; As input tri-stated with weak pull-up ; As input tri-stated with weak pull-up ;
; Synchronizer Identification                                        ; Auto                                  ; Auto                                  ;
; Enable Beneficial Skew Optimization                                ; On                                    ; On                                    ;
; Optimize Design for Metastability                                  ; On                                    ; On                                    ;
; Force Fitter to Avoid Periphery Placement Warnings                 ; Off                                   ; Off                                   ;
; Enable input tri-state on active configuration pins in user mode   ; Off                                   ; Off                                   ;
+--------------------------------------------------------------------+---------------------------------------+---------------------------------------+


+------------------------------------------+
; Parallel Compilation                     ;
+----------------------------+-------------+
; Processors                 ; Number      ;
+----------------------------+-------------+
; Number detected on machine ; 36          ;
; Maximum allowed            ; 16          ;
;                            ;             ;
; Average used               ; 1.39        ;
; Maximum used               ; 16          ;
;                            ;             ;
; Usage by Processor         ; % Time Used ;
;     Processor 1            ; 100.0%      ;
;     Processor 2            ;   2.8%      ;
;     Processor 3            ;   2.7%      ;
;     Processor 4            ;   2.7%      ;
;     Processor 5            ;   2.7%      ;
;     Processor 6            ;   2.7%      ;
;     Processor 7            ;   2.6%      ;
;     Processor 8            ;   2.6%      ;
;     Processors 9-16        ;   2.6%      ;
+----------------------------+-------------+


+---------------------------------------------------------------------------------------------------------------------------------------------------------------------------------------------------------------------------------------------------------------------------------------------------------------------------------------------------------------------------------------------------------------------------------------------------------------------------------------------------------+
; Fitter Netlist Optimizations                                                                                                                                                                                                                                                                                                                                                                                                                                                                            ;
+--------------------------------------------------------------------------------------------------------------------------------------+-----------------+------------------+---------------------+-----------+----------------+-------------------------------------------------------------------------------------------------------------------------------------------------------------------------------------------------------------------------------+------------------+-----------------------+
; Node                                                                                                                                 ; Action          ; Operation        ; Reason              ; Node Port ; Node Port Name ; Destination Node                                                                                                                                                                                                              ; Destination Port ; Destination Port Name ;
+--------------------------------------------------------------------------------------------------------------------------------------+-----------------+------------------+---------------------+-----------+----------------+-------------------------------------------------------------------------------------------------------------------------------------------------------------------------------------------------------------------------------+------------------+-----------------------+
; jtag_uart_tx:u_jtag_uart_tx|altera_avalon_jtag_uart:u_jtag_uart|alt_jtag_atlantic:altera_avalon_jtag_uart_alt_jtag_atlantic|rdata[0] ; Packed Register ; Register Packing ; Timing optimization ; Q         ;                ; jtag_uart_tx:u_jtag_uart_tx|altera_avalon_jtag_uart:u_jtag_uart|altera_avalon_jtag_uart_scfifo_w:altera_avalon_jtag_uart_scfifo_w|scfifo:wfifo|scfifo_7131:auto_generated|a_dpfifo_bb01:dpfifo|altsyncram_dtn1:FIFOram|q_b[0] ; PORTBDATAOUT     ;                       ;
; jtag_uart_tx:u_jtag_uart_tx|altera_avalon_jtag_uart:u_jtag_uart|alt_jtag_atlantic:altera_avalon_jtag_uart_alt_jtag_atlantic|rdata[1] ; Packed Register ; Register Packing ; Timing optimization ; Q         ;                ; jtag_uart_tx:u_jtag_uart_tx|altera_avalon_jtag_uart:u_jtag_uart|altera_avalon_jtag_uart_scfifo_w:altera_avalon_jtag_uart_scfifo_w|scfifo:wfifo|scfifo_7131:auto_generated|a_dpfifo_bb01:dpfifo|altsyncram_dtn1:FIFOram|q_b[1] ; PORTBDATAOUT     ;                       ;
; jtag_uart_tx:u_jtag_uart_tx|altera_avalon_jtag_uart:u_jtag_uart|alt_jtag_atlantic:altera_avalon_jtag_uart_alt_jtag_atlantic|rdata[2] ; Packed Register ; Register Packing ; Timing optimization ; Q         ;                ; jtag_uart_tx:u_jtag_uart_tx|altera_avalon_jtag_uart:u_jtag_uart|altera_avalon_jtag_uart_scfifo_w:altera_avalon_jtag_uart_scfifo_w|scfifo:wfifo|scfifo_7131:auto_generated|a_dpfifo_bb01:dpfifo|altsyncram_dtn1:FIFOram|q_b[2] ; PORTBDATAOUT     ;                       ;
; jtag_uart_tx:u_jtag_uart_tx|altera_avalon_jtag_uart:u_jtag_uart|alt_jtag_atlantic:altera_avalon_jtag_uart_alt_jtag_atlantic|rdata[3] ; Packed Register ; Register Packing ; Timing optimization ; Q         ;                ; jtag_uart_tx:u_jtag_uart_tx|altera_avalon_jtag_uart:u_jtag_uart|altera_avalon_jtag_uart_scfifo_w:altera_avalon_jtag_uart_scfifo_w|scfifo:wfifo|scfifo_7131:auto_generated|a_dpfifo_bb01:dpfifo|altsyncram_dtn1:FIFOram|q_b[3] ; PORTBDATAOUT     ;                       ;
; jtag_uart_tx:u_jtag_uart_tx|altera_avalon_jtag_uart:u_jtag_uart|alt_jtag_atlantic:altera_avalon_jtag_uart_alt_jtag_atlantic|rdata[4] ; Packed Register ; Register Packing ; Timing optimization ; Q         ;                ; jtag_uart_tx:u_jtag_uart_tx|altera_avalon_jtag_uart:u_jtag_uart|altera_avalon_jtag_uart_scfifo_w:altera_avalon_jtag_uart_scfifo_w|scfifo:wfifo|scfifo_7131:auto_generated|a_dpfifo_bb01:dpfifo|altsyncram_dtn1:FIFOram|q_b[4] ; PORTBDATAOUT     ;                       ;
; jtag_uart_tx:u_jtag_uart_tx|altera_avalon_jtag_uart:u_jtag_uart|alt_jtag_atlantic:altera_avalon_jtag_uart_alt_jtag_atlantic|rdata[5] ; Packed Register ; Register Packing ; Timing optimization ; Q         ;                ; jtag_uart_tx:u_jtag_uart_tx|altera_avalon_jtag_uart:u_jtag_uart|altera_avalon_jtag_uart_scfifo_w:altera_avalon_jtag_uart_scfifo_w|scfifo:wfifo|scfifo_7131:auto_generated|a_dpfifo_bb01:dpfifo|altsyncram_dtn1:FIFOram|q_b[5] ; PORTBDATAOUT     ;                       ;
; jtag_uart_tx:u_jtag_uart_tx|altera_avalon_jtag_uart:u_jtag_uart|alt_jtag_atlantic:altera_avalon_jtag_uart_alt_jtag_atlantic|rdata[6] ; Packed Register ; Register Packing ; Timing optimization ; Q         ;                ; jtag_uart_tx:u_jtag_uart_tx|altera_avalon_jtag_uart:u_jtag_uart|altera_avalon_jtag_uart_scfifo_w:altera_avalon_jtag_uart_scfifo_w|scfifo:wfifo|scfifo_7131:auto_generated|a_dpfifo_bb01:dpfifo|altsyncram_dtn1:FIFOram|q_b[6] ; PORTBDATAOUT     ;                       ;
; jtag_uart_tx:u_jtag_uart_tx|altera_avalon_jtag_uart:u_jtag_uart|alt_jtag_atlantic:altera_avalon_jtag_uart_alt_jtag_atlantic|rdata[7] ; Packed Register ; Register Packing ; Timing optimization ; Q         ;                ; jtag_uart_tx:u_jtag_uart_tx|altera_avalon_jtag_uart:u_jtag_uart|altera_avalon_jtag_uart_scfifo_w:altera_avalon_jtag_uart_scfifo_w|scfifo:wfifo|scfifo_7131:auto_generated|a_dpfifo_bb01:dpfifo|altsyncram_dtn1:FIFOram|q_b[7] ; PORTBDATAOUT     ;                       ;
+--------------------------------------------------------------------------------------------------------------------------------------+-----------------+------------------+---------------------+-----------+----------------+-------------------------------------------------------------------------------------------------------------------------------------------------------------------------------------------------------------------------------+------------------+-----------------------+


+---------------------------------------------------------------------------------------------------+
; Incremental Compilation Preservation Summary                                                      ;
+---------------------+---------------------+----------------------------+--------------------------+
; Type                ; Total [A + B]       ; From Design Partitions [A] ; From Rapid Recompile [B] ;
+---------------------+---------------------+----------------------------+--------------------------+
; Placement (by node) ;                     ;                            ;                          ;
;     -- Requested    ; 0.00 % ( 0 / 1730 ) ; 0.00 % ( 0 / 1730 )        ; 0.00 % ( 0 / 1730 )      ;
;     -- Achieved     ; 0.00 % ( 0 / 1730 ) ; 0.00 % ( 0 / 1730 )        ; 0.00 % ( 0 / 1730 )      ;
;                     ;                     ;                            ;                          ;
; Routing (by net)    ;                     ;                            ;                          ;
;     -- Requested    ; 0.00 % ( 0 / 0 )    ; 0.00 % ( 0 / 0 )           ; 0.00 % ( 0 / 0 )         ;
;     -- Achieved     ; 0.00 % ( 0 / 0 )    ; 0.00 % ( 0 / 0 )           ; 0.00 % ( 0 / 0 )         ;
+---------------------+---------------------+----------------------------+--------------------------+


+----------------------------------------------------------------------------------------------------------------------------------------------------------------------------------------+
; Incremental Compilation Partition Settings                                                                                                                                             ;
+--------------------------------+----------------+-------------------+-------------------------+------------------------+------------------------------+--------------------------------+
; Partition Name                 ; Partition Type ; Netlist Type Used ; Preservation Level Used ; Netlist Type Requested ; Preservation Level Requested ; Contents                       ;
+--------------------------------+----------------+-------------------+-------------------------+------------------------+------------------------------+--------------------------------+
; Top                            ; User-created   ; Source File       ; N/A                     ; Source File            ; N/A                          ;                                ;
; sld_hub:auto_hub               ; Auto-generated ; Post-Synthesis    ; N/A                     ; Post-Synthesis         ; N/A                          ; sld_hub:auto_hub               ;
; hard_block:auto_generated_inst ; Auto-generated ; Source File       ; N/A                     ; Source File            ; N/A                          ; hard_block:auto_generated_inst ;
+--------------------------------+----------------+-------------------+-------------------------+------------------------+------------------------------+--------------------------------+


+------------------------------------------------------------------------------------------------------------------------------------+
; Incremental Compilation Placement Preservation                                                                                     ;
+--------------------------------+-----------------------+-------------------------+-------------------+---------------------+-------+
; Partition Name                 ; Preservation Achieved ; Preservation Level Used ; Netlist Type Used ; Preservation Method ; Notes ;
+--------------------------------+-----------------------+-------------------------+-------------------+---------------------+-------+
; Top                            ; 0.00 % ( 0 / 1529 )   ; N/A                     ; Source File       ; N/A                 ;       ;
; sld_hub:auto_hub               ; 0.00 % ( 0 / 193 )    ; N/A                     ; Post-Synthesis    ; N/A                 ;       ;
; hard_block:auto_generated_inst ; 0.00 % ( 0 / 8 )      ; N/A                     ; Source File       ; N/A                 ;       ;
+--------------------------------+-----------------------+-------------------------+-------------------+---------------------+-------+


+--------------+
; Pin-Out File ;
+--------------+
The pin-out file can be found in H:/git/PCB_CQmax10/CQmax10/sample/usb_host/output_files/usb_host.pin.


+-----------------------------------------------------------------------+
; Fitter Resource Usage Summary                                         ;
+---------------------------------------------+-------------------------+
; Resource                                    ; Usage                   ;
+---------------------------------------------+-------------------------+
; Total logic elements                        ; 1,240 / 8,064 ( 15 % )  ;
;     -- Combinational with no register       ; 680                     ;
;     -- Register only                        ; 140                     ;
;     -- Combinational with a register        ; 420                     ;
;                                             ;                         ;
; Logic element usage by number of LUT inputs ;                         ;
;     -- 4 input functions                    ; 658                     ;
;     -- 3 input functions                    ; 181                     ;
;     -- <=2 input functions                  ; 261                     ;
;     -- Register only                        ; 140                     ;
;                                             ;                         ;
; Logic elements by mode                      ;                         ;
;     -- normal mode                          ; 964                     ;
;     -- arithmetic mode                      ; 136                     ;
;                                             ;                         ;
; Total registers*                            ; 560 / 8,542 ( 7 % )     ;
;     -- Dedicated logic registers            ; 560 / 8,064 ( 7 % )     ;
;     -- I/O registers                        ; 0 / 478 ( 0 % )         ;
;                                             ;                         ;
; Total LABs:  partially or completely used   ; 93 / 504 ( 18 % )       ;
; Virtual pins                                ; 0                       ;
; I/O pins                                    ; 16 / 101 ( 16 % )       ;
;     -- Clock pins                           ; 1 / 4 ( 25 % )          ;
;     -- Dedicated input pins                 ; 1 / 1 ( 100 % )         ;
;                                             ;                         ;
; M9Ks                                        ; 1 / 42 ( 2 % )          ;
; UFM blocks                                  ; 0 / 1 ( 0 % )           ;
; Total block memory bits                     ; 512 / 387,072 ( < 1 % ) ;
; Total block memory implementation bits      ; 9,216 / 387,072 ( 2 % ) ;
; Embedded Multiplier 9-bit elements          ; 0 / 48 ( 0 % )          ;
; PLLs                                        ; 1 / 1 ( 100 % )         ;
; Global signals                              ; 4                       ;
;     -- Global clocks                        ; 4 / 10 ( 40 % )         ;
; JTAGs                                       ; 1 / 1 ( 100 % )         ;
; CRC blocks                                  ; 0 / 1 ( 0 % )           ;
; Remote update blocks                        ; 0 / 1 ( 0 % )           ;
; Oscillator blocks                           ; 0 / 1 ( 0 % )           ;
; Average interconnect usage (total/H/V)      ; 2.4% / 2.3% / 2.4%      ;
; Peak interconnect usage (total/H/V)         ; 6.6% / 6.2% / 7.0%      ;
; Maximum fan-out                             ; 349                     ;
; Highest non-global fan-out                  ; 126                     ;
; Total fan-out                               ; 5658                    ;
; Average fan-out                             ; 3.13                    ;
+---------------------------------------------+-------------------------+
*  Register count does not include registers inside RAM blocks or DSP blocks.



+---------------------------------------------------------------------------------------------------------------------------+
; Fitter Partition Statistics                                                                                               ;
+---------------------------------------------+----------------------+---------------------+--------------------------------+
; Statistic                                   ; Top                  ; sld_hub:auto_hub    ; hard_block:auto_generated_inst ;
+---------------------------------------------+----------------------+---------------------+--------------------------------+
; Difficulty Clustering Region                ; Low                  ; Low                 ; Low                            ;
;                                             ;                      ;                     ;                                ;
; Total logic elements                        ; 1107 / 8064 ( 14 % ) ; 133 / 8064 ( 2 % )  ; 0 / 8064 ( 0 % )               ;
;     -- Combinational with no register       ; 622                  ; 58                  ; 0                              ;
;     -- Register only                        ; 125                  ; 15                  ; 0                              ;
;     -- Combinational with a register        ; 360                  ; 60                  ; 0                              ;
;                                             ;                      ;                     ;                                ;
; Logic element usage by number of LUT inputs ;                      ;                     ;                                ;
;     -- 4 input functions                    ; 601                  ; 57                  ; 0                              ;
;     -- 3 input functions                    ; 158                  ; 23                  ; 0                              ;
;     -- <=2 input functions                  ; 223                  ; 38                  ; 0                              ;
;     -- Register only                        ; 125                  ; 15                  ; 0                              ;
;                                             ;                      ;                     ;                                ;
; Logic elements by mode                      ;                      ;                     ;                                ;
;     -- normal mode                          ; 854                  ; 110                 ; 0                              ;
;     -- arithmetic mode                      ; 128                  ; 8                   ; 0                              ;
;                                             ;                      ;                     ;                                ;
; Total registers                             ; 485                  ; 75                  ; 0                              ;
;     -- Dedicated logic registers            ; 485 / 8064 ( 6 % )   ; 75 / 8064 ( < 1 % ) ; 0 / 8064 ( 0 % )               ;
;     -- I/O registers                        ; 0                    ; 0                   ; 0                              ;
;                                             ;                      ;                     ;                                ;
; Total LABs:  partially or completely used   ; 83 / 504 ( 16 % )    ; 11 / 504 ( 2 % )    ; 0 / 504 ( 0 % )                ;
;                                             ;                      ;                     ;                                ;
; Virtual pins                                ; 0                    ; 0                   ; 0                              ;
; I/O pins                                    ; 16                   ; 0                   ; 0                              ;
; Embedded Multiplier 9-bit elements          ; 0 / 48 ( 0 % )       ; 0 / 48 ( 0 % )      ; 0 / 48 ( 0 % )                 ;
; Total memory bits                           ; 512                  ; 0                   ; 0                              ;
; Total RAM block bits                        ; 9216                 ; 0                   ; 0                              ;
; JTAG                                        ; 1 / 1 ( 100 % )      ; 0 / 1 ( 0 % )       ; 0 / 1 ( 0 % )                  ;
; PLL                                         ; 0 / 1 ( 0 % )        ; 0 / 1 ( 0 % )       ; 1 / 1 ( 100 % )                ;
; M9K                                         ; 1 / 42 ( 2 % )       ; 0 / 42 ( 0 % )      ; 0 / 42 ( 0 % )                 ;
; Clock control block                         ; 3 / 12 ( 25 % )      ; 0 / 12 ( 0 % )      ; 1 / 12 ( 8 % )                 ;
; User Flash Memory                           ; 1 / 1 ( 100 % )      ; 0 / 1 ( 0 % )       ; 0 / 1 ( 0 % )                  ;
; Analog-to-Digital Converter                 ; 1 / 1 ( 100 % )      ; 0 / 1 ( 0 % )       ; 0 / 1 ( 0 % )                  ;
;                                             ;                      ;                     ;                                ;
; Connections                                 ;                      ;                     ;                                ;
;     -- Input Connections                    ; 459                  ; 109                 ; 2                              ;
;     -- Registered Input Connections         ; 413                  ; 84                  ; 0                              ;
;     -- Output Connections                   ; 148                  ; 70                  ; 352                            ;
;     -- Registered Output Connections        ; 1                    ; 70                  ; 0                              ;
;                                             ;                      ;                     ;                                ;
; Internal Connections                        ;                      ;                     ;                                ;
;     -- Total Connections                    ; 5152                 ; 689                 ; 359                            ;
;     -- Registered Connections               ; 2856                 ; 475                 ; 0                              ;
;                                             ;                      ;                     ;                                ;
; External Connections                        ;                      ;                     ;                                ;
;     -- Top                                  ; 76                   ; 177                 ; 354                            ;
;     -- sld_hub:auto_hub                     ; 177                  ; 2                   ; 0                              ;
;     -- hard_block:auto_generated_inst       ; 354                  ; 0                   ; 0                              ;
;                                             ;                      ;                     ;                                ;
; Partition Interface                         ;                      ;                     ;                                ;
;     -- Input Ports                          ; 15                   ; 36                  ; 2                              ;
;     -- Output Ports                         ; 13                   ; 53                  ; 2                              ;
;     -- Bidir Ports                          ; 4                    ; 0                   ; 0                              ;
;                                             ;                      ;                     ;                                ;
; Registered Ports                            ;                      ;                     ;                                ;
;     -- Registered Input Ports               ; 0                    ; 3                   ; 0                              ;
;     -- Registered Output Ports              ; 0                    ; 20                  ; 0                              ;
;                                             ;                      ;                     ;                                ;
; Port Connectivity                           ;                      ;                     ;                                ;
;     -- Input Ports driven by GND            ; 0                    ; 1                   ; 0                              ;
;     -- Output Ports driven by GND           ; 0                    ; 28                  ; 0                              ;
;     -- Input Ports driven by VCC            ; 0                    ; 0                   ; 0                              ;
;     -- Output Ports driven by VCC           ; 0                    ; 0                   ; 0                              ;
;     -- Input Ports with no Source           ; 0                    ; 25                  ; 0                              ;
;     -- Output Ports with no Source          ; 0                    ; 0                   ; 0                              ;
;     -- Input Ports with no Fanout           ; 0                    ; 30                  ; 0                              ;
;     -- Output Ports with no Fanout          ; 0                    ; 44                  ; 0                              ;
+---------------------------------------------+----------------------+---------------------+--------------------------------+


+----------------------------------------------------------------------------------------------------------------------------------------------------------------------------------------------------------------------------------------------------------------------------------------+
; Input Pins                                                                                                                                                                                                                                                                             ;
+-------+-------+----------+--------------+--------------+--------------+-----------------------+--------------------+--------+----------------+---------------+-----------------+----------+--------------+--------------+---------------------------+----------------------+-----------+
; Name  ; Pin # ; I/O Bank ; X coordinate ; Y coordinate ; Z coordinate ; Combinational Fan-Out ; Registered Fan-Out ; Global ; Input Register ; Power Up High ; PCI I/O Enabled ; Bus Hold ; Weak Pull Up ; I/O Standard ; Termination Control Block ; Location assigned by ; Slew Rate ;
+-------+-------+----------+--------------+--------------+--------------+-----------------------+--------------------+--------+----------------+---------------+-----------------+----------+--------------+--------------+---------------------------+----------------------+-----------+
; clk   ; 88    ; 6        ; 31           ; 9            ; 21           ; 108                   ; 0                  ; yes    ; no             ; no            ; yes             ; no       ; Off          ; 3.3-V LVTTL  ; --                        ; User                 ; 0         ;
; rst_n ; 17    ; 1B       ; 10           ; 17           ; 0            ; 3                     ; 0                  ; no     ; no             ; no            ; yes             ; no       ; Off          ; 3.3-V LVTTL  ; --                        ; User                 ; 0         ;
+-------+-------+----------+--------------+--------------+--------------+-----------------------+--------------------+--------+----------------+---------------+-----------------+----------+--------------+--------------+---------------------------+----------------------+-----------+


+------------------------------------------------------------------------------------------------------------------------------------------------------------------------------------------------------------------------------------------------------------------------------------------------------------------------------------------------------------------------------------------------------------------------------------+
; Output Pins                                                                                                                                                                                                                                                                                                                                                                                                                        ;
+---------+-------+----------+--------------+--------------+--------------+-----------------+------------------------+---------------+-----------+-----------------+------------+---------------+----------+--------------+--------------+------------------+-------------+---------------------------+----------------------------+-----------------------------+----------------------+----------------------+---------------------+
; Name    ; Pin # ; I/O Bank ; X coordinate ; Y coordinate ; Z coordinate ; Output Register ; Output Enable Register ; Power Up High ; Slew Rate ; PCI I/O Enabled ; Open Drain ; TRI Primitive ; Bus Hold ; Weak Pull Up ; I/O Standard ; Current Strength ; Termination ; Termination Control Block ; Output Buffer Pre-emphasis ; Voltage Output Differential ; Location assigned by ; Output Enable Source ; Output Enable Group ;
+---------+-------+----------+--------------+--------------+--------------+-----------------+------------------------+---------------+-----------+-----------------+------------+---------------+----------+--------------+--------------+------------------+-------------+---------------------------+----------------------------+-----------------------------+----------------------+----------------------+---------------------+
; led     ; 85    ; 5        ; 31           ; 6            ; 21           ; no              ; no                     ; no            ; 2         ; no              ; no         ; no            ; no       ; Off          ; 3.3-V LVTTL  ; 8mA              ; Off         ; --                        ; no                         ; no                          ; User                 ; -                    ; -                   ;
; led0    ; 123   ; 8        ; 13           ; 25           ; 28           ; no              ; no                     ; no            ; 2         ; no              ; no         ; no            ; no       ; Off          ; 3.3-V LVTTL  ; 8mA              ; Off         ; --                        ; no                         ; no                          ; User                 ; -                    ; -                   ;
; leds[0] ; 60    ; 3        ; 19           ; 0            ; 28           ; no              ; no                     ; no            ; 2         ; no              ; no         ; no            ; no       ; Off          ; 3.3-V LVTTL  ; 8mA              ; Off         ; --                        ; no                         ; no                          ; User                 ; -                    ; -                   ;
; leds[1] ; 58    ; 3        ; 17           ; 0            ; 21           ; no              ; no                     ; no            ; 2         ; no              ; no         ; no            ; no       ; Off          ; 3.3-V LVTTL  ; 8mA              ; Off         ; --                        ; no                         ; no                          ; User                 ; -                    ; -                   ;
; leds[2] ; 56    ; 3        ; 15           ; 0            ; 14           ; no              ; no                     ; no            ; 2         ; no              ; no         ; no            ; no       ; Off          ; 3.3-V LVTTL  ; 8mA              ; Off         ; --                        ; no                         ; no                          ; User                 ; -                    ; -                   ;
; leds[3] ; 50    ; 3        ; 11           ; 0            ; 7            ; no              ; no                     ; no            ; 2         ; no              ; no         ; no            ; no       ; Off          ; 3.3-V LVTTL  ; 8mA              ; Off         ; --                        ; no                         ; no                          ; User                 ; -                    ; -                   ;
; leds[4] ; 59    ; 3        ; 17           ; 0            ; 0            ; no              ; no                     ; no            ; 2         ; no              ; no         ; no            ; no       ; Off          ; 3.3-V LVTTL  ; 8mA              ; Off         ; --                        ; no                         ; no                          ; User                 ; -                    ; -                   ;
; leds[5] ; 55    ; 3        ; 15           ; 0            ; 21           ; no              ; no                     ; no            ; 2         ; no              ; no         ; no            ; no       ; Off          ; 3.3-V LVTTL  ; 8mA              ; Off         ; --                        ; no                         ; no                          ; User                 ; -                    ; -                   ;
; leds[6] ; 57    ; 3        ; 17           ; 0            ; 28           ; no              ; no                     ; no            ; 2         ; no              ; no         ; no            ; no       ; Off          ; 3.3-V LVTTL  ; 8mA              ; Off         ; --                        ; no                         ; no                          ; User                 ; -                    ; -                   ;
; leds[7] ; 52    ; 3        ; 11           ; 0            ; 0            ; no              ; no                     ; no            ; 2         ; no              ; no         ; no            ; no       ; Off          ; 3.3-V LVTTL  ; 8mA              ; Off         ; --                        ; no                         ; no                          ; User                 ; -                    ; -                   ;
+---------+-------+----------+--------------+--------------+--------------+-----------------+------------------------+---------------+-----------+-----------------+------------+---------------+----------+--------------+--------------+------------------+-------------+---------------------------+----------------------------+-----------------------------+----------------------+----------------------+---------------------+


+--------------------------------------------------------------------------------------------------------------------------------------------------------------------------------------------------------------------------------------------------------------------------------------------------------------------------------------------------------------------------------------------------------------------------------------------------------------------------------------------------------------+
; Bidir Pins                                                                                                                                                                                                                                                                                                                                                                                                                                                                                                   ;
+-----------+-------+----------+--------------+--------------+--------------+-----------------------+--------------------+--------+----------------+-----------------+------------------------+---------------+-----------+-----------------+------------+----------+--------------+--------------+------------------+--------------------+---------------------------+----------------------------+----------------------+----------------------+-------------------------------------------------------------+
; Name      ; Pin # ; I/O Bank ; X coordinate ; Y coordinate ; Z coordinate ; Combinational Fan-Out ; Registered Fan-Out ; Global ; Input Register ; Output Register ; Output Enable Register ; Power Up High ; Slew Rate ; PCI I/O Enabled ; Open Drain ; Bus Hold ; Weak Pull Up ; I/O Standard ; Current Strength ; Output Termination ; Termination Control Block ; Output Buffer Pre-emphasis ; Location assigned by ; Output Enable Source ; Output Enable Group                                         ;
+-----------+-------+----------+--------------+--------------+--------------+-----------------------+--------------------+--------+----------------+-----------------+------------------------+---------------+-----------+-----------------+------------+----------+--------------+--------------+------------------+--------------------+---------------------------+----------------------------+----------------------+----------------------+-------------------------------------------------------------+
; usb_u1_dm ; 45    ; 3        ; 9            ; 0            ; 21           ; 1                     ; 0                  ; no     ; no             ; no              ; no                     ; no            ; 2         ; yes             ; no         ; no       ; Off          ; 3.3-V LVTTL  ; 8mA              ; Off                ; --                        ; no                         ; User                 ; 0 pF                 ; usb_hid_host:g_usb_ch1.u_usb_hid_host|ukp:ukp|ug (inverted) ;
; usb_u1_dp ; 44    ; 3        ; 9            ; 0            ; 28           ; 1                     ; 0                  ; no     ; no             ; no              ; no                     ; no            ; 2         ; yes             ; no         ; no       ; Off          ; 3.3-V LVTTL  ; 8mA              ; Off                ; --                        ; no                         ; User                 ; 0 pF                 ; usb_hid_host:g_usb_ch1.u_usb_hid_host|ukp:ukp|ug (inverted) ;
; usb_u2_dm ; 38    ; 3        ; 3            ; 0            ; 14           ; 0                     ; 0                  ; no     ; no             ; no              ; no                     ; no            ; 2         ; yes             ; yes        ; no       ; Off          ; 3.3-V LVTTL  ; 8mA              ; Off                ; --                        ; no                         ; User                 ; 0 pF                 ; -                                                           ;
; usb_u2_dp ; 46    ; 3        ; 9            ; 0            ; 0            ; 0                     ; 0                  ; no     ; no             ; no              ; no                     ; no            ; 2         ; yes             ; yes        ; no       ; Off          ; 3.3-V LVTTL  ; 8mA              ; Off                ; --                        ; no                         ; User                 ; 0 pF                 ; -                                                           ;
+-----------+-------+----------+--------------+--------------+--------------+-----------------------+--------------------+--------+----------------+-----------------+------------------------+---------------+-----------+-----------------+------------+----------+--------------+--------------+------------------+--------------------+---------------------------+----------------------------+----------------------+----------------------+-------------------------------------------------------------+


+-----------------------------------------------------------------------------------------------------------------------------------------+
; Dual Purpose and Dedicated Pins                                                                                                         ;
+----------+----------------------------------------------------+--------------------------------+---------------------+------------------+
; Location ; Pin Name                                           ; Reserved As                    ; User Signal Name    ; Pin Type         ;
+----------+----------------------------------------------------+--------------------------------+---------------------+------------------+
; 16       ; DIFFIO_RX_L11n, DIFFOUT_L11n, TMS, Low_Speed       ; Reserved as secondary function ; altera_reserved_tms ; Dual Purpose Pin ;
; 18       ; DIFFIO_RX_L11p, DIFFOUT_L11p, TCK, Low_Speed       ; Reserved as secondary function ; altera_reserved_tck ; Dual Purpose Pin ;
; 19       ; DIFFIO_RX_L12n, DIFFOUT_L12n, TDI, Low_Speed       ; Reserved as secondary function ; altera_reserved_tdi ; Dual Purpose Pin ;
; 20       ; DIFFIO_RX_L12p, DIFFOUT_L12p, TDO, Low_Speed       ; Reserved as secondary function ; altera_reserved_tdo ; Dual Purpose Pin ;
; 129      ; nCONFIG, Low_Speed                                 ; Reserved as secondary function ; ~ALTERA_nCONFIG~    ; Dual Purpose Pin ;
; 136      ; DIFFIO_RX_T24p, DIFFOUT_T24p, nSTATUS, Low_Speed   ; Reserved as secondary function ; ~ALTERA_nSTATUS~    ; Dual Purpose Pin ;
; 138      ; DIFFIO_RX_T24n, DIFFOUT_T24n, CONF_DONE, Low_Speed ; Reserved as secondary function ; ~ALTERA_CONF_DONE~  ; Dual Purpose Pin ;
+----------+----------------------------------------------------+--------------------------------+---------------------+------------------+


+------------------------------------------------------------+
; I/O Bank Usage                                             ;
+----------+------------------+---------------+--------------+
; I/O Bank ; Usage            ; VCCIO Voltage ; VREF Voltage ;
+----------+------------------+---------------+--------------+
; 1A       ; 0 / 8 ( 0 % )    ; 2.5V          ; --           ;
; 1B       ; 5 / 10 ( 50 % )  ; 3.3V          ; --           ;
; 2        ; 0 / 7 ( 0 % )    ; 2.5V          ; --           ;
; 3        ; 12 / 18 ( 67 % ) ; 3.3V          ; --           ;
; 4        ; 0 / 7 ( 0 % )    ; 2.5V          ; --           ;
; 5        ; 1 / 12 ( 8 % )   ; 3.3V          ; --           ;
; 6        ; 1 / 15 ( 7 % )   ; 3.3V          ; --           ;
; 7        ; 0 / 7 ( 0 % )    ; 2.5V          ; --           ;
; 8        ; 4 / 17 ( 24 % )  ; 3.3V          ; --           ;
+----------+------------------+---------------+--------------+


+------------------------------------------------------------------------------------------------------------------------------------------------------------------------------+
; All Package Pins                                                                                                                                                             ;
+----------+------------+----------+-------------------------------------+--------+-----------------------+-----------+------------+-----------------+----------+--------------+
; Location ; Pad Number ; I/O Bank ; Pin Name/Usage                      ; Dir.   ; I/O Standard          ; Voltage   ; I/O Type   ; User Assignment ; Bus Hold ; Weak Pull Up ;
+----------+------------+----------+-------------------------------------+--------+-----------------------+-----------+------------+-----------------+----------+--------------+
; 1        ;            ; --       ; VCC_ONE                             ; power  ;                       ; 3.0V/3.3V ; --         ;                 ; --       ; --           ;
; 2        ;            ; --       ; VCCA6                               ; power  ;                       ; 3.0V/3.3V ; --         ;                 ; --       ; --           ;
; 3        ;            ;          ; GND                                 ; gnd    ;                       ;           ; --         ;                 ; --       ; --           ;
; 4        ;            ;          ; GND                                 ; gnd    ;                       ;           ; --         ;                 ; --       ; --           ;
; 5        ;            ; --       ; VCCA3                               ; power  ;                       ; 3.0V/3.3V ; --         ;                 ; --       ; --           ;
; 6        ; 0          ; 1A       ; RESERVED_INPUT_WITH_WEAK_PULLUP     ;        ;                       ;           ; Row I/O    ;                 ; no       ; On           ;
; 7        ; 2          ; 1A       ; RESERVED_INPUT_WITH_WEAK_PULLUP     ;        ;                       ;           ; Row I/O    ;                 ; no       ; On           ;
; 8        ; 4          ; 1A       ; RESERVED_INPUT_WITH_WEAK_PULLUP     ;        ;                       ;           ; Row I/O    ;                 ; no       ; On           ;
; 9        ;            ; 1A       ; VCCIO1A                             ; power  ;                       ; 2.5V      ; --         ;                 ; --       ; --           ;
; 10       ; 6          ; 1A       ; RESERVED_INPUT_WITH_WEAK_PULLUP     ;        ;                       ;           ; Row I/O    ;                 ; no       ; On           ;
; 11       ; 8          ; 1A       ; RESERVED_INPUT_WITH_WEAK_PULLUP     ;        ;                       ;           ; Row I/O    ;                 ; no       ; On           ;
; 12       ; 10         ; 1A       ; RESERVED_INPUT_WITH_WEAK_PULLUP     ;        ;                       ;           ; Row I/O    ;                 ; no       ; On           ;
; 13       ; 12         ; 1A       ; RESERVED_INPUT_WITH_WEAK_PULLUP     ;        ;                       ;           ; Row I/O    ;                 ; no       ; On           ;
; 14       ; 14         ; 1A       ; RESERVED_INPUT_WITH_WEAK_PULLUP     ;        ;                       ;           ; Row I/O    ;                 ; no       ; On           ;
; 15       ; 18         ; 1B       ; RESERVED_INPUT_WITH_WEAK_PULLUP     ;        ;                       ;           ; Row I/O    ;                 ; no       ; On           ;
; 16       ; 20         ; 1B       ; altera_reserved_tms                 ; input  ; 3.3 V Schmitt Trigger ;           ; Row I/O    ; N               ; no       ; Off          ;
; 17       ; 21         ; 1B       ; rst_n                               ; input  ; 3.3-V LVTTL           ;           ; Row I/O    ; Y               ; no       ; Off          ;
; 18       ; 22         ; 1B       ; altera_reserved_tck                 ; input  ; 3.3 V Schmitt Trigger ;           ; Row I/O    ; N               ; no       ; Off          ;
; 19       ; 24         ; 1B       ; altera_reserved_tdi                 ; input  ; 3.3 V Schmitt Trigger ;           ; Row I/O    ; N               ; no       ; Off          ;
; 20       ; 26         ; 1B       ; altera_reserved_tdo                 ; output ; 3.3-V LVTTL           ;           ; Row I/O    ; N               ; no       ; Off          ;
; 21       ; 28         ; 1B       ; RESERVED_INPUT_WITH_WEAK_PULLUP     ;        ;                       ;           ; Row I/O    ;                 ; no       ; On           ;
; 22       ; 30         ; 1B       ; RESERVED_INPUT_WITH_WEAK_PULLUP     ;        ;                       ;           ; Row I/O    ;                 ; no       ; On           ;
; 23       ;            ; 1B       ; VCCIO1B                             ; power  ;                       ; 3.3V      ; --         ;                 ; --       ; --           ;
; 24       ; 32         ; 1B       ; RESERVED_INPUT_WITH_WEAK_PULLUP     ;        ;                       ;           ; Row I/O    ;                 ; no       ; On           ;
; 25       ; 34         ; 1B       ; RESERVED_INPUT_WITH_WEAK_PULLUP     ;        ;                       ;           ; Row I/O    ;                 ; no       ; On           ;
; 26       ; 36         ; 2        ; RESERVED_INPUT_WITH_WEAK_PULLUP     ;        ;                       ;           ; Row I/O    ;                 ; no       ; On           ;
; 27       ; 38         ; 2        ; RESERVED_INPUT_WITH_WEAK_PULLUP     ;        ;                       ;           ; Row I/O    ;                 ; no       ; On           ;
; 28       ; 40         ; 2        ; RESERVED_INPUT_WITH_WEAK_PULLUP     ;        ;                       ;           ; Row I/O    ;                 ; no       ; On           ;
; 29       ; 42         ; 2        ; RESERVED_INPUT_WITH_WEAK_PULLUP     ;        ;                       ;           ; Row I/O    ;                 ; no       ; On           ;
; 30       ; 45         ; 2        ; RESERVED_INPUT_WITH_WEAK_PULLUP     ;        ;                       ;           ; Row I/O    ;                 ; --       ; --           ;
; 31       ;            ; 2        ; VCCIO2                              ; power  ;                       ; 2.5V      ; --         ;                 ; --       ; --           ;
; 32       ; 56         ; 2        ; RESERVED_INPUT_WITH_WEAK_PULLUP     ;        ;                       ;           ; Row I/O    ;                 ; no       ; On           ;
; 33       ; 58         ; 2        ; RESERVED_INPUT_WITH_WEAK_PULLUP     ;        ;                       ;           ; Row I/O    ;                 ; no       ; On           ;
; 34       ;            ; --       ; VCCA2                               ; power  ;                       ; 3.0V/3.3V ; --         ;                 ; --       ; --           ;
; 35       ;            ; --       ; VCCA1                               ; power  ;                       ; 3.0V/3.3V ; --         ;                 ; --       ; --           ;
; 36       ;            ; --       ; VCC_ONE                             ; power  ;                       ; 3.0V/3.3V ; --         ;                 ; --       ; --           ;
; 37       ;            ; --       ; VCC_ONE                             ; power  ;                       ; 3.0V/3.3V ; --         ;                 ; --       ; --           ;
; 38       ; 60         ; 3        ; usb_u2_dm                           ; bidir  ; 3.3-V LVTTL           ;           ; Column I/O ; Y               ; no       ; Off          ;
; 39       ; 62         ; 3        ; RESERVED_INPUT_WITH_WEAK_PULLUP     ;        ;                       ;           ; Column I/O ;                 ; no       ; On           ;
; 40       ;            ; 3        ; VCCIO3                              ; power  ;                       ; 3.3V      ; --         ;                 ; --       ; --           ;
; 41       ; 64         ; 3        ; RESERVED_INPUT_WITH_WEAK_PULLUP     ;        ;                       ;           ; Column I/O ;                 ; no       ; On           ;
; 42       ;            ;          ; GND                                 ; gnd    ;                       ;           ; --         ;                 ; --       ; --           ;
; 43       ; 66         ; 3        ; RESERVED_INPUT_WITH_WEAK_PULLUP     ;        ;                       ;           ; Column I/O ;                 ; no       ; On           ;
; 44       ; 68         ; 3        ; usb_u1_dp                           ; bidir  ; 3.3-V LVTTL           ;           ; Column I/O ; Y               ; no       ; Off          ;
; 45       ; 70         ; 3        ; usb_u1_dm                           ; bidir  ; 3.3-V LVTTL           ;           ; Column I/O ; Y               ; no       ; Off          ;
; 46       ; 72         ; 3        ; usb_u2_dp                           ; bidir  ; 3.3-V LVTTL           ;           ; Column I/O ; Y               ; no       ; Off          ;
; 47       ; 74         ; 3        ; RESERVED_INPUT_WITH_WEAK_PULLUP     ;        ;                       ;           ; Column I/O ;                 ; no       ; On           ;
; 48       ; 77         ; 3        ; RESERVED_INPUT_WITH_WEAK_PULLUP     ;        ;                       ;           ; Column I/O ;                 ; --       ; --           ;
; 49       ;            ; 3        ; VCCIO3                              ; power  ;                       ; 3.3V      ; --         ;                 ; --       ; --           ;
; 50       ; 76         ; 3        ; leds[3]                             ; output ; 3.3-V LVTTL           ;           ; Column I/O ; Y               ; no       ; Off          ;
; 51       ;            ; --       ; VCC_ONE                             ; power  ;                       ; 3.0V/3.3V ; --         ;                 ; --       ; --           ;
; 52       ; 78         ; 3        ; leds[7]                             ; output ; 3.3-V LVTTL           ;           ; Column I/O ; Y               ; no       ; Off          ;
; 53       ;            ;          ; GND                                 ; gnd    ;                       ;           ; --         ;                 ; --       ; --           ;
; 54       ; 80         ; 3        ; RESERVED_INPUT_WITH_WEAK_PULLUP     ;        ;                       ;           ; Column I/O ;                 ; no       ; On           ;
; 55       ; 84         ; 3        ; leds[5]                             ; output ; 3.3-V LVTTL           ;           ; Column I/O ; Y               ; no       ; Off          ;
; 56       ; 86         ; 3        ; leds[2]                             ; output ; 3.3-V LVTTL           ;           ; Column I/O ; Y               ; no       ; Off          ;
; 57       ; 88         ; 3        ; leds[6]                             ; output ; 3.3-V LVTTL           ;           ; Column I/O ; Y               ; no       ; Off          ;
; 58       ; 90         ; 3        ; leds[1]                             ; output ; 3.3-V LVTTL           ;           ; Column I/O ; Y               ; no       ; Off          ;
; 59       ; 92         ; 3        ; leds[4]                             ; output ; 3.3-V LVTTL           ;           ; Column I/O ; Y               ; no       ; Off          ;
; 60       ; 94         ; 3        ; leds[0]                             ; output ; 3.3-V LVTTL           ;           ; Column I/O ; Y               ; no       ; Off          ;
; 61       ; 101        ; 4        ; RESERVED_INPUT_WITH_WEAK_PULLUP     ;        ;                       ;           ; Column I/O ;                 ; --       ; --           ;
; 62       ; 102        ; 4        ; RESERVED_INPUT_WITH_WEAK_PULLUP     ;        ;                       ;           ; Column I/O ;                 ; no       ; On           ;
; 63       ;            ;          ; GND                                 ; gnd    ;                       ;           ; --         ;                 ; --       ; --           ;
; 64       ; 108        ; 4        ; RESERVED_INPUT_WITH_WEAK_PULLUP     ;        ;                       ;           ; Column I/O ;                 ; no       ; On           ;
; 65       ; 110        ; 4        ; RESERVED_INPUT_WITH_WEAK_PULLUP     ;        ;                       ;           ; Column I/O ;                 ; no       ; On           ;
; 66       ; 112        ; 4        ; RESERVED_INPUT_WITH_WEAK_PULLUP     ;        ;                       ;           ; Column I/O ;                 ; no       ; On           ;
; 67       ;            ; 4        ; VCCIO4                              ; power  ;                       ; 2.5V      ; --         ;                 ; --       ; --           ;
; 68       ;            ;          ; GND                                 ; gnd    ;                       ;           ; --         ;                 ; --       ; --           ;
; 69       ; 116        ; 4        ; RESERVED_INPUT_WITH_WEAK_PULLUP     ;        ;                       ;           ; Column I/O ;                 ; no       ; On           ;
; 70       ; 118        ; 4        ; RESERVED_INPUT_WITH_WEAK_PULLUP     ;        ;                       ;           ; Column I/O ;                 ; no       ; On           ;
; 71       ;            ; --       ; VCCA5                               ; power  ;                       ; 3.0V/3.3V ; --         ;                 ; --       ; --           ;
; 72       ;            ; --       ; VCC_ONE                             ; power  ;                       ; 3.0V/3.3V ; --         ;                 ; --       ; --           ;
; 73       ;            ; --       ; VCC_ONE                             ; power  ;                       ; 3.0V/3.3V ; --         ;                 ; --       ; --           ;
; 74       ; 121        ; 5        ; RESERVED_INPUT_WITH_WEAK_PULLUP     ;        ;                       ;           ; Row I/O    ;                 ; no       ; On           ;
; 75       ; 120        ; 5        ; RESERVED_INPUT_WITH_WEAK_PULLUP     ;        ;                       ;           ; Row I/O    ;                 ; no       ; On           ;
; 76       ; 123        ; 5        ; RESERVED_INPUT_WITH_WEAK_PULLUP     ;        ;                       ;           ; Row I/O    ;                 ; no       ; On           ;
; 77       ; 122        ; 5        ; RESERVED_INPUT_WITH_WEAK_PULLUP     ;        ;                       ;           ; Row I/O    ;                 ; no       ; On           ;
; 78       ; 133        ; 5        ; RESERVED_INPUT_WITH_WEAK_PULLUP     ;        ;                       ;           ; Row I/O    ;                 ; no       ; On           ;
; 79       ; 132        ; 5        ; RESERVED_INPUT_WITH_WEAK_PULLUP     ;        ;                       ;           ; Row I/O    ;                 ; no       ; On           ;
; 80       ; 135        ; 5        ; RESERVED_INPUT_WITH_WEAK_PULLUP     ;        ;                       ;           ; Row I/O    ;                 ; --       ; --           ;
; 81       ; 134        ; 5        ; RESERVED_INPUT_WITH_WEAK_PULLUP     ;        ;                       ;           ; Row I/O    ;                 ; no       ; On           ;
; 82       ;            ; 5        ; VCCIO5                              ; power  ;                       ; 3.3V      ; --         ;                 ; --       ; --           ;
; 83       ;            ;          ; GND                                 ; gnd    ;                       ;           ; --         ;                 ; --       ; --           ;
; 84       ; 141        ; 5        ; RESERVED_INPUT_WITH_WEAK_PULLUP     ;        ;                       ;           ; Row I/O    ;                 ; no       ; On           ;
; 85       ; 140        ; 5        ; led                                 ; output ; 3.3-V LVTTL           ;           ; Row I/O    ; Y               ; no       ; Off          ;
; 86       ; 143        ; 5        ; RESERVED_INPUT_WITH_WEAK_PULLUP     ;        ;                       ;           ; Row I/O    ;                 ; no       ; On           ;
; 87       ; 142        ; 5        ; RESERVED_INPUT_WITH_WEAK_PULLUP     ;        ;                       ;           ; Row I/O    ;                 ; no       ; On           ;
; 88       ; 148        ; 6        ; clk                                 ; input  ; 3.3-V LVTTL           ;           ; Row I/O    ; Y               ; no       ; Off          ;
; 89       ; 150        ; 6        ; RESERVED_INPUT_WITH_WEAK_PULLUP     ;        ;                       ;           ; Row I/O    ;                 ; no       ; On           ;
; 90       ; 152        ; 6        ; RESERVED_INPUT_WITH_WEAK_PULLUP     ;        ;                       ;           ; Row I/O    ;                 ; no       ; On           ;
; 91       ; 154        ; 6        ; RESERVED_INPUT_WITH_WEAK_PULLUP     ;        ;                       ;           ; Row I/O    ;                 ; no       ; On           ;
; 92       ; 156        ; 6        ; RESERVED_INPUT_WITH_WEAK_PULLUP     ;        ;                       ;           ; Row I/O    ;                 ; no       ; On           ;
; 93       ; 158        ; 6        ; RESERVED_INPUT_WITH_WEAK_PULLUP     ;        ;                       ;           ; Row I/O    ;                 ; no       ; On           ;
; 94       ;            ; 6        ; VCCIO6                              ; power  ;                       ; 3.3V      ; --         ;                 ; --       ; --           ;
; 95       ;            ;          ; GND                                 ; gnd    ;                       ;           ; --         ;                 ; --       ; --           ;
; 96       ; 172        ; 6        ; RESERVED_INPUT_WITH_WEAK_PULLUP     ;        ;                       ;           ; Row I/O    ;                 ; no       ; On           ;
; 97       ; 173        ; 6        ; RESERVED_INPUT_WITH_WEAK_PULLUP     ;        ;                       ;           ; Row I/O    ;                 ; --       ; --           ;
; 98       ; 174        ; 6        ; RESERVED_INPUT_WITH_WEAK_PULLUP     ;        ;                       ;           ; Row I/O    ;                 ; no       ; On           ;
; 99       ; 176        ; 6        ; RESERVED_INPUT_WITH_WEAK_PULLUP     ;        ;                       ;           ; Row I/O    ;                 ; no       ; On           ;
; 100      ; 177        ; 6        ; RESERVED_INPUT_WITH_WEAK_PULLUP     ;        ;                       ;           ; Row I/O    ;                 ; no       ; On           ;
; 101      ; 178        ; 6        ; RESERVED_INPUT_WITH_WEAK_PULLUP     ;        ;                       ;           ; Row I/O    ;                 ; no       ; On           ;
; 102      ; 179        ; 6        ; RESERVED_INPUT_WITH_WEAK_PULLUP     ;        ;                       ;           ; Row I/O    ;                 ; no       ; On           ;
; 103      ;            ; 6        ; VCCIO6                              ; power  ;                       ; 3.3V      ; --         ;                 ; --       ; --           ;
; 104      ;            ;          ; GND                                 ; gnd    ;                       ;           ; --         ;                 ; --       ; --           ;
; 105      ; 188        ; 6        ; RESERVED_INPUT_WITH_WEAK_PULLUP     ;        ;                       ;           ; Row I/O    ;                 ; no       ; On           ;
; 106      ; 190        ; 6        ; RESERVED_INPUT_WITH_WEAK_PULLUP     ;        ;                       ;           ; Row I/O    ;                 ; no       ; On           ;
; 107      ;            ; --       ; VCCA3                               ; power  ;                       ; 3.0V/3.3V ; --         ;                 ; --       ; --           ;
; 108      ;            ; --       ; VCC_ONE                             ; power  ;                       ; 3.0V/3.3V ; --         ;                 ; --       ; --           ;
; 109      ;            ; --       ; VCC_ONE                             ; power  ;                       ; 3.0V/3.3V ; --         ;                 ; --       ; --           ;
; 110      ; 192        ; 7        ; RESERVED_INPUT_WITH_WEAK_PULLUP     ;        ;                       ;           ; Column I/O ;                 ; no       ; On           ;
; 111      ; 194        ; 7        ; RESERVED_INPUT_WITH_WEAK_PULLUP     ;        ;                       ;           ; Column I/O ;                 ; no       ; On           ;
; 112      ; 199        ; 7        ; RESERVED_INPUT_WITH_WEAK_PULLUP     ;        ;                       ;           ; Column I/O ;                 ; --       ; --           ;
; 113      ; 202        ; 7        ; RESERVED_INPUT_WITH_WEAK_PULLUP     ;        ;                       ;           ; Column I/O ;                 ; no       ; On           ;
; 114      ; 204        ; 7        ; RESERVED_INPUT_WITH_WEAK_PULLUP     ;        ;                       ;           ; Column I/O ;                 ; no       ; On           ;
; 115      ;            ; --       ; VCC_ONE                             ; power  ;                       ; 3.0V/3.3V ; --         ;                 ; --       ; --           ;
; 116      ;            ;          ; GND                                 ; gnd    ;                       ;           ; --         ;                 ; --       ; --           ;
; 117      ;            ; 7        ; VCCIO7                              ; power  ;                       ; 2.5V      ; --         ;                 ; --       ; --           ;
; 118      ; 212        ; 7        ; RESERVED_INPUT_WITH_WEAK_PULLUP     ;        ;                       ;           ; Column I/O ;                 ; no       ; On           ;
; 119      ; 214        ; 7        ; RESERVED_INPUT_WITH_WEAK_PULLUP     ;        ;                       ;           ; Column I/O ;                 ; no       ; On           ;
; 120      ; 224        ; 8        ; RESERVED_INPUT_WITH_WEAK_PULLUP     ;        ;                       ;           ; Column I/O ;                 ; no       ; On           ;
; 121      ; 226        ; 8        ; RESERVED_INPUT_WITH_WEAK_PULLUP     ;        ;                       ;           ; Column I/O ;                 ; no       ; On           ;
; 122      ; 228        ; 8        ; RESERVED_INPUT_WITH_WEAK_PULLUP     ;        ;                       ;           ; Column I/O ;                 ; no       ; On           ;
; 123      ; 231        ; 8        ; led0                                ; output ; 3.3-V LVTTL           ;           ; Column I/O ; Y               ; no       ; Off          ;
; 124      ; 233        ; 8        ; RESERVED_INPUT_WITH_WEAK_PULLUP     ;        ;                       ;           ; Column I/O ;                 ; no       ; On           ;
; 125      ;            ;          ; GND                                 ; gnd    ;                       ;           ; --         ;                 ; --       ; --           ;
; 126      ; 232        ; 8        ; RESERVED_INPUT_WITH_WEAK_PULLUP     ;        ;                       ;           ; Column I/O ;                 ; no       ; On           ;
; 127      ; 235        ; 8        ; RESERVED_INPUT_WITH_WEAK_PULLUP     ;        ;                       ;           ; Column I/O ;                 ; no       ; On           ;
; 128      ;            ; 8        ; VCCIO8                              ; power  ;                       ; 3.3V      ; --         ;                 ; --       ; --           ;
; 129      ; 234        ; 8        ; ~ALTERA_nCONFIG~ / RESERVED_INPUT   ; input  ; 3.3 V Schmitt Trigger ;           ; Column I/O ; N               ; no       ; Off          ;
; 130      ; 236        ; 8        ; RESERVED_INPUT_WITH_WEAK_PULLUP     ;        ;                       ;           ; Column I/O ;                 ; no       ; On           ;
; 131      ; 238        ; 8        ; RESERVED_INPUT_WITH_WEAK_PULLUP     ;        ;                       ;           ; Column I/O ;                 ; no       ; On           ;
; 132      ; 240        ; 8        ; RESERVED_INPUT_WITH_WEAK_PULLUP     ;        ;                       ;           ; Column I/O ;                 ; no       ; On           ;
; 133      ;            ;          ; GND                                 ; gnd    ;                       ;           ; --         ;                 ; --       ; --           ;
; 134      ; 242        ; 8        ; RESERVED_INPUT_WITH_WEAK_PULLUP     ;        ;                       ;           ; Column I/O ;                 ; no       ; On           ;
; 135      ; 243        ; 8        ; RESERVED_INPUT_WITH_WEAK_PULLUP     ;        ;                       ;           ; Column I/O ;                 ; no       ; On           ;
; 136      ; 244        ; 8        ; ~ALTERA_nSTATUS~ / RESERVED_INPUT   ; input  ; 3.3 V Schmitt Trigger ;           ; Column I/O ; N               ; no       ; Off          ;
; 137      ;            ;          ; GND                                 ; gnd    ;                       ;           ; --         ;                 ; --       ; --           ;
; 138      ; 246        ; 8        ; ~ALTERA_CONF_DONE~ / RESERVED_INPUT ; input  ; 3.3 V Schmitt Trigger ;           ; Column I/O ; N               ; no       ; Off          ;
; 139      ;            ; 8        ; VCCIO8                              ; power  ;                       ; 3.3V      ; --         ;                 ; --       ; --           ;
; 140      ; 248        ; 8        ; RESERVED_INPUT_WITH_WEAK_PULLUP     ;        ;                       ;           ; Column I/O ;                 ; no       ; On           ;
; 141      ; 250        ; 8        ; RESERVED_INPUT_WITH_WEAK_PULLUP     ;        ;                       ;           ; Column I/O ;                 ; no       ; On           ;
; 142      ;            ;          ; GND                                 ; gnd    ;                       ;           ; --         ;                 ; --       ; --           ;
; 143      ;            ; --       ; VCCA4                               ; power  ;                       ; 3.0V/3.3V ; --         ;                 ; --       ; --           ;
; 144      ;            ; --       ; VCC_ONE                             ; power  ;                       ; 3.0V/3.3V ; --         ;                 ; --       ; --           ;
; EPAD     ;            ;          ; GND                                 ;        ;                       ;           ; --         ;                 ; --       ; --           ;
+----------+------------+----------+-------------------------------------+--------+-----------------------+-----------+------------+-----------------+----------+--------------+
Note: Pin directions (input, output or bidir) are based on device operating in user mode.


+--------------------------------------------------------------------------------------------------------+
; PLL Summary                                                                                            ;
+-------------------------------+------------------------------------------------------------------------+
; Name                          ; usb_pll_12mhz:u_usb_pll|altpll:u_altpll|altpll_6dr:auto_generated|pll1 ;
+-------------------------------+------------------------------------------------------------------------+
; SDC pin name                  ; u_usb_pll|u_altpll|auto_generated|pll1                                 ;
; PLL mode                      ; Normal                                                                 ;
; Compensate clock              ; clock0                                                                 ;
; Compensated input/output pins ; --                                                                     ;
; Switchover type               ; --                                                                     ;
; Input frequency 0             ; 50.0 MHz                                                               ;
; Input frequency 1             ; --                                                                     ;
; Nominal PFD frequency         ; 50.0 MHz                                                               ;
; Nominal VCO frequency         ; 600.0 MHz                                                              ;
; VCO post scale K counter      ; 2                                                                      ;
; VCO frequency control         ; Auto                                                                   ;
; VCO phase shift step          ; 208 ps                                                                 ;
; VCO multiply                  ; --                                                                     ;
; VCO divide                    ; --                                                                     ;
; Freq min lock                 ; 25.0 MHz                                                               ;
; Freq max lock                 ; 54.18 MHz                                                              ;
; M VCO Tap                     ; 0                                                                      ;
; M Initial                     ; 1                                                                      ;
; M value                       ; 12                                                                     ;
; N value                       ; 1                                                                      ;
; Charge pump current           ; setting 1                                                              ;
; Loop filter resistance        ; setting 27                                                             ;
; Loop filter capacitance       ; setting 0                                                              ;
; Bandwidth                     ; 680 kHz to 980 kHz                                                     ;
; Bandwidth type                ; Medium                                                                 ;
; Real time reconfigurable      ; Off                                                                    ;
; Scan chain MIF file           ; --                                                                     ;
; Preserve PLL counter order    ; Off                                                                    ;
; PLL location                  ; PLL_1                                                                  ;
; Inclk0 signal                 ; clk                                                                    ;
; Inclk1 signal                 ; --                                                                     ;
; Inclk0 signal type            ; Global Clock                                                           ;
; Inclk1 signal type            ; --                                                                     ;
+-------------------------------+------------------------------------------------------------------------+


+--------------------------------------------------------------------------------------------------------------------------------------------------------------------------------------------------------------------------------------------------------------------------------------------------+
; PLL Usage                                                                                                                                                                                                                                                                                        ;
+--------------------------------------------------------------------------+--------------+------+-----+------------------+-------------+------------------+------------+---------+---------------+------------+---------------+---------+---------+-----------------------------------------------+
; Name                                                                     ; Output Clock ; Mult ; Div ; Output Frequency ; Phase Shift ; Phase Shift Step ; Duty Cycle ; Counter ; Counter Value ; High / Low ; Cascade Input ; Initial ; VCO Tap ; SDC Pin Name                                  ;
+--------------------------------------------------------------------------+--------------+------+-----+------------------+-------------+------------------+------------+---------+---------------+------------+---------------+---------+---------+-----------------------------------------------+
; usb_pll_12mhz:u_usb_pll|altpll:u_altpll|altpll_6dr:auto_generated|clk[0] ; clock0       ; 6    ; 25  ; 12.0 MHz         ; 0 (0 ps)    ; 0.90 (208 ps)    ; 50/50      ; C0      ; 50            ; 25/25 Even ; --            ; 1       ; 0       ; u_usb_pll|u_altpll|auto_generated|pll1|clk[0] ;
+--------------------------------------------------------------------------+--------------+------+-----+------------------+-------------+------------------+------------+---------+---------------+------------+---------------+---------+---------+-----------------------------------------------+


+------------------------------------+
; I/O Assignment Warnings            ;
+-----------+------------------------+
; Pin Name  ; Reason                 ;
+-----------+------------------------+
; led       ; Missing drive strength ;
; led0      ; Missing drive strength ;
; leds[0]   ; Missing drive strength ;
; leds[1]   ; Missing drive strength ;
; leds[2]   ; Missing drive strength ;
; leds[3]   ; Missing drive strength ;
; leds[4]   ; Missing drive strength ;
; leds[5]   ; Missing drive strength ;
; leds[6]   ; Missing drive strength ;
; leds[7]   ; Missing drive strength ;
; usb_u1_dp ; Missing drive strength ;
; usb_u1_dm ; Missing drive strength ;
; usb_u2_dp ; Missing drive strength ;
; usb_u2_dm ; Missing drive strength ;
+-----------+------------------------+


+------------------------------------------------------------------------------------------------------------------------------------------------------------------------------------------------------------------------------------------------------------------------------------------------------------------------------------------------------------------------------------------------------------------------------------------------------------------------------------------------------------------------------------------------------------------------------------------------------------------------------------------------------------------------------------------------------------------------------------------------------------------------+
; Fitter Resource Utilization by Entity                                                                                                                                                                                                                                                                                                                                                                                                                                                                                                                                                                                                                                                                                                                                  ;
+-----------------------------------------------------------------------------------------------------------------------------------------+-------------+---------------------------+---------------+-------------+------+------------+--------------+---------+-----------+------+--------------+--------------+-------------------+------------------+------------+-------------------------------------------------------------------------------------------------------------------------------------------------------------------------------------------------------------------------------------------------------------------------------------------------------------------------------------------------+-----------------------------------+--------------+
; Compilation Hierarchy Node                                                                                                              ; Logic Cells ; Dedicated Logic Registers ; I/O Registers ; Memory Bits ; M9Ks ; UFM Blocks ; DSP Elements ; DSP 9x9 ; DSP 18x18 ; Pins ; Virtual Pins ; LUT-Only LCs ; Register-Only LCs ; LUT/Register LCs ; ADC blocks ; Full Hierarchy Name                                                                                                                                                                                                                                                                                                                             ; Entity Name                       ; Library Name ;
+-----------------------------------------------------------------------------------------------------------------------------------------+-------------+---------------------------+---------------+-------------+------+------------+--------------+---------+-----------+------+--------------+--------------+-------------------+------------------+------------+-------------------------------------------------------------------------------------------------------------------------------------------------------------------------------------------------------------------------------------------------------------------------------------------------------------------------------------------------+-----------------------------------+--------------+
; |top                                                                                                                                    ; 1240 (61)   ; 560 (36)                  ; 0 (0)         ; 512         ; 1    ; 1          ; 0            ; 0       ; 0         ; 16   ; 0            ; 680 (25)     ; 140 (5)           ; 420 (30)         ; 0          ; |top                                                                                                                                                                                                                                                                                                                                            ; top                               ; work         ;
;    |cdc_byte_strobe:u_usb_to_sys_char|                                                                                                  ; 27 (27)     ; 25 (25)                   ; 0 (0)         ; 0           ; 0    ; 0          ; 0            ; 0       ; 0         ; 0    ; 0            ; 2 (2)        ; 20 (20)           ; 5 (5)            ; 0          ; |top|cdc_byte_strobe:u_usb_to_sys_char                                                                                                                                                                                                                                                                                                          ; cdc_byte_strobe                   ; work         ;
;    |hid_keyboard_ascii:u_hid_keyboard_ascii|                                                                                            ; 256 (256)   ; 42 (42)                   ; 0 (0)         ; 0           ; 0    ; 0          ; 0            ; 0       ; 0         ; 0    ; 0            ; 188 (188)    ; 1 (1)             ; 67 (67)          ; 0          ; |top|hid_keyboard_ascii:u_hid_keyboard_ascii                                                                                                                                                                                                                                                                                                    ; hid_keyboard_ascii                ; work         ;
;    |jtag_uart_tx:u_jtag_uart_tx|                                                                                                        ; 128 (22)    ; 84 (12)                   ; 0 (0)         ; 512         ; 1    ; 0          ; 0            ; 0       ; 0         ; 0    ; 0            ; 43 (9)       ; 19 (8)            ; 66 (5)           ; 0          ; |top|jtag_uart_tx:u_jtag_uart_tx                                                                                                                                                                                                                                                                                                                ; jtag_uart_tx                      ; work         ;
;       |altera_avalon_jtag_uart:u_jtag_uart|                                                                                             ; 106 (13)    ; 72 (4)                    ; 0 (0)         ; 512         ; 1    ; 0          ; 0            ; 0       ; 0         ; 0    ; 0            ; 34 (9)       ; 11 (1)            ; 61 (2)           ; 0          ; |top|jtag_uart_tx:u_jtag_uart_tx|altera_avalon_jtag_uart:u_jtag_uart                                                                                                                                                                                                                                                                            ; altera_avalon_jtag_uart           ; work         ;
;          |alt_jtag_atlantic:altera_avalon_jtag_uart_alt_jtag_atlantic|                                                                  ; 58 (58)     ; 40 (40)                   ; 0 (0)         ; 0           ; 0    ; 0          ; 0            ; 0       ; 0         ; 0    ; 0            ; 17 (17)      ; 10 (10)           ; 31 (31)          ; 0          ; |top|jtag_uart_tx:u_jtag_uart_tx|altera_avalon_jtag_uart:u_jtag_uart|alt_jtag_atlantic:altera_avalon_jtag_uart_alt_jtag_atlantic                                                                                                                                                                                                                ; alt_jtag_atlantic                 ; work         ;
;          |altera_avalon_jtag_uart_scfifo_r:altera_avalon_jtag_uart_scfifo_r|                                                            ; 11 (0)      ; 8 (0)                     ; 0 (0)         ; 0           ; 0    ; 0          ; 0            ; 0       ; 0         ; 0    ; 0            ; 3 (0)        ; 0 (0)             ; 8 (0)            ; 0          ; |top|jtag_uart_tx:u_jtag_uart_tx|altera_avalon_jtag_uart:u_jtag_uart|altera_avalon_jtag_uart_scfifo_r:altera_avalon_jtag_uart_scfifo_r                                                                                                                                                                                                          ; altera_avalon_jtag_uart_scfifo_r  ; work         ;
;             |scfifo:rfifo|                                                                                                              ; 11 (0)      ; 8 (0)                     ; 0 (0)         ; 0           ; 0    ; 0          ; 0            ; 0       ; 0         ; 0    ; 0            ; 3 (0)        ; 0 (0)             ; 8 (0)            ; 0          ; |top|jtag_uart_tx:u_jtag_uart_tx|altera_avalon_jtag_uart:u_jtag_uart|altera_avalon_jtag_uart_scfifo_r:altera_avalon_jtag_uart_scfifo_r|scfifo:rfifo                                                                                                                                                                                             ; scfifo                            ; work         ;
;                |scfifo_7131:auto_generated|                                                                                             ; 11 (0)      ; 8 (0)                     ; 0 (0)         ; 0           ; 0    ; 0          ; 0            ; 0       ; 0         ; 0    ; 0            ; 3 (0)        ; 0 (0)             ; 8 (0)            ; 0          ; |top|jtag_uart_tx:u_jtag_uart_tx|altera_avalon_jtag_uart:u_jtag_uart|altera_avalon_jtag_uart_scfifo_r:altera_avalon_jtag_uart_scfifo_r|scfifo:rfifo|scfifo_7131:auto_generated                                                                                                                                                                  ; scfifo_7131                       ; work         ;
;                   |a_dpfifo_bb01:dpfifo|                                                                                                ; 11 (0)      ; 8 (0)                     ; 0 (0)         ; 0           ; 0    ; 0          ; 0            ; 0       ; 0         ; 0    ; 0            ; 3 (0)        ; 0 (0)             ; 8 (0)            ; 0          ; |top|jtag_uart_tx:u_jtag_uart_tx|altera_avalon_jtag_uart:u_jtag_uart|altera_avalon_jtag_uart_scfifo_r:altera_avalon_jtag_uart_scfifo_r|scfifo:rfifo|scfifo_7131:auto_generated|a_dpfifo_bb01:dpfifo                                                                                                                                             ; a_dpfifo_bb01                     ; work         ;
;                      |a_fefifo_7cf:fifo_state|                                                                                          ; 11 (5)      ; 8 (2)                     ; 0 (0)         ; 0           ; 0    ; 0          ; 0            ; 0       ; 0         ; 0    ; 0            ; 3 (3)        ; 0 (0)             ; 8 (2)            ; 0          ; |top|jtag_uart_tx:u_jtag_uart_tx|altera_avalon_jtag_uart:u_jtag_uart|altera_avalon_jtag_uart_scfifo_r:altera_avalon_jtag_uart_scfifo_r|scfifo:rfifo|scfifo_7131:auto_generated|a_dpfifo_bb01:dpfifo|a_fefifo_7cf:fifo_state                                                                                                                     ; a_fefifo_7cf                      ; work         ;
;                         |cntr_337:count_usedw|                                                                                          ; 6 (6)       ; 6 (6)                     ; 0 (0)         ; 0           ; 0    ; 0          ; 0            ; 0       ; 0         ; 0    ; 0            ; 0 (0)        ; 0 (0)             ; 6 (6)            ; 0          ; |top|jtag_uart_tx:u_jtag_uart_tx|altera_avalon_jtag_uart:u_jtag_uart|altera_avalon_jtag_uart_scfifo_r:altera_avalon_jtag_uart_scfifo_r|scfifo:rfifo|scfifo_7131:auto_generated|a_dpfifo_bb01:dpfifo|a_fefifo_7cf:fifo_state|cntr_337:count_usedw                                                                                                ; cntr_337                          ; work         ;
;          |altera_avalon_jtag_uart_scfifo_w:altera_avalon_jtag_uart_scfifo_w|                                                            ; 25 (0)      ; 20 (0)                    ; 0 (0)         ; 512         ; 1    ; 0          ; 0            ; 0       ; 0         ; 0    ; 0            ; 5 (0)        ; 0 (0)             ; 20 (0)           ; 0          ; |top|jtag_uart_tx:u_jtag_uart_tx|altera_avalon_jtag_uart:u_jtag_uart|altera_avalon_jtag_uart_scfifo_w:altera_avalon_jtag_uart_scfifo_w                                                                                                                                                                                                          ; altera_avalon_jtag_uart_scfifo_w  ; work         ;
;             |scfifo:wfifo|                                                                                                              ; 25 (0)      ; 20 (0)                    ; 0 (0)         ; 512         ; 1    ; 0          ; 0            ; 0       ; 0         ; 0    ; 0            ; 5 (0)        ; 0 (0)             ; 20 (0)           ; 0          ; |top|jtag_uart_tx:u_jtag_uart_tx|altera_avalon_jtag_uart:u_jtag_uart|altera_avalon_jtag_uart_scfifo_w:altera_avalon_jtag_uart_scfifo_w|scfifo:wfifo                                                                                                                                                                                             ; scfifo                            ; work         ;
;                |scfifo_7131:auto_generated|                                                                                             ; 25 (0)      ; 20 (0)                    ; 0 (0)         ; 512         ; 1    ; 0          ; 0            ; 0       ; 0         ; 0    ; 0            ; 5 (0)        ; 0 (0)             ; 20 (0)           ; 0          ; |top|jtag_uart_tx:u_jtag_uart_tx|altera_avalon_jtag_uart:u_jtag_uart|altera_avalon_jtag_uart_scfifo_w:altera_avalon_jtag_uart_scfifo_w|scfifo:wfifo|scfifo_7131:auto_generated                                                                                                                                                                  ; scfifo_7131                       ; work         ;
;                   |a_dpfifo_bb01:dpfifo|                                                                                                ; 25 (0)      ; 20 (0)                    ; 0 (0)         ; 512         ; 1    ; 0          ; 0            ; 0       ; 0         ; 0    ; 0            ; 5 (0)        ; 0 (0)             ; 20 (0)           ; 0          ; |top|jtag_uart_tx:u_jtag_uart_tx|altera_avalon_jtag_uart:u_jtag_uart|altera_avalon_jtag_uart_scfifo_w:altera_avalon_jtag_uart_scfifo_w|scfifo:wfifo|scfifo_7131:auto_generated|a_dpfifo_bb01:dpfifo                                                                                                                                             ; a_dpfifo_bb01                     ; work         ;
;                      |a_fefifo_7cf:fifo_state|                                                                                          ; 13 (7)      ; 8 (2)                     ; 0 (0)         ; 0           ; 0    ; 0          ; 0            ; 0       ; 0         ; 0    ; 0            ; 5 (5)        ; 0 (0)             ; 8 (2)            ; 0          ; |top|jtag_uart_tx:u_jtag_uart_tx|altera_avalon_jtag_uart:u_jtag_uart|altera_avalon_jtag_uart_scfifo_w:altera_avalon_jtag_uart_scfifo_w|scfifo:wfifo|scfifo_7131:auto_generated|a_dpfifo_bb01:dpfifo|a_fefifo_7cf:fifo_state                                                                                                                     ; a_fefifo_7cf                      ; work         ;
;                         |cntr_337:count_usedw|                                                                                          ; 6 (6)       ; 6 (6)                     ; 0 (0)         ; 0           ; 0    ; 0          ; 0            ; 0       ; 0         ; 0    ; 0            ; 0 (0)        ; 0 (0)             ; 6 (6)            ; 0          ; |top|jtag_uart_tx:u_jtag_uart_tx|altera_avalon_jtag_uart:u_jtag_uart|altera_avalon_jtag_uart_scfifo_w:altera_avalon_jtag_uart_scfifo_w|scfifo:wfifo|scfifo_7131:auto_generated|a_dpfifo_bb01:dpfifo|a_fefifo_7cf:fifo_state|cntr_337:count_usedw                                                                                                ; cntr_337                          ; work         ;
;                      |altsyncram_dtn1:FIFOram|                                                                                          ; 0 (0)       ; 0 (0)                     ; 0 (0)         ; 512         ; 1    ; 0          ; 0            ; 0       ; 0         ; 0    ; 0            ; 0 (0)        ; 0 (0)             ; 0 (0)            ; 0          ; |top|jtag_uart_tx:u_jtag_uart_tx|altera_avalon_jtag_uart:u_jtag_uart|altera_avalon_jtag_uart_scfifo_w:altera_avalon_jtag_uart_scfifo_w|scfifo:wfifo|scfifo_7131:auto_generated|a_dpfifo_bb01:dpfifo|altsyncram_dtn1:FIFOram                                                                                                                     ; altsyncram_dtn1                   ; work         ;
;                      |cntr_n2b:rd_ptr_count|                                                                                            ; 6 (6)       ; 6 (6)                     ; 0 (0)         ; 0           ; 0    ; 0          ; 0            ; 0       ; 0         ; 0    ; 0            ; 0 (0)        ; 0 (0)             ; 6 (6)            ; 0          ; |top|jtag_uart_tx:u_jtag_uart_tx|altera_avalon_jtag_uart:u_jtag_uart|altera_avalon_jtag_uart_scfifo_w:altera_avalon_jtag_uart_scfifo_w|scfifo:wfifo|scfifo_7131:auto_generated|a_dpfifo_bb01:dpfifo|cntr_n2b:rd_ptr_count                                                                                                                       ; cntr_n2b                          ; work         ;
;                      |cntr_n2b:wr_ptr|                                                                                                  ; 6 (6)       ; 6 (6)                     ; 0 (0)         ; 0           ; 0    ; 0          ; 0            ; 0       ; 0         ; 0    ; 0            ; 0 (0)        ; 0 (0)             ; 6 (6)            ; 0          ; |top|jtag_uart_tx:u_jtag_uart_tx|altera_avalon_jtag_uart:u_jtag_uart|altera_avalon_jtag_uart_scfifo_w:altera_avalon_jtag_uart_scfifo_w|scfifo:wfifo|scfifo_7131:auto_generated|a_dpfifo_bb01:dpfifo|cntr_n2b:wr_ptr                                                                                                                             ; cntr_n2b                          ; work         ;
;    |reset_sync:u_rst_sys|                                                                                                               ; 2 (2)       ; 2 (2)                     ; 0 (0)         ; 0           ; 0    ; 0          ; 0            ; 0       ; 0         ; 0    ; 0            ; 0 (0)        ; 1 (1)             ; 1 (1)            ; 0          ; |top|reset_sync:u_rst_sys                                                                                                                                                                                                                                                                                                                       ; reset_sync                        ; work         ;
;    |reset_sync:u_rst_usb|                                                                                                               ; 2 (2)       ; 2 (2)                     ; 0 (0)         ; 0           ; 0    ; 0          ; 0            ; 0       ; 0         ; 0    ; 0            ; 0 (0)        ; 1 (1)             ; 1 (1)            ; 0          ; |top|reset_sync:u_rst_usb                                                                                                                                                                                                                                                                                                                       ; reset_sync                        ; work         ;
;    |sld_hub:auto_hub|                                                                                                                   ; 133 (1)     ; 75 (0)                    ; 0 (0)         ; 0           ; 0    ; 0          ; 0            ; 0       ; 0         ; 0    ; 0            ; 58 (1)       ; 15 (0)            ; 60 (0)           ; 0          ; |top|sld_hub:auto_hub                                                                                                                                                                                                                                                                                                                           ; sld_hub                           ; altera_sld   ;
;       |alt_sld_fab_with_jtag_input:\instrumentation_fabric_with_node_gen:fabric_gen_new_way:with_jtag_input_gen:instrumentation_fabric| ; 132 (0)     ; 75 (0)                    ; 0 (0)         ; 0           ; 0    ; 0          ; 0            ; 0       ; 0         ; 0    ; 0            ; 57 (0)       ; 15 (0)            ; 60 (0)           ; 0          ; |top|sld_hub:auto_hub|alt_sld_fab_with_jtag_input:\instrumentation_fabric_with_node_gen:fabric_gen_new_way:with_jtag_input_gen:instrumentation_fabric                                                                                                                                                                                           ; alt_sld_fab_with_jtag_input       ; altera_sld   ;
;          |alt_sld_fab:instrumentation_fabric|                                                                                           ; 132 (0)     ; 75 (0)                    ; 0 (0)         ; 0           ; 0    ; 0          ; 0            ; 0       ; 0         ; 0    ; 0            ; 57 (0)       ; 15 (0)            ; 60 (0)           ; 0          ; |top|sld_hub:auto_hub|alt_sld_fab_with_jtag_input:\instrumentation_fabric_with_node_gen:fabric_gen_new_way:with_jtag_input_gen:instrumentation_fabric|alt_sld_fab:instrumentation_fabric                                                                                                                                                        ; alt_sld_fab                       ; alt_sld_fab  ;
;             |alt_sld_fab_alt_sld_fab:alt_sld_fab|                                                                                       ; 132 (6)     ; 75 (5)                    ; 0 (0)         ; 0           ; 0    ; 0          ; 0            ; 0       ; 0         ; 0    ; 0            ; 57 (1)       ; 15 (4)            ; 60 (0)           ; 0          ; |top|sld_hub:auto_hub|alt_sld_fab_with_jtag_input:\instrumentation_fabric_with_node_gen:fabric_gen_new_way:with_jtag_input_gen:instrumentation_fabric|alt_sld_fab:instrumentation_fabric|alt_sld_fab_alt_sld_fab:alt_sld_fab                                                                                                                    ; alt_sld_fab_alt_sld_fab           ; alt_sld_fab  ;
;                |alt_sld_fab_alt_sld_fab_sldfabric:sldfabric|                                                                            ; 127 (0)     ; 70 (0)                    ; 0 (0)         ; 0           ; 0    ; 0          ; 0            ; 0       ; 0         ; 0    ; 0            ; 56 (0)       ; 11 (0)            ; 60 (0)           ; 0          ; |top|sld_hub:auto_hub|alt_sld_fab_with_jtag_input:\instrumentation_fabric_with_node_gen:fabric_gen_new_way:with_jtag_input_gen:instrumentation_fabric|alt_sld_fab:instrumentation_fabric|alt_sld_fab_alt_sld_fab:alt_sld_fab|alt_sld_fab_alt_sld_fab_sldfabric:sldfabric                                                                        ; alt_sld_fab_alt_sld_fab_sldfabric ; alt_sld_fab  ;
;                   |sld_jtag_hub:\jtag_hub_gen:real_sld_jtag_hub|                                                                        ; 127 (86)    ; 70 (42)                   ; 0 (0)         ; 0           ; 0    ; 0          ; 0            ; 0       ; 0         ; 0    ; 0            ; 56 (43)      ; 11 (11)           ; 60 (34)          ; 0          ; |top|sld_hub:auto_hub|alt_sld_fab_with_jtag_input:\instrumentation_fabric_with_node_gen:fabric_gen_new_way:with_jtag_input_gen:instrumentation_fabric|alt_sld_fab:instrumentation_fabric|alt_sld_fab_alt_sld_fab:alt_sld_fab|alt_sld_fab_alt_sld_fab_sldfabric:sldfabric|sld_jtag_hub:\jtag_hub_gen:real_sld_jtag_hub                           ; sld_jtag_hub                      ; work         ;
;                      |sld_rom_sr:hub_info_reg|                                                                                          ; 21 (21)     ; 9 (9)                     ; 0 (0)         ; 0           ; 0    ; 0          ; 0            ; 0       ; 0         ; 0    ; 0            ; 12 (12)      ; 0 (0)             ; 9 (9)            ; 0          ; |top|sld_hub:auto_hub|alt_sld_fab_with_jtag_input:\instrumentation_fabric_with_node_gen:fabric_gen_new_way:with_jtag_input_gen:instrumentation_fabric|alt_sld_fab:instrumentation_fabric|alt_sld_fab_alt_sld_fab:alt_sld_fab|alt_sld_fab_alt_sld_fab_sldfabric:sldfabric|sld_jtag_hub:\jtag_hub_gen:real_sld_jtag_hub|sld_rom_sr:hub_info_reg   ; sld_rom_sr                        ; work         ;
;                      |sld_shadow_jsm:shadow_jsm|                                                                                        ; 20 (20)     ; 19 (19)                   ; 0 (0)         ; 0           ; 0    ; 0          ; 0            ; 0       ; 0         ; 0    ; 0            ; 1 (1)        ; 0 (0)             ; 19 (19)          ; 0          ; |top|sld_hub:auto_hub|alt_sld_fab_with_jtag_input:\instrumentation_fabric_with_node_gen:fabric_gen_new_way:with_jtag_input_gen:instrumentation_fabric|alt_sld_fab:instrumentation_fabric|alt_sld_fab_alt_sld_fab:alt_sld_fab|alt_sld_fab_alt_sld_fab_sldfabric:sldfabric|sld_jtag_hub:\jtag_hub_gen:real_sld_jtag_hub|sld_shadow_jsm:shadow_jsm ; sld_shadow_jsm                    ; altera_sld   ;
;    |usb_hid_host:g_usb_ch1.u_usb_hid_host|                                                                                              ; 657 (161)   ; 293 (133)                 ; 0 (0)         ; 0           ; 0    ; 0          ; 0            ; 0       ; 0         ; 0    ; 0            ; 363 (28)     ; 78 (56)           ; 216 (81)         ; 0          ; |top|usb_hid_host:g_usb_ch1.u_usb_hid_host                                                                                                                                                                                                                                                                                                      ; usb_hid_host                      ; work         ;
;       |ukp:ukp|                                                                                                                         ; 496 (285)   ; 160 (156)                 ; 0 (0)         ; 0           ; 0    ; 0          ; 0            ; 0       ; 0         ; 0    ; 0            ; 335 (128)    ; 22 (22)           ; 139 (135)        ; 0          ; |top|usb_hid_host:g_usb_ch1.u_usb_hid_host|ukp:ukp                                                                                                                                                                                                                                                                                              ; ukp                               ; work         ;
;          |usb_hid_host_rom:ukprom|                                                                                                      ; 211 (211)   ; 4 (4)                     ; 0 (0)         ; 0           ; 0    ; 0          ; 0            ; 0       ; 0         ; 0    ; 0            ; 207 (207)    ; 0 (0)             ; 4 (4)            ; 0          ; |top|usb_hid_host:g_usb_ch1.u_usb_hid_host|ukp:ukp|usb_hid_host_rom:ukprom                                                                                                                                                                                                                                                                      ; usb_hid_host_rom                  ; work         ;
;    |usb_pll_12mhz:u_usb_pll|                                                                                                            ; 2 (0)       ; 1 (0)                     ; 0 (0)         ; 0           ; 0    ; 0          ; 0            ; 0       ; 0         ; 0    ; 0            ; 1 (0)        ; 0 (0)             ; 1 (0)            ; 0          ; |top|usb_pll_12mhz:u_usb_pll                                                                                                                                                                                                                                                                                                                    ; usb_pll_12mhz                     ; work         ;
;       |altpll:u_altpll|                                                                                                                 ; 2 (0)       ; 1 (0)                     ; 0 (0)         ; 0           ; 0    ; 0          ; 0            ; 0       ; 0         ; 0    ; 0            ; 1 (0)        ; 0 (0)             ; 1 (0)            ; 0          ; |top|usb_pll_12mhz:u_usb_pll|altpll:u_altpll                                                                                                                                                                                                                                                                                                    ; altpll                            ; work         ;
;          |altpll_6dr:auto_generated|                                                                                                    ; 2 (2)       ; 1 (1)                     ; 0 (0)         ; 0           ; 0    ; 0          ; 0            ; 0       ; 0         ; 0    ; 0            ; 1 (1)        ; 0 (0)             ; 1 (1)            ; 0          ; |top|usb_pll_12mhz:u_usb_pll|altpll:u_altpll|altpll_6dr:auto_generated                                                                                                                                                                                                                                                                          ; altpll_6dr                        ; work         ;
+-----------------------------------------------------------------------------------------------------------------------------------------+-------------+---------------------------+---------------+-------------+------+------------+--------------+---------+-----------+------+--------------+--------------+-------------------+------------------+------------+-------------------------------------------------------------------------------------------------------------------------------------------------------------------------------------------------------------------------------------------------------------------------------------------------------------------------------------------------+-----------------------------------+--------------+
Note: For table entries with two numbers listed, the numbers in parentheses indicate the number of resources of the given type used by the specific entity alone. The numbers listed outside of parentheses indicate the total resources of the given type used by the specific entity and all of its sub-entities in the hierarchy.


+-------------------------------------------------------------------------------------------+
; Delay Chain Summary                                                                       ;
+-----------+----------+---------------+---------------+-----------------------+-----+------+
; Name      ; Pin Type ; Pad to Core 0 ; Pad to Core 1 ; Pad to Input Register ; TCO ; TCOE ;
+-----------+----------+---------------+---------------+-----------------------+-----+------+
; led       ; Output   ; --            ; --            ; --                    ; --  ; --   ;
; led0      ; Output   ; --            ; --            ; --                    ; --  ; --   ;
; leds[0]   ; Output   ; --            ; --            ; --                    ; --  ; --   ;
; leds[1]   ; Output   ; --            ; --            ; --                    ; --  ; --   ;
; leds[2]   ; Output   ; --            ; --            ; --                    ; --  ; --   ;
; leds[3]   ; Output   ; --            ; --            ; --                    ; --  ; --   ;
; leds[4]   ; Output   ; --            ; --            ; --                    ; --  ; --   ;
; leds[5]   ; Output   ; --            ; --            ; --                    ; --  ; --   ;
; leds[6]   ; Output   ; --            ; --            ; --                    ; --  ; --   ;
; leds[7]   ; Output   ; --            ; --            ; --                    ; --  ; --   ;
; usb_u1_dp ; Bidir    ; (6) 868 ps    ; --            ; --                    ; --  ; --   ;
; usb_u1_dm ; Bidir    ; --            ; (6) 868 ps    ; --                    ; --  ; --   ;
; usb_u2_dp ; Bidir    ; --            ; --            ; --                    ; --  ; --   ;
; usb_u2_dm ; Bidir    ; --            ; --            ; --                    ; --  ; --   ;
; clk       ; Input    ; (0) 0 ps      ; --            ; --                    ; --  ; --   ;
; rst_n     ; Input    ; (6) 873 ps    ; --            ; --                    ; --  ; --   ;
+-----------+----------+---------------+---------------+-----------------------+-----+------+


+----------------------------------------------------------------------------------------------------------------------+
; Pad To Core Delay Chain Fanout                                                                                       ;
+----------------------------------------------------------------------------------------+-------------------+---------+
; Source Pin / Fanout                                                                    ; Pad To Core Index ; Setting ;
+----------------------------------------------------------------------------------------+-------------------+---------+
; usb_u1_dp                                                                              ;                   ;         ;
;      - usb_hid_host:g_usb_ch1.u_usb_hid_host|ukp:ukp|dpi                               ; 0                 ; 6       ;
; usb_u1_dm                                                                              ;                   ;         ;
;      - usb_hid_host:g_usb_ch1.u_usb_hid_host|ukp:ukp|dmi                               ; 1                 ; 6       ;
; usb_u2_dp                                                                              ;                   ;         ;
; usb_u2_dm                                                                              ;                   ;         ;
; clk                                                                                    ;                   ;         ;
; rst_n                                                                                  ;                   ;         ;
;      - usb_pll_12mhz:u_usb_pll|altpll:u_altpll|altpll_6dr:auto_generated|pll_lock_sync ; 0                 ; 6       ;
;      - async_rst_n                                                                     ; 0                 ; 6       ;
;      - usb_pll_12mhz:u_usb_pll|altpll:u_altpll|altpll_6dr:auto_generated|pll1          ; 0                 ; 6       ;
+----------------------------------------------------------------------------------------+-------------------+---------+


+---------------------------------------------------------------------------------------------------------------------------------------------------------------------------------------------------------------------------------------------------------------------------------------------------------------------------------------------------------------------------------------------------------------------------------------------------------------------------------------------------------------------------------+
; Control Signals                                                                                                                                                                                                                                                                                                                                                                                                                                                                                                                 ;
+-------------------------------------------------------------------------------------------------------------------------------------------------------------------------------------------------------------------------------------------------------------------------------------------------------------------------------------------------------------+--------------------+---------+-----------------------------------------------------+--------+----------------------+------------------+---------------------------+
; Name                                                                                                                                                                                                                                                                                                                                                        ; Location           ; Fan-Out ; Usage                                               ; Global ; Global Resource Used ; Global Line Name ; Enable Signal Source Name ;
+-------------------------------------------------------------------------------------------------------------------------------------------------------------------------------------------------------------------------------------------------------------------------------------------------------------------------------------------------------------+--------------------+---------+-----------------------------------------------------+--------+----------------------+------------------+---------------------------+
; altera_internal_jtag~TCKUTAP                                                                                                                                                                                                                                                                                                                                ; JTAG_X10_Y11_N0    ; 105     ; Clock                                               ; yes    ; Global Clock         ; GCLK2            ; --                        ;
; altera_internal_jtag~TMSUTAP                                                                                                                                                                                                                                                                                                                                ; JTAG_X10_Y11_N0    ; 23      ; Sync. clear                                         ; no     ; --                   ; --               ; --                        ;
; always0~0                                                                                                                                                                                                                                                                                                                                                   ; LCCOMB_X16_Y8_N16  ; 12      ; Clock enable                                        ; no     ; --                   ; --               ; --                        ;
; async_rst_n                                                                                                                                                                                                                                                                                                                                                 ; LCCOMB_X9_Y5_N4    ; 4       ; Async. clear                                        ; yes    ; Global Clock         ; GCLK4            ; --                        ;
; cdc_byte_strobe:u_usb_to_sys_char|always1~0                                                                                                                                                                                                                                                                                                                 ; LCCOMB_X16_Y8_N30  ; 9       ; Clock enable                                        ; no     ; --                   ; --               ; --                        ;
; cdc_byte_strobe:u_usb_to_sys_char|req_toggle~1                                                                                                                                                                                                                                                                                                              ; LCCOMB_X20_Y7_N10  ; 8       ; Clock enable                                        ; no     ; --                   ; --               ; --                        ;
; clk                                                                                                                                                                                                                                                                                                                                                         ; PIN_88             ; 107     ; Clock                                               ; yes    ; Global Clock         ; GCLK9            ; --                        ;
; hid_keyboard_ascii:u_hid_keyboard_ascii|ascii_valid~1                                                                                                                                                                                                                                                                                                       ; LCCOMB_X19_Y7_N28  ; 9       ; Clock enable                                        ; no     ; --                   ; --               ; --                        ;
; jtag_uart_tx:u_jtag_uart_tx|altera_avalon_jtag_uart:u_jtag_uart|alt_jtag_atlantic:altera_avalon_jtag_uart_alt_jtag_atlantic|r_ena~1                                                                                                                                                                                                                         ; LCCOMB_X27_Y7_N12  ; 1       ; Clock enable                                        ; no     ; --                   ; --               ; --                        ;
; jtag_uart_tx:u_jtag_uart_tx|altera_avalon_jtag_uart:u_jtag_uart|alt_jtag_atlantic:altera_avalon_jtag_uart_alt_jtag_atlantic|read_req~0                                                                                                                                                                                                                      ; LCCOMB_X25_Y11_N28 ; 4       ; Clock enable                                        ; no     ; --                   ; --               ; --                        ;
; jtag_uart_tx:u_jtag_uart_tx|altera_avalon_jtag_uart:u_jtag_uart|alt_jtag_atlantic:altera_avalon_jtag_uart_alt_jtag_atlantic|td_shift[0]~4                                                                                                                                                                                                                   ; LCCOMB_X22_Y12_N8  ; 21      ; Clock enable                                        ; no     ; --                   ; --               ; --                        ;
; jtag_uart_tx:u_jtag_uart_tx|altera_avalon_jtag_uart:u_jtag_uart|altera_avalon_jtag_uart_scfifo_r:altera_avalon_jtag_uart_scfifo_r|scfifo:rfifo|scfifo_7131:auto_generated|a_dpfifo_bb01:dpfifo|a_fefifo_7cf:fifo_state|b_non_empty~1                                                                                                                        ; LCCOMB_X28_Y11_N8  ; 11      ; Clock enable                                        ; no     ; --                   ; --               ; --                        ;
; jtag_uart_tx:u_jtag_uart_tx|altera_avalon_jtag_uart:u_jtag_uart|altera_avalon_jtag_uart_scfifo_w:altera_avalon_jtag_uart_scfifo_w|scfifo:wfifo|scfifo_7131:auto_generated|a_dpfifo_bb01:dpfifo|a_fefifo_7cf:fifo_state|_~0                                                                                                                                  ; LCCOMB_X18_Y8_N30  ; 6       ; Clock enable                                        ; no     ; --                   ; --               ; --                        ;
; jtag_uart_tx:u_jtag_uart_tx|altera_avalon_jtag_uart:u_jtag_uart|fifo_wr                                                                                                                                                                                                                                                                                     ; FF_X18_Y8_N3       ; 15      ; Clock enable, Write enable                          ; no     ; --                   ; --               ; --                        ;
; jtag_uart_tx:u_jtag_uart_tx|altera_avalon_jtag_uart:u_jtag_uart|rd_wfifo                                                                                                                                                                                                                                                                                    ; LCCOMB_X27_Y7_N14  ; 11      ; Clock enable                                        ; no     ; --                   ; --               ; --                        ;
; reset_sync:u_rst_sys|sync[1]                                                                                                                                                                                                                                                                                                                                ; FF_X23_Y7_N23      ; 104     ; Async. clear                                        ; no     ; --                   ; --               ; --                        ;
; reset_sync:u_rst_usb|sync[1]                                                                                                                                                                                                                                                                                                                                ; FF_X24_Y5_N13      ; 126     ; Async. clear, Clock enable, Sync. clear, Sync. load ; no     ; --                   ; --               ; --                        ;
; rst_n                                                                                                                                                                                                                                                                                                                                                       ; PIN_17             ; 3       ; Async. clear                                        ; no     ; --                   ; --               ; --                        ;
; sld_hub:auto_hub|alt_sld_fab_with_jtag_input:\instrumentation_fabric_with_node_gen:fabric_gen_new_way:with_jtag_input_gen:instrumentation_fabric|alt_sld_fab:instrumentation_fabric|alt_sld_fab_alt_sld_fab:alt_sld_fab|alt_sld_fab_alt_sld_fab_sldfabric:sldfabric|sld_jtag_hub:\jtag_hub_gen:real_sld_jtag_hub|clr_reg                                    ; FF_X17_Y12_N9      ; 40      ; Async. clear                                        ; no     ; --                   ; --               ; --                        ;
; sld_hub:auto_hub|alt_sld_fab_with_jtag_input:\instrumentation_fabric_with_node_gen:fabric_gen_new_way:with_jtag_input_gen:instrumentation_fabric|alt_sld_fab:instrumentation_fabric|alt_sld_fab_alt_sld_fab:alt_sld_fab|alt_sld_fab_alt_sld_fab_sldfabric:sldfabric|sld_jtag_hub:\jtag_hub_gen:real_sld_jtag_hub|design_hash_proc~0                         ; LCCOMB_X17_Y10_N4  ; 4       ; Sync. load                                          ; no     ; --                   ; --               ; --                        ;
; sld_hub:auto_hub|alt_sld_fab_with_jtag_input:\instrumentation_fabric_with_node_gen:fabric_gen_new_way:with_jtag_input_gen:instrumentation_fabric|alt_sld_fab:instrumentation_fabric|alt_sld_fab_alt_sld_fab:alt_sld_fab|alt_sld_fab_alt_sld_fab_sldfabric:sldfabric|sld_jtag_hub:\jtag_hub_gen:real_sld_jtag_hub|hub_info_reg_ena                           ; LCCOMB_X17_Y10_N0  ; 4       ; Clock enable                                        ; no     ; --                   ; --               ; --                        ;
; sld_hub:auto_hub|alt_sld_fab_with_jtag_input:\instrumentation_fabric_with_node_gen:fabric_gen_new_way:with_jtag_input_gen:instrumentation_fabric|alt_sld_fab:instrumentation_fabric|alt_sld_fab_alt_sld_fab:alt_sld_fab|alt_sld_fab_alt_sld_fab_sldfabric:sldfabric|sld_jtag_hub:\jtag_hub_gen:real_sld_jtag_hub|hub_info_reg_ena~0                         ; LCCOMB_X22_Y12_N14 ; 6       ; Clock enable                                        ; no     ; --                   ; --               ; --                        ;
; sld_hub:auto_hub|alt_sld_fab_with_jtag_input:\instrumentation_fabric_with_node_gen:fabric_gen_new_way:with_jtag_input_gen:instrumentation_fabric|alt_sld_fab:instrumentation_fabric|alt_sld_fab_alt_sld_fab:alt_sld_fab|alt_sld_fab_alt_sld_fab_sldfabric:sldfabric|sld_jtag_hub:\jtag_hub_gen:real_sld_jtag_hub|identity_contrib_shift_reg[0]~1            ; LCCOMB_X17_Y10_N8  ; 4       ; Clock enable                                        ; no     ; --                   ; --               ; --                        ;
; sld_hub:auto_hub|alt_sld_fab_with_jtag_input:\instrumentation_fabric_with_node_gen:fabric_gen_new_way:with_jtag_input_gen:instrumentation_fabric|alt_sld_fab:instrumentation_fabric|alt_sld_fab_alt_sld_fab:alt_sld_fab|alt_sld_fab_alt_sld_fab_sldfabric:sldfabric|sld_jtag_hub:\jtag_hub_gen:real_sld_jtag_hub|irsr_reg[2]~2                              ; LCCOMB_X19_Y12_N8  ; 3       ; Clock enable                                        ; no     ; --                   ; --               ; --                        ;
; sld_hub:auto_hub|alt_sld_fab_with_jtag_input:\instrumentation_fabric_with_node_gen:fabric_gen_new_way:with_jtag_input_gen:instrumentation_fabric|alt_sld_fab:instrumentation_fabric|alt_sld_fab_alt_sld_fab:alt_sld_fab|alt_sld_fab_alt_sld_fab_sldfabric:sldfabric|sld_jtag_hub:\jtag_hub_gen:real_sld_jtag_hub|mixer_addr_reg_internal[4]~17              ; LCCOMB_X15_Y10_N26 ; 5       ; Sync. load                                          ; no     ; --                   ; --               ; --                        ;
; sld_hub:auto_hub|alt_sld_fab_with_jtag_input:\instrumentation_fabric_with_node_gen:fabric_gen_new_way:with_jtag_input_gen:instrumentation_fabric|alt_sld_fab:instrumentation_fabric|alt_sld_fab_alt_sld_fab:alt_sld_fab|alt_sld_fab_alt_sld_fab_sldfabric:sldfabric|sld_jtag_hub:\jtag_hub_gen:real_sld_jtag_hub|mixer_addr_reg_internal[4]~7               ; LCCOMB_X17_Y10_N22 ; 5       ; Clock enable                                        ; no     ; --                   ; --               ; --                        ;
; sld_hub:auto_hub|alt_sld_fab_with_jtag_input:\instrumentation_fabric_with_node_gen:fabric_gen_new_way:with_jtag_input_gen:instrumentation_fabric|alt_sld_fab:instrumentation_fabric|alt_sld_fab_alt_sld_fab:alt_sld_fab|alt_sld_fab_alt_sld_fab_sldfabric:sldfabric|sld_jtag_hub:\jtag_hub_gen:real_sld_jtag_hub|sld_rom_sr:hub_info_reg|WORD_SR[1]~14      ; LCCOMB_X17_Y10_N16 ; 4       ; Clock enable                                        ; no     ; --                   ; --               ; --                        ;
; sld_hub:auto_hub|alt_sld_fab_with_jtag_input:\instrumentation_fabric_with_node_gen:fabric_gen_new_way:with_jtag_input_gen:instrumentation_fabric|alt_sld_fab:instrumentation_fabric|alt_sld_fab_alt_sld_fab:alt_sld_fab|alt_sld_fab_alt_sld_fab_sldfabric:sldfabric|sld_jtag_hub:\jtag_hub_gen:real_sld_jtag_hub|sld_rom_sr:hub_info_reg|word_counter[2]~22 ; LCCOMB_X18_Y13_N12 ; 5       ; Sync. clear                                         ; no     ; --                   ; --               ; --                        ;
; sld_hub:auto_hub|alt_sld_fab_with_jtag_input:\instrumentation_fabric_with_node_gen:fabric_gen_new_way:with_jtag_input_gen:instrumentation_fabric|alt_sld_fab:instrumentation_fabric|alt_sld_fab_alt_sld_fab:alt_sld_fab|alt_sld_fab_alt_sld_fab_sldfabric:sldfabric|sld_jtag_hub:\jtag_hub_gen:real_sld_jtag_hub|sld_rom_sr:hub_info_reg|word_counter[2]~23 ; LCCOMB_X17_Y10_N2  ; 5       ; Clock enable                                        ; no     ; --                   ; --               ; --                        ;
; sld_hub:auto_hub|alt_sld_fab_with_jtag_input:\instrumentation_fabric_with_node_gen:fabric_gen_new_way:with_jtag_input_gen:instrumentation_fabric|alt_sld_fab:instrumentation_fabric|alt_sld_fab_alt_sld_fab:alt_sld_fab|alt_sld_fab_alt_sld_fab_sldfabric:sldfabric|sld_jtag_hub:\jtag_hub_gen:real_sld_jtag_hub|sld_shadow_jsm:shadow_jsm|state[0]         ; FF_X17_Y12_N11     ; 15      ; Async. clear                                        ; no     ; --                   ; --               ; --                        ;
; sld_hub:auto_hub|alt_sld_fab_with_jtag_input:\instrumentation_fabric_with_node_gen:fabric_gen_new_way:with_jtag_input_gen:instrumentation_fabric|alt_sld_fab:instrumentation_fabric|alt_sld_fab_alt_sld_fab:alt_sld_fab|alt_sld_fab_alt_sld_fab_sldfabric:sldfabric|sld_jtag_hub:\jtag_hub_gen:real_sld_jtag_hub|sld_shadow_jsm:shadow_jsm|state[11]        ; FF_X17_Y12_N19     ; 12      ; Clock enable                                        ; no     ; --                   ; --               ; --                        ;
; sld_hub:auto_hub|alt_sld_fab_with_jtag_input:\instrumentation_fabric_with_node_gen:fabric_gen_new_way:with_jtag_input_gen:instrumentation_fabric|alt_sld_fab:instrumentation_fabric|alt_sld_fab_alt_sld_fab:alt_sld_fab|alt_sld_fab_alt_sld_fab_sldfabric:sldfabric|sld_jtag_hub:\jtag_hub_gen:real_sld_jtag_hub|sld_shadow_jsm:shadow_jsm|state[4]         ; FF_X20_Y12_N1      ; 43      ; Sync. clear                                         ; no     ; --                   ; --               ; --                        ;
; sld_hub:auto_hub|alt_sld_fab_with_jtag_input:\instrumentation_fabric_with_node_gen:fabric_gen_new_way:with_jtag_input_gen:instrumentation_fabric|alt_sld_fab:instrumentation_fabric|alt_sld_fab_alt_sld_fab:alt_sld_fab|alt_sld_fab_alt_sld_fab_sldfabric:sldfabric|sld_jtag_hub:\jtag_hub_gen:real_sld_jtag_hub|virtual_ir_dr_scan_proc~0                  ; LCCOMB_X17_Y12_N16 ; 3       ; Clock enable                                        ; no     ; --                   ; --               ; --                        ;
; sld_hub:auto_hub|alt_sld_fab_with_jtag_input:\instrumentation_fabric_with_node_gen:fabric_gen_new_way:with_jtag_input_gen:instrumentation_fabric|alt_sld_fab:instrumentation_fabric|alt_sld_fab_alt_sld_fab:alt_sld_fab|alt_sld_fab_alt_sld_fab_sldfabric:sldfabric|sld_jtag_hub:\jtag_hub_gen:real_sld_jtag_hub|virtual_ir_scan_reg                        ; FF_X17_Y13_N9      ; 22      ; Async. clear                                        ; no     ; --                   ; --               ; --                        ;
; sld_hub:auto_hub|alt_sld_fab_with_jtag_input:\instrumentation_fabric_with_node_gen:fabric_gen_new_way:with_jtag_input_gen:instrumentation_fabric|alt_sld_fab:instrumentation_fabric|alt_sld_fab_alt_sld_fab:alt_sld_fab|sldfabric_ident_writedata[0]~0                                                                                                      ; LCCOMB_X17_Y10_N18 ; 4       ; Clock enable                                        ; no     ; --                   ; --               ; --                        ;
; usb_hid_host:g_usb_ch1.u_usb_hid_host|Decoder2~2                                                                                                                                                                                                                                                                                                            ; LCCOMB_X19_Y11_N20 ; 8       ; Clock enable                                        ; no     ; --                   ; --               ; --                        ;
; usb_hid_host:g_usb_ch1.u_usb_hid_host|Decoder2~3                                                                                                                                                                                                                                                                                                            ; LCCOMB_X18_Y11_N12 ; 8       ; Clock enable                                        ; no     ; --                   ; --               ; --                        ;
; usb_hid_host:g_usb_ch1.u_usb_hid_host|Decoder2~4                                                                                                                                                                                                                                                                                                            ; LCCOMB_X19_Y11_N10 ; 8       ; Clock enable                                        ; no     ; --                   ; --               ; --                        ;
; usb_hid_host:g_usb_ch1.u_usb_hid_host|dat[0][7]~6                                                                                                                                                                                                                                                                                                           ; LCCOMB_X22_Y8_N30  ; 8       ; Clock enable                                        ; no     ; --                   ; --               ; --                        ;
; usb_hid_host:g_usb_ch1.u_usb_hid_host|dat[1][7]~5                                                                                                                                                                                                                                                                                                           ; LCCOMB_X22_Y8_N12  ; 8       ; Clock enable                                        ; no     ; --                   ; --               ; --                        ;
; usb_hid_host:g_usb_ch1.u_usb_hid_host|dat[2][7]~4                                                                                                                                                                                                                                                                                                           ; LCCOMB_X22_Y8_N18  ; 8       ; Clock enable                                        ; no     ; --                   ; --               ; --                        ;
; usb_hid_host:g_usb_ch1.u_usb_hid_host|dat[3][7]~7                                                                                                                                                                                                                                                                                                           ; LCCOMB_X22_Y8_N8   ; 8       ; Clock enable                                        ; no     ; --                   ; --               ; --                        ;
; usb_hid_host:g_usb_ch1.u_usb_hid_host|dat[4][7]~2                                                                                                                                                                                                                                                                                                           ; LCCOMB_X22_Y8_N22  ; 8       ; Clock enable                                        ; no     ; --                   ; --               ; --                        ;
; usb_hid_host:g_usb_ch1.u_usb_hid_host|dat[5][7]~0                                                                                                                                                                                                                                                                                                           ; LCCOMB_X22_Y8_N10  ; 8       ; Clock enable                                        ; no     ; --                   ; --               ; --                        ;
; usb_hid_host:g_usb_ch1.u_usb_hid_host|dat[6][7]~1                                                                                                                                                                                                                                                                                                           ; LCCOMB_X22_Y8_N28  ; 8       ; Clock enable                                        ; no     ; --                   ; --               ; --                        ;
; usb_hid_host:g_usb_ch1.u_usb_hid_host|dat[7][7]~3                                                                                                                                                                                                                                                                                                           ; LCCOMB_X22_Y8_N0   ; 8       ; Clock enable                                        ; no     ; --                   ; --               ; --                        ;
; usb_hid_host:g_usb_ch1.u_usb_hid_host|key1[2]~0                                                                                                                                                                                                                                                                                                             ; LCCOMB_X22_Y8_N14  ; 8       ; Clock enable                                        ; no     ; --                   ; --               ; --                        ;
; usb_hid_host:g_usb_ch1.u_usb_hid_host|key2[2]~0                                                                                                                                                                                                                                                                                                             ; LCCOMB_X22_Y8_N16  ; 8       ; Clock enable                                        ; no     ; --                   ; --               ; --                        ;
; usb_hid_host:g_usb_ch1.u_usb_hid_host|key3[2]~0                                                                                                                                                                                                                                                                                                             ; LCCOMB_X22_Y8_N20  ; 8       ; Clock enable                                        ; no     ; --                   ; --               ; --                        ;
; usb_hid_host:g_usb_ch1.u_usb_hid_host|key4[2]~0                                                                                                                                                                                                                                                                                                             ; LCCOMB_X22_Y8_N26  ; 8       ; Clock enable                                        ; no     ; --                   ; --               ; --                        ;
; usb_hid_host:g_usb_ch1.u_usb_hid_host|key_modifiers[1]~0                                                                                                                                                                                                                                                                                                    ; LCCOMB_X22_Y8_N2   ; 2       ; Clock enable                                        ; no     ; --                   ; --               ; --                        ;
; usb_hid_host:g_usb_ch1.u_usb_hid_host|rcvct[1]~1                                                                                                                                                                                                                                                                                                            ; LCCOMB_X22_Y8_N4   ; 4       ; Clock enable                                        ; no     ; --                   ; --               ; --                        ;
; usb_hid_host:g_usb_ch1.u_usb_hid_host|report                                                                                                                                                                                                                                                                                                                ; FF_X16_Y6_N25      ; 34      ; Clock enable                                        ; no     ; --                   ; --               ; --                        ;
; usb_hid_host:g_usb_ch1.u_usb_hid_host|typ[1]~6                                                                                                                                                                                                                                                                                                              ; LCCOMB_X18_Y11_N2  ; 2       ; Clock enable                                        ; no     ; --                   ; --               ; --                        ;
; usb_hid_host:g_usb_ch1.u_usb_hid_host|ukp:ukp|bitadr[0]~10                                                                                                                                                                                                                                                                                                  ; LCCOMB_X17_Y9_N4   ; 7       ; Clock enable                                        ; no     ; --                   ; --               ; --                        ;
; usb_hid_host:g_usb_ch1.u_usb_hid_host|ukp:ukp|bitadr[0]~9                                                                                                                                                                                                                                                                                                   ; LCCOMB_X17_Y9_N18  ; 15      ; Clock enable, Sync. clear                           ; no     ; --                   ; --               ; --                        ;
; usb_hid_host:g_usb_ch1.u_usb_hid_host|ukp:ukp|conct[8]~72                                                                                                                                                                                                                                                                                                   ; LCCOMB_X20_Y9_N26  ; 24      ; Sync. clear                                         ; no     ; --                   ; --               ; --                        ;
; usb_hid_host:g_usb_ch1.u_usb_hid_host|ukp:ukp|dmis~2                                                                                                                                                                                                                                                                                                        ; LCCOMB_X17_Y9_N10  ; 2       ; Clock enable                                        ; no     ; --                   ; --               ; --                        ;
; usb_hid_host:g_usb_ch1.u_usb_hid_host|ukp:ukp|inst_ready                                                                                                                                                                                                                                                                                                    ; FF_X15_Y11_N9      ; 35      ; Sync. clear, Sync. load                             ; no     ; --                   ; --               ; --                        ;
; usb_hid_host:g_usb_ch1.u_usb_hid_host|ukp:ukp|insth[0]~0                                                                                                                                                                                                                                                                                                    ; LCCOMB_X15_Y9_N16  ; 5       ; Clock enable                                        ; no     ; --                   ; --               ; --                        ;
; usb_hid_host:g_usb_ch1.u_usb_hid_host|ukp:ukp|lb4[0]~0                                                                                                                                                                                                                                                                                                      ; LCCOMB_X15_Y9_N0   ; 4       ; Clock enable                                        ; no     ; --                   ; --               ; --                        ;
; usb_hid_host:g_usb_ch1.u_usb_hid_host|ukp:ukp|lb4w[0]~0                                                                                                                                                                                                                                                                                                     ; LCCOMB_X14_Y12_N14 ; 4       ; Clock enable                                        ; no     ; --                   ; --               ; --                        ;
; usb_hid_host:g_usb_ch1.u_usb_hid_host|ukp:ukp|nrzrxct[0]~2                                                                                                                                                                                                                                                                                                  ; LCCOMB_X17_Y9_N8   ; 3       ; Clock enable                                        ; no     ; --                   ; --               ; --                        ;
; usb_hid_host:g_usb_ch1.u_usb_hid_host|ukp:ukp|nrztxct[0]~2                                                                                                                                                                                                                                                                                                  ; LCCOMB_X13_Y9_N14  ; 3       ; Clock enable                                        ; no     ; --                   ; --               ; --                        ;
; usb_hid_host:g_usb_ch1.u_usb_hid_host|ukp:ukp|pc[0]~9                                                                                                                                                                                                                                                                                                       ; LCCOMB_X15_Y11_N6  ; 10      ; Clock enable                                        ; no     ; --                   ; --               ; --                        ;
; usb_hid_host:g_usb_ch1.u_usb_hid_host|ukp:ukp|sadr[0]~3                                                                                                                                                                                                                                                                                                     ; LCCOMB_X15_Y8_N8   ; 4       ; Clock enable                                        ; no     ; --                   ; --               ; --                        ;
; usb_hid_host:g_usb_ch1.u_usb_hid_host|ukp:ukp|save_b[2]~1                                                                                                                                                                                                                                                                                                   ; LCCOMB_X15_Y8_N20  ; 3       ; Clock enable                                        ; no     ; --                   ; --               ; --                        ;
; usb_hid_host:g_usb_ch1.u_usb_hid_host|ukp:ukp|save_r[0]~0                                                                                                                                                                                                                                                                                                   ; LCCOMB_X15_Y8_N30  ; 4       ; Clock enable                                        ; no     ; --                   ; --               ; --                        ;
; usb_hid_host:g_usb_ch1.u_usb_hid_host|ukp:ukp|sb[0]~1                                                                                                                                                                                                                                                                                                       ; LCCOMB_X15_Y11_N28 ; 4       ; Clock enable                                        ; no     ; --                   ; --               ; --                        ;
; usb_hid_host:g_usb_ch1.u_usb_hid_host|ukp:ukp|sb[4]~0                                                                                                                                                                                                                                                                                                       ; LCCOMB_X15_Y11_N0  ; 4       ; Clock enable                                        ; no     ; --                   ; --               ; --                        ;
; usb_hid_host:g_usb_ch1.u_usb_hid_host|ukp:ukp|timing[0]~6                                                                                                                                                                                                                                                                                                   ; LCCOMB_X14_Y9_N16  ; 3       ; Clock enable                                        ; no     ; --                   ; --               ; --                        ;
; usb_hid_host:g_usb_ch1.u_usb_hid_host|ukp:ukp|ug                                                                                                                                                                                                                                                                                                            ; FF_X15_Y8_N1       ; 6       ; Output enable                                       ; no     ; --                   ; --               ; --                        ;
; usb_hid_host:g_usb_ch1.u_usb_hid_host|ukp:ukp|ukpdat[7]~1                                                                                                                                                                                                                                                                                                   ; LCCOMB_X18_Y9_N24  ; 8       ; Clock enable                                        ; no     ; --                   ; --               ; --                        ;
; usb_hid_host:g_usb_ch1.u_usb_hid_host|ukp:ukp|ukprdy                                                                                                                                                                                                                                                                                                        ; FF_X18_Y9_N1       ; 11      ; Sync. clear                                         ; no     ; --                   ; --               ; --                        ;
; usb_hid_host:g_usb_ch1.u_usb_hid_host|ukp:ukp|wk[0]~2                                                                                                                                                                                                                                                                                                       ; LCCOMB_X15_Y9_N28  ; 4       ; Clock enable                                        ; no     ; --                   ; --               ; --                        ;
; usb_hid_host:g_usb_ch1.u_usb_hid_host|ukp:ukp|wk[4]~3                                                                                                                                                                                                                                                                                                       ; LCCOMB_X16_Y9_N30  ; 4       ; Clock enable                                        ; no     ; --                   ; --               ; --                        ;
; usb_hid_host:g_usb_ch1.u_usb_hid_host|ukp:ukp|wpc[0]~7                                                                                                                                                                                                                                                                                                      ; LCCOMB_X15_Y13_N20 ; 10      ; Clock enable                                        ; no     ; --                   ; --               ; --                        ;
; usb_pll_12mhz:u_usb_pll|altpll:u_altpll|altpll_6dr:auto_generated|clk[0]                                                                                                                                                                                                                                                                                    ; PLL_1              ; 349     ; Clock                                               ; yes    ; Global Clock         ; GCLK3            ; --                        ;
; usb_pll_12mhz:u_usb_pll|altpll:u_altpll|altpll_6dr:auto_generated|pll1~LOCKED                                                                                                                                                                                                                                                                               ; PLL_1              ; 3       ; Clock                                               ; no     ; --                   ; --               ; --                        ;
+-------------------------------------------------------------------------------------------------------------------------------------------------------------------------------------------------------------------------------------------------------------------------------------------------------------------------------------------------------------+--------------------+---------+-----------------------------------------------------+--------+----------------------+------------------+---------------------------+


+-------------------------------------------------------------------------------------------------------------------------------------------------------------------------------------------------------------------+
; Global & Other Fast Signals                                                                                                                                                                                       ;
+--------------------------------------------------------------------------+-----------------+---------+--------------------------------------+----------------------+------------------+---------------------------+
; Name                                                                     ; Location        ; Fan-Out ; Fan-Out Using Intentional Clock Skew ; Global Resource Used ; Global Line Name ; Enable Signal Source Name ;
+--------------------------------------------------------------------------+-----------------+---------+--------------------------------------+----------------------+------------------+---------------------------+
; altera_internal_jtag~TCKUTAP                                             ; JTAG_X10_Y11_N0 ; 105     ; 0                                    ; Global Clock         ; GCLK2            ; --                        ;
; async_rst_n                                                              ; LCCOMB_X9_Y5_N4 ; 4       ; 0                                    ; Global Clock         ; GCLK4            ; --                        ;
; clk                                                                      ; PIN_88          ; 107     ; 0                                    ; Global Clock         ; GCLK9            ; --                        ;
; usb_pll_12mhz:u_usb_pll|altpll:u_altpll|altpll_6dr:auto_generated|clk[0] ; PLL_1           ; 349     ; 0                                    ; Global Clock         ; GCLK3            ; --                        ;
+--------------------------------------------------------------------------+-----------------+---------+--------------------------------------+----------------------+------------------+---------------------------+


+--------------------------------------------------------------------------------------------------------------------------------------------------------------------------------------------------------------------------------------------------------------------------------------------------------------------------------------------------------------------------------------------------------------------------------------------------------------------------------------------------------------------------------------------------------------------------------------------------------------------------------------------------------------------------------------------------------------------------------------------------------------+
; Fitter RAM Summary                                                                                                                                                                                                                                                                                                                                                                                                                                                                                                                                                                                                                                                                                                                                           ;
+-----------------------------------------------------------------------------------------------------------------------------------------------------------------------------------------------------------------------------------+------+------------------+--------------+--------------+--------------+--------------+--------------+------------------------+-------------------------+------------------------+-------------------------+------+-----------------------------+-----------------------------+-----------------------------+-----------------------------+---------------------+------+------+---------------+----------------------+------------------------+------------------------+----------+------------------------+---------------+
; Name                                                                                                                                                                                                                              ; Type ; Mode             ; Clock Mode   ; Port A Depth ; Port A Width ; Port B Depth ; Port B Width ; Port A Input Registers ; Port A Output Registers ; Port B Input Registers ; Port B Output Registers ; Size ; Implementation Port A Depth ; Implementation Port A Width ; Implementation Port B Depth ; Implementation Port B Width ; Implementation Bits ; M9Ks ; MIF  ; Location      ; Mixed Width RDW Mode ; Port A RDW Mode        ; Port B RDW Mode        ; ECC Mode ; ECC Pipeline Registers ; Fits in MLABs ;
+-----------------------------------------------------------------------------------------------------------------------------------------------------------------------------------------------------------------------------------+------+------------------+--------------+--------------+--------------+--------------+--------------+------------------------+-------------------------+------------------------+-------------------------+------+-----------------------------+-----------------------------+-----------------------------+-----------------------------+---------------------+------+------+---------------+----------------------+------------------------+------------------------+----------+------------------------+---------------+
; jtag_uart_tx:u_jtag_uart_tx|altera_avalon_jtag_uart:u_jtag_uart|altera_avalon_jtag_uart_scfifo_w:altera_avalon_jtag_uart_scfifo_w|scfifo:wfifo|scfifo_7131:auto_generated|a_dpfifo_bb01:dpfifo|altsyncram_dtn1:FIFOram|ALTSYNCRAM ; AUTO ; Simple Dual Port ; Single Clock ; 64           ; 8            ; 64           ; 8            ; yes                    ; no                      ; yes                    ; yes                     ; 512  ; 64                          ; 8                           ; 64                          ; 8                           ; 512                 ; 1    ; None ; M9K_X26_Y7_N0 ; Don't care           ; New data with NBE Read ; New data with NBE Read ; Off      ; No                     ; No - Unknown  ;
+-----------------------------------------------------------------------------------------------------------------------------------------------------------------------------------------------------------------------------------+------+------------------+--------------+--------------+--------------+--------------+--------------+------------------------+-------------------------+------------------------+-------------------------+------+-----------------------------+-----------------------------+-----------------------------+-----------------------------+---------------------+------+------+---------------+----------------------+------------------------+------------------------+----------+------------------------+---------------+
Note: Fitter may spread logical memories into multiple blocks to improve timing. The actual required RAM blocks can be found in the Fitter Resource Usage section.


+------------------------------------------------+
; Routing Usage Summary                          ;
+-----------------------+------------------------+
; Routing Resource Type ; Usage                  ;
+-----------------------+------------------------+
; Block interconnects   ; 1,282 / 27,275 ( 5 % ) ;
; C16 interconnects     ; 5 / 1,240 ( < 1 % )    ;
; C4 interconnects      ; 519 / 20,832 ( 2 % )   ;
; Direct links          ; 274 / 27,275 ( 1 % )   ;
; Global clocks         ; 4 / 10 ( 40 % )        ;
; Local interconnects   ; 799 / 8,064 ( 10 % )   ;
; R24 interconnects     ; 8 / 1,320 ( < 1 % )    ;
; R4 interconnects      ; 660 / 28,560 ( 2 % )   ;
+-----------------------+------------------------+


+----------------------------------------------------------------------------+
; LAB Logic Elements                                                         ;
+---------------------------------------------+------------------------------+
; Number of Logic Elements  (Average = 13.33) ; Number of LABs  (Total = 93) ;
+---------------------------------------------+------------------------------+
; 1                                           ; 5                            ;
; 2                                           ; 0                            ;
; 3                                           ; 1                            ;
; 4                                           ; 1                            ;
; 5                                           ; 1                            ;
; 6                                           ; 0                            ;
; 7                                           ; 0                            ;
; 8                                           ; 2                            ;
; 9                                           ; 3                            ;
; 10                                          ; 2                            ;
; 11                                          ; 5                            ;
; 12                                          ; 5                            ;
; 13                                          ; 3                            ;
; 14                                          ; 11                           ;
; 15                                          ; 12                           ;
; 16                                          ; 42                           ;
+---------------------------------------------+------------------------------+


+-------------------------------------------------------------------+
; LAB-wide Signals                                                  ;
+------------------------------------+------------------------------+
; LAB-wide Signals  (Average = 1.65) ; Number of LABs  (Total = 93) ;
+------------------------------------+------------------------------+
; 1 Async. clear                     ; 26                           ;
; 1 Clock                            ; 68                           ;
; 1 Clock enable                     ; 21                           ;
; 1 Sync. clear                      ; 5                            ;
; 1 Sync. load                       ; 1                            ;
; 2 Async. clears                    ; 4                            ;
; 2 Clock enables                    ; 24                           ;
; 2 Clocks                           ; 4                            ;
+------------------------------------+------------------------------+


+-----------------------------------------------------------------------------+
; LAB Signals Sourced                                                         ;
+----------------------------------------------+------------------------------+
; Number of Signals Sourced  (Average = 18.77) ; Number of LABs  (Total = 93) ;
+----------------------------------------------+------------------------------+
; 0                                            ; 1                            ;
; 1                                            ; 1                            ;
; 2                                            ; 3                            ;
; 3                                            ; 0                            ;
; 4                                            ; 1                            ;
; 5                                            ; 0                            ;
; 6                                            ; 1                            ;
; 7                                            ; 0                            ;
; 8                                            ; 0                            ;
; 9                                            ; 1                            ;
; 10                                           ; 0                            ;
; 11                                           ; 1                            ;
; 12                                           ; 2                            ;
; 13                                           ; 1                            ;
; 14                                           ; 6                            ;
; 15                                           ; 3                            ;
; 16                                           ; 15                           ;
; 17                                           ; 4                            ;
; 18                                           ; 3                            ;
; 19                                           ; 4                            ;
; 20                                           ; 8                            ;
; 21                                           ; 4                            ;
; 22                                           ; 6                            ;
; 23                                           ; 4                            ;
; 24                                           ; 7                            ;
; 25                                           ; 0                            ;
; 26                                           ; 4                            ;
; 27                                           ; 5                            ;
; 28                                           ; 5                            ;
; 29                                           ; 1                            ;
; 30                                           ; 1                            ;
; 31                                           ; 1                            ;
+----------------------------------------------+------------------------------+


+--------------------------------------------------------------------------------+
; LAB Signals Sourced Out                                                        ;
+-------------------------------------------------+------------------------------+
; Number of Signals Sourced Out  (Average = 6.66) ; Number of LABs  (Total = 93) ;
+-------------------------------------------------+------------------------------+
; 0                                               ; 2                            ;
; 1                                               ; 7                            ;
; 2                                               ; 10                           ;
; 3                                               ; 11                           ;
; 4                                               ; 6                            ;
; 5                                               ; 5                            ;
; 6                                               ; 8                            ;
; 7                                               ; 6                            ;
; 8                                               ; 10                           ;
; 9                                               ; 6                            ;
; 10                                              ; 6                            ;
; 11                                              ; 3                            ;
; 12                                              ; 5                            ;
; 13                                              ; 1                            ;
; 14                                              ; 2                            ;
; 15                                              ; 0                            ;
; 16                                              ; 1                            ;
; 17                                              ; 0                            ;
; 18                                              ; 1                            ;
; 19                                              ; 2                            ;
; 20                                              ; 1                            ;
+-------------------------------------------------+------------------------------+


+-----------------------------------------------------------------------------+
; LAB Distinct Inputs                                                         ;
+----------------------------------------------+------------------------------+
; Number of Distinct Inputs  (Average = 12.39) ; Number of LABs  (Total = 93) ;
+----------------------------------------------+------------------------------+
; 0                                            ; 0                            ;
; 1                                            ; 0                            ;
; 2                                            ; 1                            ;
; 3                                            ; 6                            ;
; 4                                            ; 2                            ;
; 5                                            ; 5                            ;
; 6                                            ; 4                            ;
; 7                                            ; 5                            ;
; 8                                            ; 8                            ;
; 9                                            ; 4                            ;
; 10                                           ; 5                            ;
; 11                                           ; 5                            ;
; 12                                           ; 10                           ;
; 13                                           ; 4                            ;
; 14                                           ; 3                            ;
; 15                                           ; 4                            ;
; 16                                           ; 0                            ;
; 17                                           ; 3                            ;
; 18                                           ; 2                            ;
; 19                                           ; 3                            ;
; 20                                           ; 5                            ;
; 21                                           ; 0                            ;
; 22                                           ; 2                            ;
; 23                                           ; 2                            ;
; 24                                           ; 1                            ;
; 25                                           ; 1                            ;
; 26                                           ; 0                            ;
; 27                                           ; 2                            ;
; 28                                           ; 0                            ;
; 29                                           ; 1                            ;
; 30                                           ; 0                            ;
; 31                                           ; 2                            ;
; 32                                           ; 0                            ;
; 33                                           ; 1                            ;
+----------------------------------------------+------------------------------+


+------------------------------------------+
; I/O Rules Summary                        ;
+----------------------------------+-------+
; I/O Rules Statistic              ; Total ;
+----------------------------------+-------+
; Total I/O Rules                  ; 30    ;
; Number of I/O Rules Passed       ; 10    ;
; Number of I/O Rules Failed       ; 0     ;
; Number of I/O Rules Unchecked    ; 0     ;
; Number of I/O Rules Inapplicable ; 20    ;
+----------------------------------+-------+


+--------------------------------------------------------------------------------------------------------------------------------------------------------------------------------------------------------------------------------------------------------------------------------------+
; I/O Rules Details                                                                                                                                                                                                                                                                    ;
+--------------+-----------+-----------------------------------+------------------------------------------------------------------------------------------------------+----------+--------------------------------------------------------------------------+------+-------------------+
; Status       ; ID        ; Category                          ; Rule Description                                                                                     ; Severity ; Information                                                              ; Area ; Extra Information ;
+--------------+-----------+-----------------------------------+------------------------------------------------------------------------------------------------------+----------+--------------------------------------------------------------------------+------+-------------------+
; Pass         ; IO_000001 ; Capacity Checks                   ; Number of pins in an I/O bank should not exceed the number of locations available.                   ; Critical ; 0 such failures found.                                                   ; I/O  ;                   ;
; Inapplicable ; IO_000002 ; Capacity Checks                   ; Number of clocks in an I/O bank should not exceed the number of clocks available.                    ; Critical ; No Global Signal assignments found.                                      ; I/O  ;                   ;
; Pass         ; IO_000003 ; Capacity Checks                   ; Number of pins in a Vrefgroup should not exceed the number of locations available.                   ; Critical ; 0 such failures found.                                                   ; I/O  ;                   ;
; Inapplicable ; IO_000004 ; Voltage Compatibility Checks      ; The I/O bank should support the requested VCCIO.                                                     ; Critical ; No IOBANK_VCCIO assignments found.                                       ; I/O  ;                   ;
; Inapplicable ; IO_000005 ; Voltage Compatibility Checks      ; The I/O bank should not have competing VREF values.                                                  ; Critical ; No VREF I/O Standard assignments found.                                  ; I/O  ;                   ;
; Pass         ; IO_000006 ; Voltage Compatibility Checks      ; The I/O bank should not have competing VCCIO values.                                                 ; Critical ; 0 such failures found.                                                   ; I/O  ;                   ;
; Pass         ; IO_000007 ; Valid Location Checks             ; Checks for unavailable locations.                                                                    ; Critical ; 0 such failures found.                                                   ; I/O  ;                   ;
; Inapplicable ; IO_000008 ; Valid Location Checks             ; Checks for reserved locations.                                                                       ; Critical ; No reserved LogicLock region found.                                      ; I/O  ;                   ;
; Pass         ; IO_000009 ; I/O Properties Checks for One I/O ; The location should support the requested I/O standard.                                              ; Critical ; 0 such failures found.                                                   ; I/O  ;                   ;
; Pass         ; IO_000010 ; I/O Properties Checks for One I/O ; The location should support the requested I/O direction.                                             ; Critical ; 0 such failures found.                                                   ; I/O  ;                   ;
; Inapplicable ; IO_000011 ; I/O Properties Checks for One I/O ; The location should support the requested Current Strength.                                          ; Critical ; No Current Strength assignments found.                                   ; I/O  ;                   ;
; Inapplicable ; IO_000012 ; I/O Properties Checks for One I/O ; The location should support the requested On Chip Termination value.                                 ; Critical ; No Termination assignments found.                                        ; I/O  ;                   ;
; Inapplicable ; IO_000013 ; I/O Properties Checks for One I/O ; The location should support the requested Bus Hold value.                                            ; Critical ; No Enable Bus-Hold Circuitry assignments found.                          ; I/O  ;                   ;
; Inapplicable ; IO_000014 ; I/O Properties Checks for One I/O ; The location should support the requested Weak Pull Up value.                                        ; Critical ; No Weak Pull-Up Resistor assignments found.                              ; I/O  ;                   ;
; Pass         ; IO_000015 ; I/O Properties Checks for One I/O ; The location should support the requested PCI Clamp Diode.                                           ; Critical ; 0 such failures found.                                                   ; I/O  ;                   ;
; Inapplicable ; IO_000018 ; I/O Properties Checks for One I/O ; The I/O standard should support the requested Current Strength.                                      ; Critical ; No Current Strength assignments found.                                   ; I/O  ;                   ;
; Inapplicable ; IO_000019 ; I/O Properties Checks for One I/O ; The I/O standard should support the requested On Chip Termination value.                             ; Critical ; No Termination assignments found.                                        ; I/O  ;                   ;
; Pass         ; IO_000020 ; I/O Properties Checks for One I/O ; The I/O standard should support the requested PCI Clamp Diode.                                       ; Critical ; 0 such failures found.                                                   ; I/O  ;                   ;
; Inapplicable ; IO_000021 ; I/O Properties Checks for One I/O ; The I/O standard should support the requested Weak Pull Up value.                                    ; Critical ; No Weak Pull-Up Resistor assignments found.                              ; I/O  ;                   ;
; Inapplicable ; IO_000022 ; I/O Properties Checks for One I/O ; The I/O standard should support the requested Bus Hold value.                                        ; Critical ; No Enable Bus-Hold Circuitry assignments found.                          ; I/O  ;                   ;
; Pass         ; IO_000023 ; I/O Properties Checks for One I/O ; The I/O standard should support the Open Drain value.                                                ; Critical ; 0 such failures found.                                                   ; I/O  ;                   ;
; Inapplicable ; IO_000024 ; I/O Properties Checks for One I/O ; The I/O direction should support the On Chip Termination value.                                      ; Critical ; No Termination assignments found.                                        ; I/O  ;                   ;
; Inapplicable ; IO_000026 ; I/O Properties Checks for One I/O ; On Chip Termination and Current Strength should not be used at the same time.                        ; Critical ; No Current Strength or Termination assignments found.                    ; I/O  ;                   ;
; Inapplicable ; IO_000027 ; I/O Properties Checks for One I/O ; Weak Pull Up and Bus Hold should not be used at the same time.                                       ; Critical ; No Enable Bus-Hold Circuitry or Weak Pull-Up Resistor assignments found. ; I/O  ;                   ;
; Inapplicable ; IO_000045 ; I/O Properties Checks for One I/O ; The I/O standard should support the requested Slew Rate value.                                       ; Critical ; No Slew Rate assignments found.                                          ; I/O  ;                   ;
; Inapplicable ; IO_000046 ; I/O Properties Checks for One I/O ; The location should support the requested Slew Rate value.                                           ; Critical ; No Slew Rate assignments found.                                          ; I/O  ;                   ;
; Inapplicable ; IO_000047 ; I/O Properties Checks for One I/O ; On Chip Termination and Slew Rate should not be used at the same time.                               ; Critical ; No Slew Rate assignments found.                                          ; I/O  ;                   ;
; Pass         ; IO_000033 ; Electromigration Checks           ; Current density for consecutive I/Os should not exceed 160mA for row I/Os and 160mA for column I/Os. ; Critical ; 0 such failures found.                                                   ; I/O  ;                   ;
; Inapplicable ; IO_000034 ; SI Related Distance Checks        ; Single-ended outputs should be 5 LAB row(s) away from a differential I/O.                            ; High     ; No Differential I/O Standard assignments found.                          ; I/O  ;                   ;
; Inapplicable ; IO_000042 ; SI Related SSO Limit Checks       ; No more than 20 outputs are allowed in a VREF group when VREF is being read from.                    ; High     ; No VREF I/O Standard assignments found.                                  ; I/O  ;                   ;
+--------------+-----------+-----------------------------------+------------------------------------------------------------------------------------------------------+----------+--------------------------------------------------------------------------+------+-------------------+


+---------------------------------------------------------------------------------------------------------------------------------------------------------------------------------------------------------------------------------------------------------------------------------------------------------------------------------------------------------------------------------------------------------------------------------------------------------------------------+
; I/O Rules Matrix                                                                                                                                                                                                                                                                                                                                                                                                                                                          ;
+---------------------+--------------+--------------+--------------+--------------+--------------+-----------+--------------+--------------+-----------+-----------+--------------+--------------+--------------+--------------+--------------+--------------+--------------+--------------+--------------+--------------+--------------+--------------+--------------+--------------+--------------+--------------+--------------+-----------+--------------+--------------+
; Pin/Rules           ; IO_000001    ; IO_000002    ; IO_000003    ; IO_000004    ; IO_000005    ; IO_000006 ; IO_000007    ; IO_000008    ; IO_000009 ; IO_000010 ; IO_000011    ; IO_000012    ; IO_000013    ; IO_000014    ; IO_000015    ; IO_000018    ; IO_000019    ; IO_000020    ; IO_000021    ; IO_000022    ; IO_000023    ; IO_000024    ; IO_000026    ; IO_000027    ; IO_000045    ; IO_000046    ; IO_000047    ; IO_000033 ; IO_000034    ; IO_000042    ;
+---------------------+--------------+--------------+--------------+--------------+--------------+-----------+--------------+--------------+-----------+-----------+--------------+--------------+--------------+--------------+--------------+--------------+--------------+--------------+--------------+--------------+--------------+--------------+--------------+--------------+--------------+--------------+--------------+-----------+--------------+--------------+
; Total Pass          ; 16           ; 0            ; 16           ; 0            ; 0            ; 20        ; 16           ; 0            ; 20        ; 20        ; 0            ; 0            ; 0            ; 0            ; 6            ; 0            ; 0            ; 6            ; 0            ; 0            ; 2            ; 0            ; 0            ; 0            ; 0            ; 0            ; 0            ; 20        ; 0            ; 0            ;
; Total Unchecked     ; 0            ; 0            ; 0            ; 0            ; 0            ; 0         ; 0            ; 0            ; 0         ; 0         ; 0            ; 0            ; 0            ; 0            ; 0            ; 0            ; 0            ; 0            ; 0            ; 0            ; 0            ; 0            ; 0            ; 0            ; 0            ; 0            ; 0            ; 0         ; 0            ; 0            ;
; Total Inapplicable  ; 4            ; 20           ; 4            ; 20           ; 20           ; 0         ; 4            ; 20           ; 0         ; 0         ; 20           ; 20           ; 20           ; 20           ; 14           ; 20           ; 20           ; 14           ; 20           ; 20           ; 18           ; 20           ; 20           ; 20           ; 20           ; 20           ; 20           ; 0         ; 20           ; 20           ;
; Total Fail          ; 0            ; 0            ; 0            ; 0            ; 0            ; 0         ; 0            ; 0            ; 0         ; 0         ; 0            ; 0            ; 0            ; 0            ; 0            ; 0            ; 0            ; 0            ; 0            ; 0            ; 0            ; 0            ; 0            ; 0            ; 0            ; 0            ; 0            ; 0         ; 0            ; 0            ;
; led                 ; Pass         ; Inapplicable ; Pass         ; Inapplicable ; Inapplicable ; Pass      ; Pass         ; Inapplicable ; Pass      ; Pass      ; Inapplicable ; Inapplicable ; Inapplicable ; Inapplicable ; Inapplicable ; Inapplicable ; Inapplicable ; Inapplicable ; Inapplicable ; Inapplicable ; Inapplicable ; Inapplicable ; Inapplicable ; Inapplicable ; Inapplicable ; Inapplicable ; Inapplicable ; Pass      ; Inapplicable ; Inapplicable ;
; led0                ; Pass         ; Inapplicable ; Pass         ; Inapplicable ; Inapplicable ; Pass      ; Pass         ; Inapplicable ; Pass      ; Pass      ; Inapplicable ; Inapplicable ; Inapplicable ; Inapplicable ; Inapplicable ; Inapplicable ; Inapplicable ; Inapplicable ; Inapplicable ; Inapplicable ; Inapplicable ; Inapplicable ; Inapplicable ; Inapplicable ; Inapplicable ; Inapplicable ; Inapplicable ; Pass      ; Inapplicable ; Inapplicable ;
; leds[0]             ; Pass         ; Inapplicable ; Pass         ; Inapplicable ; Inapplicable ; Pass      ; Pass         ; Inapplicable ; Pass      ; Pass      ; Inapplicable ; Inapplicable ; Inapplicable ; Inapplicable ; Inapplicable ; Inapplicable ; Inapplicable ; Inapplicable ; Inapplicable ; Inapplicable ; Inapplicable ; Inapplicable ; Inapplicable ; Inapplicable ; Inapplicable ; Inapplicable ; Inapplicable ; Pass      ; Inapplicable ; Inapplicable ;
; leds[1]             ; Pass         ; Inapplicable ; Pass         ; Inapplicable ; Inapplicable ; Pass      ; Pass         ; Inapplicable ; Pass      ; Pass      ; Inapplicable ; Inapplicable ; Inapplicable ; Inapplicable ; Inapplicable ; Inapplicable ; Inapplicable ; Inapplicable ; Inapplicable ; Inapplicable ; Inapplicable ; Inapplicable ; Inapplicable ; Inapplicable ; Inapplicable ; Inapplicable ; Inapplicable ; Pass      ; Inapplicable ; Inapplicable ;
; leds[2]             ; Pass         ; Inapplicable ; Pass         ; Inapplicable ; Inapplicable ; Pass      ; Pass         ; Inapplicable ; Pass      ; Pass      ; Inapplicable ; Inapplicable ; Inapplicable ; Inapplicable ; Inapplicable ; Inapplicable ; Inapplicable ; Inapplicable ; Inapplicable ; Inapplicable ; Inapplicable ; Inapplicable ; Inapplicable ; Inapplicable ; Inapplicable ; Inapplicable ; Inapplicable ; Pass      ; Inapplicable ; Inapplicable ;
; leds[3]             ; Pass         ; Inapplicable ; Pass         ; Inapplicable ; Inapplicable ; Pass      ; Pass         ; Inapplicable ; Pass      ; Pass      ; Inapplicable ; Inapplicable ; Inapplicable ; Inapplicable ; Inapplicable ; Inapplicable ; Inapplicable ; Inapplicable ; Inapplicable ; Inapplicable ; Inapplicable ; Inapplicable ; Inapplicable ; Inapplicable ; Inapplicable ; Inapplicable ; Inapplicable ; Pass      ; Inapplicable ; Inapplicable ;
; leds[4]             ; Pass         ; Inapplicable ; Pass         ; Inapplicable ; Inapplicable ; Pass      ; Pass         ; Inapplicable ; Pass      ; Pass      ; Inapplicable ; Inapplicable ; Inapplicable ; Inapplicable ; Inapplicable ; Inapplicable ; Inapplicable ; Inapplicable ; Inapplicable ; Inapplicable ; Inapplicable ; Inapplicable ; Inapplicable ; Inapplicable ; Inapplicable ; Inapplicable ; Inapplicable ; Pass      ; Inapplicable ; Inapplicable ;
; leds[5]             ; Pass         ; Inapplicable ; Pass         ; Inapplicable ; Inapplicable ; Pass      ; Pass         ; Inapplicable ; Pass      ; Pass      ; Inapplicable ; Inapplicable ; Inapplicable ; Inapplicable ; Inapplicable ; Inapplicable ; Inapplicable ; Inapplicable ; Inapplicable ; Inapplicable ; Inapplicable ; Inapplicable ; Inapplicable ; Inapplicable ; Inapplicable ; Inapplicable ; Inapplicable ; Pass      ; Inapplicable ; Inapplicable ;
; leds[6]             ; Pass         ; Inapplicable ; Pass         ; Inapplicable ; Inapplicable ; Pass      ; Pass         ; Inapplicable ; Pass      ; Pass      ; Inapplicable ; Inapplicable ; Inapplicable ; Inapplicable ; Inapplicable ; Inapplicable ; Inapplicable ; Inapplicable ; Inapplicable ; Inapplicable ; Inapplicable ; Inapplicable ; Inapplicable ; Inapplicable ; Inapplicable ; Inapplicable ; Inapplicable ; Pass      ; Inapplicable ; Inapplicable ;
; leds[7]             ; Pass         ; Inapplicable ; Pass         ; Inapplicable ; Inapplicable ; Pass      ; Pass         ; Inapplicable ; Pass      ; Pass      ; Inapplicable ; Inapplicable ; Inapplicable ; Inapplicable ; Inapplicable ; Inapplicable ; Inapplicable ; Inapplicable ; Inapplicable ; Inapplicable ; Inapplicable ; Inapplicable ; Inapplicable ; Inapplicable ; Inapplicable ; Inapplicable ; Inapplicable ; Pass      ; Inapplicable ; Inapplicable ;
; usb_u1_dp           ; Pass         ; Inapplicable ; Pass         ; Inapplicable ; Inapplicable ; Pass      ; Pass         ; Inapplicable ; Pass      ; Pass      ; Inapplicable ; Inapplicable ; Inapplicable ; Inapplicable ; Pass         ; Inapplicable ; Inapplicable ; Pass         ; Inapplicable ; Inapplicable ; Inapplicable ; Inapplicable ; Inapplicable ; Inapplicable ; Inapplicable ; Inapplicable ; Inapplicable ; Pass      ; Inapplicable ; Inapplicable ;
; usb_u1_dm           ; Pass         ; Inapplicable ; Pass         ; Inapplicable ; Inapplicable ; Pass      ; Pass         ; Inapplicable ; Pass      ; Pass      ; Inapplicable ; Inapplicable ; Inapplicable ; Inapplicable ; Pass         ; Inapplicable ; Inapplicable ; Pass         ; Inapplicable ; Inapplicable ; Inapplicable ; Inapplicable ; Inapplicable ; Inapplicable ; Inapplicable ; Inapplicable ; Inapplicable ; Pass      ; Inapplicable ; Inapplicable ;
; usb_u2_dp           ; Pass         ; Inapplicable ; Pass         ; Inapplicable ; Inapplicable ; Pass      ; Pass         ; Inapplicable ; Pass      ; Pass      ; Inapplicable ; Inapplicable ; Inapplicable ; Inapplicable ; Pass         ; Inapplicable ; Inapplicable ; Pass         ; Inapplicable ; Inapplicable ; Pass         ; Inapplicable ; Inapplicable ; Inapplicable ; Inapplicable ; Inapplicable ; Inapplicable ; Pass      ; Inapplicable ; Inapplicable ;
; usb_u2_dm           ; Pass         ; Inapplicable ; Pass         ; Inapplicable ; Inapplicable ; Pass      ; Pass         ; Inapplicable ; Pass      ; Pass      ; Inapplicable ; Inapplicable ; Inapplicable ; Inapplicable ; Pass         ; Inapplicable ; Inapplicable ; Pass         ; Inapplicable ; Inapplicable ; Pass         ; Inapplicable ; Inapplicable ; Inapplicable ; Inapplicable ; Inapplicable ; Inapplicable ; Pass      ; Inapplicable ; Inapplicable ;
; clk                 ; Pass         ; Inapplicable ; Pass         ; Inapplicable ; Inapplicable ; Pass      ; Pass         ; Inapplicable ; Pass      ; Pass      ; Inapplicable ; Inapplicable ; Inapplicable ; Inapplicable ; Pass         ; Inapplicable ; Inapplicable ; Pass         ; Inapplicable ; Inapplicable ; Inapplicable ; Inapplicable ; Inapplicable ; Inapplicable ; Inapplicable ; Inapplicable ; Inapplicable ; Pass      ; Inapplicable ; Inapplicable ;
; rst_n               ; Pass         ; Inapplicable ; Pass         ; Inapplicable ; Inapplicable ; Pass      ; Pass         ; Inapplicable ; Pass      ; Pass      ; Inapplicable ; Inapplicable ; Inapplicable ; Inapplicable ; Pass         ; Inapplicable ; Inapplicable ; Pass         ; Inapplicable ; Inapplicable ; Inapplicable ; Inapplicable ; Inapplicable ; Inapplicable ; Inapplicable ; Inapplicable ; Inapplicable ; Pass      ; Inapplicable ; Inapplicable ;
; altera_reserved_tms ; Inapplicable ; Inapplicable ; Inapplicable ; Inapplicable ; Inapplicable ; Pass      ; Inapplicable ; Inapplicable ; Pass      ; Pass      ; Inapplicable ; Inapplicable ; Inapplicable ; Inapplicable ; Inapplicable ; Inapplicable ; Inapplicable ; Inapplicable ; Inapplicable ; Inapplicable ; Inapplicable ; Inapplicable ; Inapplicable ; Inapplicable ; Inapplicable ; Inapplicable ; Inapplicable ; Pass      ; Inapplicable ; Inapplicable ;
; altera_reserved_tck ; Inapplicable ; Inapplicable ; Inapplicable ; Inapplicable ; Inapplicable ; Pass      ; Inapplicable ; Inapplicable ; Pass      ; Pass      ; Inapplicable ; Inapplicable ; Inapplicable ; Inapplicable ; Inapplicable ; Inapplicable ; Inapplicable ; Inapplicable ; Inapplicable ; Inapplicable ; Inapplicable ; Inapplicable ; Inapplicable ; Inapplicable ; Inapplicable ; Inapplicable ; Inapplicable ; Pass      ; Inapplicable ; Inapplicable ;
; altera_reserved_tdi ; Inapplicable ; Inapplicable ; Inapplicable ; Inapplicable ; Inapplicable ; Pass      ; Inapplicable ; Inapplicable ; Pass      ; Pass      ; Inapplicable ; Inapplicable ; Inapplicable ; Inapplicable ; Inapplicable ; Inapplicable ; Inapplicable ; Inapplicable ; Inapplicable ; Inapplicable ; Inapplicable ; Inapplicable ; Inapplicable ; Inapplicable ; Inapplicable ; Inapplicable ; Inapplicable ; Pass      ; Inapplicable ; Inapplicable ;
; altera_reserved_tdo ; Inapplicable ; Inapplicable ; Inapplicable ; Inapplicable ; Inapplicable ; Pass      ; Inapplicable ; Inapplicable ; Pass      ; Pass      ; Inapplicable ; Inapplicable ; Inapplicable ; Inapplicable ; Inapplicable ; Inapplicable ; Inapplicable ; Inapplicable ; Inapplicable ; Inapplicable ; Inapplicable ; Inapplicable ; Inapplicable ; Inapplicable ; Inapplicable ; Inapplicable ; Inapplicable ; Pass      ; Inapplicable ; Inapplicable ;
+---------------------+--------------+--------------+--------------+--------------+--------------+-----------+--------------+--------------+-----------+-----------+--------------+--------------+--------------+--------------+--------------+--------------+--------------+--------------+--------------+--------------+--------------+--------------+--------------+--------------+--------------+--------------+--------------+-----------+--------------+--------------+


+-------------------------------------------------------------------------------------------+
; Fitter Device Options                                                                     ;
+------------------------------------------------------------------+------------------------+
; Option                                                           ; Setting                ;
+------------------------------------------------------------------+------------------------+
; Enable user-supplied start-up clock (CLKUSR)                     ; Off                    ;
; Enable device-wide reset (DEV_CLRn)                              ; Off                    ;
; Enable device-wide output enable (DEV_OE)                        ; Off                    ;
; Enable INIT_DONE output                                          ; Off                    ;
; Configuration scheme                                             ; Internal Configuration ;
; Enable Error Detection CRC_ERROR pin                             ; Off                    ;
; Enable open drain on CRC_ERROR pin                               ; Off                    ;
; Enable nCONFIG, nSTATUS, and CONF_DONE pins                      ; On                     ;
; Enable JTAG pin sharing                                          ; Off                    ;
; Enable nCE pin                                                   ; Off                    ;
; Enable CONFIG_SEL pin                                            ; Off                    ;
; Enable input tri-state on active configuration pins in user mode ; Off                    ;
; Configuration Voltage Level                                      ; Auto                   ;
; Force Configuration Voltage Level                                ; Off                    ;
; Data[0]                                                          ; Unreserved             ;
; Data[1]/ASDO                                                     ; Unreserved             ;
; FLASH_nCE/nCSO                                                   ; Unreserved             ;
; DCLK                                                             ; Unreserved             ;
+------------------------------------------------------------------+------------------------+


+------------------------------------+
; Operating Settings and Conditions  ;
+---------------------------+--------+
; Setting                   ; Value  ;
+---------------------------+--------+
; Nominal Core Voltage      ; 1.20 V ;
; Low Junction Temperature  ; 0 °C   ;
; High Junction Temperature ; 85 °C  ;
+---------------------------+--------+


+-------------------------------------------------------------------------------------+
; Estimated Delay Added for Hold Timing Summary                                       ;
+-----------------+-----------------------------------------------+-------------------+
; Source Clock(s) ; Destination Clock(s)                          ; Delay Added in ns ;
+-----------------+-----------------------------------------------+-------------------+
; clk             ; clk                                           ; 5.9               ;
; clk             ; u_usb_pll|u_altpll|auto_generated|pll1|clk[0] ; 2.0               ;
+-----------------+-----------------------------------------------+-------------------+
Note: For more information on problematic transfers, consider running the Fitter again with the Optimize hold timing option (Settings Menu) turned off.
This will disable optimization of problematic paths and expose them for further analysis using the Timing Analyzer.


+----------------------------------------------------------------------------------------------------------------------------------------------------------------------------------------------------------------------------------------------------------------------------------------------------------------------------------------------------------------------------------------------------------------------------------------------------------------------------------------------------------------------+
; Estimated Delay Added for Hold Timing Details                                                                                                                                                                                                                                                                                                                                                                                                                                                                        ;
+-----------------------------------------------------------------------------------------------------------------------------------------------------------------------------------------------------------------------------------------+--------------------------------------------------------------------------------------------------------------------------------------------------------------------------------------------------------------------------------------------------------+-------------------+
; Source Register                                                                                                                                                                                                                         ; Destination Register                                                                                                                                                                                                                                   ; Delay Added in ns ;
+-----------------------------------------------------------------------------------------------------------------------------------------------------------------------------------------------------------------------------------------+--------------------------------------------------------------------------------------------------------------------------------------------------------------------------------------------------------------------------------------------------------+-------------------+
; cdc_byte_strobe:u_usb_to_sys_char|ack_toggle                                                                                                                                                                                            ; cdc_byte_strobe:u_usb_to_sys_char|ack_sync[0]                                                                                                                                                                                                          ; 2.013             ;
; jtag_uart_tx:u_jtag_uart_tx|tx_buf[2]                                                                                                                                                                                                   ; jtag_uart_tx:u_jtag_uart_tx|altera_avalon_jtag_uart:u_jtag_uart|altera_avalon_jtag_uart_scfifo_w:altera_avalon_jtag_uart_scfifo_w|scfifo:wfifo|scfifo_7131:auto_generated|a_dpfifo_bb01:dpfifo|altsyncram_dtn1:FIFOram|ram_block1a2~porta_datain_reg0  ; 0.387             ;
; jtag_uart_tx:u_jtag_uart_tx|tx_buf[6]                                                                                                                                                                                                   ; jtag_uart_tx:u_jtag_uart_tx|altera_avalon_jtag_uart:u_jtag_uart|altera_avalon_jtag_uart_scfifo_w:altera_avalon_jtag_uart_scfifo_w|scfifo:wfifo|scfifo_7131:auto_generated|a_dpfifo_bb01:dpfifo|altsyncram_dtn1:FIFOram|ram_block1a6~porta_datain_reg0  ; 0.386             ;
; jtag_uart_tx:u_jtag_uart_tx|tx_buf[5]                                                                                                                                                                                                   ; jtag_uart_tx:u_jtag_uart_tx|altera_avalon_jtag_uart:u_jtag_uart|altera_avalon_jtag_uart_scfifo_w:altera_avalon_jtag_uart_scfifo_w|scfifo:wfifo|scfifo_7131:auto_generated|a_dpfifo_bb01:dpfifo|altsyncram_dtn1:FIFOram|ram_block1a5~porta_datain_reg0  ; 0.386             ;
; jtag_uart_tx:u_jtag_uart_tx|tx_buf[4]                                                                                                                                                                                                   ; jtag_uart_tx:u_jtag_uart_tx|altera_avalon_jtag_uart:u_jtag_uart|altera_avalon_jtag_uart_scfifo_w:altera_avalon_jtag_uart_scfifo_w|scfifo:wfifo|scfifo_7131:auto_generated|a_dpfifo_bb01:dpfifo|altsyncram_dtn1:FIFOram|ram_block1a4~porta_datain_reg0  ; 0.386             ;
; jtag_uart_tx:u_jtag_uart_tx|tx_buf[3]                                                                                                                                                                                                   ; jtag_uart_tx:u_jtag_uart_tx|altera_avalon_jtag_uart:u_jtag_uart|altera_avalon_jtag_uart_scfifo_w:altera_avalon_jtag_uart_scfifo_w|scfifo:wfifo|scfifo_7131:auto_generated|a_dpfifo_bb01:dpfifo|altsyncram_dtn1:FIFOram|ram_block1a3~porta_datain_reg0  ; 0.386             ;
; jtag_uart_tx:u_jtag_uart_tx|tx_buf[1]                                                                                                                                                                                                   ; jtag_uart_tx:u_jtag_uart_tx|altera_avalon_jtag_uart:u_jtag_uart|altera_avalon_jtag_uart_scfifo_w:altera_avalon_jtag_uart_scfifo_w|scfifo:wfifo|scfifo_7131:auto_generated|a_dpfifo_bb01:dpfifo|altsyncram_dtn1:FIFOram|ram_block1a1~porta_datain_reg0  ; 0.386             ;
; jtag_uart_tx:u_jtag_uart_tx|tx_buf[0]                                                                                                                                                                                                   ; jtag_uart_tx:u_jtag_uart_tx|altera_avalon_jtag_uart:u_jtag_uart|altera_avalon_jtag_uart_scfifo_w:altera_avalon_jtag_uart_scfifo_w|scfifo:wfifo|scfifo_7131:auto_generated|a_dpfifo_bb01:dpfifo|altsyncram_dtn1:FIFOram|ram_block1a0~porta_datain_reg0  ; 0.386             ;
; jtag_uart_tx:u_jtag_uart_tx|tx_buf[7]                                                                                                                                                                                                   ; jtag_uart_tx:u_jtag_uart_tx|altera_avalon_jtag_uart:u_jtag_uart|altera_avalon_jtag_uart_scfifo_w:altera_avalon_jtag_uart_scfifo_w|scfifo:wfifo|scfifo_7131:auto_generated|a_dpfifo_bb01:dpfifo|altsyncram_dtn1:FIFOram|ram_block1a7~porta_datain_reg0  ; 0.386             ;
; jtag_uart_tx:u_jtag_uart_tx|altera_avalon_jtag_uart:u_jtag_uart|altera_avalon_jtag_uart_scfifo_w:altera_avalon_jtag_uart_scfifo_w|scfifo:wfifo|scfifo_7131:auto_generated|a_dpfifo_bb01:dpfifo|cntr_n2b:rd_ptr_count|counter_reg_bit[0] ; jtag_uart_tx:u_jtag_uart_tx|altera_avalon_jtag_uart:u_jtag_uart|altera_avalon_jtag_uart_scfifo_w:altera_avalon_jtag_uart_scfifo_w|scfifo:wfifo|scfifo_7131:auto_generated|a_dpfifo_bb01:dpfifo|altsyncram_dtn1:FIFOram|ram_block1a7~portb_address_reg0 ; 0.348             ;
; jtag_uart_tx:u_jtag_uart_tx|altera_avalon_jtag_uart:u_jtag_uart|altera_avalon_jtag_uart_scfifo_w:altera_avalon_jtag_uart_scfifo_w|scfifo:wfifo|scfifo_7131:auto_generated|a_dpfifo_bb01:dpfifo|cntr_n2b:rd_ptr_count|counter_reg_bit[4] ; jtag_uart_tx:u_jtag_uart_tx|altera_avalon_jtag_uart:u_jtag_uart|altera_avalon_jtag_uart_scfifo_w:altera_avalon_jtag_uart_scfifo_w|scfifo:wfifo|scfifo_7131:auto_generated|a_dpfifo_bb01:dpfifo|altsyncram_dtn1:FIFOram|ram_block1a7~portb_address_reg0 ; 0.347             ;
; jtag_uart_tx:u_jtag_uart_tx|altera_avalon_jtag_uart:u_jtag_uart|altera_avalon_jtag_uart_scfifo_w:altera_avalon_jtag_uart_scfifo_w|scfifo:wfifo|scfifo_7131:auto_generated|a_dpfifo_bb01:dpfifo|cntr_n2b:rd_ptr_count|counter_reg_bit[3] ; jtag_uart_tx:u_jtag_uart_tx|altera_avalon_jtag_uart:u_jtag_uart|altera_avalon_jtag_uart_scfifo_w:altera_avalon_jtag_uart_scfifo_w|scfifo:wfifo|scfifo_7131:auto_generated|a_dpfifo_bb01:dpfifo|altsyncram_dtn1:FIFOram|ram_block1a7~portb_address_reg0 ; 0.347             ;
; jtag_uart_tx:u_jtag_uart_tx|altera_avalon_jtag_uart:u_jtag_uart|altera_avalon_jtag_uart_scfifo_w:altera_avalon_jtag_uart_scfifo_w|scfifo:wfifo|scfifo_7131:auto_generated|a_dpfifo_bb01:dpfifo|cntr_n2b:rd_ptr_count|counter_reg_bit[2] ; jtag_uart_tx:u_jtag_uart_tx|altera_avalon_jtag_uart:u_jtag_uart|altera_avalon_jtag_uart_scfifo_w:altera_avalon_jtag_uart_scfifo_w|scfifo:wfifo|scfifo_7131:auto_generated|a_dpfifo_bb01:dpfifo|altsyncram_dtn1:FIFOram|ram_block1a7~portb_address_reg0 ; 0.347             ;
; jtag_uart_tx:u_jtag_uart_tx|altera_avalon_jtag_uart:u_jtag_uart|altera_avalon_jtag_uart_scfifo_w:altera_avalon_jtag_uart_scfifo_w|scfifo:wfifo|scfifo_7131:auto_generated|a_dpfifo_bb01:dpfifo|cntr_n2b:rd_ptr_count|counter_reg_bit[1] ; jtag_uart_tx:u_jtag_uart_tx|altera_avalon_jtag_uart:u_jtag_uart|altera_avalon_jtag_uart_scfifo_w:altera_avalon_jtag_uart_scfifo_w|scfifo:wfifo|scfifo_7131:auto_generated|a_dpfifo_bb01:dpfifo|altsyncram_dtn1:FIFOram|ram_block1a7~portb_address_reg0 ; 0.347             ;
; jtag_uart_tx:u_jtag_uart_tx|altera_avalon_jtag_uart:u_jtag_uart|altera_avalon_jtag_uart_scfifo_w:altera_avalon_jtag_uart_scfifo_w|scfifo:wfifo|scfifo_7131:auto_generated|a_dpfifo_bb01:dpfifo|cntr_n2b:rd_ptr_count|counter_reg_bit[5] ; jtag_uart_tx:u_jtag_uart_tx|altera_avalon_jtag_uart:u_jtag_uart|altera_avalon_jtag_uart_scfifo_w:altera_avalon_jtag_uart_scfifo_w|scfifo:wfifo|scfifo_7131:auto_generated|a_dpfifo_bb01:dpfifo|altsyncram_dtn1:FIFOram|ram_block1a7~portb_address_reg0 ; 0.347             ;
; jtag_uart_tx:u_jtag_uart_tx|altera_avalon_jtag_uart:u_jtag_uart|altera_avalon_jtag_uart_scfifo_w:altera_avalon_jtag_uart_scfifo_w|scfifo:wfifo|scfifo_7131:auto_generated|a_dpfifo_bb01:dpfifo|cntr_n2b:wr_ptr|counter_reg_bit[4]       ; jtag_uart_tx:u_jtag_uart_tx|altera_avalon_jtag_uart:u_jtag_uart|altera_avalon_jtag_uart_scfifo_w:altera_avalon_jtag_uart_scfifo_w|scfifo:wfifo|scfifo_7131:auto_generated|a_dpfifo_bb01:dpfifo|altsyncram_dtn1:FIFOram|ram_block1a7~porta_address_reg0 ; 0.125             ;
; jtag_uart_tx:u_jtag_uart_tx|altera_avalon_jtag_uart:u_jtag_uart|altera_avalon_jtag_uart_scfifo_w:altera_avalon_jtag_uart_scfifo_w|scfifo:wfifo|scfifo_7131:auto_generated|a_dpfifo_bb01:dpfifo|cntr_n2b:wr_ptr|counter_reg_bit[3]       ; jtag_uart_tx:u_jtag_uart_tx|altera_avalon_jtag_uart:u_jtag_uart|altera_avalon_jtag_uart_scfifo_w:altera_avalon_jtag_uart_scfifo_w|scfifo:wfifo|scfifo_7131:auto_generated|a_dpfifo_bb01:dpfifo|altsyncram_dtn1:FIFOram|ram_block1a7~porta_address_reg0 ; 0.124             ;
; jtag_uart_tx:u_jtag_uart_tx|altera_avalon_jtag_uart:u_jtag_uart|altera_avalon_jtag_uart_scfifo_w:altera_avalon_jtag_uart_scfifo_w|scfifo:wfifo|scfifo_7131:auto_generated|a_dpfifo_bb01:dpfifo|cntr_n2b:wr_ptr|counter_reg_bit[1]       ; jtag_uart_tx:u_jtag_uart_tx|altera_avalon_jtag_uart:u_jtag_uart|altera_avalon_jtag_uart_scfifo_w:altera_avalon_jtag_uart_scfifo_w|scfifo:wfifo|scfifo_7131:auto_generated|a_dpfifo_bb01:dpfifo|altsyncram_dtn1:FIFOram|ram_block1a7~porta_address_reg0 ; 0.124             ;
; jtag_uart_tx:u_jtag_uart_tx|altera_avalon_jtag_uart:u_jtag_uart|altera_avalon_jtag_uart_scfifo_w:altera_avalon_jtag_uart_scfifo_w|scfifo:wfifo|scfifo_7131:auto_generated|a_dpfifo_bb01:dpfifo|cntr_n2b:wr_ptr|counter_reg_bit[5]       ; jtag_uart_tx:u_jtag_uart_tx|altera_avalon_jtag_uart:u_jtag_uart|altera_avalon_jtag_uart_scfifo_w:altera_avalon_jtag_uart_scfifo_w|scfifo:wfifo|scfifo_7131:auto_generated|a_dpfifo_bb01:dpfifo|altsyncram_dtn1:FIFOram|ram_block1a7~porta_address_reg0 ; 0.124             ;
; jtag_uart_tx:u_jtag_uart_tx|altera_avalon_jtag_uart:u_jtag_uart|altera_avalon_jtag_uart_scfifo_w:altera_avalon_jtag_uart_scfifo_w|scfifo:wfifo|scfifo_7131:auto_generated|a_dpfifo_bb01:dpfifo|cntr_n2b:wr_ptr|counter_reg_bit[2]       ; jtag_uart_tx:u_jtag_uart_tx|altera_avalon_jtag_uart:u_jtag_uart|altera_avalon_jtag_uart_scfifo_w:altera_avalon_jtag_uart_scfifo_w|scfifo:wfifo|scfifo_7131:auto_generated|a_dpfifo_bb01:dpfifo|altsyncram_dtn1:FIFOram|ram_block1a7~porta_address_reg0 ; 0.101             ;
; jtag_uart_tx:u_jtag_uart_tx|altera_avalon_jtag_uart:u_jtag_uart|altera_avalon_jtag_uart_scfifo_w:altera_avalon_jtag_uart_scfifo_w|scfifo:wfifo|scfifo_7131:auto_generated|a_dpfifo_bb01:dpfifo|cntr_n2b:wr_ptr|counter_reg_bit[0]       ; jtag_uart_tx:u_jtag_uart_tx|altera_avalon_jtag_uart:u_jtag_uart|altera_avalon_jtag_uart_scfifo_w:altera_avalon_jtag_uart_scfifo_w|scfifo:wfifo|scfifo_7131:auto_generated|a_dpfifo_bb01:dpfifo|altsyncram_dtn1:FIFOram|ram_block1a7~porta_address_reg0 ; 0.092             ;
+-----------------------------------------------------------------------------------------------------------------------------------------------------------------------------------------------------------------------------------------+--------------------------------------------------------------------------------------------------------------------------------------------------------------------------------------------------------------------------------------------------------+-------------------+
Note: This table only shows the top 21 path(s) that have the largest delay added for hold.


+-----------------+
; Fitter Messages ;
+-----------------+
Warning (18236): Number of processors has not been specified which may cause overloading on shared machines.  Set the global assignment NUM_PARALLEL_PROCESSORS in your QSF to an appropriate value for best performance.
Info (20030): Parallel compilation is enabled and will use 16 of the 16 processors detected
Info (119006): Selected device 10M08SCE144C8G for design "usb_host"
Info (22896): The CONFIG_SEL pin is disabled. It is not supported for MAX 10 devices with compact features.
Info (21077): Low junction temperature is 0 degrees C
Info (21077): High junction temperature is 85 degrees C
Info (15535): Implemented PLL "usb_pll_12mhz:u_usb_pll|altpll:u_altpll|altpll_6dr:auto_generated|pll1" as MAX 10 PLL type File: H:/git/PCB_CQmax10/CQmax10/sample/usb_host/db/altpll_6dr.tdf Line: 31
    Info (15099): Implementing clock multiplication of 6, clock division of 25, and phase shift of 0 degrees (0 ps) for usb_pll_12mhz:u_usb_pll|altpll:u_altpll|altpll_6dr:auto_generated|clk[0] port File: H:/git/PCB_CQmax10/CQmax10/sample/usb_host/db/altpll_6dr.tdf Line: 31
Info (171003): Fitter is performing an Auto Fit compilation, which may decrease Fitter effort to reduce compilation time
Warning (292013): Feature LogicLock is only available with a valid subscription license. You can purchase a software subscription to gain full access to this feature.
Critical Warning (16562): Review the Power Analyzer report file (<design>.pow.rpt) to ensure your design is within the maximum power utilization limit of the single power-supply target device and to avoid functional failures.
Info (176444): Device migration not selected. If you intend to use device migration later, you may need to change the pin assignments as they may be incompatible with other devices
    Info (176445): Device 10M04SCE144C8G is compatible
    Info (176445): Device 10M16SCE144C8G is compatible
    Info (176445): Device 10M25SCE144C8G is compatible
Info (169124): Fitter converted 3 user pins into dedicated programming pins
    Info (169125): Pin ~ALTERA_nCONFIG~ is reserved at location 129
    Info (169125): Pin ~ALTERA_nSTATUS~ is reserved at location 136
    Info (169125): Pin ~ALTERA_CONF_DONE~ is reserved at location 138
Info (169141): DATA[0] dual-purpose pin not reserved
Info (12825): Data[1]/ASDO dual-purpose pin not reserved
Info (12825): nCSO dual-purpose pin not reserved
Info (12825): DCLK dual-purpose pin not reserved
Warning (15714): Some pins have incomplete I/O assignments. Refer to the I/O Assignment Warnings report for details
Info (176045): Design uses memory blocks. Violating setup or hold times of memory block address registers for either read or write operations could cause memory contents to be corrupted. Make sure that all memory block address registers meet the setup and hold time requirements.
Info (332164): Evaluating HDL-embedded SDC commands
    Info (332165): Entity alt_jtag_atlantic
        Info (332166): set_false_path -from [get_registers {*|alt_jtag_atlantic:*|jupdate}] -to [get_registers {*|alt_jtag_atlantic:*|jupdate1*}] 
        Info (332166): set_false_path -from [get_registers {*|alt_jtag_atlantic:*|rdata[*]}] -to [get_registers {*|alt_jtag_atlantic*|td_shift[*]}]
        Info (332166): set_false_path -from [get_registers {*|alt_jtag_atlantic:*|rdata[*]}] -to [get_registers {*|alt_jtag_atlantic*|td_shift[*]}]
        Info (332166): set_false_path -from [get_registers {*|alt_jtag_atlantic:*|rdata[*]}] -to [get_registers {*|alt_jtag_atlantic*|td_shift[*]}]
        Info (332166): set_false_path -from [get_registers {*|alt_jtag_atlantic:*|rdata[*]}] -to [get_registers {*|alt_jtag_atlantic*|td_shift[*]}]
        Info (332166): set_false_path -from [get_registers {*|alt_jtag_atlantic:*|rdata[*]}] -to [get_registers {*|alt_jtag_atlantic*|td_shift[*]}]
        Info (332166): set_false_path -from [get_registers {*|alt_jtag_atlantic:*|rdata[*]}] -to [get_registers {*|alt_jtag_atlantic*|td_shift[*]}]
        Info (332166): set_false_path -from [get_registers {*|alt_jtag_atlantic:*|rdata[*]}] -to [get_registers {*|alt_jtag_atlantic*|td_shift[*]}]
        Info (332166): set_false_path -from [get_registers {*|alt_jtag_atlantic:*|rdata[*]}] -to [get_registers {*|alt_jtag_atlantic*|td_shift[*]}]
        Info (332166): set_false_path -from [get_registers {*|alt_jtag_atlantic:*|read}] -to [get_registers {*|alt_jtag_atlantic:*|read1*}] 
        Info (332166): set_false_path -from [get_registers {*|alt_jtag_atlantic:*|read_req}]
        Info (332166): set_false_path -from [get_registers {*|alt_jtag_atlantic:*|rvalid}] -to [get_registers {*|alt_jtag_atlantic*|td_shift[*]}]
        Info (332166): set_false_path -from [get_registers {*|t_dav}] -to [get_registers {*|alt_jtag_atlantic:*|tck_t_dav}]
        Info (332166): set_false_path -from [get_registers {*|alt_jtag_atlantic:*|user_saw_rvalid}] -to [get_registers {*|alt_jtag_atlantic:*|rvalid0*}]
        Info (332166): set_false_path -from [get_registers {*|alt_jtag_atlantic:*|wdata[*]}] -to [get_registers {*}]
        Info (332166): set_false_path -from [get_registers {*|alt_jtag_atlantic:*|wdata[*]}] -to [get_registers {*}]
        Info (332166): set_false_path -from [get_registers {*|alt_jtag_atlantic:*|wdata[*]}] -to [get_registers {*}]
        Info (332166): set_false_path -from [get_registers {*|alt_jtag_atlantic:*|wdata[*]}] -to [get_registers {*}]
        Info (332166): set_false_path -from [get_registers {*|alt_jtag_atlantic:*|wdata[*]}] -to [get_registers {*}]
        Info (332166): set_false_path -from [get_registers {*|alt_jtag_atlantic:*|wdata[*]}] -to [get_registers {*}]
        Info (332166): set_false_path -from [get_registers {*|alt_jtag_atlantic:*|wdata[*]}] -to [get_registers {*}]
        Info (332166): set_false_path -from [get_registers {*|alt_jtag_atlantic:*|wdata[*]}] -to [get_registers {*}]
        Info (332166): set_false_path -from [get_registers {*|alt_jtag_atlantic:*|write}] -to [get_registers {*|alt_jtag_atlantic:*|write1*}] 
        Info (332166): set_false_path -from [get_registers {*|alt_jtag_atlantic:*|write_stalled}] -to [get_registers {*|alt_jtag_atlantic:*|t_ena*}]
        Info (332166): set_false_path -from [get_registers {*|alt_jtag_atlantic:*|write_stalled}] -to [get_registers {*|alt_jtag_atlantic:*|t_pause*}]
        Info (332166): set_false_path -from [get_registers {*|alt_jtag_atlantic:*|write_valid}]
    Info (332165): Entity sld_hub
        Info (332166): create_clock -name altera_reserved_tck [get_ports {altera_reserved_tck}] -period 10MHz   
        Info (332166): set_clock_groups -asynchronous -group {altera_reserved_tck}
Warning (332174): Ignored filter at qfit2_legacy_fmain_fitter_flow.tcl(117): *|alt_jtag_atlantic:*|jupdate could not be matched with a register File: H:/altera_lite/25.1std/quartus/common/tcl/internal/qfit2_legacy_fmain_fitter_flow.tcl Line: 117
Warning (332174): Ignored filter at qfit2_legacy_fmain_fitter_flow.tcl(117): *|alt_jtag_atlantic:*|jupdate1* could not be matched with a register File: H:/altera_lite/25.1std/quartus/common/tcl/internal/qfit2_legacy_fmain_fitter_flow.tcl Line: 117
Warning (332049): Ignored set_false_path at qfit2_legacy_fmain_fitter_flow.tcl(117): Argument <from> is an empty collection File: H:/altera_lite/25.1std/quartus/common/tcl/internal/qfit2_legacy_fmain_fitter_flow.tcl Line: 117
    Info (332050): run_legacy_fitter_flow File: H:/altera_lite/25.1std/quartus/common/tcl/internal/qfit2_legacy_fmain_fitter_flow.tcl Line: 117
Warning (332049): Ignored set_false_path at qfit2_legacy_fmain_fitter_flow.tcl(117): Argument <to> is an empty collection File: H:/altera_lite/25.1std/quartus/common/tcl/internal/qfit2_legacy_fmain_fitter_flow.tcl Line: 117
Warning (332174): Ignored filter at qfit2_legacy_fmain_fitter_flow.tcl(117): *|alt_jtag_atlantic:*|wdata[*] could not be matched with a register File: H:/altera_lite/25.1std/quartus/common/tcl/internal/qfit2_legacy_fmain_fitter_flow.tcl Line: 117
Warning (332049): Ignored set_false_path at qfit2_legacy_fmain_fitter_flow.tcl(117): Argument <from> is an empty collection File: H:/altera_lite/25.1std/quartus/common/tcl/internal/qfit2_legacy_fmain_fitter_flow.tcl Line: 117
    Info (332050): run_legacy_fitter_flow File: H:/altera_lite/25.1std/quartus/common/tcl/internal/qfit2_legacy_fmain_fitter_flow.tcl Line: 117
Warning (332049): Ignored set_false_path at qfit2_legacy_fmain_fitter_flow.tcl(117): Argument <from> is an empty collection File: H:/altera_lite/25.1std/quartus/common/tcl/internal/qfit2_legacy_fmain_fitter_flow.tcl Line: 117
    Info (332050): run_legacy_fitter_flow File: H:/altera_lite/25.1std/quartus/common/tcl/internal/qfit2_legacy_fmain_fitter_flow.tcl Line: 117
Warning (332049): Ignored set_false_path at qfit2_legacy_fmain_fitter_flow.tcl(117): Argument <from> is an empty collection File: H:/altera_lite/25.1std/quartus/common/tcl/internal/qfit2_legacy_fmain_fitter_flow.tcl Line: 117
    Info (332050): run_legacy_fitter_flow File: H:/altera_lite/25.1std/quartus/common/tcl/internal/qfit2_legacy_fmain_fitter_flow.tcl Line: 117
Warning (332049): Ignored set_false_path at qfit2_legacy_fmain_fitter_flow.tcl(117): Argument <from> is an empty collection File: H:/altera_lite/25.1std/quartus/common/tcl/internal/qfit2_legacy_fmain_fitter_flow.tcl Line: 117
    Info (332050): run_legacy_fitter_flow File: H:/altera_lite/25.1std/quartus/common/tcl/internal/qfit2_legacy_fmain_fitter_flow.tcl Line: 117
Warning (332049): Ignored set_false_path at qfit2_legacy_fmain_fitter_flow.tcl(117): Argument <from> is an empty collection File: H:/altera_lite/25.1std/quartus/common/tcl/internal/qfit2_legacy_fmain_fitter_flow.tcl Line: 117
    Info (332050): run_legacy_fitter_flow File: H:/altera_lite/25.1std/quartus/common/tcl/internal/qfit2_legacy_fmain_fitter_flow.tcl Line: 117
Warning (332049): Ignored set_false_path at qfit2_legacy_fmain_fitter_flow.tcl(117): Argument <from> is an empty collection File: H:/altera_lite/25.1std/quartus/common/tcl/internal/qfit2_legacy_fmain_fitter_flow.tcl Line: 117
    Info (332050): run_legacy_fitter_flow File: H:/altera_lite/25.1std/quartus/common/tcl/internal/qfit2_legacy_fmain_fitter_flow.tcl Line: 117
Warning (332049): Ignored set_false_path at qfit2_legacy_fmain_fitter_flow.tcl(117): Argument <from> is an empty collection File: H:/altera_lite/25.1std/quartus/common/tcl/internal/qfit2_legacy_fmain_fitter_flow.tcl Line: 117
    Info (332050): run_legacy_fitter_flow File: H:/altera_lite/25.1std/quartus/common/tcl/internal/qfit2_legacy_fmain_fitter_flow.tcl Line: 117
Warning (332049): Ignored set_false_path at qfit2_legacy_fmain_fitter_flow.tcl(117): Argument <from> is an empty collection File: H:/altera_lite/25.1std/quartus/common/tcl/internal/qfit2_legacy_fmain_fitter_flow.tcl Line: 117
    Info (332050): run_legacy_fitter_flow File: H:/altera_lite/25.1std/quartus/common/tcl/internal/qfit2_legacy_fmain_fitter_flow.tcl Line: 117
Warning (332174): Ignored filter at qfit2_legacy_fmain_fitter_flow.tcl(117): *|alt_jtag_atlantic:*|t_pause* could not be matched with a register File: H:/altera_lite/25.1std/quartus/common/tcl/internal/qfit2_legacy_fmain_fitter_flow.tcl Line: 117
Warning (332049): Ignored set_false_path at qfit2_legacy_fmain_fitter_flow.tcl(117): Argument <to> is an empty collection File: H:/altera_lite/25.1std/quartus/common/tcl/internal/qfit2_legacy_fmain_fitter_flow.tcl Line: 117
    Info (332050): run_legacy_fitter_flow File: H:/altera_lite/25.1std/quartus/common/tcl/internal/qfit2_legacy_fmain_fitter_flow.tcl Line: 117
Info (332104): Reading SDC File: 'usb_host.sdc'
Info (332110): Deriving PLL clocks
    Info (332110): create_generated_clock -source {u_usb_pll|u_altpll|auto_generated|pll1|inclk[0]} -divide_by 25 -multiply_by 6 -duty_cycle 50.00 -name {u_usb_pll|u_altpll|auto_generated|pll1|clk[0]} {u_usb_pll|u_altpll|auto_generated|pll1|clk[0]}
Info (332151): Clock uncertainty is not calculated until you update the timing netlist.
Info (332097): The following timing edges are non-unate.  The Timing Analyzer will assume pos-unate behavior for these edges in the clock network.
    Info (332098): Cell: altera_internal_jtag  from: tck  to: tckutap
Info (332123): Deriving Clock Uncertainty. Please refer to report_sdc in the Timing Analyzer to see clock uncertainties.
Info (332129): Detected timing requirements -- optimizing circuit to achieve only the specified requirements
Info (332111): Found 3 clocks
    Info (332111):   Period   Clock Name
    Info (332111): ======== ============
    Info (332111):  100.000 altera_reserved_tck
    Info (332111):   20.000          clk
    Info (332111):   83.333 u_usb_pll|u_altpll|auto_generated|pll1|clk[0]
Info (176353): Automatically promoted node clk~input (placed in PIN 88 (CLK2p, DIFFIO_RX_R14p, DIFFOUT_R14p, High_Speed)) File: H:/git/PCB_CQmax10/CQmax10/sample/usb_host/rtl/top.sv Line: 6
    Info (176355): Automatically promoted destinations to use location or clock signal Global Clock CLKCTRL_G9
Info (176353): Automatically promoted node usb_pll_12mhz:u_usb_pll|altpll:u_altpll|altpll_6dr:auto_generated|clk[0] (placed in counter C0 of PLL_1) File: H:/git/PCB_CQmax10/CQmax10/sample/usb_host/db/altpll_6dr.tdf Line: 37
    Info (176355): Automatically promoted destinations to use location or clock signal Global Clock CLKCTRL_G3
Info (176353): Automatically promoted node altera_internal_jtag~TCKUTAP 
    Info (176355): Automatically promoted destinations to use location or clock signal Global Clock
Info (176353): Automatically promoted node async_rst_n  File: H:/git/PCB_CQmax10/CQmax10/sample/usb_host/rtl/top.sv Line: 29
    Info (176355): Automatically promoted destinations to use location or clock signal Global Clock
Info (176233): Starting register packing
Info (176235): Finished register packing
    Extra Info (176218): Packed 8 registers into blocks of type Block RAM
Warning (15055): PLL "usb_pll_12mhz:u_usb_pll|altpll:u_altpll|altpll_6dr:auto_generated|pll1" input clock inclk[0] is not fully compensated and may have reduced jitter performance because it is fed by a non-dedicated input File: H:/git/PCB_CQmax10/CQmax10/sample/usb_host/db/altpll_6dr.tdf Line: 31
    Info (15024): Input port INCLK[0] of node "usb_pll_12mhz:u_usb_pll|altpll:u_altpll|altpll_6dr:auto_generated|pll1" is driven by clk~inputclkctrl which is OUTCLK output port of Clock control block type node clk~inputclkctrl File: H:/git/PCB_CQmax10/CQmax10/sample/usb_host/db/altpll_6dr.tdf Line: 31
Info (171121): Fitter preparation operations ending: elapsed time is 00:00:02
Info (14896): Fitter has disabled Advanced Physical Optimization because it is not supported for the current family.
Info (170189): Fitter placement preparation operations beginning
Info (170190): Fitter placement preparation operations ending: elapsed time is 00:00:00
Info (170191): Fitter placement operations beginning
Info (170137): Fitter placement was successful
Info (170192): Fitter placement operations ending: elapsed time is 00:00:02
Info (170193): Fitter routing operations beginning
Info (170195): Router estimated average interconnect usage is 2% of the available device resources
    Info (170196): Router estimated peak interconnect usage is 5% of the available device resources in the region that extends from location X10_Y0 to location X20_Y12
Info (170199): The Fitter performed an Auto Fit compilation.  Optimizations were skipped to reduce compilation time.
    Info (170201): Optimizations that may affect the design's routability were skipped
    Info (170200): Optimizations that may affect the design's timing were skipped
Info (170194): Fitter routing operations ending: elapsed time is 00:00:01
Info (11888): Total time spent on timing analysis during the Fitter is 1.11 seconds.
Info (334003): Started post-fitting delay annotation
Info (334004): Delay annotation completed successfully
Info (334003): Started post-fitting delay annotation
Info (334004): Delay annotation completed successfully
Info (11218): Fitter post-fit operations ending: elapsed time is 00:00:02
Warning (169177): 6 pins must meet Intel FPGA requirements for 3.3-, 3.0-, and 2.5-V interfaces. For more information, refer to AN 447: Interfacing MAX 10 Devices with 3.3/3.0/2.5-V LVTTL/LVCMOS I/O Systems.
    Info (169178): Pin usb_u1_dp uses I/O standard 3.3-V LVTTL at 44 File: H:/git/PCB_CQmax10/CQmax10/sample/usb_host/rtl/top.sv Line: 9
    Info (169178): Pin usb_u1_dm uses I/O standard 3.3-V LVTTL at 45 File: H:/git/PCB_CQmax10/CQmax10/sample/usb_host/rtl/top.sv Line: 10
    Info (169178): Pin usb_u2_dp uses I/O standard 3.3-V LVTTL at 46 File: H:/git/PCB_CQmax10/CQmax10/sample/usb_host/rtl/top.sv Line: 11
    Info (169178): Pin usb_u2_dm uses I/O standard 3.3-V LVTTL at 38 File: H:/git/PCB_CQmax10/CQmax10/sample/usb_host/rtl/top.sv Line: 12
    Info (169178): Pin clk uses I/O standard 3.3-V LVTTL at 88 File: H:/git/PCB_CQmax10/CQmax10/sample/usb_host/rtl/top.sv Line: 6
    Info (169178): Pin rst_n uses I/O standard 3.3-V LVTTL at 17 File: H:/git/PCB_CQmax10/CQmax10/sample/usb_host/rtl/top.sv Line: 7
Warning (169064): Following 2 pins have no output enable or a GND or VCC output enable - later changes to this connectivity may change fitting results
    Info (169065): Pin usb_u2_dp has a permanently disabled output enable File: H:/git/PCB_CQmax10/CQmax10/sample/usb_host/rtl/top.sv Line: 11
    Info (169065): Pin usb_u2_dm has a permanently disabled output enable File: H:/git/PCB_CQmax10/CQmax10/sample/usb_host/rtl/top.sv Line: 12
Info (144001): Generated suppressed messages file H:/git/PCB_CQmax10/CQmax10/sample/usb_host/output_files/usb_host.fit.smsg
Info: Quartus Prime Fitter was successful. 0 errors, 22 warnings
    Info: Peak virtual memory: 6549 megabytes
    Info: Processing ended: Thu Sep 17 01:32:13 2026
    Info: Elapsed time: 00:00:18
    Info: Total CPU time (on all processors): 00:00:29


+----------------------------+
; Fitter Suppressed Messages ;
+----------------------------+
The suppressed messages can be found in H:/git/PCB_CQmax10/CQmax10/sample/usb_host/output_files/usb_host.fit.smsg.


