Timing Analyzer report for usb_host
Mon Sep 21 20:00:57 2026
Quartus Prime Version 25.1std.0 Build 1129 10/21/2025 SC Lite Edition


---------------------
; Table of Contents ;
---------------------
  1. Legal Notice
  2. Timing Analyzer Summary
  3. Parallel Compilation
  4. SDC File List
  5. Clocks
  6. Slow 1200mV 85C Model Fmax Summary
  7. Slow 1200mV 85C Model Setup Summary
  8. Slow 1200mV 85C Model Hold Summary
  9. Slow 1200mV 85C Model Recovery Summary
 10. Slow 1200mV 85C Model Removal Summary
 11. Slow 1200mV 85C Model Minimum Pulse Width Summary
 12. Slow 1200mV 85C Model Metastability Summary
 13. Slow 1200mV 0C Model Fmax Summary
 14. Slow 1200mV 0C Model Setup Summary
 15. Slow 1200mV 0C Model Hold Summary
 16. Slow 1200mV 0C Model Recovery Summary
 17. Slow 1200mV 0C Model Removal Summary
 18. Slow 1200mV 0C Model Minimum Pulse Width Summary
 19. Slow 1200mV 0C Model Metastability Summary
 20. Fast 1200mV 0C Model Setup Summary
 21. Fast 1200mV 0C Model Hold Summary
 22. Fast 1200mV 0C Model Recovery Summary
 23. Fast 1200mV 0C Model Removal Summary
 24. Fast 1200mV 0C Model Minimum Pulse Width Summary
 25. Fast 1200mV 0C Model Metastability Summary
 26. Multicorner Timing Analysis Summary
 27. Board Trace Model Assignments
 28. Input Transition Times
 29. Signal Integrity Metrics (Slow 1200mv 0c Model)
 30. Signal Integrity Metrics (Slow 1200mv 85c Model)
 31. Signal Integrity Metrics (Fast 1200mv 0c Model)
 32. Setup Transfers
 33. Hold Transfers
 34. Recovery Transfers
 35. Removal Transfers
 36. Report TCCS
 37. Report RSKM
 38. Unconstrained Paths Summary
 39. Clock Status Summary
 40. Unconstrained Input Ports
 41. Unconstrained Output Ports
 42. Unconstrained Input Ports
 43. Unconstrained Output Ports
 44. Timing Analyzer Messages



----------------
; Legal Notice ;
----------------
Copyright (C) 2025  Altera Corporation. All rights reserved.
Your use of Altera Corporation's design tools, logic functions 
and other software and tools, and any partner logic 
functions, and any output files from any of the foregoing 
(including device programming or simulation files), and any 
associated documentation or information are expressly subject 
to the terms and conditions of the Altera Program License 
Subscription Agreement, the Altera Quartus Prime License Agreement,
the Altera IP License Agreement, or other applicable license
agreement, including, without limitation, that your use is for
the sole purpose of programming logic devices manufactured by
Altera and sold by Altera or its authorized distributors.  Please
refer to the Altera Software License Subscription Agreements 
on the Quartus Prime software download page.



+---------------------------------------------------------------------------------+
; Timing Analyzer Summary                                                         ;
+-----------------------+---------------------------------------------------------+
; Quartus Prime Version ; Version 25.1std.0 Build 1129 10/21/2025 SC Lite Edition ;
; Timing Analyzer       ; Legacy Timing Analyzer                                  ;
; Revision Name         ; usb_host                                                ;
; Device Family         ; MAX 10                                                  ;
; Device Name           ; 10M08SCE144C8G                                          ;
; Timing Models         ; Final                                                   ;
; Delay Model           ; Combined                                                ;
; Rise/Fall Delays      ; Enabled                                                 ;
+-----------------------+---------------------------------------------------------+


+------------------------------------------+
; Parallel Compilation                     ;
+----------------------------+-------------+
; Processors                 ; Number      ;
+----------------------------+-------------+
; Number detected on machine ; 36          ;
; Maximum allowed            ; 16          ;
;                            ;             ;
; Average used               ; 1.32        ;
; Maximum used               ; 16          ;
;                            ;             ;
; Usage by Processor         ; % Time Used ;
;     Processor 1            ; 100.0%      ;
;     Processor 2            ;   2.2%      ;
;     Processors 3-16        ;   2.2%      ;
+----------------------------+-------------+


+---------------------------------------------------+
; SDC File List                                     ;
+---------------+--------+--------------------------+
; SDC File Path ; Status ; Read at                  ;
+---------------+--------+--------------------------+
; usb_host.sdc  ; OK     ; Mon Sep 21 20:00:53 2026 ;
+---------------+--------+--------------------------+


+-------------------------------------------------------------------------------------------------------------------------------------------------------------------------------------------------------------------------------------------------------------------------------------------------------------+
; Clocks                                                                                                                                                                                                                                                                                                      ;
+-----------------------------------------------+-----------+---------+-----------+-------+--------+------------+-----------+-------------+-------+--------+-----------+------------+----------+--------+-------------------------------------------------+---------------------------------------------------+
; Clock Name                                    ; Type      ; Period  ; Frequency ; Rise  ; Fall   ; Duty Cycle ; Divide by ; Multiply by ; Phase ; Offset ; Edge List ; Edge Shift ; Inverted ; Master ; Source                                          ; Targets                                           ;
+-----------------------------------------------+-----------+---------+-----------+-------+--------+------------+-----------+-------------+-------+--------+-----------+------------+----------+--------+-------------------------------------------------+---------------------------------------------------+
; altera_reserved_tck                           ; Base      ; 100.000 ; 10.0 MHz  ; 0.000 ; 50.000 ;            ;           ;             ;       ;        ;           ;            ;          ;        ;                                                 ; { altera_reserved_tck }                           ;
; clk                                           ; Base      ; 20.000  ; 50.0 MHz  ; 0.000 ; 10.000 ;            ;           ;             ;       ;        ;           ;            ;          ;        ;                                                 ; { clk }                                           ;
; u_usb_pll|u_altpll|auto_generated|pll1|clk[0] ; Generated ; 83.333  ; 12.0 MHz  ; 0.000 ; 41.666 ; 50.00      ; 25        ; 6           ;       ;        ;           ;            ; false    ; clk    ; u_usb_pll|u_altpll|auto_generated|pll1|inclk[0] ; { u_usb_pll|u_altpll|auto_generated|pll1|clk[0] } ;
+-----------------------------------------------+-----------+---------+-----------+-------+--------+------------+-----------+-------------+-------+--------+-----------+------------+----------+--------+-------------------------------------------------+---------------------------------------------------+


+-------------------------------------------------------------------------------------+
; Slow 1200mV 85C Model Fmax Summary                                                  ;
+------------+-----------------+-----------------------------------------------+------+
; Fmax       ; Restricted Fmax ; Clock Name                                    ; Note ;
+------------+-----------------+-----------------------------------------------+------+
; 49.87 MHz  ; 49.87 MHz       ; u_usb_pll|u_altpll|auto_generated|pll1|clk[0] ;      ;
; 131.23 MHz ; 131.23 MHz      ; altera_reserved_tck                           ;      ;
; 155.21 MHz ; 155.21 MHz      ; clk                                           ;      ;
+------------+-----------------+-----------------------------------------------+------+
This panel reports FMAX for every clock in the design, regardless of the user-specified clock periods.  FMAX is only computed for paths where the source and destination registers or ports are driven by the same clock.  Paths of different clocks, including generated clocks, are ignored.  For paths between a clock and its inversion, FMAX is computed as if the rising and falling edges are scaled along with FMAX, such that the duty cycle (in terms of a percentage) is maintained. Altera recommends that you always use clock constraints and other slack reports for sign-off analysis.


+------------------------------------------------------------------------+
; Slow 1200mV 85C Model Setup Summary                                    ;
+-----------------------------------------------+--------+---------------+
; Clock                                         ; Slack  ; End Point TNS ;
+-----------------------------------------------+--------+---------------+
; clk                                           ; 13.557 ; 0.000         ;
; altera_reserved_tck                           ; 46.190 ; 0.000         ;
; u_usb_pll|u_altpll|auto_generated|pll1|clk[0] ; 63.280 ; 0.000         ;
+-----------------------------------------------+--------+---------------+


+-----------------------------------------------------------------------+
; Slow 1200mV 85C Model Hold Summary                                    ;
+-----------------------------------------------+-------+---------------+
; Clock                                         ; Slack ; End Point TNS ;
+-----------------------------------------------+-------+---------------+
; clk                                           ; 0.319 ; 0.000         ;
; altera_reserved_tck                           ; 0.360 ; 0.000         ;
; u_usb_pll|u_altpll|auto_generated|pll1|clk[0] ; 0.360 ; 0.000         ;
+-----------------------------------------------+-------+---------------+


+------------------------------------------------------------------------+
; Slow 1200mV 85C Model Recovery Summary                                 ;
+-----------------------------------------------+--------+---------------+
; Clock                                         ; Slack  ; End Point TNS ;
+-----------------------------------------------+--------+---------------+
; clk                                           ; 16.253 ; 0.000         ;
; altera_reserved_tck                           ; 47.932 ; 0.000         ;
; u_usb_pll|u_altpll|auto_generated|pll1|clk[0] ; 79.673 ; 0.000         ;
+-----------------------------------------------+--------+---------------+


+-----------------------------------------------------------------------+
; Slow 1200mV 85C Model Removal Summary                                 ;
+-----------------------------------------------+-------+---------------+
; Clock                                         ; Slack ; End Point TNS ;
+-----------------------------------------------+-------+---------------+
; altera_reserved_tck                           ; 1.181 ; 0.000         ;
; u_usb_pll|u_altpll|auto_generated|pll1|clk[0] ; 2.040 ; 0.000         ;
; clk                                           ; 2.806 ; 0.000         ;
+-----------------------------------------------+-------+---------------+


+------------------------------------------------------------------------+
; Slow 1200mV 85C Model Minimum Pulse Width Summary                      ;
+-----------------------------------------------+--------+---------------+
; Clock                                         ; Slack  ; End Point TNS ;
+-----------------------------------------------+--------+---------------+
; clk                                           ; 9.557  ; 0.000         ;
; u_usb_pll|u_altpll|auto_generated|pll1|clk[0] ; 41.394 ; 0.000         ;
; altera_reserved_tck                           ; 49.616 ; 0.000         ;
+-----------------------------------------------+--------+---------------+


-----------------------------------------------
; Slow 1200mV 85C Model Metastability Summary ;
-----------------------------------------------
The design MTBF is not calculated because there are no specified synchronizers in the design.
Number of Synchronizer Chains Found: 18
Shortest Synchronizer Chain: 2 Registers
Fraction of Chains for which MTBFs Could Not be Calculated: 1.000
Worst Case Available Settling Time: 18.856 ns




+-------------------------------------------------------------------------------------+
; Slow 1200mV 0C Model Fmax Summary                                                   ;
+------------+-----------------+-----------------------------------------------+------+
; Fmax       ; Restricted Fmax ; Clock Name                                    ; Note ;
+------------+-----------------+-----------------------------------------------+------+
; 51.89 MHz  ; 51.89 MHz       ; u_usb_pll|u_altpll|auto_generated|pll1|clk[0] ;      ;
; 136.84 MHz ; 136.84 MHz      ; altera_reserved_tck                           ;      ;
; 161.68 MHz ; 161.68 MHz      ; clk                                           ;      ;
+------------+-----------------+-----------------------------------------------+------+
This panel reports FMAX for every clock in the design, regardless of the user-specified clock periods.  FMAX is only computed for paths where the source and destination registers or ports are driven by the same clock.  Paths of different clocks, including generated clocks, are ignored.  For paths between a clock and its inversion, FMAX is computed as if the rising and falling edges are scaled along with FMAX, such that the duty cycle (in terms of a percentage) is maintained. Altera recommends that you always use clock constraints and other slack reports for sign-off analysis.


+------------------------------------------------------------------------+
; Slow 1200mV 0C Model Setup Summary                                     ;
+-----------------------------------------------+--------+---------------+
; Clock                                         ; Slack  ; End Point TNS ;
+-----------------------------------------------+--------+---------------+
; clk                                           ; 13.815 ; 0.000         ;
; altera_reserved_tck                           ; 46.346 ; 0.000         ;
; u_usb_pll|u_altpll|auto_generated|pll1|clk[0] ; 64.063 ; 0.000         ;
+-----------------------------------------------+--------+---------------+


+-----------------------------------------------------------------------+
; Slow 1200mV 0C Model Hold Summary                                     ;
+-----------------------------------------------+-------+---------------+
; Clock                                         ; Slack ; End Point TNS ;
+-----------------------------------------------+-------+---------------+
; clk                                           ; 0.287 ; 0.000         ;
; u_usb_pll|u_altpll|auto_generated|pll1|clk[0] ; 0.322 ; 0.000         ;
; altera_reserved_tck                           ; 0.323 ; 0.000         ;
+-----------------------------------------------+-------+---------------+


+------------------------------------------------------------------------+
; Slow 1200mV 0C Model Recovery Summary                                  ;
+-----------------------------------------------+--------+---------------+
; Clock                                         ; Slack  ; End Point TNS ;
+-----------------------------------------------+--------+---------------+
; clk                                           ; 16.505 ; 0.000         ;
; altera_reserved_tck                           ; 48.057 ; 0.000         ;
; u_usb_pll|u_altpll|auto_generated|pll1|clk[0] ; 79.848 ; 0.000         ;
+-----------------------------------------------+--------+---------------+


+-----------------------------------------------------------------------+
; Slow 1200mV 0C Model Removal Summary                                  ;
+-----------------------------------------------+-------+---------------+
; Clock                                         ; Slack ; End Point TNS ;
+-----------------------------------------------+-------+---------------+
; altera_reserved_tck                           ; 1.052 ; 0.000         ;
; u_usb_pll|u_altpll|auto_generated|pll1|clk[0] ; 1.824 ; 0.000         ;
; clk                                           ; 2.535 ; 0.000         ;
+-----------------------------------------------+-------+---------------+


+------------------------------------------------------------------------+
; Slow 1200mV 0C Model Minimum Pulse Width Summary                       ;
+-----------------------------------------------+--------+---------------+
; Clock                                         ; Slack  ; End Point TNS ;
+-----------------------------------------------+--------+---------------+
; clk                                           ; 9.572  ; 0.000         ;
; u_usb_pll|u_altpll|auto_generated|pll1|clk[0] ; 41.400 ; 0.000         ;
; altera_reserved_tck                           ; 49.632 ; 0.000         ;
+-----------------------------------------------+--------+---------------+


----------------------------------------------
; Slow 1200mV 0C Model Metastability Summary ;
----------------------------------------------
The design MTBF is not calculated because there are no specified synchronizers in the design.
Number of Synchronizer Chains Found: 18
Shortest Synchronizer Chain: 2 Registers
Fraction of Chains for which MTBFs Could Not be Calculated: 1.000
Worst Case Available Settling Time: 18.949 ns




+------------------------------------------------------------------------+
; Fast 1200mV 0C Model Setup Summary                                     ;
+-----------------------------------------------+--------+---------------+
; Clock                                         ; Slack  ; End Point TNS ;
+-----------------------------------------------+--------+---------------+
; clk                                           ; 17.337 ; 0.000         ;
; altera_reserved_tck                           ; 48.921 ; 0.000         ;
; u_usb_pll|u_altpll|auto_generated|pll1|clk[0] ; 75.474 ; 0.000         ;
+-----------------------------------------------+--------+---------------+


+-----------------------------------------------------------------------+
; Fast 1200mV 0C Model Hold Summary                                     ;
+-----------------------------------------------+-------+---------------+
; Clock                                         ; Slack ; End Point TNS ;
+-----------------------------------------------+-------+---------------+
; clk                                           ; 0.106 ; 0.000         ;
; altera_reserved_tck                           ; 0.151 ; 0.000         ;
; u_usb_pll|u_altpll|auto_generated|pll1|clk[0] ; 0.151 ; 0.000         ;
+-----------------------------------------------+-------+---------------+


+------------------------------------------------------------------------+
; Fast 1200mV 0C Model Recovery Summary                                  ;
+-----------------------------------------------+--------+---------------+
; Clock                                         ; Slack  ; End Point TNS ;
+-----------------------------------------------+--------+---------------+
; clk                                           ; 18.311 ; 0.000         ;
; altera_reserved_tck                           ; 49.476 ; 0.000         ;
; u_usb_pll|u_altpll|auto_generated|pll1|clk[0] ; 81.688 ; 0.000         ;
+-----------------------------------------------+--------+---------------+


+-----------------------------------------------------------------------+
; Fast 1200mV 0C Model Removal Summary                                  ;
+-----------------------------------------------+-------+---------------+
; Clock                                         ; Slack ; End Point TNS ;
+-----------------------------------------------+-------+---------------+
; altera_reserved_tck                           ; 0.472 ; 0.000         ;
; u_usb_pll|u_altpll|auto_generated|pll1|clk[0] ; 0.845 ; 0.000         ;
; clk                                           ; 1.202 ; 0.000         ;
+-----------------------------------------------+-------+---------------+


+------------------------------------------------------------------------+
; Fast 1200mV 0C Model Minimum Pulse Width Summary                       ;
+-----------------------------------------------+--------+---------------+
; Clock                                         ; Slack  ; End Point TNS ;
+-----------------------------------------------+--------+---------------+
; clk                                           ; 9.271  ; 0.000         ;
; u_usb_pll|u_altpll|auto_generated|pll1|clk[0] ; 41.449 ; 0.000         ;
; altera_reserved_tck                           ; 49.286 ; 0.000         ;
+-----------------------------------------------+--------+---------------+


----------------------------------------------
; Fast 1200mV 0C Model Metastability Summary ;
----------------------------------------------
The design MTBF is not calculated because there are no specified synchronizers in the design.
Number of Synchronizer Chains Found: 18
Shortest Synchronizer Chain: 2 Registers
Fraction of Chains for which MTBFs Could Not be Calculated: 1.000
Worst Case Available Settling Time: 19.530 ns




+------------------------------------------------------------------------------------------------------------+
; Multicorner Timing Analysis Summary                                                                        ;
+------------------------------------------------+--------+-------+----------+---------+---------------------+
; Clock                                          ; Setup  ; Hold  ; Recovery ; Removal ; Minimum Pulse Width ;
+------------------------------------------------+--------+-------+----------+---------+---------------------+
; Worst-case Slack                               ; 13.557 ; 0.106 ; 16.253   ; 0.472   ; 9.271               ;
;  altera_reserved_tck                           ; 46.190 ; 0.151 ; 47.932   ; 0.472   ; 49.286              ;
;  clk                                           ; 13.557 ; 0.106 ; 16.253   ; 1.202   ; 9.271               ;
;  u_usb_pll|u_altpll|auto_generated|pll1|clk[0] ; 63.280 ; 0.151 ; 79.673   ; 0.845   ; 41.394              ;
; Design-wide TNS                                ; 0.0    ; 0.0   ; 0.0      ; 0.0     ; 0.0                 ;
;  altera_reserved_tck                           ; 0.000  ; 0.000 ; 0.000    ; 0.000   ; 0.000               ;
;  clk                                           ; 0.000  ; 0.000 ; 0.000    ; 0.000   ; 0.000               ;
;  u_usb_pll|u_altpll|auto_generated|pll1|clk[0] ; 0.000  ; 0.000 ; 0.000    ; 0.000   ; 0.000               ;
+------------------------------------------------+--------+-------+----------+---------+---------------------+


+------------------------------------------------------------------------------------------------------------------------------------------------------------------------------------------------------------------------------------------------------------------------------------------------------------------------------------------------------------------------------------------------------------------------+
; Board Trace Model Assignments                                                                                                                                                                                                                                                                                                                                                                                          ;
+---------------------+--------------+-------------------+-------------------------+-------------------------+---------------+---------------------+----------------+------------------+--------+------------------+------------------------+------------------------+--------------+---------------+-----------------+-------+---------------------+--------------------+---------------+-----------------+-------------+
; Pin                 ; I/O Standard ; Near Tline Length ; Near Tline L per Length ; Near Tline C per Length ; Near Series R ; Near Differential R ; Near Pull-up R ; Near Pull-down R ; Near C ; Far Tline Length ; Far Tline L per Length ; Far Tline C per Length ; Far Series R ; Far Pull-up R ; Far Pull-down R ; Far C ; Termination Voltage ; Far Differential R ; EBD File Name ; EBD Signal Name ; EBD Far-end ;
+---------------------+--------------+-------------------+-------------------------+-------------------------+---------------+---------------------+----------------+------------------+--------+------------------+------------------------+------------------------+--------------+---------------+-----------------+-------+---------------------+--------------------+---------------+-----------------+-------------+
; led                 ; 3.3-V LVTTL  ; 0 in              ; 0 H/in                  ; 0 F/in                  ; short         ; -                   ; open           ; open             ; open   ; 0 in             ; 0 H/in                 ; 0 F/in                 ; short        ; open          ; open            ; open  ; 0 V                 ; -                  ; n/a           ; n/a             ; n/a         ;
; led0                ; 3.3-V LVTTL  ; 0 in              ; 0 H/in                  ; 0 F/in                  ; short         ; -                   ; open           ; open             ; open   ; 0 in             ; 0 H/in                 ; 0 F/in                 ; short        ; open          ; open            ; open  ; 0 V                 ; -                  ; n/a           ; n/a             ; n/a         ;
; led1                ; 3.3-V LVTTL  ; 0 in              ; 0 H/in                  ; 0 F/in                  ; short         ; -                   ; open           ; open             ; open   ; 0 in             ; 0 H/in                 ; 0 F/in                 ; short        ; open          ; open            ; open  ; 0 V                 ; -                  ; n/a           ; n/a             ; n/a         ;
; led2                ; 3.3-V LVTTL  ; 0 in              ; 0 H/in                  ; 0 F/in                  ; short         ; -                   ; open           ; open             ; open   ; 0 in             ; 0 H/in                 ; 0 F/in                 ; short        ; open          ; open            ; open  ; 0 V                 ; -                  ; n/a           ; n/a             ; n/a         ;
; led3                ; 3.3-V LVTTL  ; 0 in              ; 0 H/in                  ; 0 F/in                  ; short         ; -                   ; open           ; open             ; open   ; 0 in             ; 0 H/in                 ; 0 F/in                 ; short        ; open          ; open            ; open  ; 0 V                 ; -                  ; n/a           ; n/a             ; n/a         ;
; leds[0]             ; 3.3-V LVTTL  ; 0 in              ; 0 H/in                  ; 0 F/in                  ; short         ; -                   ; open           ; open             ; open   ; 0 in             ; 0 H/in                 ; 0 F/in                 ; short        ; open          ; open            ; open  ; 0 V                 ; -                  ; n/a           ; n/a             ; n/a         ;
; leds[1]             ; 3.3-V LVTTL  ; 0 in              ; 0 H/in                  ; 0 F/in                  ; short         ; -                   ; open           ; open             ; open   ; 0 in             ; 0 H/in                 ; 0 F/in                 ; short        ; open          ; open            ; open  ; 0 V                 ; -                  ; n/a           ; n/a             ; n/a         ;
; leds[2]             ; 3.3-V LVTTL  ; 0 in              ; 0 H/in                  ; 0 F/in                  ; short         ; -                   ; open           ; open             ; open   ; 0 in             ; 0 H/in                 ; 0 F/in                 ; short        ; open          ; open            ; open  ; 0 V                 ; -                  ; n/a           ; n/a             ; n/a         ;
; leds[3]             ; 3.3-V LVTTL  ; 0 in              ; 0 H/in                  ; 0 F/in                  ; short         ; -                   ; open           ; open             ; open   ; 0 in             ; 0 H/in                 ; 0 F/in                 ; short        ; open          ; open            ; open  ; 0 V                 ; -                  ; n/a           ; n/a             ; n/a         ;
; leds[4]             ; 3.3-V LVTTL  ; 0 in              ; 0 H/in                  ; 0 F/in                  ; short         ; -                   ; open           ; open             ; open   ; 0 in             ; 0 H/in                 ; 0 F/in                 ; short        ; open          ; open            ; open  ; 0 V                 ; -                  ; n/a           ; n/a             ; n/a         ;
; leds[5]             ; 3.3-V LVTTL  ; 0 in              ; 0 H/in                  ; 0 F/in                  ; short         ; -                   ; open           ; open             ; open   ; 0 in             ; 0 H/in                 ; 0 F/in                 ; short        ; open          ; open            ; open  ; 0 V                 ; -                  ; n/a           ; n/a             ; n/a         ;
; leds[6]             ; 3.3-V LVTTL  ; 0 in              ; 0 H/in                  ; 0 F/in                  ; short         ; -                   ; open           ; open             ; open   ; 0 in             ; 0 H/in                 ; 0 F/in                 ; short        ; open          ; open            ; open  ; 0 V                 ; -                  ; n/a           ; n/a             ; n/a         ;
; leds[7]             ; 3.3-V LVTTL  ; 0 in              ; 0 H/in                  ; 0 F/in                  ; short         ; -                   ; open           ; open             ; open   ; 0 in             ; 0 H/in                 ; 0 F/in                 ; short        ; open          ; open            ; open  ; 0 V                 ; -                  ; n/a           ; n/a             ; n/a         ;
; usb_u1_dp           ; 3.3-V LVTTL  ; 0 in              ; 0 H/in                  ; 0 F/in                  ; short         ; -                   ; open           ; open             ; open   ; 0 in             ; 0 H/in                 ; 0 F/in                 ; short        ; open          ; open            ; open  ; 0 V                 ; -                  ; n/a           ; n/a             ; n/a         ;
; usb_u1_dm           ; 3.3-V LVTTL  ; 0 in              ; 0 H/in                  ; 0 F/in                  ; short         ; -                   ; open           ; open             ; open   ; 0 in             ; 0 H/in                 ; 0 F/in                 ; short        ; open          ; open            ; open  ; 0 V                 ; -                  ; n/a           ; n/a             ; n/a         ;
; usb_u2_dp           ; 3.3-V LVTTL  ; 0 in              ; 0 H/in                  ; 0 F/in                  ; short         ; -                   ; open           ; open             ; open   ; 0 in             ; 0 H/in                 ; 0 F/in                 ; short        ; open          ; open            ; open  ; 0 V                 ; -                  ; n/a           ; n/a             ; n/a         ;
; usb_u2_dm           ; 3.3-V LVTTL  ; 0 in              ; 0 H/in                  ; 0 F/in                  ; short         ; -                   ; open           ; open             ; open   ; 0 in             ; 0 H/in                 ; 0 F/in                 ; short        ; open          ; open            ; open  ; 0 V                 ; -                  ; n/a           ; n/a             ; n/a         ;
; altera_reserved_tdo ; 3.3-V LVTTL  ; 0 in              ; 0 H/in                  ; 0 F/in                  ; short         ; -                   ; open           ; open             ; open   ; 0 in             ; 0 H/in                 ; 0 F/in                 ; short        ; open          ; open            ; open  ; 0 V                 ; -                  ; n/a           ; n/a             ; n/a         ;
+---------------------+--------------+-------------------+-------------------------+-------------------------+---------------+---------------------+----------------+------------------+--------+------------------+------------------------+------------------------+--------------+---------------+-----------------+-------+---------------------+--------------------+---------------+-----------------+-------------+


+---------------------------------------------------------------------------------+
; Input Transition Times                                                          ;
+---------------------+-----------------------+-----------------+-----------------+
; Pin                 ; I/O Standard          ; 10-90 Rise Time ; 90-10 Fall Time ;
+---------------------+-----------------------+-----------------+-----------------+
; usb_u1_dp           ; 3.3-V LVTTL           ; 2640 ps         ; 2640 ps         ;
; usb_u1_dm           ; 3.3-V LVTTL           ; 2640 ps         ; 2640 ps         ;
; usb_u2_dp           ; 3.3-V LVTTL           ; 2640 ps         ; 2640 ps         ;
; usb_u2_dm           ; 3.3-V LVTTL           ; 2640 ps         ; 2640 ps         ;
; clk                 ; 3.3-V LVTTL           ; 2640 ps         ; 2640 ps         ;
; rst_n               ; 3.3-V LVTTL           ; 2640 ps         ; 2640 ps         ;
; altera_reserved_tms ; 3.3 V Schmitt Trigger ; 2640 ps         ; 2640 ps         ;
; altera_reserved_tck ; 3.3 V Schmitt Trigger ; 2640 ps         ; 2640 ps         ;
; altera_reserved_tdi ; 3.3 V Schmitt Trigger ; 2640 ps         ; 2640 ps         ;
; ~ALTERA_nCONFIG~    ; 3.3 V Schmitt Trigger ; 2640 ps         ; 2640 ps         ;
; ~ALTERA_nSTATUS~    ; 3.3 V Schmitt Trigger ; 2640 ps         ; 2640 ps         ;
; ~ALTERA_CONF_DONE~  ; 3.3 V Schmitt Trigger ; 2640 ps         ; 2640 ps         ;
+---------------------+-----------------------+-----------------+-----------------+


+--------------------------------------------------------------------------------------------------------------------------------------------------------------------------------------------------------------------------------------------------------------------------------------------------------------------------------------------------------------------------------------------------------------------------------------------------------------------------------------------------------------------------------------------------------------------------------------------------------------------------------------------------------------------------------------------------+
; Signal Integrity Metrics (Slow 1200mv 0c Model)                                                                                                                                                                                                                                                                                                                                                                                                                                                                                                                                                                                                                                                  ;
+---------------------+--------------+---------------------+---------------------+------------------------------+------------------------------+---------------------+---------------------+--------------------------------------+--------------------------------------+-----------------------------+-----------------------------+----------------------------+----------------------------+-----------------------------+-----------------------------+--------------------+--------------------+-------------------------------------+-------------------------------------+----------------------------+----------------------------+---------------------------+---------------------------+
; Pin                 ; I/O Standard ; Board Delay on Rise ; Board Delay on Fall ; Steady State Voh at FPGA Pin ; Steady State Vol at FPGA Pin ; Voh Max at FPGA Pin ; Vol Min at FPGA Pin ; Ringback Voltage on Rise at FPGA Pin ; Ringback Voltage on Fall at FPGA Pin ; 10-90 Rise Time at FPGA Pin ; 90-10 Fall Time at FPGA Pin ; Monotonic Rise at FPGA Pin ; Monotonic Fall at FPGA Pin ; Steady State Voh at Far-end ; Steady State Vol at Far-end ; Voh Max at Far-end ; Vol Min at Far-end ; Ringback Voltage on Rise at Far-end ; Ringback Voltage on Fall at Far-end ; 10-90 Rise Time at Far-end ; 90-10 Fall Time at Far-end ; Monotonic Rise at Far-end ; Monotonic Fall at Far-end ;
+---------------------+--------------+---------------------+---------------------+------------------------------+------------------------------+---------------------+---------------------+--------------------------------------+--------------------------------------+-----------------------------+-----------------------------+----------------------------+----------------------------+-----------------------------+-----------------------------+--------------------+--------------------+-------------------------------------+-------------------------------------+----------------------------+----------------------------+---------------------------+---------------------------+
; led                 ; 3.3-V LVTTL  ; 0 s                 ; 0 s                 ; 3.08 V                       ; 2.08e-08 V                   ; 3.19 V              ; -0.126 V            ; 0.218 V                              ; 0.383 V                              ; 4.51e-10 s                  ; 4.73e-10 s                  ; No                         ; No                         ; 3.08 V                      ; 2.08e-08 V                  ; 3.19 V             ; -0.126 V           ; 0.218 V                             ; 0.383 V                             ; 4.51e-10 s                 ; 4.73e-10 s                 ; No                        ; No                        ;
; led0                ; 3.3-V LVTTL  ; 0 s                 ; 0 s                 ; 3.08 V                       ; 2.08e-08 V                   ; 3.09 V              ; -0.0046 V           ; 0.291 V                              ; 0.287 V                              ; 4.58e-09 s                  ; 4.9e-09 s                   ; No                         ; No                         ; 3.08 V                      ; 2.08e-08 V                  ; 3.09 V             ; -0.0046 V          ; 0.291 V                             ; 0.287 V                             ; 4.58e-09 s                 ; 4.9e-09 s                  ; No                        ; No                        ;
; led1                ; 3.3-V LVTTL  ; 0 s                 ; 0 s                 ; 3.08 V                       ; 2.08e-08 V                   ; 3.19 V              ; -0.126 V            ; 0.218 V                              ; 0.383 V                              ; 4.51e-10 s                  ; 4.73e-10 s                  ; No                         ; No                         ; 3.08 V                      ; 2.08e-08 V                  ; 3.19 V             ; -0.126 V           ; 0.218 V                             ; 0.383 V                             ; 4.51e-10 s                 ; 4.73e-10 s                 ; No                        ; No                        ;
; led2                ; 3.3-V LVTTL  ; 0 s                 ; 0 s                 ; 3.08 V                       ; 2.08e-08 V                   ; 3.19 V              ; -0.128 V            ; 0.216 V                              ; 0.383 V                              ; 4.51e-10 s                  ; 4.73e-10 s                  ; No                         ; No                         ; 3.08 V                      ; 2.08e-08 V                  ; 3.19 V             ; -0.128 V           ; 0.216 V                             ; 0.383 V                             ; 4.51e-10 s                 ; 4.73e-10 s                 ; No                        ; No                        ;
; led3                ; 3.3-V LVTTL  ; 0 s                 ; 0 s                 ; 3.08 V                       ; 2.08e-08 V                   ; 3.19 V              ; -0.126 V            ; 0.218 V                              ; 0.383 V                              ; 4.51e-10 s                  ; 4.73e-10 s                  ; No                         ; No                         ; 3.08 V                      ; 2.08e-08 V                  ; 3.19 V             ; -0.126 V           ; 0.218 V                             ; 0.383 V                             ; 4.51e-10 s                 ; 4.73e-10 s                 ; No                        ; No                        ;
; leds[0]             ; 3.3-V LVTTL  ; 0 s                 ; 0 s                 ; 3.08 V                       ; 2.08e-08 V                   ; 3.18 V              ; -0.116 V            ; 0.266 V                              ; 0.229 V                              ; 4.69e-10 s                  ; 6.38e-10 s                  ; No                         ; No                         ; 3.08 V                      ; 2.08e-08 V                  ; 3.18 V             ; -0.116 V           ; 0.266 V                             ; 0.229 V                             ; 4.69e-10 s                 ; 6.38e-10 s                 ; No                        ; No                        ;
; leds[1]             ; 3.3-V LVTTL  ; 0 s                 ; 0 s                 ; 3.08 V                       ; 2.08e-08 V                   ; 3.18 V              ; -0.116 V            ; 0.266 V                              ; 0.229 V                              ; 4.69e-10 s                  ; 6.38e-10 s                  ; No                         ; No                         ; 3.08 V                      ; 2.08e-08 V                  ; 3.18 V             ; -0.116 V           ; 0.266 V                             ; 0.229 V                             ; 4.69e-10 s                 ; 6.38e-10 s                 ; No                        ; No                        ;
; leds[2]             ; 3.3-V LVTTL  ; 0 s                 ; 0 s                 ; 3.08 V                       ; 2.08e-08 V                   ; 3.18 V              ; -0.116 V            ; 0.266 V                              ; 0.229 V                              ; 4.69e-10 s                  ; 6.38e-10 s                  ; No                         ; No                         ; 3.08 V                      ; 2.08e-08 V                  ; 3.18 V             ; -0.116 V           ; 0.266 V                             ; 0.229 V                             ; 4.69e-10 s                 ; 6.38e-10 s                 ; No                        ; No                        ;
; leds[3]             ; 3.3-V LVTTL  ; 0 s                 ; 0 s                 ; 3.08 V                       ; 2.07e-08 V                   ; 3.18 V              ; -0.115 V            ; 0.266 V                              ; 0.229 V                              ; 4.69e-10 s                  ; 6.38e-10 s                  ; No                         ; No                         ; 3.08 V                      ; 2.07e-08 V                  ; 3.18 V             ; -0.115 V           ; 0.266 V                             ; 0.229 V                             ; 4.69e-10 s                 ; 6.38e-10 s                 ; No                        ; No                        ;
; leds[4]             ; 3.3-V LVTTL  ; 0 s                 ; 0 s                 ; 3.08 V                       ; 2.07e-08 V                   ; 3.18 V              ; -0.115 V            ; 0.266 V                              ; 0.229 V                              ; 4.69e-10 s                  ; 6.38e-10 s                  ; No                         ; No                         ; 3.08 V                      ; 2.07e-08 V                  ; 3.18 V             ; -0.115 V           ; 0.266 V                             ; 0.229 V                             ; 4.69e-10 s                 ; 6.38e-10 s                 ; No                        ; No                        ;
; leds[5]             ; 3.3-V LVTTL  ; 0 s                 ; 0 s                 ; 3.08 V                       ; 2.07e-08 V                   ; 3.18 V              ; -0.115 V            ; 0.266 V                              ; 0.229 V                              ; 4.69e-10 s                  ; 6.38e-10 s                  ; No                         ; No                         ; 3.08 V                      ; 2.07e-08 V                  ; 3.18 V             ; -0.115 V           ; 0.266 V                             ; 0.229 V                             ; 4.69e-10 s                 ; 6.38e-10 s                 ; No                        ; No                        ;
; leds[6]             ; 3.3-V LVTTL  ; 0 s                 ; 0 s                 ; 3.08 V                       ; 2.07e-08 V                   ; 3.18 V              ; -0.115 V            ; 0.266 V                              ; 0.229 V                              ; 4.69e-10 s                  ; 6.38e-10 s                  ; No                         ; No                         ; 3.08 V                      ; 2.07e-08 V                  ; 3.18 V             ; -0.115 V           ; 0.266 V                             ; 0.229 V                             ; 4.69e-10 s                 ; 6.38e-10 s                 ; No                        ; No                        ;
; leds[7]             ; 3.3-V LVTTL  ; 0 s                 ; 0 s                 ; 3.08 V                       ; 2.08e-08 V                   ; 3.18 V              ; -0.116 V            ; 0.266 V                              ; 0.229 V                              ; 4.69e-10 s                  ; 6.38e-10 s                  ; No                         ; No                         ; 3.08 V                      ; 2.08e-08 V                  ; 3.18 V             ; -0.116 V           ; 0.266 V                             ; 0.229 V                             ; 4.69e-10 s                 ; 6.38e-10 s                 ; No                        ; No                        ;
; usb_u1_dp           ; 3.3-V LVTTL  ; 0 s                 ; 0 s                 ; 3.08 V                       ; 2.08e-08 V                   ; 3.19 V              ; -0.128 V            ; 0.216 V                              ; 0.383 V                              ; 4.51e-10 s                  ; 4.73e-10 s                  ; No                         ; No                         ; 3.08 V                      ; 2.08e-08 V                  ; 3.19 V             ; -0.128 V           ; 0.216 V                             ; 0.383 V                             ; 4.51e-10 s                 ; 4.73e-10 s                 ; No                        ; No                        ;
; usb_u1_dm           ; 3.3-V LVTTL  ; 0 s                 ; 0 s                 ; 3.08 V                       ; 2.08e-08 V                   ; 3.19 V              ; -0.128 V            ; 0.216 V                              ; 0.383 V                              ; 4.51e-10 s                  ; 4.73e-10 s                  ; No                         ; No                         ; 3.08 V                      ; 2.08e-08 V                  ; 3.19 V             ; -0.128 V           ; 0.216 V                             ; 0.383 V                             ; 4.51e-10 s                 ; 4.73e-10 s                 ; No                        ; No                        ;
; usb_u2_dp           ; 3.3-V LVTTL  ; 0 s                 ; 0 s                 ; 3.08 V                       ; 2.08e-08 V                   ; 3.19 V              ; -0.126 V            ; 0.218 V                              ; 0.383 V                              ; 4.51e-10 s                  ; 4.73e-10 s                  ; No                         ; No                         ; 3.08 V                      ; 2.08e-08 V                  ; 3.19 V             ; -0.126 V           ; 0.218 V                             ; 0.383 V                             ; 4.51e-10 s                 ; 4.73e-10 s                 ; No                        ; No                        ;
; usb_u2_dm           ; 3.3-V LVTTL  ; 0 s                 ; 0 s                 ; 3.08 V                       ; 2.08e-08 V                   ; 3.19 V              ; -0.126 V            ; 0.218 V                              ; 0.383 V                              ; 4.51e-10 s                  ; 4.73e-10 s                  ; No                         ; No                         ; 3.08 V                      ; 2.08e-08 V                  ; 3.19 V             ; -0.126 V           ; 0.218 V                             ; 0.383 V                             ; 4.51e-10 s                 ; 4.73e-10 s                 ; No                        ; No                        ;
; altera_reserved_tdo ; 3.3-V LVTTL  ; 0 s                 ; 0 s                 ; 3.08 V                       ; 2.08e-08 V                   ; 3.19 V              ; -0.126 V            ; 0.218 V                              ; 0.383 V                              ; 4.51e-10 s                  ; 4.73e-10 s                  ; No                         ; No                         ; 3.08 V                      ; 2.08e-08 V                  ; 3.19 V             ; -0.126 V           ; 0.218 V                             ; 0.383 V                             ; 4.51e-10 s                 ; 4.73e-10 s                 ; No                        ; No                        ;
+---------------------+--------------+---------------------+---------------------+------------------------------+------------------------------+---------------------+---------------------+--------------------------------------+--------------------------------------+-----------------------------+-----------------------------+----------------------------+----------------------------+-----------------------------+-----------------------------+--------------------+--------------------+-------------------------------------+-------------------------------------+----------------------------+----------------------------+---------------------------+---------------------------+


+--------------------------------------------------------------------------------------------------------------------------------------------------------------------------------------------------------------------------------------------------------------------------------------------------------------------------------------------------------------------------------------------------------------------------------------------------------------------------------------------------------------------------------------------------------------------------------------------------------------------------------------------------------------------------------------------------+
; Signal Integrity Metrics (Slow 1200mv 85c Model)                                                                                                                                                                                                                                                                                                                                                                                                                                                                                                                                                                                                                                                 ;
+---------------------+--------------+---------------------+---------------------+------------------------------+------------------------------+---------------------+---------------------+--------------------------------------+--------------------------------------+-----------------------------+-----------------------------+----------------------------+----------------------------+-----------------------------+-----------------------------+--------------------+--------------------+-------------------------------------+-------------------------------------+----------------------------+----------------------------+---------------------------+---------------------------+
; Pin                 ; I/O Standard ; Board Delay on Rise ; Board Delay on Fall ; Steady State Voh at FPGA Pin ; Steady State Vol at FPGA Pin ; Voh Max at FPGA Pin ; Vol Min at FPGA Pin ; Ringback Voltage on Rise at FPGA Pin ; Ringback Voltage on Fall at FPGA Pin ; 10-90 Rise Time at FPGA Pin ; 90-10 Fall Time at FPGA Pin ; Monotonic Rise at FPGA Pin ; Monotonic Fall at FPGA Pin ; Steady State Voh at Far-end ; Steady State Vol at Far-end ; Voh Max at Far-end ; Vol Min at Far-end ; Ringback Voltage on Rise at Far-end ; Ringback Voltage on Fall at Far-end ; 10-90 Rise Time at Far-end ; 90-10 Fall Time at Far-end ; Monotonic Rise at Far-end ; Monotonic Fall at Far-end ;
+---------------------+--------------+---------------------+---------------------+------------------------------+------------------------------+---------------------+---------------------+--------------------------------------+--------------------------------------+-----------------------------+-----------------------------+----------------------------+----------------------------+-----------------------------+-----------------------------+--------------------+--------------------+-------------------------------------+-------------------------------------+----------------------------+----------------------------+---------------------------+---------------------------+
; led                 ; 3.3-V LVTTL  ; 0 s                 ; 0 s                 ; 3.08 V                       ; 1.3e-06 V                    ; 3.15 V              ; -0.0682 V           ; 0.279 V                              ; 0.237 V                              ; 4.81e-10 s                  ; 6.4e-10 s                   ; Yes                        ; No                         ; 3.08 V                      ; 1.3e-06 V                   ; 3.15 V             ; -0.0682 V          ; 0.279 V                             ; 0.237 V                             ; 4.81e-10 s                 ; 6.4e-10 s                  ; Yes                       ; No                        ;
; led0                ; 3.3-V LVTTL  ; 0 s                 ; 0 s                 ; 3.08 V                       ; 1.3e-06 V                    ; 3.09 V              ; -0.0026 V           ; 0.276 V                              ; 0.251 V                              ; 5.46e-09 s                  ; 6.08e-09 s                  ; No                         ; Yes                        ; 3.08 V                      ; 1.3e-06 V                   ; 3.09 V             ; -0.0026 V          ; 0.276 V                             ; 0.251 V                             ; 5.46e-09 s                 ; 6.08e-09 s                 ; No                        ; Yes                       ;
; led1                ; 3.3-V LVTTL  ; 0 s                 ; 0 s                 ; 3.08 V                       ; 1.3e-06 V                    ; 3.15 V              ; -0.0682 V           ; 0.279 V                              ; 0.237 V                              ; 4.81e-10 s                  ; 6.4e-10 s                   ; Yes                        ; No                         ; 3.08 V                      ; 1.3e-06 V                   ; 3.15 V             ; -0.0682 V          ; 0.279 V                             ; 0.237 V                             ; 4.81e-10 s                 ; 6.4e-10 s                  ; Yes                       ; No                        ;
; led2                ; 3.3-V LVTTL  ; 0 s                 ; 0 s                 ; 3.08 V                       ; 1.3e-06 V                    ; 3.15 V              ; -0.0684 V           ; 0.28 V                               ; 0.237 V                              ; 4.81e-10 s                  ; 6.4e-10 s                   ; Yes                        ; No                         ; 3.08 V                      ; 1.3e-06 V                   ; 3.15 V             ; -0.0684 V          ; 0.28 V                              ; 0.237 V                             ; 4.81e-10 s                 ; 6.4e-10 s                  ; Yes                       ; No                        ;
; led3                ; 3.3-V LVTTL  ; 0 s                 ; 0 s                 ; 3.08 V                       ; 1.3e-06 V                    ; 3.15 V              ; -0.0682 V           ; 0.279 V                              ; 0.237 V                              ; 4.81e-10 s                  ; 6.4e-10 s                   ; Yes                        ; No                         ; 3.08 V                      ; 1.3e-06 V                   ; 3.15 V             ; -0.0682 V          ; 0.279 V                             ; 0.237 V                             ; 4.81e-10 s                 ; 6.4e-10 s                  ; Yes                       ; No                        ;
; leds[0]             ; 3.3-V LVTTL  ; 0 s                 ; 0 s                 ; 3.08 V                       ; 1.3e-06 V                    ; 3.15 V              ; -0.0638 V           ; 0.177 V                              ; 0.312 V                              ; 6.42e-10 s                  ; 6.7e-10 s                   ; No                         ; No                         ; 3.08 V                      ; 1.3e-06 V                   ; 3.15 V             ; -0.0638 V          ; 0.177 V                             ; 0.312 V                             ; 6.42e-10 s                 ; 6.7e-10 s                  ; No                        ; No                        ;
; leds[1]             ; 3.3-V LVTTL  ; 0 s                 ; 0 s                 ; 3.08 V                       ; 1.3e-06 V                    ; 3.15 V              ; -0.0638 V           ; 0.177 V                              ; 0.312 V                              ; 6.42e-10 s                  ; 6.7e-10 s                   ; No                         ; No                         ; 3.08 V                      ; 1.3e-06 V                   ; 3.15 V             ; -0.0638 V          ; 0.177 V                             ; 0.312 V                             ; 6.42e-10 s                 ; 6.7e-10 s                  ; No                        ; No                        ;
; leds[2]             ; 3.3-V LVTTL  ; 0 s                 ; 0 s                 ; 3.08 V                       ; 1.3e-06 V                    ; 3.15 V              ; -0.0638 V           ; 0.177 V                              ; 0.312 V                              ; 6.42e-10 s                  ; 6.7e-10 s                   ; No                         ; No                         ; 3.08 V                      ; 1.3e-06 V                   ; 3.15 V             ; -0.0638 V          ; 0.177 V                             ; 0.312 V                             ; 6.42e-10 s                 ; 6.7e-10 s                  ; No                        ; No                        ;
; leds[3]             ; 3.3-V LVTTL  ; 0 s                 ; 0 s                 ; 3.08 V                       ; 1.3e-06 V                    ; 3.15 V              ; -0.0624 V           ; 0.177 V                              ; 0.312 V                              ; 6.42e-10 s                  ; 6.7e-10 s                   ; No                         ; No                         ; 3.08 V                      ; 1.3e-06 V                   ; 3.15 V             ; -0.0624 V          ; 0.177 V                             ; 0.312 V                             ; 6.42e-10 s                 ; 6.7e-10 s                  ; No                        ; No                        ;
; leds[4]             ; 3.3-V LVTTL  ; 0 s                 ; 0 s                 ; 3.08 V                       ; 1.3e-06 V                    ; 3.15 V              ; -0.0624 V           ; 0.177 V                              ; 0.312 V                              ; 6.42e-10 s                  ; 6.7e-10 s                   ; No                         ; No                         ; 3.08 V                      ; 1.3e-06 V                   ; 3.15 V             ; -0.0624 V          ; 0.177 V                             ; 0.312 V                             ; 6.42e-10 s                 ; 6.7e-10 s                  ; No                        ; No                        ;
; leds[5]             ; 3.3-V LVTTL  ; 0 s                 ; 0 s                 ; 3.08 V                       ; 1.3e-06 V                    ; 3.15 V              ; -0.0624 V           ; 0.177 V                              ; 0.312 V                              ; 6.42e-10 s                  ; 6.7e-10 s                   ; No                         ; No                         ; 3.08 V                      ; 1.3e-06 V                   ; 3.15 V             ; -0.0624 V          ; 0.177 V                             ; 0.312 V                             ; 6.42e-10 s                 ; 6.7e-10 s                  ; No                        ; No                        ;
; leds[6]             ; 3.3-V LVTTL  ; 0 s                 ; 0 s                 ; 3.08 V                       ; 1.3e-06 V                    ; 3.15 V              ; -0.0624 V           ; 0.177 V                              ; 0.312 V                              ; 6.42e-10 s                  ; 6.7e-10 s                   ; No                         ; No                         ; 3.08 V                      ; 1.3e-06 V                   ; 3.15 V             ; -0.0624 V          ; 0.177 V                             ; 0.312 V                             ; 6.42e-10 s                 ; 6.7e-10 s                  ; No                        ; No                        ;
; leds[7]             ; 3.3-V LVTTL  ; 0 s                 ; 0 s                 ; 3.08 V                       ; 1.3e-06 V                    ; 3.15 V              ; -0.0638 V           ; 0.177 V                              ; 0.312 V                              ; 6.42e-10 s                  ; 6.7e-10 s                   ; No                         ; No                         ; 3.08 V                      ; 1.3e-06 V                   ; 3.15 V             ; -0.0638 V          ; 0.177 V                             ; 0.312 V                             ; 6.42e-10 s                 ; 6.7e-10 s                  ; No                        ; No                        ;
; usb_u1_dp           ; 3.3-V LVTTL  ; 0 s                 ; 0 s                 ; 3.08 V                       ; 1.3e-06 V                    ; 3.15 V              ; -0.0684 V           ; 0.28 V                               ; 0.237 V                              ; 4.81e-10 s                  ; 6.4e-10 s                   ; Yes                        ; No                         ; 3.08 V                      ; 1.3e-06 V                   ; 3.15 V             ; -0.0684 V          ; 0.28 V                              ; 0.237 V                             ; 4.81e-10 s                 ; 6.4e-10 s                  ; Yes                       ; No                        ;
; usb_u1_dm           ; 3.3-V LVTTL  ; 0 s                 ; 0 s                 ; 3.08 V                       ; 1.3e-06 V                    ; 3.15 V              ; -0.0684 V           ; 0.28 V                               ; 0.237 V                              ; 4.81e-10 s                  ; 6.4e-10 s                   ; Yes                        ; No                         ; 3.08 V                      ; 1.3e-06 V                   ; 3.15 V             ; -0.0684 V          ; 0.28 V                              ; 0.237 V                             ; 4.81e-10 s                 ; 6.4e-10 s                  ; Yes                       ; No                        ;
; usb_u2_dp           ; 3.3-V LVTTL  ; 0 s                 ; 0 s                 ; 3.08 V                       ; 1.3e-06 V                    ; 3.15 V              ; -0.0682 V           ; 0.279 V                              ; 0.237 V                              ; 4.81e-10 s                  ; 6.4e-10 s                   ; Yes                        ; No                         ; 3.08 V                      ; 1.3e-06 V                   ; 3.15 V             ; -0.0682 V          ; 0.279 V                             ; 0.237 V                             ; 4.81e-10 s                 ; 6.4e-10 s                  ; Yes                       ; No                        ;
; usb_u2_dm           ; 3.3-V LVTTL  ; 0 s                 ; 0 s                 ; 3.08 V                       ; 1.3e-06 V                    ; 3.15 V              ; -0.0682 V           ; 0.279 V                              ; 0.237 V                              ; 4.81e-10 s                  ; 6.4e-10 s                   ; Yes                        ; No                         ; 3.08 V                      ; 1.3e-06 V                   ; 3.15 V             ; -0.0682 V          ; 0.279 V                             ; 0.237 V                             ; 4.81e-10 s                 ; 6.4e-10 s                  ; Yes                       ; No                        ;
; altera_reserved_tdo ; 3.3-V LVTTL  ; 0 s                 ; 0 s                 ; 3.08 V                       ; 1.3e-06 V                    ; 3.15 V              ; -0.0682 V           ; 0.279 V                              ; 0.237 V                              ; 4.81e-10 s                  ; 6.4e-10 s                   ; Yes                        ; No                         ; 3.08 V                      ; 1.3e-06 V                   ; 3.15 V             ; -0.0682 V          ; 0.279 V                             ; 0.237 V                             ; 4.81e-10 s                 ; 6.4e-10 s                  ; Yes                       ; No                        ;
+---------------------+--------------+---------------------+---------------------+------------------------------+------------------------------+---------------------+---------------------+--------------------------------------+--------------------------------------+-----------------------------+-----------------------------+----------------------------+----------------------------+-----------------------------+-----------------------------+--------------------+--------------------+-------------------------------------+-------------------------------------+----------------------------+----------------------------+---------------------------+---------------------------+


+--------------------------------------------------------------------------------------------------------------------------------------------------------------------------------------------------------------------------------------------------------------------------------------------------------------------------------------------------------------------------------------------------------------------------------------------------------------------------------------------------------------------------------------------------------------------------------------------------------------------------------------------------------------------------------------------------+
; Signal Integrity Metrics (Fast 1200mv 0c Model)                                                                                                                                                                                                                                                                                                                                                                                                                                                                                                                                                                                                                                                  ;
+---------------------+--------------+---------------------+---------------------+------------------------------+------------------------------+---------------------+---------------------+--------------------------------------+--------------------------------------+-----------------------------+-----------------------------+----------------------------+----------------------------+-----------------------------+-----------------------------+--------------------+--------------------+-------------------------------------+-------------------------------------+----------------------------+----------------------------+---------------------------+---------------------------+
; Pin                 ; I/O Standard ; Board Delay on Rise ; Board Delay on Fall ; Steady State Voh at FPGA Pin ; Steady State Vol at FPGA Pin ; Voh Max at FPGA Pin ; Vol Min at FPGA Pin ; Ringback Voltage on Rise at FPGA Pin ; Ringback Voltage on Fall at FPGA Pin ; 10-90 Rise Time at FPGA Pin ; 90-10 Fall Time at FPGA Pin ; Monotonic Rise at FPGA Pin ; Monotonic Fall at FPGA Pin ; Steady State Voh at Far-end ; Steady State Vol at Far-end ; Voh Max at Far-end ; Vol Min at Far-end ; Ringback Voltage on Rise at Far-end ; Ringback Voltage on Fall at Far-end ; 10-90 Rise Time at Far-end ; 90-10 Fall Time at Far-end ; Monotonic Rise at Far-end ; Monotonic Fall at Far-end ;
+---------------------+--------------+---------------------+---------------------+------------------------------+------------------------------+---------------------+---------------------+--------------------------------------+--------------------------------------+-----------------------------+-----------------------------+----------------------------+----------------------------+-----------------------------+-----------------------------+--------------------+--------------------+-------------------------------------+-------------------------------------+----------------------------+----------------------------+---------------------------+---------------------------+
; led                 ; 3.3-V LVTTL  ; 0 s                 ; 0 s                 ; 3.46 V                       ; 5.04e-07 V                   ; 3.64 V              ; -0.0201 V           ; 0.391 V                              ; 0.088 V                              ; 2.79e-10 s                  ; 3.95e-10 s                  ; No                         ; Yes                        ; 3.46 V                      ; 5.04e-07 V                  ; 3.64 V             ; -0.0201 V          ; 0.391 V                             ; 0.088 V                             ; 2.79e-10 s                 ; 3.95e-10 s                 ; No                        ; Yes                       ;
; led0                ; 3.3-V LVTTL  ; 0 s                 ; 0 s                 ; 3.46 V                       ; 5.04e-07 V                   ; 3.48 V              ; -0.00721 V          ; 0.333 V                              ; 0.329 V                              ; 3.62e-09 s                  ; 4.03e-09 s                  ; No                         ; Yes                        ; 3.46 V                      ; 5.04e-07 V                  ; 3.48 V             ; -0.00721 V         ; 0.333 V                             ; 0.329 V                             ; 3.62e-09 s                 ; 4.03e-09 s                 ; No                        ; Yes                       ;
; led1                ; 3.3-V LVTTL  ; 0 s                 ; 0 s                 ; 3.46 V                       ; 5.04e-07 V                   ; 3.64 V              ; -0.0201 V           ; 0.391 V                              ; 0.088 V                              ; 2.79e-10 s                  ; 3.95e-10 s                  ; No                         ; Yes                        ; 3.46 V                      ; 5.04e-07 V                  ; 3.64 V             ; -0.0201 V          ; 0.391 V                             ; 0.088 V                             ; 2.79e-10 s                 ; 3.95e-10 s                 ; No                        ; Yes                       ;
; led2                ; 3.3-V LVTTL  ; 0 s                 ; 0 s                 ; 3.46 V                       ; 5.04e-07 V                   ; 3.65 V              ; -0.0209 V           ; 0.391 V                              ; 0.09 V                               ; 2.79e-10 s                  ; 3.95e-10 s                  ; No                         ; Yes                        ; 3.46 V                      ; 5.04e-07 V                  ; 3.65 V             ; -0.0209 V          ; 0.391 V                             ; 0.09 V                              ; 2.79e-10 s                 ; 3.95e-10 s                 ; No                        ; Yes                       ;
; led3                ; 3.3-V LVTTL  ; 0 s                 ; 0 s                 ; 3.46 V                       ; 5.04e-07 V                   ; 3.64 V              ; -0.0201 V           ; 0.391 V                              ; 0.088 V                              ; 2.79e-10 s                  ; 3.95e-10 s                  ; No                         ; Yes                        ; 3.46 V                      ; 5.04e-07 V                  ; 3.64 V             ; -0.0201 V          ; 0.391 V                             ; 0.088 V                             ; 2.79e-10 s                 ; 3.95e-10 s                 ; No                        ; Yes                       ;
; leds[0]             ; 3.3-V LVTTL  ; 0 s                 ; 0 s                 ; 3.46 V                       ; 5.04e-07 V                   ; 3.63 V              ; -0.0264 V           ; 0.468 V                              ; 0.142 V                              ; 3.02e-10 s                  ; 4.42e-10 s                  ; No                         ; Yes                        ; 3.46 V                      ; 5.04e-07 V                  ; 3.63 V             ; -0.0264 V          ; 0.468 V                             ; 0.142 V                             ; 3.02e-10 s                 ; 4.42e-10 s                 ; No                        ; Yes                       ;
; leds[1]             ; 3.3-V LVTTL  ; 0 s                 ; 0 s                 ; 3.46 V                       ; 5.04e-07 V                   ; 3.63 V              ; -0.0264 V           ; 0.468 V                              ; 0.142 V                              ; 3.02e-10 s                  ; 4.42e-10 s                  ; No                         ; Yes                        ; 3.46 V                      ; 5.04e-07 V                  ; 3.63 V             ; -0.0264 V          ; 0.468 V                             ; 0.142 V                             ; 3.02e-10 s                 ; 4.42e-10 s                 ; No                        ; Yes                       ;
; leds[2]             ; 3.3-V LVTTL  ; 0 s                 ; 0 s                 ; 3.46 V                       ; 5.04e-07 V                   ; 3.63 V              ; -0.0264 V           ; 0.468 V                              ; 0.142 V                              ; 3.02e-10 s                  ; 4.42e-10 s                  ; No                         ; Yes                        ; 3.46 V                      ; 5.04e-07 V                  ; 3.63 V             ; -0.0264 V          ; 0.468 V                             ; 0.142 V                             ; 3.02e-10 s                 ; 4.42e-10 s                 ; No                        ; Yes                       ;
; leds[3]             ; 3.3-V LVTTL  ; 0 s                 ; 0 s                 ; 3.46 V                       ; 5.04e-07 V                   ; 3.63 V              ; -0.0257 V           ; 0.468 V                              ; 0.138 V                              ; 3.02e-10 s                  ; 4.44e-10 s                  ; No                         ; Yes                        ; 3.46 V                      ; 5.04e-07 V                  ; 3.63 V             ; -0.0257 V          ; 0.468 V                             ; 0.138 V                             ; 3.02e-10 s                 ; 4.44e-10 s                 ; No                        ; Yes                       ;
; leds[4]             ; 3.3-V LVTTL  ; 0 s                 ; 0 s                 ; 3.46 V                       ; 5.04e-07 V                   ; 3.63 V              ; -0.0257 V           ; 0.468 V                              ; 0.138 V                              ; 3.02e-10 s                  ; 4.44e-10 s                  ; No                         ; Yes                        ; 3.46 V                      ; 5.04e-07 V                  ; 3.63 V             ; -0.0257 V          ; 0.468 V                             ; 0.138 V                             ; 3.02e-10 s                 ; 4.44e-10 s                 ; No                        ; Yes                       ;
; leds[5]             ; 3.3-V LVTTL  ; 0 s                 ; 0 s                 ; 3.46 V                       ; 5.04e-07 V                   ; 3.63 V              ; -0.0257 V           ; 0.468 V                              ; 0.138 V                              ; 3.02e-10 s                  ; 4.44e-10 s                  ; No                         ; Yes                        ; 3.46 V                      ; 5.04e-07 V                  ; 3.63 V             ; -0.0257 V          ; 0.468 V                             ; 0.138 V                             ; 3.02e-10 s                 ; 4.44e-10 s                 ; No                        ; Yes                       ;
; leds[6]             ; 3.3-V LVTTL  ; 0 s                 ; 0 s                 ; 3.46 V                       ; 5.04e-07 V                   ; 3.63 V              ; -0.0257 V           ; 0.468 V                              ; 0.138 V                              ; 3.02e-10 s                  ; 4.44e-10 s                  ; No                         ; Yes                        ; 3.46 V                      ; 5.04e-07 V                  ; 3.63 V             ; -0.0257 V          ; 0.468 V                             ; 0.138 V                             ; 3.02e-10 s                 ; 4.44e-10 s                 ; No                        ; Yes                       ;
; leds[7]             ; 3.3-V LVTTL  ; 0 s                 ; 0 s                 ; 3.46 V                       ; 5.04e-07 V                   ; 3.63 V              ; -0.0264 V           ; 0.468 V                              ; 0.142 V                              ; 3.02e-10 s                  ; 4.42e-10 s                  ; No                         ; Yes                        ; 3.46 V                      ; 5.04e-07 V                  ; 3.63 V             ; -0.0264 V          ; 0.468 V                             ; 0.142 V                             ; 3.02e-10 s                 ; 4.42e-10 s                 ; No                        ; Yes                       ;
; usb_u1_dp           ; 3.3-V LVTTL  ; 0 s                 ; 0 s                 ; 3.46 V                       ; 5.04e-07 V                   ; 3.65 V              ; -0.0209 V           ; 0.391 V                              ; 0.09 V                               ; 2.79e-10 s                  ; 3.95e-10 s                  ; No                         ; Yes                        ; 3.46 V                      ; 5.04e-07 V                  ; 3.65 V             ; -0.0209 V          ; 0.391 V                             ; 0.09 V                              ; 2.79e-10 s                 ; 3.95e-10 s                 ; No                        ; Yes                       ;
; usb_u1_dm           ; 3.3-V LVTTL  ; 0 s                 ; 0 s                 ; 3.46 V                       ; 5.04e-07 V                   ; 3.65 V              ; -0.0209 V           ; 0.391 V                              ; 0.09 V                               ; 2.79e-10 s                  ; 3.95e-10 s                  ; No                         ; Yes                        ; 3.46 V                      ; 5.04e-07 V                  ; 3.65 V             ; -0.0209 V          ; 0.391 V                             ; 0.09 V                              ; 2.79e-10 s                 ; 3.95e-10 s                 ; No                        ; Yes                       ;
; usb_u2_dp           ; 3.3-V LVTTL  ; 0 s                 ; 0 s                 ; 3.46 V                       ; 5.04e-07 V                   ; 3.64 V              ; -0.0201 V           ; 0.391 V                              ; 0.088 V                              ; 2.79e-10 s                  ; 3.95e-10 s                  ; No                         ; Yes                        ; 3.46 V                      ; 5.04e-07 V                  ; 3.64 V             ; -0.0201 V          ; 0.391 V                             ; 0.088 V                             ; 2.79e-10 s                 ; 3.95e-10 s                 ; No                        ; Yes                       ;
; usb_u2_dm           ; 3.3-V LVTTL  ; 0 s                 ; 0 s                 ; 3.46 V                       ; 5.04e-07 V                   ; 3.64 V              ; -0.0201 V           ; 0.391 V                              ; 0.088 V                              ; 2.79e-10 s                  ; 3.95e-10 s                  ; No                         ; Yes                        ; 3.46 V                      ; 5.04e-07 V                  ; 3.64 V             ; -0.0201 V          ; 0.391 V                             ; 0.088 V                             ; 2.79e-10 s                 ; 3.95e-10 s                 ; No                        ; Yes                       ;
; altera_reserved_tdo ; 3.3-V LVTTL  ; 0 s                 ; 0 s                 ; 3.46 V                       ; 5.04e-07 V                   ; 3.64 V              ; -0.0201 V           ; 0.391 V                              ; 0.088 V                              ; 2.79e-10 s                  ; 3.95e-10 s                  ; No                         ; Yes                        ; 3.46 V                      ; 5.04e-07 V                  ; 3.64 V             ; -0.0201 V          ; 0.391 V                             ; 0.088 V                             ; 2.79e-10 s                 ; 3.95e-10 s                 ; No                        ; Yes                       ;
+---------------------+--------------+---------------------+---------------------+------------------------------+------------------------------+---------------------+---------------------+--------------------------------------+--------------------------------------+-----------------------------+-----------------------------+----------------------------+----------------------------+-----------------------------+-----------------------------+--------------------+--------------------+-------------------------------------+-------------------------------------+----------------------------+----------------------------+---------------------------+---------------------------+


+---------------------------------------------------------------------------------------------------------------------------------------------+
; Setup Transfers                                                                                                                             ;
+-----------------------------------------------+-----------------------------------------------+------------+----------+----------+----------+
; From Clock                                    ; To Clock                                      ; RR Paths   ; FR Paths ; RF Paths ; FF Paths ;
+-----------------------------------------------+-----------------------------------------------+------------+----------+----------+----------+
; altera_reserved_tck                           ; altera_reserved_tck                           ; 764        ; 0        ; 30       ; 1        ;
; clk                                           ; altera_reserved_tck                           ; false path ; 0        ; 0        ; 0        ;
; altera_reserved_tck                           ; clk                                           ; false path ; 0        ; 0        ; 0        ;
; clk                                           ; clk                                           ; 3308       ; 0        ; 0        ; 0        ;
; u_usb_pll|u_altpll|auto_generated|pll1|clk[0] ; clk                                           ; false path ; 0        ; 0        ; 0        ;
; clk                                           ; u_usb_pll|u_altpll|auto_generated|pll1|clk[0] ; false path ; 0        ; 0        ; 0        ;
; u_usb_pll|u_altpll|auto_generated|pll1|clk[0] ; u_usb_pll|u_altpll|auto_generated|pll1|clk[0] ; 3861200    ; 0        ; 0        ; 0        ;
+-----------------------------------------------+-----------------------------------------------+------------+----------+----------+----------+
Entries labeled "false path" only account for clock-to-clock false paths and not path-based false paths. As a result, actual path counts may be lower than reported.


+---------------------------------------------------------------------------------------------------------------------------------------------+
; Hold Transfers                                                                                                                              ;
+-----------------------------------------------+-----------------------------------------------+------------+----------+----------+----------+
; From Clock                                    ; To Clock                                      ; RR Paths   ; FR Paths ; RF Paths ; FF Paths ;
+-----------------------------------------------+-----------------------------------------------+------------+----------+----------+----------+
; altera_reserved_tck                           ; altera_reserved_tck                           ; 764        ; 0        ; 30       ; 1        ;
; clk                                           ; altera_reserved_tck                           ; false path ; 0        ; 0        ; 0        ;
; altera_reserved_tck                           ; clk                                           ; false path ; 0        ; 0        ; 0        ;
; clk                                           ; clk                                           ; 3308       ; 0        ; 0        ; 0        ;
; u_usb_pll|u_altpll|auto_generated|pll1|clk[0] ; clk                                           ; false path ; 0        ; 0        ; 0        ;
; clk                                           ; u_usb_pll|u_altpll|auto_generated|pll1|clk[0] ; false path ; 0        ; 0        ; 0        ;
; u_usb_pll|u_altpll|auto_generated|pll1|clk[0] ; u_usb_pll|u_altpll|auto_generated|pll1|clk[0] ; 3861200    ; 0        ; 0        ; 0        ;
+-----------------------------------------------+-----------------------------------------------+------------+----------+----------+----------+
Entries labeled "false path" only account for clock-to-clock false paths and not path-based false paths. As a result, actual path counts may be lower than reported.


+-------------------------------------------------------------------------------------------------------------------------------------------+
; Recovery Transfers                                                                                                                        ;
+-----------------------------------------------+-----------------------------------------------+----------+----------+----------+----------+
; From Clock                                    ; To Clock                                      ; RR Paths ; FR Paths ; RF Paths ; FF Paths ;
+-----------------------------------------------+-----------------------------------------------+----------+----------+----------+----------+
; altera_reserved_tck                           ; altera_reserved_tck                           ; 51       ; 0        ; 1        ; 0        ;
; clk                                           ; clk                                           ; 162      ; 0        ; 0        ; 0        ;
; u_usb_pll|u_altpll|auto_generated|pll1|clk[0] ; u_usb_pll|u_altpll|auto_generated|pll1|clk[0] ; 54       ; 0        ; 0        ; 0        ;
+-----------------------------------------------+-----------------------------------------------+----------+----------+----------+----------+
Entries labeled "false path" only account for clock-to-clock false paths and not path-based false paths. As a result, actual path counts may be lower than reported.


+-------------------------------------------------------------------------------------------------------------------------------------------+
; Removal Transfers                                                                                                                         ;
+-----------------------------------------------+-----------------------------------------------+----------+----------+----------+----------+
; From Clock                                    ; To Clock                                      ; RR Paths ; FR Paths ; RF Paths ; FF Paths ;
+-----------------------------------------------+-----------------------------------------------+----------+----------+----------+----------+
; altera_reserved_tck                           ; altera_reserved_tck                           ; 51       ; 0        ; 1        ; 0        ;
; clk                                           ; clk                                           ; 162      ; 0        ; 0        ; 0        ;
; u_usb_pll|u_altpll|auto_generated|pll1|clk[0] ; u_usb_pll|u_altpll|auto_generated|pll1|clk[0] ; 54       ; 0        ; 0        ; 0        ;
+-----------------------------------------------+-----------------------------------------------+----------+----------+----------+----------+
Entries labeled "false path" only account for clock-to-clock false paths and not path-based false paths. As a result, actual path counts may be lower than reported.


---------------
; Report TCCS ;
---------------
No dedicated SERDES Transmitter circuitry present in device or used in design


---------------
; Report RSKM ;
---------------
No non-DPA dedicated SERDES Receiver circuitry present in device or used in design


+------------------------------------------------+
; Unconstrained Paths Summary                    ;
+---------------------------------+-------+------+
; Property                        ; Setup ; Hold ;
+---------------------------------+-------+------+
; Illegal Clocks                  ; 0     ; 0    ;
; Unconstrained Clocks            ; 0     ; 0    ;
; Unconstrained Input Ports       ; 2     ; 2    ;
; Unconstrained Input Port Paths  ; 39    ; 39   ;
; Unconstrained Output Ports      ; 4     ; 4    ;
; Unconstrained Output Port Paths ; 38    ; 38   ;
+---------------------------------+-------+------+


+-------------------------------------------------------------------------------------------------------------------------+
; Clock Status Summary                                                                                                    ;
+-----------------------------------------------+-----------------------------------------------+-----------+-------------+
; Target                                        ; Clock                                         ; Type      ; Status      ;
+-----------------------------------------------+-----------------------------------------------+-----------+-------------+
; altera_reserved_tck                           ; altera_reserved_tck                           ; Base      ; Constrained ;
; clk                                           ; clk                                           ; Base      ; Constrained ;
; u_usb_pll|u_altpll|auto_generated|pll1|clk[0] ; u_usb_pll|u_altpll|auto_generated|pll1|clk[0] ; Generated ; Constrained ;
+-----------------------------------------------+-----------------------------------------------+-----------+-------------+


+------------------------------------------------------------------------------------------------------------+
; Unconstrained Input Ports                                                                                  ;
+---------------------+--------------------------------------------------------------------------------------+
; Input Port          ; Comment                                                                              ;
+---------------------+--------------------------------------------------------------------------------------+
; altera_reserved_tdi ; No input delay, min/max delays, false-path exceptions, or max skew assignments found ;
; altera_reserved_tms ; No input delay, min/max delays, false-path exceptions, or max skew assignments found ;
+---------------------+--------------------------------------------------------------------------------------+


+-------------------------------------------------------------------------------------------------------------+
; Unconstrained Output Ports                                                                                  ;
+---------------------+---------------------------------------------------------------------------------------+
; Output Port         ; Comment                                                                               ;
+---------------------+---------------------------------------------------------------------------------------+
; altera_reserved_tdo ; No output delay, min/max delays, false-path exceptions, or max skew assignments found ;
; led1                ; No output delay, min/max delays, false-path exceptions, or max skew assignments found ;
; led2                ; No output delay, min/max delays, false-path exceptions, or max skew assignments found ;
; led3                ; No output delay, min/max delays, false-path exceptions, or max skew assignments found ;
+---------------------+---------------------------------------------------------------------------------------+


+------------------------------------------------------------------------------------------------------------+
; Unconstrained Input Ports                                                                                  ;
+---------------------+--------------------------------------------------------------------------------------+
; Input Port          ; Comment                                                                              ;
+---------------------+--------------------------------------------------------------------------------------+
; altera_reserved_tdi ; No input delay, min/max delays, false-path exceptions, or max skew assignments found ;
; altera_reserved_tms ; No input delay, min/max delays, false-path exceptions, or max skew assignments found ;
+---------------------+--------------------------------------------------------------------------------------+


+-------------------------------------------------------------------------------------------------------------+
; Unconstrained Output Ports                                                                                  ;
+---------------------+---------------------------------------------------------------------------------------+
; Output Port         ; Comment                                                                               ;
+---------------------+---------------------------------------------------------------------------------------+
; altera_reserved_tdo ; No output delay, min/max delays, false-path exceptions, or max skew assignments found ;
; led1                ; No output delay, min/max delays, false-path exceptions, or max skew assignments found ;
; led2                ; No output delay, min/max delays, false-path exceptions, or max skew assignments found ;
; led3                ; No output delay, min/max delays, false-path exceptions, or max skew assignments found ;
+---------------------+---------------------------------------------------------------------------------------+


+--------------------------+
; Timing Analyzer Messages ;
+--------------------------+
Info: *******************************************************************
Info: Running Quartus Prime Timing Analyzer
    Info: Version 25.1std.0 Build 1129 10/21/2025 SC Lite Edition
    Info: Processing started: Mon Sep 21 20:00:51 2026
Info: Command: quartus_sta usb_host -c usb_host
Info: qsta_default_script.tcl version: #1
Warning (18236): Number of processors has not been specified which may cause overloading on shared machines.  Set the global assignment NUM_PARALLEL_PROCESSORS in your QSF to an appropriate value for best performance.
Info (20030): Parallel compilation is enabled and will use 16 of the 16 processors detected
Info (21077): Low junction temperature is 0 degrees C
Info (21077): High junction temperature is 85 degrees C
Info (332164): Evaluating HDL-embedded SDC commands
    Info (332165): Entity alt_jtag_atlantic
        Info (332166): set_false_path -from [get_registers {*|alt_jtag_atlantic:*|jupdate}] -to [get_registers {*|alt_jtag_atlantic:*|jupdate1*}] 
        Info (332166): set_false_path -from [get_registers {*|alt_jtag_atlantic:*|rdata[*]}] -to [get_registers {*|alt_jtag_atlantic*|td_shift[*]}]
        Info (332166): set_false_path -from [get_registers {*|alt_jtag_atlantic:*|rdata[*]}] -to [get_registers {*|alt_jtag_atlantic*|td_shift[*]}]
        Info (332166): set_false_path -from [get_registers {*|alt_jtag_atlantic:*|rdata[*]}] -to [get_registers {*|alt_jtag_atlantic*|td_shift[*]}]
        Info (332166): set_false_path -from [get_registers {*|alt_jtag_atlantic:*|rdata[*]}] -to [get_registers {*|alt_jtag_atlantic*|td_shift[*]}]
        Info (332166): set_false_path -from [get_registers {*|alt_jtag_atlantic:*|rdata[*]}] -to [get_registers {*|alt_jtag_atlantic*|td_shift[*]}]
        Info (332166): set_false_path -from [get_registers {*|alt_jtag_atlantic:*|rdata[*]}] -to [get_registers {*|alt_jtag_atlantic*|td_shift[*]}]
        Info (332166): set_false_path -from [get_registers {*|alt_jtag_atlantic:*|rdata[*]}] -to [get_registers {*|alt_jtag_atlantic*|td_shift[*]}]
        Info (332166): set_false_path -from [get_registers {*|alt_jtag_atlantic:*|rdata[*]}] -to [get_registers {*|alt_jtag_atlantic*|td_shift[*]}]
        Info (332166): set_false_path -from [get_registers {*|alt_jtag_atlantic:*|read}] -to [get_registers {*|alt_jtag_atlantic:*|read1*}] 
        Info (332166): set_false_path -from [get_registers {*|alt_jtag_atlantic:*|read_req}]
        Info (332166): set_false_path -from [get_registers {*|alt_jtag_atlantic:*|rvalid}] -to [get_registers {*|alt_jtag_atlantic*|td_shift[*]}]
        Info (332166): set_false_path -from [get_registers {*|t_dav}] -to [get_registers {*|alt_jtag_atlantic:*|tck_t_dav}]
        Info (332166): set_false_path -from [get_registers {*|alt_jtag_atlantic:*|user_saw_rvalid}] -to [get_registers {*|alt_jtag_atlantic:*|rvalid0*}]
        Info (332166): set_false_path -from [get_registers {*|alt_jtag_atlantic:*|wdata[*]}] -to [get_registers {*}]
        Info (332166): set_false_path -from [get_registers {*|alt_jtag_atlantic:*|wdata[*]}] -to [get_registers {*}]
        Info (332166): set_false_path -from [get_registers {*|alt_jtag_atlantic:*|wdata[*]}] -to [get_registers {*}]
        Info (332166): set_false_path -from [get_registers {*|alt_jtag_atlantic:*|wdata[*]}] -to [get_registers {*}]
        Info (332166): set_false_path -from [get_registers {*|alt_jtag_atlantic:*|wdata[*]}] -to [get_registers {*}]
        Info (332166): set_false_path -from [get_registers {*|alt_jtag_atlantic:*|wdata[*]}] -to [get_registers {*}]
        Info (332166): set_false_path -from [get_registers {*|alt_jtag_atlantic:*|wdata[*]}] -to [get_registers {*}]
        Info (332166): set_false_path -from [get_registers {*|alt_jtag_atlantic:*|wdata[*]}] -to [get_registers {*}]
        Info (332166): set_false_path -from [get_registers {*|alt_jtag_atlantic:*|write}] -to [get_registers {*|alt_jtag_atlantic:*|write1*}] 
        Info (332166): set_false_path -from [get_registers {*|alt_jtag_atlantic:*|write_stalled}] -to [get_registers {*|alt_jtag_atlantic:*|t_ena*}]
        Info (332166): set_false_path -from [get_registers {*|alt_jtag_atlantic:*|write_stalled}] -to [get_registers {*|alt_jtag_atlantic:*|t_pause*}]
        Info (332166): set_false_path -from [get_registers {*|alt_jtag_atlantic:*|write_valid}]
    Info (332165): Entity sld_hub
        Info (332166): create_clock -name altera_reserved_tck [get_ports {altera_reserved_tck}] -period 10MHz   
        Info (332166): set_clock_groups -asynchronous -group {altera_reserved_tck}
Warning (332174): Ignored filter at qsta_default_script.tcl(1297): *|alt_jtag_atlantic:*|jupdate could not be matched with a register File: H:/altera_lite/25.1std/quartus/common/tcl/internal/qsta_default_script.tcl Line: 1297
Warning (332174): Ignored filter at qsta_default_script.tcl(1297): *|alt_jtag_atlantic:*|jupdate1* could not be matched with a register File: H:/altera_lite/25.1std/quartus/common/tcl/internal/qsta_default_script.tcl Line: 1297
Warning (332049): Ignored set_false_path at qsta_default_script.tcl(1297): Argument <from> is an empty collection File: H:/altera_lite/25.1std/quartus/common/tcl/internal/qsta_default_script.tcl Line: 1297
    Info (332050): read_sdc File: H:/altera_lite/25.1std/quartus/common/tcl/internal/qsta_default_script.tcl Line: 1297
Warning (332049): Ignored set_false_path at qsta_default_script.tcl(1297): Argument <to> is an empty collection File: H:/altera_lite/25.1std/quartus/common/tcl/internal/qsta_default_script.tcl Line: 1297
Warning (332174): Ignored filter at qsta_default_script.tcl(1297): *|alt_jtag_atlantic:*|wdata[*] could not be matched with a register File: H:/altera_lite/25.1std/quartus/common/tcl/internal/qsta_default_script.tcl Line: 1297
Warning (332049): Ignored set_false_path at qsta_default_script.tcl(1297): Argument <from> is an empty collection File: H:/altera_lite/25.1std/quartus/common/tcl/internal/qsta_default_script.tcl Line: 1297
    Info (332050): read_sdc File: H:/altera_lite/25.1std/quartus/common/tcl/internal/qsta_default_script.tcl Line: 1297
Warning (332049): Ignored set_false_path at qsta_default_script.tcl(1297): Argument <from> is an empty collection File: H:/altera_lite/25.1std/quartus/common/tcl/internal/qsta_default_script.tcl Line: 1297
    Info (332050): read_sdc File: H:/altera_lite/25.1std/quartus/common/tcl/internal/qsta_default_script.tcl Line: 1297
Warning (332049): Ignored set_false_path at qsta_default_script.tcl(1297): Argument <from> is an empty collection File: H:/altera_lite/25.1std/quartus/common/tcl/internal/qsta_default_script.tcl Line: 1297
    Info (332050): read_sdc File: H:/altera_lite/25.1std/quartus/common/tcl/internal/qsta_default_script.tcl Line: 1297
Warning (332049): Ignored set_false_path at qsta_default_script.tcl(1297): Argument <from> is an empty collection File: H:/altera_lite/25.1std/quartus/common/tcl/internal/qsta_default_script.tcl Line: 1297
    Info (332050): read_sdc File: H:/altera_lite/25.1std/quartus/common/tcl/internal/qsta_default_script.tcl Line: 1297
Warning (332049): Ignored set_false_path at qsta_default_script.tcl(1297): Argument <from> is an empty collection File: H:/altera_lite/25.1std/quartus/common/tcl/internal/qsta_default_script.tcl Line: 1297
    Info (332050): read_sdc File: H:/altera_lite/25.1std/quartus/common/tcl/internal/qsta_default_script.tcl Line: 1297
Warning (332049): Ignored set_false_path at qsta_default_script.tcl(1297): Argument <from> is an empty collection File: H:/altera_lite/25.1std/quartus/common/tcl/internal/qsta_default_script.tcl Line: 1297
    Info (332050): read_sdc File: H:/altera_lite/25.1std/quartus/common/tcl/internal/qsta_default_script.tcl Line: 1297
Warning (332049): Ignored set_false_path at qsta_default_script.tcl(1297): Argument <from> is an empty collection File: H:/altera_lite/25.1std/quartus/common/tcl/internal/qsta_default_script.tcl Line: 1297
    Info (332050): read_sdc File: H:/altera_lite/25.1std/quartus/common/tcl/internal/qsta_default_script.tcl Line: 1297
Warning (332049): Ignored set_false_path at qsta_default_script.tcl(1297): Argument <from> is an empty collection File: H:/altera_lite/25.1std/quartus/common/tcl/internal/qsta_default_script.tcl Line: 1297
    Info (332050): read_sdc File: H:/altera_lite/25.1std/quartus/common/tcl/internal/qsta_default_script.tcl Line: 1297
Warning (332174): Ignored filter at qsta_default_script.tcl(1297): *|alt_jtag_atlantic:*|t_pause* could not be matched with a register File: H:/altera_lite/25.1std/quartus/common/tcl/internal/qsta_default_script.tcl Line: 1297
Warning (332049): Ignored set_false_path at qsta_default_script.tcl(1297): Argument <to> is an empty collection File: H:/altera_lite/25.1std/quartus/common/tcl/internal/qsta_default_script.tcl Line: 1297
    Info (332050): read_sdc File: H:/altera_lite/25.1std/quartus/common/tcl/internal/qsta_default_script.tcl Line: 1297
Info (332104): Reading SDC File: 'usb_host.sdc'
Info (332110): Deriving PLL clocks
    Info (332110): create_generated_clock -source {u_usb_pll|u_altpll|auto_generated|pll1|inclk[0]} -divide_by 25 -multiply_by 6 -duty_cycle 50.00 -name {u_usb_pll|u_altpll|auto_generated|pll1|clk[0]} {u_usb_pll|u_altpll|auto_generated|pll1|clk[0]}
Info (332151): Clock uncertainty is not calculated until you update the timing netlist.
Info (332097): The following timing edges are non-unate.  The Timing Analyzer will assume pos-unate behavior for these edges in the clock network.
    Info (332098): Cell: altera_internal_jtag  from: tck  to: tckutap
Info (332123): Deriving Clock Uncertainty. Please refer to report_sdc in the Timing Analyzer to see clock uncertainties.
Info: Found TIMING_ANALYZER_REPORT_SCRIPT_INCLUDE_DEFAULT_ANALYSIS = ON
Info: Analyzing Slow 1200mV 85C Model
Info: Can't run Report Timing Closure Recommendations. The current device family is not supported.
Info (332146): Worst-case setup slack is 13.557
    Info (332119):     Slack       End Point TNS Clock 
    Info (332119): ========= =================== =====================
    Info (332119):    13.557               0.000 clk 
    Info (332119):    46.190               0.000 altera_reserved_tck 
    Info (332119):    63.280               0.000 u_usb_pll|u_altpll|auto_generated|pll1|clk[0] 
Info (332146): Worst-case hold slack is 0.319
    Info (332119):     Slack       End Point TNS Clock 
    Info (332119): ========= =================== =====================
    Info (332119):     0.319               0.000 clk 
    Info (332119):     0.360               0.000 altera_reserved_tck 
    Info (332119):     0.360               0.000 u_usb_pll|u_altpll|auto_generated|pll1|clk[0] 
Info (332146): Worst-case recovery slack is 16.253
    Info (332119):     Slack       End Point TNS Clock 
    Info (332119): ========= =================== =====================
    Info (332119):    16.253               0.000 clk 
    Info (332119):    47.932               0.000 altera_reserved_tck 
    Info (332119):    79.673               0.000 u_usb_pll|u_altpll|auto_generated|pll1|clk[0] 
Info (332146): Worst-case removal slack is 1.181
    Info (332119):     Slack       End Point TNS Clock 
    Info (332119): ========= =================== =====================
    Info (332119):     1.181               0.000 altera_reserved_tck 
    Info (332119):     2.040               0.000 u_usb_pll|u_altpll|auto_generated|pll1|clk[0] 
    Info (332119):     2.806               0.000 clk 
Info (332146): Worst-case minimum pulse width slack is 9.557
    Info (332119):     Slack       End Point TNS Clock 
    Info (332119): ========= =================== =====================
    Info (332119):     9.557               0.000 clk 
    Info (332119):    41.394               0.000 u_usb_pll|u_altpll|auto_generated|pll1|clk[0] 
    Info (332119):    49.616               0.000 altera_reserved_tck 
Info (332114): Report Metastability: Found 18 synchronizer chains.
    Info (332114): The design MTBF is not calculated because there are no specified synchronizers in the design.
    Info (332114): Number of Synchronizer Chains Found: 18
    Info (332114): Shortest Synchronizer Chain: 2 Registers
    Info (332114): Fraction of Chains for which MTBFs Could Not be Calculated: 1.000
    Info (332114): Worst Case Available Settling Time: 18.856 ns
    Info (332114): 
Info: Analyzing Slow 1200mV 0C Model
Info (334003): Started post-fitting delay annotation
Info (334004): Delay annotation completed successfully
Info (332097): The following timing edges are non-unate.  The Timing Analyzer will assume pos-unate behavior for these edges in the clock network.
    Info (332098): Cell: altera_internal_jtag  from: tck  to: tckutap
Info (332123): Deriving Clock Uncertainty. Please refer to report_sdc in the Timing Analyzer to see clock uncertainties.
Info (332146): Worst-case setup slack is 13.815
    Info (332119):     Slack       End Point TNS Clock 
    Info (332119): ========= =================== =====================
    Info (332119):    13.815               0.000 clk 
    Info (332119):    46.346               0.000 altera_reserved_tck 
    Info (332119):    64.063               0.000 u_usb_pll|u_altpll|auto_generated|pll1|clk[0] 
Info (332146): Worst-case hold slack is 0.287
    Info (332119):     Slack       End Point TNS Clock 
    Info (332119): ========= =================== =====================
    Info (332119):     0.287               0.000 clk 
    Info (332119):     0.322               0.000 u_usb_pll|u_altpll|auto_generated|pll1|clk[0] 
    Info (332119):     0.323               0.000 altera_reserved_tck 
Info (332146): Worst-case recovery slack is 16.505
    Info (332119):     Slack       End Point TNS Clock 
    Info (332119): ========= =================== =====================
    Info (332119):    16.505               0.000 clk 
    Info (332119):    48.057               0.000 altera_reserved_tck 
    Info (332119):    79.848               0.000 u_usb_pll|u_altpll|auto_generated|pll1|clk[0] 
Info (332146): Worst-case removal slack is 1.052
    Info (332119):     Slack       End Point TNS Clock 
    Info (332119): ========= =================== =====================
    Info (332119):     1.052               0.000 altera_reserved_tck 
    Info (332119):     1.824               0.000 u_usb_pll|u_altpll|auto_generated|pll1|clk[0] 
    Info (332119):     2.535               0.000 clk 
Info (332146): Worst-case minimum pulse width slack is 9.572
    Info (332119):     Slack       End Point TNS Clock 
    Info (332119): ========= =================== =====================
    Info (332119):     9.572               0.000 clk 
    Info (332119):    41.400               0.000 u_usb_pll|u_altpll|auto_generated|pll1|clk[0] 
    Info (332119):    49.632               0.000 altera_reserved_tck 
Info (332114): Report Metastability: Found 18 synchronizer chains.
    Info (332114): The design MTBF is not calculated because there are no specified synchronizers in the design.
    Info (332114): Number of Synchronizer Chains Found: 18
    Info (332114): Shortest Synchronizer Chain: 2 Registers
    Info (332114): Fraction of Chains for which MTBFs Could Not be Calculated: 1.000
    Info (332114): Worst Case Available Settling Time: 18.949 ns
    Info (332114): 
Info: Analyzing Fast 1200mV 0C Model
Info (332097): The following timing edges are non-unate.  The Timing Analyzer will assume pos-unate behavior for these edges in the clock network.
    Info (332098): Cell: altera_internal_jtag  from: tck  to: tckutap
Info (332123): Deriving Clock Uncertainty. Please refer to report_sdc in the Timing Analyzer to see clock uncertainties.
Info (332146): Worst-case setup slack is 17.337
    Info (332119):     Slack       End Point TNS Clock 
    Info (332119): ========= =================== =====================
    Info (332119):    17.337               0.000 clk 
    Info (332119):    48.921               0.000 altera_reserved_tck 
    Info (332119):    75.474               0.000 u_usb_pll|u_altpll|auto_generated|pll1|clk[0] 
Info (332146): Worst-case hold slack is 0.106
    Info (332119):     Slack       End Point TNS Clock 
    Info (332119): ========= =================== =====================
    Info (332119):     0.106               0.000 clk 
    Info (332119):     0.151               0.000 altera_reserved_tck 
    Info (332119):     0.151               0.000 u_usb_pll|u_altpll|auto_generated|pll1|clk[0] 
Info (332146): Worst-case recovery slack is 18.311
    Info (332119):     Slack       End Point TNS Clock 
    Info (332119): ========= =================== =====================
    Info (332119):    18.311               0.000 clk 
    Info (332119):    49.476               0.000 altera_reserved_tck 
    Info (332119):    81.688               0.000 u_usb_pll|u_altpll|auto_generated|pll1|clk[0] 
Info (332146): Worst-case removal slack is 0.472
    Info (332119):     Slack       End Point TNS Clock 
    Info (332119): ========= =================== =====================
    Info (332119):     0.472               0.000 altera_reserved_tck 
    Info (332119):     0.845               0.000 u_usb_pll|u_altpll|auto_generated|pll1|clk[0] 
    Info (332119):     1.202               0.000 clk 
Info (332146): Worst-case minimum pulse width slack is 9.271
    Info (332119):     Slack       End Point TNS Clock 
    Info (332119): ========= =================== =====================
    Info (332119):     9.271               0.000 clk 
    Info (332119):    41.449               0.000 u_usb_pll|u_altpll|auto_generated|pll1|clk[0] 
    Info (332119):    49.286               0.000 altera_reserved_tck 
Info (332114): Report Metastability: Found 18 synchronizer chains.
    Info (332114): The design MTBF is not calculated because there are no specified synchronizers in the design.
    Info (332114): Number of Synchronizer Chains Found: 18
    Info (332114): Shortest Synchronizer Chain: 2 Registers
    Info (332114): Fraction of Chains for which MTBFs Could Not be Calculated: 1.000
    Info (332114): Worst Case Available Settling Time: 19.530 ns
    Info (332114): 
Info (332102): Design is not fully constrained for setup requirements
Info (332102): Design is not fully constrained for hold requirements
Info: Quartus Prime Timing Analyzer was successful. 0 errors, 16 warnings
    Info: Peak virtual memory: 4960 megabytes
    Info: Processing ended: Mon Sep 21 20:00:57 2026
    Info: Elapsed time: 00:00:06
    Info: Total CPU time (on all processors): 00:00:05


