Analysis & Synthesis report for usb_host
Thu Sep 17 01:31:54 2026
Quartus Prime Version 25.1std.0 Build 1129 10/21/2025 SC Lite Edition


---------------------
; Table of Contents ;
---------------------
  1. Legal Notice
  2. Analysis & Synthesis Summary
  3. Analysis & Synthesis Settings
  4. Parallel Compilation
  5. Analysis & Synthesis Source Files Read
  6. Analysis & Synthesis Resource Usage Summary
  7. Analysis & Synthesis Resource Utilization by Entity
  8. Analysis & Synthesis RAM Summary
  9. Analysis & Synthesis IP Cores Summary
 10. State Machine - |top|jtag_uart_tx:u_jtag_uart_tx|state
 11. State Machine - |top|usb_hid_host:g_usb_ch1.u_usb_hid_host|ukp:ukp|mbit
 12. State Machine - |top|usb_hid_host:g_usb_ch1.u_usb_hid_host|ukp:ukp|state
 13. Registers Protected by Synthesis
 14. Registers Removed During Synthesis
 15. Removed Registers Triggering Further Register Optimizations
 16. General Register Statistics
 17. Inverted Register Statistics
 18. Multiplexer Restructuring Statistics (Restructuring Performed)
 19. Source assignments for jtag_uart_tx:u_jtag_uart_tx|altera_avalon_jtag_uart:u_jtag_uart|altera_avalon_jtag_uart_scfifo_w:altera_avalon_jtag_uart_scfifo_w|scfifo:wfifo|scfifo_7131:auto_generated|a_dpfifo_bb01:dpfifo|altsyncram_dtn1:FIFOram
 20. Source assignments for jtag_uart_tx:u_jtag_uart_tx|altera_avalon_jtag_uart:u_jtag_uart|altera_avalon_jtag_uart_scfifo_r:altera_avalon_jtag_uart_scfifo_r|scfifo:rfifo|scfifo_7131:auto_generated|a_dpfifo_bb01:dpfifo|altsyncram_dtn1:FIFOram
 21. Parameter Settings for User Entity Instance: Top-level Entity: |top
 22. Parameter Settings for User Entity Instance: usb_pll_12mhz:u_usb_pll|altpll:u_altpll
 23. Parameter Settings for User Entity Instance: reset_sync:u_rst_sys
 24. Parameter Settings for User Entity Instance: reset_sync:u_rst_usb
 25. Parameter Settings for User Entity Instance: usb_hid_host:g_usb_ch1.u_usb_hid_host|ukp:ukp
 26. Parameter Settings for User Entity Instance: cdc_byte_strobe:u_usb_to_sys_char
 27. Parameter Settings for User Entity Instance: jtag_uart_tx:u_jtag_uart_tx
 28. Parameter Settings for User Entity Instance: jtag_uart_tx:u_jtag_uart_tx|altera_avalon_jtag_uart:u_jtag_uart
 29. Parameter Settings for User Entity Instance: jtag_uart_tx:u_jtag_uart_tx|altera_avalon_jtag_uart:u_jtag_uart|altera_avalon_jtag_uart_scfifo_w:altera_avalon_jtag_uart_scfifo_w
 30. Parameter Settings for User Entity Instance: jtag_uart_tx:u_jtag_uart_tx|altera_avalon_jtag_uart:u_jtag_uart|altera_avalon_jtag_uart_scfifo_w:altera_avalon_jtag_uart_scfifo_w|scfifo:wfifo
 31. Parameter Settings for User Entity Instance: jtag_uart_tx:u_jtag_uart_tx|altera_avalon_jtag_uart:u_jtag_uart|altera_avalon_jtag_uart_scfifo_r:altera_avalon_jtag_uart_scfifo_r
 32. Parameter Settings for User Entity Instance: jtag_uart_tx:u_jtag_uart_tx|altera_avalon_jtag_uart:u_jtag_uart|altera_avalon_jtag_uart_scfifo_r:altera_avalon_jtag_uart_scfifo_r|scfifo:rfifo
 33. altpll Parameter Settings by Entity Instance
 34. scfifo Parameter Settings by Entity Instance
 35. Port Connectivity Checks: "jtag_uart_tx:u_jtag_uart_tx|altera_avalon_jtag_uart:u_jtag_uart|alt_jtag_atlantic:altera_avalon_jtag_uart_alt_jtag_atlantic"
 36. Port Connectivity Checks: "jtag_uart_tx:u_jtag_uart_tx|altera_avalon_jtag_uart:u_jtag_uart"
 37. Port Connectivity Checks: "jtag_uart_tx:u_jtag_uart_tx"
 38. Port Connectivity Checks: "cdc_byte_strobe:u_usb_to_sys_char"
 39. Port Connectivity Checks: "usb_hid_host:g_usb_ch1.u_usb_hid_host|ukp:ukp"
 40. Port Connectivity Checks: "usb_hid_host:g_usb_ch1.u_usb_hid_host"
 41. Post-Synthesis Netlist Statistics for Top Partition
 42. Elapsed Time Per Partition
 43. Analysis & Synthesis Messages



----------------
; Legal Notice ;
----------------
Copyright (C) 2025  Altera Corporation. All rights reserved.
Your use of Altera Corporation's design tools, logic functions 
and other software and tools, and any partner logic 
functions, and any output files from any of the foregoing 
(including device programming or simulation files), and any 
associated documentation or information are expressly subject 
to the terms and conditions of the Altera Program License 
Subscription Agreement, the Altera Quartus Prime License Agreement,
the Altera IP License Agreement, or other applicable license
agreement, including, without limitation, that your use is for
the sole purpose of programming logic devices manufactured by
Altera and sold by Altera or its authorized distributors.  Please
refer to the Altera Software License Subscription Agreements 
on the Quartus Prime software download page.



+--------------------------------------------------------------------------------------+
; Analysis & Synthesis Summary                                                         ;
+------------------------------------+-------------------------------------------------+
; Analysis & Synthesis Status        ; Successful - Thu Sep 17 01:31:54 2026           ;
; Quartus Prime Version              ; 25.1std.0 Build 1129 10/21/2025 SC Lite Edition ;
; Revision Name                      ; usb_host                                        ;
; Top-level Entity Name              ; top                                             ;
; Family                             ; MAX 10                                          ;
; Total logic elements               ; 1,338                                           ;
;     Total combinational functions  ; 1,095                                           ;
;     Dedicated logic registers      ; 568                                             ;
; Total registers                    ; 568                                             ;
; Total pins                         ; 16                                              ;
; Total virtual pins                 ; 0                                               ;
; Total memory bits                  ; 512                                             ;
; Embedded Multiplier 9-bit elements ; 0                                               ;
; Total PLLs                         ; 1                                               ;
; UFM blocks                         ; 0                                               ;
; ADC blocks                         ; 0                                               ;
+------------------------------------+-------------------------------------------------+


+------------------------------------------------------------------------------------------------------------+
; Analysis & Synthesis Settings                                                                              ;
+------------------------------------------------------------------+--------------------+--------------------+
; Option                                                           ; Setting            ; Default Value      ;
+------------------------------------------------------------------+--------------------+--------------------+
; Device                                                           ; 10M08SCE144C8G     ;                    ;
; Top-level entity name                                            ; top                ; usb_host           ;
; Family name                                                      ; MAX 10             ; Cyclone V          ;
; Use smart compilation                                            ; Off                ; Off                ;
; Enable parallel Assembler and Timing Analyzer during compilation ; On                 ; On                 ;
; Enable compact report table                                      ; Off                ; Off                ;
; Restructure Multiplexers                                         ; Auto               ; Auto               ;
; Create Debugging Nodes for IP Cores                              ; Off                ; Off                ;
; Preserve fewer node names                                        ; On                 ; On                 ;
; Intel FPGA IP Evaluation Mode                                    ; Enable             ; Enable             ;
; Verilog Version                                                  ; Verilog_2001       ; Verilog_2001       ;
; VHDL Version                                                     ; VHDL_1993          ; VHDL_1993          ;
; State Machine Processing                                         ; Auto               ; Auto               ;
; Safe State Machine                                               ; Off                ; Off                ;
; Extract Verilog State Machines                                   ; On                 ; On                 ;
; Extract VHDL State Machines                                      ; On                 ; On                 ;
; Ignore Verilog initial constructs                                ; Off                ; Off                ;
; Iteration limit for constant Verilog loops                       ; 5000               ; 5000               ;
; Iteration limit for non-constant Verilog loops                   ; 250                ; 250                ;
; Add Pass-Through Logic to Inferred RAMs                          ; On                 ; On                 ;
; Infer RAMs from Raw Logic                                        ; On                 ; On                 ;
; Parallel Synthesis                                               ; On                 ; On                 ;
; DSP Block Balancing                                              ; Auto               ; Auto               ;
; NOT Gate Push-Back                                               ; On                 ; On                 ;
; Power-Up Don't Care                                              ; On                 ; On                 ;
; Remove Redundant Logic Cells                                     ; Off                ; Off                ;
; Remove Duplicate Registers                                       ; On                 ; On                 ;
; Ignore CARRY Buffers                                             ; Off                ; Off                ;
; Ignore CASCADE Buffers                                           ; Off                ; Off                ;
; Ignore GLOBAL Buffers                                            ; Off                ; Off                ;
; Ignore ROW GLOBAL Buffers                                        ; Off                ; Off                ;
; Ignore LCELL Buffers                                             ; Off                ; Off                ;
; Ignore SOFT Buffers                                              ; On                 ; On                 ;
; Limit AHDL Integers to 32 Bits                                   ; Off                ; Off                ;
; Optimization Technique                                           ; Balanced           ; Balanced           ;
; Carry Chain Length                                               ; 70                 ; 70                 ;
; Auto Carry Chains                                                ; On                 ; On                 ;
; Auto Open-Drain Pins                                             ; On                 ; On                 ;
; Perform WYSIWYG Primitive Resynthesis                            ; Off                ; Off                ;
; Auto ROM Replacement                                             ; On                 ; On                 ;
; Auto RAM Replacement                                             ; On                 ; On                 ;
; Auto DSP Block Replacement                                       ; On                 ; On                 ;
; Auto Shift Register Replacement                                  ; Auto               ; Auto               ;
; Allow Shift Register Merging across Hierarchies                  ; Auto               ; Auto               ;
; Auto Clock Enable Replacement                                    ; On                 ; On                 ;
; Strict RAM Replacement                                           ; Off                ; Off                ;
; Allow Synchronous Control Signals                                ; On                 ; On                 ;
; Force Use of Synchronous Clear Signals                           ; Off                ; Off                ;
; Auto RAM Block Balancing                                         ; On                 ; On                 ;
; Auto RAM to Logic Cell Conversion                                ; Off                ; Off                ;
; Auto Resource Sharing                                            ; Off                ; Off                ;
; Allow Any RAM Size For Recognition                               ; Off                ; Off                ;
; Allow Any ROM Size For Recognition                               ; Off                ; Off                ;
; Allow Any Shift Register Size For Recognition                    ; Off                ; Off                ;
; Use LogicLock Constraints during Resource Balancing              ; On                 ; On                 ;
; Ignore translate_off and synthesis_off directives                ; Off                ; Off                ;
; Timing-Driven Synthesis                                          ; On                 ; On                 ;
; Report Parameter Settings                                        ; On                 ; On                 ;
; Report Source Assignments                                        ; On                 ; On                 ;
; Report Connectivity Checks                                       ; On                 ; On                 ;
; Ignore Maximum Fan-Out Assignments                               ; Off                ; Off                ;
; Synchronization Register Chain Length                            ; 2                  ; 2                  ;
; Power Optimization During Synthesis                              ; Normal compilation ; Normal compilation ;
; HDL message level                                                ; Level2             ; Level2             ;
; Suppress Register Optimization Related Messages                  ; Off                ; Off                ;
; Number of Removed Registers Reported in Synthesis Report         ; 5000               ; 5000               ;
; Number of Swept Nodes Reported in Synthesis Report               ; 5000               ; 5000               ;
; Number of Inverted Registers Reported in Synthesis Report        ; 100                ; 100                ;
; Clock MUX Protection                                             ; On                 ; On                 ;
; Auto Gated Clock Conversion                                      ; Off                ; Off                ;
; Block Design Naming                                              ; Auto               ; Auto               ;
; SDC constraint protection                                        ; Off                ; Off                ;
; Synthesis Effort                                                 ; Auto               ; Auto               ;
; Shift Register Replacement - Allow Asynchronous Clear Signal     ; On                 ; On                 ;
; Pre-Mapping Resynthesis Optimization                             ; Off                ; Off                ;
; Analysis & Synthesis Message Level                               ; Medium             ; Medium             ;
; Disable Register Merging Across Hierarchies                      ; Auto               ; Auto               ;
; Resource Aware Inference For Block RAM                           ; On                 ; On                 ;
+------------------------------------------------------------------+--------------------+--------------------+


+------------------------------------------+
; Parallel Compilation                     ;
+----------------------------+-------------+
; Processors                 ; Number      ;
+----------------------------+-------------+
; Number detected on machine ; 36          ;
; Maximum allowed            ; 16          ;
;                            ;             ;
; Average used               ; 1.00        ;
; Maximum used               ; 16          ;
;                            ;             ;
; Usage by Processor         ; % Time Used ;
;     Processor 1            ; 100.0%      ;
;     Processor 2            ;   0.0%      ;
;     Processor 3            ;   0.0%      ;
;     Processor 4            ;   0.0%      ;
;     Processor 5            ;   0.0%      ;
;     Processor 6            ;   0.0%      ;
;     Processor 7            ;   0.0%      ;
;     Processor 8            ;   0.0%      ;
;     Processors 9-16        ;   0.0%      ;
+----------------------------+-------------+


+-------------------------------------------------------------------------------------------------------------------------------------------------------------------------------------------------------------------------------------------------------------------------------------------------------------------------+
; Analysis & Synthesis Source Files Read                                                                                                                                                                                                                                                                                  ;
+--------------------------------------------------------------------------------------------------------------------------+-----------------+----------------------------------------------+---------------------------------------------------------------------------------------------------------------+-------------+
; File Name with User-Entered Path                                                                                         ; Used in Netlist ; File Type                                    ; File Name with Absolute Path                                                                                  ; Library     ;
+--------------------------------------------------------------------------------------------------------------------------+-----------------+----------------------------------------------+---------------------------------------------------------------------------------------------------------------+-------------+
; rtl/reset_sync.sv                                                                                                        ; yes             ; User SystemVerilog HDL File                  ; H:/git/PCB_CQmax10/CQmax10/sample/usb_host/rtl/reset_sync.sv                                                  ;             ;
; rtl/usb_pll_12mhz.sv                                                                                                     ; yes             ; User SystemVerilog HDL File                  ; H:/git/PCB_CQmax10/CQmax10/sample/usb_host/rtl/usb_pll_12mhz.sv                                               ;             ;
; rtl/hid_keyboard_ascii.sv                                                                                                ; yes             ; User SystemVerilog HDL File                  ; H:/git/PCB_CQmax10/CQmax10/sample/usb_host/rtl/hid_keyboard_ascii.sv                                          ;             ;
; rtl/cdc_byte_strobe.sv                                                                                                   ; yes             ; User SystemVerilog HDL File                  ; H:/git/PCB_CQmax10/CQmax10/sample/usb_host/rtl/cdc_byte_strobe.sv                                             ;             ;
; rtl/jtag_uart_tx.sv                                                                                                      ; yes             ; User SystemVerilog HDL File                  ; H:/git/PCB_CQmax10/CQmax10/sample/usb_host/rtl/jtag_uart_tx.sv                                                ;             ;
; rtl/top.sv                                                                                                               ; yes             ; User SystemVerilog HDL File                  ; H:/git/PCB_CQmax10/CQmax10/sample/usb_host/rtl/top.sv                                                         ;             ;
; rtl/third_party/nand2mario/usb_hid_host.v                                                                                ; yes             ; User Verilog HDL File                        ; H:/git/PCB_CQmax10/CQmax10/sample/usb_host/rtl/third_party/nand2mario/usb_hid_host.v                          ;             ;
; rtl/third_party/nand2mario/usb_hid_host_rom.v                                                                            ; yes             ; User Verilog HDL File                        ; H:/git/PCB_CQmax10/CQmax10/sample/usb_host/rtl/third_party/nand2mario/usb_hid_host_rom.v                      ;             ;
; ../../../../../altera_lite/25.1std/ip/altera/sopc_builder_ip/altera_avalon_jtag_uart/altera_avalon_jtag_uart.sv          ; yes             ; User SystemVerilog HDL File                  ; H:/altera_lite/25.1std/ip/altera/sopc_builder_ip/altera_avalon_jtag_uart/altera_avalon_jtag_uart.sv           ;             ;
; ../../../../../altera_lite/25.1std/ip/altera/sopc_builder_ip/altera_avalon_jtag_uart/altera_avalon_jtag_uart_scfifo_w.sv ; yes             ; User SystemVerilog HDL File                  ; H:/altera_lite/25.1std/ip/altera/sopc_builder_ip/altera_avalon_jtag_uart/altera_avalon_jtag_uart_scfifo_w.sv  ;             ;
; ../../../../../altera_lite/25.1std/ip/altera/sopc_builder_ip/altera_avalon_jtag_uart/altera_avalon_jtag_uart_scfifo_r.sv ; yes             ; User SystemVerilog HDL File                  ; H:/altera_lite/25.1std/ip/altera/sopc_builder_ip/altera_avalon_jtag_uart/altera_avalon_jtag_uart_scfifo_r.sv  ;             ;
; rtl/third_party/nand2mario/usb_hid_host_rom.hex                                                                          ; yes             ; Auto-Found Hexadecimal (Intel-Format) File   ; H:/git/PCB_CQmax10/CQmax10/sample/usb_host/rtl/third_party/nand2mario/usb_hid_host_rom.hex                    ;             ;
; altpll.tdf                                                                                                               ; yes             ; Megafunction                                 ; h:/altera_lite/25.1std/quartus/libraries/megafunctions/altpll.tdf                                             ;             ;
; aglobal251.inc                                                                                                           ; yes             ; Megafunction                                 ; h:/altera_lite/25.1std/quartus/libraries/megafunctions/aglobal251.inc                                         ;             ;
; stratix_pll.inc                                                                                                          ; yes             ; Megafunction                                 ; h:/altera_lite/25.1std/quartus/libraries/megafunctions/stratix_pll.inc                                        ;             ;
; stratixii_pll.inc                                                                                                        ; yes             ; Megafunction                                 ; h:/altera_lite/25.1std/quartus/libraries/megafunctions/stratixii_pll.inc                                      ;             ;
; cycloneii_pll.inc                                                                                                        ; yes             ; Megafunction                                 ; h:/altera_lite/25.1std/quartus/libraries/megafunctions/cycloneii_pll.inc                                      ;             ;
; db/altpll_6dr.tdf                                                                                                        ; yes             ; Auto-Generated Megafunction                  ; H:/git/PCB_CQmax10/CQmax10/sample/usb_host/db/altpll_6dr.tdf                                                  ;             ;
; scfifo.tdf                                                                                                               ; yes             ; Megafunction                                 ; h:/altera_lite/25.1std/quartus/libraries/megafunctions/scfifo.tdf                                             ;             ;
; a_regfifo.inc                                                                                                            ; yes             ; Megafunction                                 ; h:/altera_lite/25.1std/quartus/libraries/megafunctions/a_regfifo.inc                                          ;             ;
; a_dpfifo.inc                                                                                                             ; yes             ; Megafunction                                 ; h:/altera_lite/25.1std/quartus/libraries/megafunctions/a_dpfifo.inc                                           ;             ;
; a_i2fifo.inc                                                                                                             ; yes             ; Megafunction                                 ; h:/altera_lite/25.1std/quartus/libraries/megafunctions/a_i2fifo.inc                                           ;             ;
; a_fffifo.inc                                                                                                             ; yes             ; Megafunction                                 ; h:/altera_lite/25.1std/quartus/libraries/megafunctions/a_fffifo.inc                                           ;             ;
; a_f2fifo.inc                                                                                                             ; yes             ; Megafunction                                 ; h:/altera_lite/25.1std/quartus/libraries/megafunctions/a_f2fifo.inc                                           ;             ;
; db/scfifo_7131.tdf                                                                                                       ; yes             ; Auto-Generated Megafunction                  ; H:/git/PCB_CQmax10/CQmax10/sample/usb_host/db/scfifo_7131.tdf                                                 ;             ;
; db/a_dpfifo_bb01.tdf                                                                                                     ; yes             ; Auto-Generated Megafunction                  ; H:/git/PCB_CQmax10/CQmax10/sample/usb_host/db/a_dpfifo_bb01.tdf                                               ;             ;
; db/a_fefifo_7cf.tdf                                                                                                      ; yes             ; Auto-Generated Megafunction                  ; H:/git/PCB_CQmax10/CQmax10/sample/usb_host/db/a_fefifo_7cf.tdf                                                ;             ;
; db/cntr_337.tdf                                                                                                          ; yes             ; Auto-Generated Megafunction                  ; H:/git/PCB_CQmax10/CQmax10/sample/usb_host/db/cntr_337.tdf                                                    ;             ;
; db/altsyncram_dtn1.tdf                                                                                                   ; yes             ; Auto-Generated Megafunction                  ; H:/git/PCB_CQmax10/CQmax10/sample/usb_host/db/altsyncram_dtn1.tdf                                             ;             ;
; db/cntr_n2b.tdf                                                                                                          ; yes             ; Auto-Generated Megafunction                  ; H:/git/PCB_CQmax10/CQmax10/sample/usb_host/db/cntr_n2b.tdf                                                    ;             ;
; alt_jtag_atlantic.v                                                                                                      ; yes             ; Encrypted Megafunction                       ; h:/altera_lite/25.1std/quartus/libraries/megafunctions/alt_jtag_atlantic.v                                    ;             ;
; sld_jtag_endpoint_adapter.vhd                                                                                            ; yes             ; Encrypted Megafunction                       ; h:/altera_lite/25.1std/quartus/libraries/megafunctions/sld_jtag_endpoint_adapter.vhd                          ;             ;
; sld_jtag_endpoint_adapter_impl.sv                                                                                        ; yes             ; Encrypted Megafunction                       ; h:/altera_lite/25.1std/quartus/libraries/megafunctions/sld_jtag_endpoint_adapter_impl.sv                      ;             ;
; sld_hub.vhd                                                                                                              ; yes             ; Encrypted Megafunction                       ; h:/altera_lite/25.1std/quartus/libraries/megafunctions/sld_hub.vhd                                            ; altera_sld  ;
; db/ip/sld5af6716d/alt_sld_fab.v                                                                                          ; yes             ; Encrypted Auto-Found Verilog HDL File        ; H:/git/PCB_CQmax10/CQmax10/sample/usb_host/db/ip/sld5af6716d/alt_sld_fab.v                                    ; alt_sld_fab ;
; db/ip/sld5af6716d/submodules/alt_sld_fab_alt_sld_fab.v                                                                   ; yes             ; Encrypted Auto-Found Verilog HDL File        ; H:/git/PCB_CQmax10/CQmax10/sample/usb_host/db/ip/sld5af6716d/submodules/alt_sld_fab_alt_sld_fab.v             ; alt_sld_fab ;
; db/ip/sld5af6716d/submodules/alt_sld_fab_alt_sld_fab_ident.sv                                                            ; yes             ; Auto-Found SystemVerilog HDL File            ; H:/git/PCB_CQmax10/CQmax10/sample/usb_host/db/ip/sld5af6716d/submodules/alt_sld_fab_alt_sld_fab_ident.sv      ; alt_sld_fab ;
; db/ip/sld5af6716d/submodules/alt_sld_fab_alt_sld_fab_presplit.sv                                                         ; yes             ; Encrypted Auto-Found SystemVerilog HDL File  ; H:/git/PCB_CQmax10/CQmax10/sample/usb_host/db/ip/sld5af6716d/submodules/alt_sld_fab_alt_sld_fab_presplit.sv   ; alt_sld_fab ;
; db/ip/sld5af6716d/submodules/alt_sld_fab_alt_sld_fab_sldfabric.vhd                                                       ; yes             ; Encrypted Auto-Found VHDL File               ; H:/git/PCB_CQmax10/CQmax10/sample/usb_host/db/ip/sld5af6716d/submodules/alt_sld_fab_alt_sld_fab_sldfabric.vhd ; alt_sld_fab ;
; db/ip/sld5af6716d/submodules/alt_sld_fab_alt_sld_fab_splitter.sv                                                         ; yes             ; Encrypted Auto-Found SystemVerilog HDL File  ; H:/git/PCB_CQmax10/CQmax10/sample/usb_host/db/ip/sld5af6716d/submodules/alt_sld_fab_alt_sld_fab_splitter.sv   ; alt_sld_fab ;
; sld_jtag_hub.vhd                                                                                                         ; yes             ; Encrypted Megafunction                       ; h:/altera_lite/25.1std/quartus/libraries/megafunctions/sld_jtag_hub.vhd                                       ;             ;
; sld_rom_sr.vhd                                                                                                           ; yes             ; Encrypted Megafunction                       ; h:/altera_lite/25.1std/quartus/libraries/megafunctions/sld_rom_sr.vhd                                         ;             ;
+--------------------------------------------------------------------------------------------------------------------------+-----------------+----------------------------------------------+---------------------------------------------------------------------------------------------------------------+-------------+


+------------------------------------------------------------------------------------------------------------------------+
; Analysis & Synthesis Resource Usage Summary                                                                            ;
+---------------------------------------------+--------------------------------------------------------------------------+
; Resource                                    ; Usage                                                                    ;
+---------------------------------------------+--------------------------------------------------------------------------+
; Estimated Total logic elements              ; 1,338                                                                    ;
;                                             ;                                                                          ;
; Total combinational functions               ; 1095                                                                     ;
; Logic element usage by number of LUT inputs ;                                                                          ;
;     -- 4 input functions                    ; 658                                                                      ;
;     -- 3 input functions                    ; 181                                                                      ;
;     -- <=2 input functions                  ; 256                                                                      ;
;                                             ;                                                                          ;
; Logic elements by mode                      ;                                                                          ;
;     -- normal mode                          ; 959                                                                      ;
;     -- arithmetic mode                      ; 136                                                                      ;
;                                             ;                                                                          ;
; Total registers                             ; 568                                                                      ;
;     -- Dedicated logic registers            ; 568                                                                      ;
;     -- I/O registers                        ; 0                                                                        ;
;                                             ;                                                                          ;
; I/O pins                                    ; 16                                                                       ;
; Total memory bits                           ; 512                                                                      ;
;                                             ;                                                                          ;
; Embedded Multiplier 9-bit elements          ; 0                                                                        ;
;                                             ;                                                                          ;
; Total PLLs                                  ; 1                                                                        ;
;     -- PLLs                                 ; 1                                                                        ;
;                                             ;                                                                          ;
; Maximum fan-out node                        ; usb_pll_12mhz:u_usb_pll|altpll:u_altpll|altpll_6dr:auto_generated|clk[0] ;
; Maximum fan-out                             ; 353                                                                      ;
; Total fan-out                               ; 5680                                                                     ;
; Average fan-out                             ; 3.31                                                                     ;
+---------------------------------------------+--------------------------------------------------------------------------+


+---------------------------------------------------------------------------------------------------------------------------------------------------------------------------------------------------------------------------------------------------------------------------------------------------------------------------------------------------------------------------------------------------------------------------------------------------------------------------------------------------------------------------------------------------------------------------------------------------------------------------------------------------------------------------------------------------+
; Analysis & Synthesis Resource Utilization by Entity                                                                                                                                                                                                                                                                                                                                                                                                                                                                                                                                                                                                                                               ;
+-----------------------------------------------------------------------------------------------------------------------------------------+---------------------+---------------------------+-------------+------------+--------------+---------+-----------+------+--------------+------------+-------------------------------------------------------------------------------------------------------------------------------------------------------------------------------------------------------------------------------------------------------------------------------------------------------------------------------------------------+-----------------------------------+--------------+
; Compilation Hierarchy Node                                                                                                              ; Combinational ALUTs ; Dedicated Logic Registers ; Memory Bits ; UFM Blocks ; DSP Elements ; DSP 9x9 ; DSP 18x18 ; Pins ; Virtual Pins ; ADC blocks ; Full Hierarchy Name                                                                                                                                                                                                                                                                                                                             ; Entity Name                       ; Library Name ;
+-----------------------------------------------------------------------------------------------------------------------------------------+---------------------+---------------------------+-------------+------------+--------------+---------+-----------+------+--------------+------------+-------------------------------------------------------------------------------------------------------------------------------------------------------------------------------------------------------------------------------------------------------------------------------------------------------------------------------------------------+-----------------------------------+--------------+
; |top                                                                                                                                    ; 1095 (54)           ; 568 (36)                  ; 512         ; 0          ; 0            ; 0       ; 0         ; 16   ; 0            ; 0          ; |top                                                                                                                                                                                                                                                                                                                                            ; top                               ; work         ;
;    |cdc_byte_strobe:u_usb_to_sys_char|                                                                                                  ; 5 (5)               ; 25 (25)                   ; 0           ; 0          ; 0            ; 0       ; 0         ; 0    ; 0            ; 0          ; |top|cdc_byte_strobe:u_usb_to_sys_char                                                                                                                                                                                                                                                                                                          ; cdc_byte_strobe                   ; work         ;
;    |hid_keyboard_ascii:u_hid_keyboard_ascii|                                                                                            ; 255 (255)           ; 42 (42)                   ; 0           ; 0          ; 0            ; 0       ; 0         ; 0    ; 0            ; 0          ; |top|hid_keyboard_ascii:u_hid_keyboard_ascii                                                                                                                                                                                                                                                                                                    ; hid_keyboard_ascii                ; work         ;
;    |jtag_uart_tx:u_jtag_uart_tx|                                                                                                        ; 108 (14)            ; 92 (12)                   ; 512         ; 0          ; 0            ; 0       ; 0         ; 0    ; 0            ; 0          ; |top|jtag_uart_tx:u_jtag_uart_tx                                                                                                                                                                                                                                                                                                                ; jtag_uart_tx                      ; work         ;
;       |altera_avalon_jtag_uart:u_jtag_uart|                                                                                             ; 94 (11)             ; 80 (4)                    ; 512         ; 0          ; 0            ; 0       ; 0         ; 0    ; 0            ; 0          ; |top|jtag_uart_tx:u_jtag_uart_tx|altera_avalon_jtag_uart:u_jtag_uart                                                                                                                                                                                                                                                                            ; altera_avalon_jtag_uart           ; work         ;
;          |alt_jtag_atlantic:altera_avalon_jtag_uart_alt_jtag_atlantic|                                                                  ; 47 (47)             ; 48 (48)                   ; 0           ; 0          ; 0            ; 0       ; 0         ; 0    ; 0            ; 0          ; |top|jtag_uart_tx:u_jtag_uart_tx|altera_avalon_jtag_uart:u_jtag_uart|alt_jtag_atlantic:altera_avalon_jtag_uart_alt_jtag_atlantic                                                                                                                                                                                                                ; alt_jtag_atlantic                 ; work         ;
;          |altera_avalon_jtag_uart_scfifo_r:altera_avalon_jtag_uart_scfifo_r|                                                            ; 11 (0)              ; 8 (0)                     ; 0           ; 0          ; 0            ; 0       ; 0         ; 0    ; 0            ; 0          ; |top|jtag_uart_tx:u_jtag_uart_tx|altera_avalon_jtag_uart:u_jtag_uart|altera_avalon_jtag_uart_scfifo_r:altera_avalon_jtag_uart_scfifo_r                                                                                                                                                                                                          ; altera_avalon_jtag_uart_scfifo_r  ; work         ;
;             |scfifo:rfifo|                                                                                                              ; 11 (0)              ; 8 (0)                     ; 0           ; 0          ; 0            ; 0       ; 0         ; 0    ; 0            ; 0          ; |top|jtag_uart_tx:u_jtag_uart_tx|altera_avalon_jtag_uart:u_jtag_uart|altera_avalon_jtag_uart_scfifo_r:altera_avalon_jtag_uart_scfifo_r|scfifo:rfifo                                                                                                                                                                                             ; scfifo                            ; work         ;
;                |scfifo_7131:auto_generated|                                                                                             ; 11 (0)              ; 8 (0)                     ; 0           ; 0          ; 0            ; 0       ; 0         ; 0    ; 0            ; 0          ; |top|jtag_uart_tx:u_jtag_uart_tx|altera_avalon_jtag_uart:u_jtag_uart|altera_avalon_jtag_uart_scfifo_r:altera_avalon_jtag_uart_scfifo_r|scfifo:rfifo|scfifo_7131:auto_generated                                                                                                                                                                  ; scfifo_7131                       ; work         ;
;                   |a_dpfifo_bb01:dpfifo|                                                                                                ; 11 (0)              ; 8 (0)                     ; 0           ; 0          ; 0            ; 0       ; 0         ; 0    ; 0            ; 0          ; |top|jtag_uart_tx:u_jtag_uart_tx|altera_avalon_jtag_uart:u_jtag_uart|altera_avalon_jtag_uart_scfifo_r:altera_avalon_jtag_uart_scfifo_r|scfifo:rfifo|scfifo_7131:auto_generated|a_dpfifo_bb01:dpfifo                                                                                                                                             ; a_dpfifo_bb01                     ; work         ;
;                      |a_fefifo_7cf:fifo_state|                                                                                          ; 11 (5)              ; 8 (2)                     ; 0           ; 0          ; 0            ; 0       ; 0         ; 0    ; 0            ; 0          ; |top|jtag_uart_tx:u_jtag_uart_tx|altera_avalon_jtag_uart:u_jtag_uart|altera_avalon_jtag_uart_scfifo_r:altera_avalon_jtag_uart_scfifo_r|scfifo:rfifo|scfifo_7131:auto_generated|a_dpfifo_bb01:dpfifo|a_fefifo_7cf:fifo_state                                                                                                                     ; a_fefifo_7cf                      ; work         ;
;                         |cntr_337:count_usedw|                                                                                          ; 6 (6)               ; 6 (6)                     ; 0           ; 0          ; 0            ; 0       ; 0         ; 0    ; 0            ; 0          ; |top|jtag_uart_tx:u_jtag_uart_tx|altera_avalon_jtag_uart:u_jtag_uart|altera_avalon_jtag_uart_scfifo_r:altera_avalon_jtag_uart_scfifo_r|scfifo:rfifo|scfifo_7131:auto_generated|a_dpfifo_bb01:dpfifo|a_fefifo_7cf:fifo_state|cntr_337:count_usedw                                                                                                ; cntr_337                          ; work         ;
;          |altera_avalon_jtag_uart_scfifo_w:altera_avalon_jtag_uart_scfifo_w|                                                            ; 25 (0)              ; 20 (0)                    ; 512         ; 0          ; 0            ; 0       ; 0         ; 0    ; 0            ; 0          ; |top|jtag_uart_tx:u_jtag_uart_tx|altera_avalon_jtag_uart:u_jtag_uart|altera_avalon_jtag_uart_scfifo_w:altera_avalon_jtag_uart_scfifo_w                                                                                                                                                                                                          ; altera_avalon_jtag_uart_scfifo_w  ; work         ;
;             |scfifo:wfifo|                                                                                                              ; 25 (0)              ; 20 (0)                    ; 512         ; 0          ; 0            ; 0       ; 0         ; 0    ; 0            ; 0          ; |top|jtag_uart_tx:u_jtag_uart_tx|altera_avalon_jtag_uart:u_jtag_uart|altera_avalon_jtag_uart_scfifo_w:altera_avalon_jtag_uart_scfifo_w|scfifo:wfifo                                                                                                                                                                                             ; scfifo                            ; work         ;
;                |scfifo_7131:auto_generated|                                                                                             ; 25 (0)              ; 20 (0)                    ; 512         ; 0          ; 0            ; 0       ; 0         ; 0    ; 0            ; 0          ; |top|jtag_uart_tx:u_jtag_uart_tx|altera_avalon_jtag_uart:u_jtag_uart|altera_avalon_jtag_uart_scfifo_w:altera_avalon_jtag_uart_scfifo_w|scfifo:wfifo|scfifo_7131:auto_generated                                                                                                                                                                  ; scfifo_7131                       ; work         ;
;                   |a_dpfifo_bb01:dpfifo|                                                                                                ; 25 (0)              ; 20 (0)                    ; 512         ; 0          ; 0            ; 0       ; 0         ; 0    ; 0            ; 0          ; |top|jtag_uart_tx:u_jtag_uart_tx|altera_avalon_jtag_uart:u_jtag_uart|altera_avalon_jtag_uart_scfifo_w:altera_avalon_jtag_uart_scfifo_w|scfifo:wfifo|scfifo_7131:auto_generated|a_dpfifo_bb01:dpfifo                                                                                                                                             ; a_dpfifo_bb01                     ; work         ;
;                      |a_fefifo_7cf:fifo_state|                                                                                          ; 13 (7)              ; 8 (2)                     ; 0           ; 0          ; 0            ; 0       ; 0         ; 0    ; 0            ; 0          ; |top|jtag_uart_tx:u_jtag_uart_tx|altera_avalon_jtag_uart:u_jtag_uart|altera_avalon_jtag_uart_scfifo_w:altera_avalon_jtag_uart_scfifo_w|scfifo:wfifo|scfifo_7131:auto_generated|a_dpfifo_bb01:dpfifo|a_fefifo_7cf:fifo_state                                                                                                                     ; a_fefifo_7cf                      ; work         ;
;                         |cntr_337:count_usedw|                                                                                          ; 6 (6)               ; 6 (6)                     ; 0           ; 0          ; 0            ; 0       ; 0         ; 0    ; 0            ; 0          ; |top|jtag_uart_tx:u_jtag_uart_tx|altera_avalon_jtag_uart:u_jtag_uart|altera_avalon_jtag_uart_scfifo_w:altera_avalon_jtag_uart_scfifo_w|scfifo:wfifo|scfifo_7131:auto_generated|a_dpfifo_bb01:dpfifo|a_fefifo_7cf:fifo_state|cntr_337:count_usedw                                                                                                ; cntr_337                          ; work         ;
;                      |altsyncram_dtn1:FIFOram|                                                                                          ; 0 (0)               ; 0 (0)                     ; 512         ; 0          ; 0            ; 0       ; 0         ; 0    ; 0            ; 0          ; |top|jtag_uart_tx:u_jtag_uart_tx|altera_avalon_jtag_uart:u_jtag_uart|altera_avalon_jtag_uart_scfifo_w:altera_avalon_jtag_uart_scfifo_w|scfifo:wfifo|scfifo_7131:auto_generated|a_dpfifo_bb01:dpfifo|altsyncram_dtn1:FIFOram                                                                                                                     ; altsyncram_dtn1                   ; work         ;
;                      |cntr_n2b:rd_ptr_count|                                                                                            ; 6 (6)               ; 6 (6)                     ; 0           ; 0          ; 0            ; 0       ; 0         ; 0    ; 0            ; 0          ; |top|jtag_uart_tx:u_jtag_uart_tx|altera_avalon_jtag_uart:u_jtag_uart|altera_avalon_jtag_uart_scfifo_w:altera_avalon_jtag_uart_scfifo_w|scfifo:wfifo|scfifo_7131:auto_generated|a_dpfifo_bb01:dpfifo|cntr_n2b:rd_ptr_count                                                                                                                       ; cntr_n2b                          ; work         ;
;                      |cntr_n2b:wr_ptr|                                                                                                  ; 6 (6)               ; 6 (6)                     ; 0           ; 0          ; 0            ; 0       ; 0         ; 0    ; 0            ; 0          ; |top|jtag_uart_tx:u_jtag_uart_tx|altera_avalon_jtag_uart:u_jtag_uart|altera_avalon_jtag_uart_scfifo_w:altera_avalon_jtag_uart_scfifo_w|scfifo:wfifo|scfifo_7131:auto_generated|a_dpfifo_bb01:dpfifo|cntr_n2b:wr_ptr                                                                                                                             ; cntr_n2b                          ; work         ;
;    |reset_sync:u_rst_sys|                                                                                                               ; 0 (0)               ; 2 (2)                     ; 0           ; 0          ; 0            ; 0       ; 0         ; 0    ; 0            ; 0          ; |top|reset_sync:u_rst_sys                                                                                                                                                                                                                                                                                                                       ; reset_sync                        ; work         ;
;    |reset_sync:u_rst_usb|                                                                                                               ; 0 (0)               ; 2 (2)                     ; 0           ; 0          ; 0            ; 0       ; 0         ; 0    ; 0            ; 0          ; |top|reset_sync:u_rst_usb                                                                                                                                                                                                                                                                                                                       ; reset_sync                        ; work         ;
;    |sld_hub:auto_hub|                                                                                                                   ; 118 (1)             ; 75 (0)                    ; 0           ; 0          ; 0            ; 0       ; 0         ; 0    ; 0            ; 0          ; |top|sld_hub:auto_hub                                                                                                                                                                                                                                                                                                                           ; sld_hub                           ; altera_sld   ;
;       |alt_sld_fab_with_jtag_input:\instrumentation_fabric_with_node_gen:fabric_gen_new_way:with_jtag_input_gen:instrumentation_fabric| ; 117 (0)             ; 75 (0)                    ; 0           ; 0          ; 0            ; 0       ; 0         ; 0    ; 0            ; 0          ; |top|sld_hub:auto_hub|alt_sld_fab_with_jtag_input:\instrumentation_fabric_with_node_gen:fabric_gen_new_way:with_jtag_input_gen:instrumentation_fabric                                                                                                                                                                                           ; alt_sld_fab_with_jtag_input       ; altera_sld   ;
;          |alt_sld_fab:instrumentation_fabric|                                                                                           ; 117 (0)             ; 75 (0)                    ; 0           ; 0          ; 0            ; 0       ; 0         ; 0    ; 0            ; 0          ; |top|sld_hub:auto_hub|alt_sld_fab_with_jtag_input:\instrumentation_fabric_with_node_gen:fabric_gen_new_way:with_jtag_input_gen:instrumentation_fabric|alt_sld_fab:instrumentation_fabric                                                                                                                                                        ; alt_sld_fab                       ; alt_sld_fab  ;
;             |alt_sld_fab_alt_sld_fab:alt_sld_fab|                                                                                       ; 117 (1)             ; 75 (5)                    ; 0           ; 0          ; 0            ; 0       ; 0         ; 0    ; 0            ; 0          ; |top|sld_hub:auto_hub|alt_sld_fab_with_jtag_input:\instrumentation_fabric_with_node_gen:fabric_gen_new_way:with_jtag_input_gen:instrumentation_fabric|alt_sld_fab:instrumentation_fabric|alt_sld_fab_alt_sld_fab:alt_sld_fab                                                                                                                    ; alt_sld_fab_alt_sld_fab           ; alt_sld_fab  ;
;                |alt_sld_fab_alt_sld_fab_sldfabric:sldfabric|                                                                            ; 116 (0)             ; 70 (0)                    ; 0           ; 0          ; 0            ; 0       ; 0         ; 0    ; 0            ; 0          ; |top|sld_hub:auto_hub|alt_sld_fab_with_jtag_input:\instrumentation_fabric_with_node_gen:fabric_gen_new_way:with_jtag_input_gen:instrumentation_fabric|alt_sld_fab:instrumentation_fabric|alt_sld_fab_alt_sld_fab:alt_sld_fab|alt_sld_fab_alt_sld_fab_sldfabric:sldfabric                                                                        ; alt_sld_fab_alt_sld_fab_sldfabric ; alt_sld_fab  ;
;                   |sld_jtag_hub:\jtag_hub_gen:real_sld_jtag_hub|                                                                        ; 116 (77)            ; 70 (42)                   ; 0           ; 0          ; 0            ; 0       ; 0         ; 0    ; 0            ; 0          ; |top|sld_hub:auto_hub|alt_sld_fab_with_jtag_input:\instrumentation_fabric_with_node_gen:fabric_gen_new_way:with_jtag_input_gen:instrumentation_fabric|alt_sld_fab:instrumentation_fabric|alt_sld_fab_alt_sld_fab:alt_sld_fab|alt_sld_fab_alt_sld_fab_sldfabric:sldfabric|sld_jtag_hub:\jtag_hub_gen:real_sld_jtag_hub                           ; sld_jtag_hub                      ; work         ;
;                      |sld_rom_sr:hub_info_reg|                                                                                          ; 21 (21)             ; 9 (9)                     ; 0           ; 0          ; 0            ; 0       ; 0         ; 0    ; 0            ; 0          ; |top|sld_hub:auto_hub|alt_sld_fab_with_jtag_input:\instrumentation_fabric_with_node_gen:fabric_gen_new_way:with_jtag_input_gen:instrumentation_fabric|alt_sld_fab:instrumentation_fabric|alt_sld_fab_alt_sld_fab:alt_sld_fab|alt_sld_fab_alt_sld_fab_sldfabric:sldfabric|sld_jtag_hub:\jtag_hub_gen:real_sld_jtag_hub|sld_rom_sr:hub_info_reg   ; sld_rom_sr                        ; work         ;
;                      |sld_shadow_jsm:shadow_jsm|                                                                                        ; 18 (18)             ; 19 (19)                   ; 0           ; 0          ; 0            ; 0       ; 0         ; 0    ; 0            ; 0          ; |top|sld_hub:auto_hub|alt_sld_fab_with_jtag_input:\instrumentation_fabric_with_node_gen:fabric_gen_new_way:with_jtag_input_gen:instrumentation_fabric|alt_sld_fab:instrumentation_fabric|alt_sld_fab_alt_sld_fab:alt_sld_fab|alt_sld_fab_alt_sld_fab_sldfabric:sldfabric|sld_jtag_hub:\jtag_hub_gen:real_sld_jtag_hub|sld_shadow_jsm:shadow_jsm ; sld_shadow_jsm                    ; altera_sld   ;
;    |usb_hid_host:g_usb_ch1.u_usb_hid_host|                                                                                              ; 554 (84)            ; 293 (133)                 ; 0           ; 0          ; 0            ; 0       ; 0         ; 0    ; 0            ; 0          ; |top|usb_hid_host:g_usb_ch1.u_usb_hid_host                                                                                                                                                                                                                                                                                                      ; usb_hid_host                      ; work         ;
;       |ukp:ukp|                                                                                                                         ; 470 (259)           ; 160 (156)                 ; 0           ; 0          ; 0            ; 0       ; 0         ; 0    ; 0            ; 0          ; |top|usb_hid_host:g_usb_ch1.u_usb_hid_host|ukp:ukp                                                                                                                                                                                                                                                                                              ; ukp                               ; work         ;
;          |usb_hid_host_rom:ukprom|                                                                                                      ; 211 (211)           ; 4 (4)                     ; 0           ; 0          ; 0            ; 0       ; 0         ; 0    ; 0            ; 0          ; |top|usb_hid_host:g_usb_ch1.u_usb_hid_host|ukp:ukp|usb_hid_host_rom:ukprom                                                                                                                                                                                                                                                                      ; usb_hid_host_rom                  ; work         ;
;    |usb_pll_12mhz:u_usb_pll|                                                                                                            ; 1 (0)               ; 1 (0)                     ; 0           ; 0          ; 0            ; 0       ; 0         ; 0    ; 0            ; 0          ; |top|usb_pll_12mhz:u_usb_pll                                                                                                                                                                                                                                                                                                                    ; usb_pll_12mhz                     ; work         ;
;       |altpll:u_altpll|                                                                                                                 ; 1 (0)               ; 1 (0)                     ; 0           ; 0          ; 0            ; 0       ; 0         ; 0    ; 0            ; 0          ; |top|usb_pll_12mhz:u_usb_pll|altpll:u_altpll                                                                                                                                                                                                                                                                                                    ; altpll                            ; work         ;
;          |altpll_6dr:auto_generated|                                                                                                    ; 1 (1)               ; 1 (1)                     ; 0           ; 0          ; 0            ; 0       ; 0         ; 0    ; 0            ; 0          ; |top|usb_pll_12mhz:u_usb_pll|altpll:u_altpll|altpll_6dr:auto_generated                                                                                                                                                                                                                                                                          ; altpll_6dr                        ; work         ;
+-----------------------------------------------------------------------------------------------------------------------------------------+---------------------+---------------------------+-------------+------------+--------------+---------+-----------+------+--------------+------------+-------------------------------------------------------------------------------------------------------------------------------------------------------------------------------------------------------------------------------------------------------------------------------------------------------------------------------------------------+-----------------------------------+--------------+
Note: For table entries with two numbers listed, the numbers in parentheses indicate the number of resources of the given type used by the specific entity alone. The numbers listed outside of parentheses indicate the total resources of the given type used by the specific entity and all of its sub-entities in the hierarchy.


+---------------------------------------------------------------------------------------------------------------------------------------------------------------------------------------------------------------------------------------------------------------------------------------------------------------------------------------+
; Analysis & Synthesis RAM Summary                                                                                                                                                                                                                                                                                                      ;
+-----------------------------------------------------------------------------------------------------------------------------------------------------------------------------------------------------------------------------------+------+------------------+--------------+--------------+--------------+--------------+------+------+
; Name                                                                                                                                                                                                                              ; Type ; Mode             ; Port A Depth ; Port A Width ; Port B Depth ; Port B Width ; Size ; MIF  ;
+-----------------------------------------------------------------------------------------------------------------------------------------------------------------------------------------------------------------------------------+------+------------------+--------------+--------------+--------------+--------------+------+------+
; jtag_uart_tx:u_jtag_uart_tx|altera_avalon_jtag_uart:u_jtag_uart|altera_avalon_jtag_uart_scfifo_w:altera_avalon_jtag_uart_scfifo_w|scfifo:wfifo|scfifo_7131:auto_generated|a_dpfifo_bb01:dpfifo|altsyncram_dtn1:FIFOram|ALTSYNCRAM ; AUTO ; Simple Dual Port ; 64           ; 8            ; 64           ; 8            ; 512  ; None ;
+-----------------------------------------------------------------------------------------------------------------------------------------------------------------------------------------------------------------------------------+------+------------------+--------------+--------------+--------------+--------------+------+------+


+------------------------------------------------------------------------------------------------------------------------------------------------------------------------------------------------------------------------------------------------------------------------------------------------------------------------------------------------------------+
; Analysis & Synthesis IP Cores Summary                                                                                                                                                                                                                                                                                                                      ;
+--------+--------------+---------+--------------+--------------+--------------------------------------------------------------------------------------------------------------------------------------------------------------------------------------------------------------------------------------------------------------------------+-----------------+
; Vendor ; IP Core Name ; Version ; Release Date ; License Type ; Entity Instance                                                                                                                                                                                                                                                          ; IP Include File ;
+--------+--------------+---------+--------------+--------------+--------------------------------------------------------------------------------------------------------------------------------------------------------------------------------------------------------------------------------------------------------------------------+-----------------+
; Altera ; Signal Tap   ; N/A     ; N/A          ; Licensed     ; |top|sld_hub:auto_hub|alt_sld_fab_with_jtag_input:\instrumentation_fabric_with_node_gen:fabric_gen_new_way:with_jtag_input_gen:instrumentation_fabric|alt_sld_fab:instrumentation_fabric                                                                                 ;                 ;
; Altera ; Signal Tap   ; N/A     ; N/A          ; Licensed     ; |top|sld_hub:auto_hub|alt_sld_fab_with_jtag_input:\instrumentation_fabric_with_node_gen:fabric_gen_new_way:with_jtag_input_gen:instrumentation_fabric|alt_sld_fab:instrumentation_fabric|alt_sld_fab_alt_sld_fab:alt_sld_fab                                             ;                 ;
; Altera ; Signal Tap   ; N/A     ; N/A          ; Licensed     ; |top|sld_hub:auto_hub|alt_sld_fab_with_jtag_input:\instrumentation_fabric_with_node_gen:fabric_gen_new_way:with_jtag_input_gen:instrumentation_fabric|alt_sld_fab:instrumentation_fabric|alt_sld_fab_alt_sld_fab:alt_sld_fab|alt_sld_fab_alt_sld_fab_presplit:presplit   ;                 ;
; Altera ; Signal Tap   ; N/A     ; N/A          ; Licensed     ; |top|sld_hub:auto_hub|alt_sld_fab_with_jtag_input:\instrumentation_fabric_with_node_gen:fabric_gen_new_way:with_jtag_input_gen:instrumentation_fabric|alt_sld_fab:instrumentation_fabric|alt_sld_fab_alt_sld_fab:alt_sld_fab|alt_sld_fab_alt_sld_fab_sldfabric:sldfabric ;                 ;
; Altera ; Signal Tap   ; N/A     ; N/A          ; Licensed     ; |top|sld_hub:auto_hub|alt_sld_fab_with_jtag_input:\instrumentation_fabric_with_node_gen:fabric_gen_new_way:with_jtag_input_gen:instrumentation_fabric|alt_sld_fab:instrumentation_fabric|alt_sld_fab_alt_sld_fab:alt_sld_fab|alt_sld_fab_alt_sld_fab_splitter:splitter   ;                 ;
+--------+--------------+---------+--------------+--------------+--------------------------------------------------------------------------------------------------------------------------------------------------------------------------------------------------------------------------------------------------------------------------+-----------------+


Encoding Type:  One-Hot
+-------------------------------------------------------------------------------------+
; State Machine - |top|jtag_uart_tx:u_jtag_uart_tx|state                              ;
+-----------------------+---------------+---------------------+-----------------------+
; Name                  ; state.ST_IDLE ; state.ST_WRITE_DATA ; state.ST_READ_CONTROL ;
+-----------------------+---------------+---------------------+-----------------------+
; state.ST_IDLE         ; 0             ; 0                   ; 0                     ;
; state.ST_READ_CONTROL ; 1             ; 0                   ; 1                     ;
; state.ST_WRITE_DATA   ; 1             ; 1                   ; 0                     ;
+-----------------------+---------------+---------------------+-----------------------+


Encoding Type:  One-Hot
+-------------------------------------------------------------------------+
; State Machine - |top|usb_hid_host:g_usb_ch1.u_usb_hid_host|ukp:ukp|mbit ;
+---------+---------------------------------------------------------------+
; Name    ; mbit.01                                                       ;
+---------+---------------------------------------------------------------+
; mbit.00 ; 0                                                             ;
; mbit.01 ; 1                                                             ;
+---------+---------------------------------------------------------------+


Encoding Type:  One-Hot
+------------------------------------------------------------------------------------------------------------------------------------------------------------------------------+
; State Machine - |top|usb_hid_host:g_usb_ch1.u_usb_hid_host|ukp:ukp|state                                                                                                     ;
+-----------------+-----------------+-----------------+------------+------------+------------+------------+------------+------------+--------------+--------------+------------+
; Name            ; state.S_TOGGLE1 ; state.S_TOGGLE0 ; state.S_S2 ; state.S_S1 ; state.S_S0 ; state.S_B2 ; state.S_B1 ; state.S_B0 ; state.S_LDI1 ; state.S_LDI0 ; state.0000 ;
+-----------------+-----------------+-----------------+------------+------------+------------+------------+------------+------------+--------------+--------------+------------+
; state.0000      ; 0               ; 0               ; 0          ; 0          ; 0          ; 0          ; 0          ; 0          ; 0            ; 0            ; 0          ;
; state.S_LDI0    ; 0               ; 0               ; 0          ; 0          ; 0          ; 0          ; 0          ; 0          ; 0            ; 1            ; 1          ;
; state.S_LDI1    ; 0               ; 0               ; 0          ; 0          ; 0          ; 0          ; 0          ; 0          ; 1            ; 0            ; 1          ;
; state.S_B0      ; 0               ; 0               ; 0          ; 0          ; 0          ; 0          ; 0          ; 1          ; 0            ; 0            ; 1          ;
; state.S_B1      ; 0               ; 0               ; 0          ; 0          ; 0          ; 0          ; 1          ; 0          ; 0            ; 0            ; 1          ;
; state.S_B2      ; 0               ; 0               ; 0          ; 0          ; 0          ; 1          ; 0          ; 0          ; 0            ; 0            ; 1          ;
; state.S_S0      ; 0               ; 0               ; 0          ; 0          ; 1          ; 0          ; 0          ; 0          ; 0            ; 0            ; 1          ;
; state.S_S1      ; 0               ; 0               ; 0          ; 1          ; 0          ; 0          ; 0          ; 0          ; 0            ; 0            ; 1          ;
; state.S_S2      ; 0               ; 0               ; 1          ; 0          ; 0          ; 0          ; 0          ; 0          ; 0            ; 0            ; 1          ;
; state.S_TOGGLE0 ; 0               ; 1               ; 0          ; 0          ; 0          ; 0          ; 0          ; 0          ; 0            ; 0            ; 1          ;
; state.S_TOGGLE1 ; 1               ; 0               ; 0          ; 0          ; 0          ; 0          ; 0          ; 0          ; 0            ; 0            ; 1          ;
+-----------------+-----------------+-----------------+------------+------------+------------+------------+------------+------------+--------------+--------------+------------+


+-------------------------------------------------------------------------------------------------------------------------------------------------------------------------------------------------------------------------------------------------------------+
; Registers Protected by Synthesis                                                                                                                                                                                                                            ;
+---------------------------------------------------------------------------------------------------------------------------------------------+------------------------------------------------------------------+--------------------------------------------+
; Register Name                                                                                                                               ; Protected by Synthesis Attribute or Preserve Register Assignment ; Not to be Touched by Netlist Optimizations ;
+---------------------------------------------------------------------------------------------------------------------------------------------+------------------------------------------------------------------+--------------------------------------------+
; jtag_uart_tx:u_jtag_uart_tx|altera_avalon_jtag_uart:u_jtag_uart|alt_jtag_atlantic:altera_avalon_jtag_uart_alt_jtag_atlantic|rvalid          ; yes                                                              ; yes                                        ;
; jtag_uart_tx:u_jtag_uart_tx|altera_avalon_jtag_uart:u_jtag_uart|alt_jtag_atlantic:altera_avalon_jtag_uart_alt_jtag_atlantic|tck_t_dav       ; yes                                                              ; yes                                        ;
; jtag_uart_tx:u_jtag_uart_tx|altera_avalon_jtag_uart:u_jtag_uart|alt_jtag_atlantic:altera_avalon_jtag_uart_alt_jtag_atlantic|user_saw_rvalid ; yes                                                              ; yes                                        ;
; jtag_uart_tx:u_jtag_uart_tx|altera_avalon_jtag_uart:u_jtag_uart|alt_jtag_atlantic:altera_avalon_jtag_uart_alt_jtag_atlantic|read_req        ; yes                                                              ; yes                                        ;
; jtag_uart_tx:u_jtag_uart_tx|altera_avalon_jtag_uart:u_jtag_uart|alt_jtag_atlantic:altera_avalon_jtag_uart_alt_jtag_atlantic|write_stalled   ; yes                                                              ; yes                                        ;
; jtag_uart_tx:u_jtag_uart_tx|altera_avalon_jtag_uart:u_jtag_uart|alt_jtag_atlantic:altera_avalon_jtag_uart_alt_jtag_atlantic|rdata[7]        ; yes                                                              ; yes                                        ;
; jtag_uart_tx:u_jtag_uart_tx|altera_avalon_jtag_uart:u_jtag_uart|alt_jtag_atlantic:altera_avalon_jtag_uart_alt_jtag_atlantic|read            ; yes                                                              ; yes                                        ;
; jtag_uart_tx:u_jtag_uart_tx|altera_avalon_jtag_uart:u_jtag_uart|alt_jtag_atlantic:altera_avalon_jtag_uart_alt_jtag_atlantic|rdata[0]        ; yes                                                              ; yes                                        ;
; jtag_uart_tx:u_jtag_uart_tx|altera_avalon_jtag_uart:u_jtag_uart|alt_jtag_atlantic:altera_avalon_jtag_uart_alt_jtag_atlantic|rdata[1]        ; yes                                                              ; yes                                        ;
; jtag_uart_tx:u_jtag_uart_tx|altera_avalon_jtag_uart:u_jtag_uart|alt_jtag_atlantic:altera_avalon_jtag_uart_alt_jtag_atlantic|rdata[2]        ; yes                                                              ; yes                                        ;
; jtag_uart_tx:u_jtag_uart_tx|altera_avalon_jtag_uart:u_jtag_uart|alt_jtag_atlantic:altera_avalon_jtag_uart_alt_jtag_atlantic|write_valid     ; yes                                                              ; yes                                        ;
; jtag_uart_tx:u_jtag_uart_tx|altera_avalon_jtag_uart:u_jtag_uart|alt_jtag_atlantic:altera_avalon_jtag_uart_alt_jtag_atlantic|rdata[3]        ; yes                                                              ; yes                                        ;
; jtag_uart_tx:u_jtag_uart_tx|altera_avalon_jtag_uart:u_jtag_uart|alt_jtag_atlantic:altera_avalon_jtag_uart_alt_jtag_atlantic|write           ; yes                                                              ; yes                                        ;
; jtag_uart_tx:u_jtag_uart_tx|altera_avalon_jtag_uart:u_jtag_uart|alt_jtag_atlantic:altera_avalon_jtag_uart_alt_jtag_atlantic|rdata[4]        ; yes                                                              ; yes                                        ;
; jtag_uart_tx:u_jtag_uart_tx|altera_avalon_jtag_uart:u_jtag_uart|alt_jtag_atlantic:altera_avalon_jtag_uart_alt_jtag_atlantic|rdata[5]        ; yes                                                              ; yes                                        ;
; jtag_uart_tx:u_jtag_uart_tx|altera_avalon_jtag_uart:u_jtag_uart|alt_jtag_atlantic:altera_avalon_jtag_uart_alt_jtag_atlantic|rdata[6]        ; yes                                                              ; yes                                        ;
; Total number of protected registers is 16                                                                                                   ;                                                                  ;                                            ;
+---------------------------------------------------------------------------------------------------------------------------------------------+------------------------------------------------------------------+--------------------------------------------+


+-------------------------------------------------------------------------------------------------------------------------------------------------------------------------------------------------------------------------------------------------------------------------------------+
; Registers Removed During Synthesis                                                                                                                                                                                                                                                  ;
+--------------------------------------------------------------------------------------------------------------------------------------------------------------------------------------------------------------------------------------------+----------------------------------------+
; Register name                                                                                                                                                                                                                              ; Reason for Removal                     ;
+--------------------------------------------------------------------------------------------------------------------------------------------------------------------------------------------------------------------------------------------+----------------------------------------+
; jtag_uart_tx:u_jtag_uart_tx|altera_avalon_jtag_uart:u_jtag_uart|altera_avalon_jtag_uart_scfifo_r:altera_avalon_jtag_uart_scfifo_r|scfifo:rfifo|scfifo_7131:auto_generated|a_dpfifo_bb01:dpfifo|cntr_n2b:wr_ptr|counter_reg_bit[0..5]       ; Lost fanout                            ;
; jtag_uart_tx:u_jtag_uart_tx|altera_avalon_jtag_uart:u_jtag_uart|altera_avalon_jtag_uart_scfifo_r:altera_avalon_jtag_uart_scfifo_r|scfifo:rfifo|scfifo_7131:auto_generated|a_dpfifo_bb01:dpfifo|cntr_n2b:rd_ptr_count|counter_reg_bit[0..5] ; Lost fanout                            ;
; jtag_uart_tx:u_jtag_uart_tx|altera_avalon_jtag_uart:u_jtag_uart|alt_jtag_atlantic:altera_avalon_jtag_uart_alt_jtag_atlantic|wdata[0..7]                                                                                                    ; Lost fanout                            ;
; jtag_uart_tx:u_jtag_uart_tx|altera_avalon_jtag_uart:u_jtag_uart|read_0                                                                                                                                                                     ; Stuck at GND due to stuck port data_in ;
; usb_hid_host:g_usb_ch1.u_usb_hid_host|ukp:ukp|mbit~5                                                                                                                                                                                       ; Lost fanout                            ;
; usb_hid_host:g_usb_ch1.u_usb_hid_host|ukp:ukp|state~11                                                                                                                                                                                     ; Lost fanout                            ;
; usb_hid_host:g_usb_ch1.u_usb_hid_host|ukp:ukp|state~12                                                                                                                                                                                     ; Lost fanout                            ;
; usb_hid_host:g_usb_ch1.u_usb_hid_host|ukp:ukp|state~13                                                                                                                                                                                     ; Lost fanout                            ;
; usb_hid_host:g_usb_ch1.u_usb_hid_host|ukp:ukp|state~14                                                                                                                                                                                     ; Lost fanout                            ;
; usb_hid_host:g_usb_ch1.u_usb_hid_host|ukp:ukp|pc[10..13]                                                                                                                                                                                   ; Lost fanout                            ;
; Total Number of Removed Registers = 30                                                                                                                                                                                                     ;                                        ;
+--------------------------------------------------------------------------------------------------------------------------------------------------------------------------------------------------------------------------------------------+----------------------------------------+


+-----------------------------------------------------------------------------------------------------------------------------------+
; Removed Registers Triggering Further Register Optimizations                                                                       ;
+------------------------------------------------------+--------------------+-------------------------------------------------------+
; Register name                                        ; Reason for Removal ; Registers Removed due to This Register                ;
+------------------------------------------------------+--------------------+-------------------------------------------------------+
; usb_hid_host:g_usb_ch1.u_usb_hid_host|ukp:ukp|pc[13] ; Lost Fanouts       ; usb_hid_host:g_usb_ch1.u_usb_hid_host|ukp:ukp|pc[12], ;
;                                                      ;                    ; usb_hid_host:g_usb_ch1.u_usb_hid_host|ukp:ukp|pc[11], ;
;                                                      ;                    ; usb_hid_host:g_usb_ch1.u_usb_hid_host|ukp:ukp|pc[10]  ;
+------------------------------------------------------+--------------------+-------------------------------------------------------+


+------------------------------------------------------+
; General Register Statistics                          ;
+----------------------------------------------+-------+
; Statistic                                    ; Value ;
+----------------------------------------------+-------+
; Total registers                              ; 568   ;
; Number of registers using Synchronous Clear  ; 54    ;
; Number of registers using Synchronous Load   ; 11    ;
; Number of registers using Asynchronous Clear ; 222   ;
; Number of registers using Asynchronous Load  ; 0     ;
; Number of registers using Clock Enable       ; 436   ;
; Number of registers using Preset             ; 0     ;
+----------------------------------------------+-------+


+-------------------------------------------------------------------------------------------------------------------------------------------------------------------------------------------------------------------------------------------------------------------------------------------------------------------------------------------+
; Inverted Register Statistics                                                                                                                                                                                                                                                                                                              ;
+---------------------------------------------------------------------------------------------------------------------------------------------------------------------------------------------------------------------------------------------------------------------------------------------------------------------------------+---------+
; Inverted Register                                                                                                                                                                                                                                                                                                               ; Fan out ;
+---------------------------------------------------------------------------------------------------------------------------------------------------------------------------------------------------------------------------------------------------------------------------------------------------------------------------------+---------+
; jtag_uart_tx:u_jtag_uart_tx|altera_avalon_jtag_uart:u_jtag_uart|av_waitrequest                                                                                                                                                                                                                                                  ; 8       ;
; jtag_uart_tx:u_jtag_uart_tx|altera_avalon_jtag_uart:u_jtag_uart|alt_jtag_atlantic:altera_avalon_jtag_uart_alt_jtag_atlantic|count[9]                                                                                                                                                                                            ; 11      ;
; jtag_uart_tx:u_jtag_uart_tx|altera_avalon_jtag_uart:u_jtag_uart|alt_jtag_atlantic:altera_avalon_jtag_uart_alt_jtag_atlantic|rst2                                                                                                                                                                                                ; 2       ;
; jtag_uart_tx:u_jtag_uart_tx|altera_avalon_jtag_uart:u_jtag_uart|t_dav                                                                                                                                                                                                                                                           ; 2       ;
; jtag_uart_tx:u_jtag_uart_tx|altera_avalon_jtag_uart:u_jtag_uart|alt_jtag_atlantic:altera_avalon_jtag_uart_alt_jtag_atlantic|rst1                                                                                                                                                                                                ; 1       ;
; sld_hub:auto_hub|alt_sld_fab_with_jtag_input:\instrumentation_fabric_with_node_gen:fabric_gen_new_way:with_jtag_input_gen:instrumentation_fabric|alt_sld_fab:instrumentation_fabric|alt_sld_fab_alt_sld_fab:alt_sld_fab|alt_sld_fab_alt_sld_fab_sldfabric:sldfabric|sld_jtag_hub:\jtag_hub_gen:real_sld_jtag_hub|jtag_ir_reg[2] ; 2       ;
; sld_hub:auto_hub|alt_sld_fab_with_jtag_input:\instrumentation_fabric_with_node_gen:fabric_gen_new_way:with_jtag_input_gen:instrumentation_fabric|alt_sld_fab:instrumentation_fabric|alt_sld_fab_alt_sld_fab:alt_sld_fab|alt_sld_fab_alt_sld_fab_sldfabric:sldfabric|sld_jtag_hub:\jtag_hub_gen:real_sld_jtag_hub|jtag_ir_reg[1] ; 3       ;
; Total number of inverted registers = 7                                                                                                                                                                                                                                                                                          ;         ;
+---------------------------------------------------------------------------------------------------------------------------------------------------------------------------------------------------------------------------------------------------------------------------------------------------------------------------------+---------+


+------------------------------------------------------------------------------------------------------------------------------------------------------------------------------------------------------------------------------------------------------------+
; Multiplexer Restructuring Statistics (Restructuring Performed)                                                                                                                                                                                             ;
+--------------------+-----------+---------------+----------------------+------------------------+------------+----------------------------------------------------------------------------------------------------------------------------------------------+
; Multiplexer Inputs ; Bus Width ; Baseline Area ; Area if Restructured ; Saving if Restructured ; Registered ; Example Multiplexer Output                                                                                                                   ;
+--------------------+-----------+---------------+----------------------+------------------------+------------+----------------------------------------------------------------------------------------------------------------------------------------------+
; 3:1                ; 10 bits   ; 20 LEs        ; 10 LEs               ; 10 LEs                 ; Yes        ; |top|jtag_uart_tx:u_jtag_uart_tx|altera_avalon_jtag_uart:u_jtag_uart|alt_jtag_atlantic:altera_avalon_jtag_uart_alt_jtag_atlantic|count[2]    ;
; 3:1                ; 4 bits    ; 8 LEs         ; 4 LEs                ; 4 LEs                  ; Yes        ; |top|usb_hid_host:g_usb_ch1.u_usb_hid_host|rcvct[1]                                                                                          ;
; 3:1                ; 24 bits   ; 48 LEs        ; 24 LEs               ; 24 LEs                 ; Yes        ; |top|usb_hid_host:g_usb_ch1.u_usb_hid_host|ukp:ukp|conct[8]                                                                                  ;
; 4:1                ; 3 bits    ; 6 LEs         ; 6 LEs                ; 0 LEs                  ; Yes        ; |top|usb_hid_host:g_usb_ch1.u_usb_hid_host|ukp:ukp|timing[0]                                                                                 ;
; 4:1                ; 7 bits    ; 14 LEs        ; 7 LEs                ; 7 LEs                  ; Yes        ; |top|usb_hid_host:g_usb_ch1.u_usb_hid_host|ukp:ukp|bitadr[0]                                                                                 ;
; 4:1                ; 3 bits    ; 6 LEs         ; 3 LEs                ; 3 LEs                  ; Yes        ; |top|usb_hid_host:g_usb_ch1.u_usb_hid_host|ukp:ukp|nrzrxct[1]                                                                                ;
; 4:1                ; 2 bits    ; 4 LEs         ; 4 LEs                ; 0 LEs                  ; Yes        ; |top|jtag_uart_tx:u_jtag_uart_tx|altera_avalon_jtag_uart:u_jtag_uart|alt_jtag_atlantic:altera_avalon_jtag_uart_alt_jtag_atlantic|td_shift[9] ;
; 4:1                ; 3 bits    ; 6 LEs         ; 3 LEs                ; 3 LEs                  ; Yes        ; |top|usb_hid_host:g_usb_ch1.u_usb_hid_host|ukp:ukp|nrztxct[0]                                                                                ;
; 5:1                ; 4 bits    ; 12 LEs        ; 8 LEs                ; 4 LEs                  ; Yes        ; |top|usb_hid_host:g_usb_ch1.u_usb_hid_host|ukp:ukp|sadr[3]                                                                                   ;
; 5:1                ; 3 bits    ; 9 LEs         ; 6 LEs                ; 3 LEs                  ; Yes        ; |top|jtag_uart_tx:u_jtag_uart_tx|altera_avalon_jtag_uart:u_jtag_uart|alt_jtag_atlantic:altera_avalon_jtag_uart_alt_jtag_atlantic|td_shift[3] ;
; 5:1                ; 4 bits    ; 12 LEs        ; 8 LEs                ; 4 LEs                  ; Yes        ; |top|jtag_uart_tx:u_jtag_uart_tx|altera_avalon_jtag_uart:u_jtag_uart|alt_jtag_atlantic:altera_avalon_jtag_uart_alt_jtag_atlantic|td_shift[1] ;
; 4:1                ; 4 bits    ; 8 LEs         ; 4 LEs                ; 4 LEs                  ; Yes        ; |top|usb_hid_host:g_usb_ch1.u_usb_hid_host|ukp:ukp|wk[4]                                                                                     ;
; 4:1                ; 4 bits    ; 8 LEs         ; 4 LEs                ; 4 LEs                  ; Yes        ; |top|usb_hid_host:g_usb_ch1.u_usb_hid_host|ukp:ukp|wk[3]                                                                                     ;
; 5:1                ; 2 bits    ; 6 LEs         ; 4 LEs                ; 2 LEs                  ; Yes        ; |top|usb_hid_host:g_usb_ch1.u_usb_hid_host|typ[1]                                                                                            ;
; 6:1                ; 2 bits    ; 8 LEs         ; 4 LEs                ; 4 LEs                  ; Yes        ; |top|usb_hid_host:g_usb_ch1.u_usb_hid_host|ukp:ukp|pc[0]                                                                                     ;
; 7:1                ; 4 bits    ; 16 LEs        ; 8 LEs                ; 8 LEs                  ; Yes        ; |top|usb_hid_host:g_usb_ch1.u_usb_hid_host|ukp:ukp|pc[13]                                                                                    ;
; 7:1                ; 8 bits    ; 32 LEs        ; 24 LEs               ; 8 LEs                  ; Yes        ; |top|usb_hid_host:g_usb_ch1.u_usb_hid_host|ukp:ukp|pc[9]                                                                                     ;
; 3:1                ; 2 bits    ; 4 LEs         ; 2 LEs                ; 2 LEs                  ; No         ; |top|hid_keyboard_ascii:u_hid_keyboard_ascii|Selector0                                                                                       ;
; 4:1                ; 6 bits    ; 12 LEs        ; 12 LEs               ; 0 LEs                  ; No         ; |top|usb_hid_host:g_usb_ch1.u_usb_hid_host|ukp:ukp|state                                                                                     ;
; 4:1                ; 2 bits    ; 4 LEs         ; 4 LEs                ; 0 LEs                  ; No         ; |top|usb_hid_host:g_usb_ch1.u_usb_hid_host|ukp:ukp|mbit                                                                                      ;
; 8:1                ; 8 bits    ; 40 LEs        ; 40 LEs               ; 0 LEs                  ; No         ; |top|usb_hid_host:g_usb_ch1.u_usb_hid_host|Mux8                                                                                              ;
; 16:1               ; 4 bits    ; 40 LEs        ; 16 LEs               ; 24 LEs                 ; No         ; |top|usb_hid_host:g_usb_ch1.u_usb_hid_host|ukp:ukp|state                                                                                     ;
; 5:1                ; 8 bits    ; 24 LEs        ; 16 LEs               ; 8 LEs                  ; No         ; |top|hid_keyboard_ascii:u_hid_keyboard_ascii|new_key[3]                                                                                      ;
; 6:1                ; 3 bits    ; 12 LEs        ; 6 LEs                ; 6 LEs                  ; No         ; |top|jtag_uart_tx:u_jtag_uart_tx|Selector1                                                                                                   ;
+--------------------+-----------+---------------+----------------------+------------------------+------------+----------------------------------------------------------------------------------------------------------------------------------------------+


+-----------------------------------------------------------------------------------------------------------------------------------------------------------------------------------------------------------------------------------------------+
; Source assignments for jtag_uart_tx:u_jtag_uart_tx|altera_avalon_jtag_uart:u_jtag_uart|altera_avalon_jtag_uart_scfifo_w:altera_avalon_jtag_uart_scfifo_w|scfifo:wfifo|scfifo_7131:auto_generated|a_dpfifo_bb01:dpfifo|altsyncram_dtn1:FIFOram ;
+---------------------------------+--------------------+------+---------------------------------------------------------------------------------------------------------------------------------------------------------------------------------+
; Assignment                      ; Value              ; From ; To                                                                                                                                                                              ;
+---------------------------------+--------------------+------+---------------------------------------------------------------------------------------------------------------------------------------------------------------------------------+
; OPTIMIZE_POWER_DURING_SYNTHESIS ; NORMAL_COMPILATION ; -    ; -                                                                                                                                                                               ;
+---------------------------------+--------------------+------+---------------------------------------------------------------------------------------------------------------------------------------------------------------------------------+


+-----------------------------------------------------------------------------------------------------------------------------------------------------------------------------------------------------------------------------------------------+
; Source assignments for jtag_uart_tx:u_jtag_uart_tx|altera_avalon_jtag_uart:u_jtag_uart|altera_avalon_jtag_uart_scfifo_r:altera_avalon_jtag_uart_scfifo_r|scfifo:rfifo|scfifo_7131:auto_generated|a_dpfifo_bb01:dpfifo|altsyncram_dtn1:FIFOram ;
+---------------------------------+--------------------+------+---------------------------------------------------------------------------------------------------------------------------------------------------------------------------------+
; Assignment                      ; Value              ; From ; To                                                                                                                                                                              ;
+---------------------------------+--------------------+------+---------------------------------------------------------------------------------------------------------------------------------------------------------------------------------+
; OPTIMIZE_POWER_DURING_SYNTHESIS ; NORMAL_COMPILATION ; -    ; -                                                                                                                                                                               ;
+---------------------------------+--------------------+------+---------------------------------------------------------------------------------------------------------------------------------------------------------------------------------+


+---------------------------------------------------------------------+
; Parameter Settings for User Entity Instance: Top-level Entity: |top ;
+----------------+-------+--------------------------------------------+
; Parameter Name ; Value ; Type                                       ;
+----------------+-------+--------------------------------------------+
; USB_CHANNEL    ; 1     ; Signed Integer                             ;
+----------------+-------+--------------------------------------------+
Note: In order to hide this table in the UI and the text report file, please set the "Show Parameter Settings in Synthesis Report" option in "Analysis and Synthesis Settings -> More Settings" to "Off".


+--------------------------------------------------------------------------------------+
; Parameter Settings for User Entity Instance: usb_pll_12mhz:u_usb_pll|altpll:u_altpll ;
+-------------------------------+-------------------+----------------------------------+
; Parameter Name                ; Value             ; Type                             ;
+-------------------------------+-------------------+----------------------------------+
; OPERATION_MODE                ; NORMAL            ; Untyped                          ;
; PLL_TYPE                      ; AUTO              ; Untyped                          ;
; LPM_HINT                      ; UNUSED            ; Untyped                          ;
; QUALIFY_CONF_DONE             ; OFF               ; Untyped                          ;
; COMPENSATE_CLOCK              ; CLK0              ; Untyped                          ;
; SCAN_CHAIN                    ; LONG              ; Untyped                          ;
; PRIMARY_CLOCK                 ; INCLK0            ; Untyped                          ;
; INCLK0_INPUT_FREQUENCY        ; 20000             ; Signed Integer                   ;
; INCLK1_INPUT_FREQUENCY        ; 0                 ; Untyped                          ;
; GATE_LOCK_SIGNAL              ; NO                ; Untyped                          ;
; GATE_LOCK_COUNTER             ; 0                 ; Untyped                          ;
; LOCK_HIGH                     ; 1                 ; Untyped                          ;
; LOCK_LOW                      ; 1                 ; Untyped                          ;
; VALID_LOCK_MULTIPLIER         ; 1                 ; Untyped                          ;
; INVALID_LOCK_MULTIPLIER       ; 5                 ; Untyped                          ;
; SWITCH_OVER_ON_LOSSCLK        ; OFF               ; Untyped                          ;
; SWITCH_OVER_ON_GATED_LOCK     ; OFF               ; Untyped                          ;
; ENABLE_SWITCH_OVER_COUNTER    ; OFF               ; Untyped                          ;
; SKIP_VCO                      ; OFF               ; Untyped                          ;
; SWITCH_OVER_COUNTER           ; 0                 ; Untyped                          ;
; SWITCH_OVER_TYPE              ; AUTO              ; Untyped                          ;
; FEEDBACK_SOURCE               ; EXTCLK0           ; Untyped                          ;
; BANDWIDTH                     ; 0                 ; Untyped                          ;
; BANDWIDTH_TYPE                ; AUTO              ; Untyped                          ;
; SPREAD_FREQUENCY              ; 0                 ; Untyped                          ;
; DOWN_SPREAD                   ; 0                 ; Untyped                          ;
; SELF_RESET_ON_GATED_LOSS_LOCK ; OFF               ; Untyped                          ;
; SELF_RESET_ON_LOSS_LOCK       ; OFF               ; Untyped                          ;
; CLK9_MULTIPLY_BY              ; 0                 ; Untyped                          ;
; CLK8_MULTIPLY_BY              ; 0                 ; Untyped                          ;
; CLK7_MULTIPLY_BY              ; 0                 ; Untyped                          ;
; CLK6_MULTIPLY_BY              ; 0                 ; Untyped                          ;
; CLK5_MULTIPLY_BY              ; 1                 ; Untyped                          ;
; CLK4_MULTIPLY_BY              ; 1                 ; Untyped                          ;
; CLK3_MULTIPLY_BY              ; 1                 ; Untyped                          ;
; CLK2_MULTIPLY_BY              ; 1                 ; Untyped                          ;
; CLK1_MULTIPLY_BY              ; 1                 ; Untyped                          ;
; CLK0_MULTIPLY_BY              ; 6                 ; Signed Integer                   ;
; CLK9_DIVIDE_BY                ; 0                 ; Untyped                          ;
; CLK8_DIVIDE_BY                ; 0                 ; Untyped                          ;
; CLK7_DIVIDE_BY                ; 0                 ; Untyped                          ;
; CLK6_DIVIDE_BY                ; 0                 ; Untyped                          ;
; CLK5_DIVIDE_BY                ; 1                 ; Untyped                          ;
; CLK4_DIVIDE_BY                ; 1                 ; Untyped                          ;
; CLK3_DIVIDE_BY                ; 1                 ; Untyped                          ;
; CLK2_DIVIDE_BY                ; 1                 ; Untyped                          ;
; CLK1_DIVIDE_BY                ; 1                 ; Untyped                          ;
; CLK0_DIVIDE_BY                ; 25                ; Signed Integer                   ;
; CLK9_PHASE_SHIFT              ; 0                 ; Untyped                          ;
; CLK8_PHASE_SHIFT              ; 0                 ; Untyped                          ;
; CLK7_PHASE_SHIFT              ; 0                 ; Untyped                          ;
; CLK6_PHASE_SHIFT              ; 0                 ; Untyped                          ;
; CLK5_PHASE_SHIFT              ; 0                 ; Untyped                          ;
; CLK4_PHASE_SHIFT              ; 0                 ; Untyped                          ;
; CLK3_PHASE_SHIFT              ; 0                 ; Untyped                          ;
; CLK2_PHASE_SHIFT              ; 0                 ; Untyped                          ;
; CLK1_PHASE_SHIFT              ; 0                 ; Untyped                          ;
; CLK0_PHASE_SHIFT              ; 0                 ; Untyped                          ;
; CLK5_TIME_DELAY               ; 0                 ; Untyped                          ;
; CLK4_TIME_DELAY               ; 0                 ; Untyped                          ;
; CLK3_TIME_DELAY               ; 0                 ; Untyped                          ;
; CLK2_TIME_DELAY               ; 0                 ; Untyped                          ;
; CLK1_TIME_DELAY               ; 0                 ; Untyped                          ;
; CLK0_TIME_DELAY               ; 0                 ; Untyped                          ;
; CLK9_DUTY_CYCLE               ; 50                ; Untyped                          ;
; CLK8_DUTY_CYCLE               ; 50                ; Untyped                          ;
; CLK7_DUTY_CYCLE               ; 50                ; Untyped                          ;
; CLK6_DUTY_CYCLE               ; 50                ; Untyped                          ;
; CLK5_DUTY_CYCLE               ; 50                ; Untyped                          ;
; CLK4_DUTY_CYCLE               ; 50                ; Untyped                          ;
; CLK3_DUTY_CYCLE               ; 50                ; Untyped                          ;
; CLK2_DUTY_CYCLE               ; 50                ; Untyped                          ;
; CLK1_DUTY_CYCLE               ; 50                ; Untyped                          ;
; CLK0_DUTY_CYCLE               ; 50                ; Signed Integer                   ;
; CLK9_USE_EVEN_COUNTER_MODE    ; OFF               ; Untyped                          ;
; CLK8_USE_EVEN_COUNTER_MODE    ; OFF               ; Untyped                          ;
; CLK7_USE_EVEN_COUNTER_MODE    ; OFF               ; Untyped                          ;
; CLK6_USE_EVEN_COUNTER_MODE    ; OFF               ; Untyped                          ;
; CLK5_USE_EVEN_COUNTER_MODE    ; OFF               ; Untyped                          ;
; CLK4_USE_EVEN_COUNTER_MODE    ; OFF               ; Untyped                          ;
; CLK3_USE_EVEN_COUNTER_MODE    ; OFF               ; Untyped                          ;
; CLK2_USE_EVEN_COUNTER_MODE    ; OFF               ; Untyped                          ;
; CLK1_USE_EVEN_COUNTER_MODE    ; OFF               ; Untyped                          ;
; CLK0_USE_EVEN_COUNTER_MODE    ; OFF               ; Untyped                          ;
; CLK9_USE_EVEN_COUNTER_VALUE   ; OFF               ; Untyped                          ;
; CLK8_USE_EVEN_COUNTER_VALUE   ; OFF               ; Untyped                          ;
; CLK7_USE_EVEN_COUNTER_VALUE   ; OFF               ; Untyped                          ;
; CLK6_USE_EVEN_COUNTER_VALUE   ; OFF               ; Untyped                          ;
; CLK5_USE_EVEN_COUNTER_VALUE   ; OFF               ; Untyped                          ;
; CLK4_USE_EVEN_COUNTER_VALUE   ; OFF               ; Untyped                          ;
; CLK3_USE_EVEN_COUNTER_VALUE   ; OFF               ; Untyped                          ;
; CLK2_USE_EVEN_COUNTER_VALUE   ; OFF               ; Untyped                          ;
; CLK1_USE_EVEN_COUNTER_VALUE   ; OFF               ; Untyped                          ;
; CLK0_USE_EVEN_COUNTER_VALUE   ; OFF               ; Untyped                          ;
; LOCK_WINDOW_UI                ;  0.05             ; Untyped                          ;
; LOCK_WINDOW_UI_BITS           ; UNUSED            ; Untyped                          ;
; VCO_RANGE_DETECTOR_LOW_BITS   ; UNUSED            ; Untyped                          ;
; VCO_RANGE_DETECTOR_HIGH_BITS  ; UNUSED            ; Untyped                          ;
; DPA_MULTIPLY_BY               ; 0                 ; Untyped                          ;
; DPA_DIVIDE_BY                 ; 1                 ; Untyped                          ;
; DPA_DIVIDER                   ; 0                 ; Untyped                          ;
; EXTCLK3_MULTIPLY_BY           ; 1                 ; Untyped                          ;
; EXTCLK2_MULTIPLY_BY           ; 1                 ; Untyped                          ;
; EXTCLK1_MULTIPLY_BY           ; 1                 ; Untyped                          ;
; EXTCLK0_MULTIPLY_BY           ; 1                 ; Untyped                          ;
; EXTCLK3_DIVIDE_BY             ; 1                 ; Untyped                          ;
; EXTCLK2_DIVIDE_BY             ; 1                 ; Untyped                          ;
; EXTCLK1_DIVIDE_BY             ; 1                 ; Untyped                          ;
; EXTCLK0_DIVIDE_BY             ; 1                 ; Untyped                          ;
; EXTCLK3_PHASE_SHIFT           ; 0                 ; Untyped                          ;
; EXTCLK2_PHASE_SHIFT           ; 0                 ; Untyped                          ;
; EXTCLK1_PHASE_SHIFT           ; 0                 ; Untyped                          ;
; EXTCLK0_PHASE_SHIFT           ; 0                 ; Untyped                          ;
; EXTCLK3_TIME_DELAY            ; 0                 ; Untyped                          ;
; EXTCLK2_TIME_DELAY            ; 0                 ; Untyped                          ;
; EXTCLK1_TIME_DELAY            ; 0                 ; Untyped                          ;
; EXTCLK0_TIME_DELAY            ; 0                 ; Untyped                          ;
; EXTCLK3_DUTY_CYCLE            ; 50                ; Untyped                          ;
; EXTCLK2_DUTY_CYCLE            ; 50                ; Untyped                          ;
; EXTCLK1_DUTY_CYCLE            ; 50                ; Untyped                          ;
; EXTCLK0_DUTY_CYCLE            ; 50                ; Untyped                          ;
; VCO_MULTIPLY_BY               ; 0                 ; Untyped                          ;
; VCO_DIVIDE_BY                 ; 0                 ; Untyped                          ;
; SCLKOUT0_PHASE_SHIFT          ; 0                 ; Untyped                          ;
; SCLKOUT1_PHASE_SHIFT          ; 0                 ; Untyped                          ;
; VCO_MIN                       ; 0                 ; Untyped                          ;
; VCO_MAX                       ; 0                 ; Untyped                          ;
; VCO_CENTER                    ; 0                 ; Untyped                          ;
; PFD_MIN                       ; 0                 ; Untyped                          ;
; PFD_MAX                       ; 0                 ; Untyped                          ;
; M_INITIAL                     ; 0                 ; Untyped                          ;
; M                             ; 0                 ; Untyped                          ;
; N                             ; 1                 ; Untyped                          ;
; M2                            ; 1                 ; Untyped                          ;
; N2                            ; 1                 ; Untyped                          ;
; SS                            ; 1                 ; Untyped                          ;
; C0_HIGH                       ; 0                 ; Untyped                          ;
; C1_HIGH                       ; 0                 ; Untyped                          ;
; C2_HIGH                       ; 0                 ; Untyped                          ;
; C3_HIGH                       ; 0                 ; Untyped                          ;
; C4_HIGH                       ; 0                 ; Untyped                          ;
; C5_HIGH                       ; 0                 ; Untyped                          ;
; C6_HIGH                       ; 0                 ; Untyped                          ;
; C7_HIGH                       ; 0                 ; Untyped                          ;
; C8_HIGH                       ; 0                 ; Untyped                          ;
; C9_HIGH                       ; 0                 ; Untyped                          ;
; C0_LOW                        ; 0                 ; Untyped                          ;
; C1_LOW                        ; 0                 ; Untyped                          ;
; C2_LOW                        ; 0                 ; Untyped                          ;
; C3_LOW                        ; 0                 ; Untyped                          ;
; C4_LOW                        ; 0                 ; Untyped                          ;
; C5_LOW                        ; 0                 ; Untyped                          ;
; C6_LOW                        ; 0                 ; Untyped                          ;
; C7_LOW                        ; 0                 ; Untyped                          ;
; C8_LOW                        ; 0                 ; Untyped                          ;
; C9_LOW                        ; 0                 ; Untyped                          ;
; C0_INITIAL                    ; 0                 ; Untyped                          ;
; C1_INITIAL                    ; 0                 ; Untyped                          ;
; C2_INITIAL                    ; 0                 ; Untyped                          ;
; C3_INITIAL                    ; 0                 ; Untyped                          ;
; C4_INITIAL                    ; 0                 ; Untyped                          ;
; C5_INITIAL                    ; 0                 ; Untyped                          ;
; C6_INITIAL                    ; 0                 ; Untyped                          ;
; C7_INITIAL                    ; 0                 ; Untyped                          ;
; C8_INITIAL                    ; 0                 ; Untyped                          ;
; C9_INITIAL                    ; 0                 ; Untyped                          ;
; C0_MODE                       ; BYPASS            ; Untyped                          ;
; C1_MODE                       ; BYPASS            ; Untyped                          ;
; C2_MODE                       ; BYPASS            ; Untyped                          ;
; C3_MODE                       ; BYPASS            ; Untyped                          ;
; C4_MODE                       ; BYPASS            ; Untyped                          ;
; C5_MODE                       ; BYPASS            ; Untyped                          ;
; C6_MODE                       ; BYPASS            ; Untyped                          ;
; C7_MODE                       ; BYPASS            ; Untyped                          ;
; C8_MODE                       ; BYPASS            ; Untyped                          ;
; C9_MODE                       ; BYPASS            ; Untyped                          ;
; C0_PH                         ; 0                 ; Untyped                          ;
; C1_PH                         ; 0                 ; Untyped                          ;
; C2_PH                         ; 0                 ; Untyped                          ;
; C3_PH                         ; 0                 ; Untyped                          ;
; C4_PH                         ; 0                 ; Untyped                          ;
; C5_PH                         ; 0                 ; Untyped                          ;
; C6_PH                         ; 0                 ; Untyped                          ;
; C7_PH                         ; 0                 ; Untyped                          ;
; C8_PH                         ; 0                 ; Untyped                          ;
; C9_PH                         ; 0                 ; Untyped                          ;
; L0_HIGH                       ; 1                 ; Untyped                          ;
; L1_HIGH                       ; 1                 ; Untyped                          ;
; G0_HIGH                       ; 1                 ; Untyped                          ;
; G1_HIGH                       ; 1                 ; Untyped                          ;
; G2_HIGH                       ; 1                 ; Untyped                          ;
; G3_HIGH                       ; 1                 ; Untyped                          ;
; E0_HIGH                       ; 1                 ; Untyped                          ;
; E1_HIGH                       ; 1                 ; Untyped                          ;
; E2_HIGH                       ; 1                 ; Untyped                          ;
; E3_HIGH                       ; 1                 ; Untyped                          ;
; L0_LOW                        ; 1                 ; Untyped                          ;
; L1_LOW                        ; 1                 ; Untyped                          ;
; G0_LOW                        ; 1                 ; Untyped                          ;
; G1_LOW                        ; 1                 ; Untyped                          ;
; G2_LOW                        ; 1                 ; Untyped                          ;
; G3_LOW                        ; 1                 ; Untyped                          ;
; E0_LOW                        ; 1                 ; Untyped                          ;
; E1_LOW                        ; 1                 ; Untyped                          ;
; E2_LOW                        ; 1                 ; Untyped                          ;
; E3_LOW                        ; 1                 ; Untyped                          ;
; L0_INITIAL                    ; 1                 ; Untyped                          ;
; L1_INITIAL                    ; 1                 ; Untyped                          ;
; G0_INITIAL                    ; 1                 ; Untyped                          ;
; G1_INITIAL                    ; 1                 ; Untyped                          ;
; G2_INITIAL                    ; 1                 ; Untyped                          ;
; G3_INITIAL                    ; 1                 ; Untyped                          ;
; E0_INITIAL                    ; 1                 ; Untyped                          ;
; E1_INITIAL                    ; 1                 ; Untyped                          ;
; E2_INITIAL                    ; 1                 ; Untyped                          ;
; E3_INITIAL                    ; 1                 ; Untyped                          ;
; L0_MODE                       ; BYPASS            ; Untyped                          ;
; L1_MODE                       ; BYPASS            ; Untyped                          ;
; G0_MODE                       ; BYPASS            ; Untyped                          ;
; G1_MODE                       ; BYPASS            ; Untyped                          ;
; G2_MODE                       ; BYPASS            ; Untyped                          ;
; G3_MODE                       ; BYPASS            ; Untyped                          ;
; E0_MODE                       ; BYPASS            ; Untyped                          ;
; E1_MODE                       ; BYPASS            ; Untyped                          ;
; E2_MODE                       ; BYPASS            ; Untyped                          ;
; E3_MODE                       ; BYPASS            ; Untyped                          ;
; L0_PH                         ; 0                 ; Untyped                          ;
; L1_PH                         ; 0                 ; Untyped                          ;
; G0_PH                         ; 0                 ; Untyped                          ;
; G1_PH                         ; 0                 ; Untyped                          ;
; G2_PH                         ; 0                 ; Untyped                          ;
; G3_PH                         ; 0                 ; Untyped                          ;
; E0_PH                         ; 0                 ; Untyped                          ;
; E1_PH                         ; 0                 ; Untyped                          ;
; E2_PH                         ; 0                 ; Untyped                          ;
; E3_PH                         ; 0                 ; Untyped                          ;
; M_PH                          ; 0                 ; Untyped                          ;
; C1_USE_CASC_IN                ; OFF               ; Untyped                          ;
; C2_USE_CASC_IN                ; OFF               ; Untyped                          ;
; C3_USE_CASC_IN                ; OFF               ; Untyped                          ;
; C4_USE_CASC_IN                ; OFF               ; Untyped                          ;
; C5_USE_CASC_IN                ; OFF               ; Untyped                          ;
; C6_USE_CASC_IN                ; OFF               ; Untyped                          ;
; C7_USE_CASC_IN                ; OFF               ; Untyped                          ;
; C8_USE_CASC_IN                ; OFF               ; Untyped                          ;
; C9_USE_CASC_IN                ; OFF               ; Untyped                          ;
; CLK0_COUNTER                  ; G0                ; Untyped                          ;
; CLK1_COUNTER                  ; G0                ; Untyped                          ;
; CLK2_COUNTER                  ; G0                ; Untyped                          ;
; CLK3_COUNTER                  ; G0                ; Untyped                          ;
; CLK4_COUNTER                  ; G0                ; Untyped                          ;
; CLK5_COUNTER                  ; G0                ; Untyped                          ;
; CLK6_COUNTER                  ; E0                ; Untyped                          ;
; CLK7_COUNTER                  ; E1                ; Untyped                          ;
; CLK8_COUNTER                  ; E2                ; Untyped                          ;
; CLK9_COUNTER                  ; E3                ; Untyped                          ;
; L0_TIME_DELAY                 ; 0                 ; Untyped                          ;
; L1_TIME_DELAY                 ; 0                 ; Untyped                          ;
; G0_TIME_DELAY                 ; 0                 ; Untyped                          ;
; G1_TIME_DELAY                 ; 0                 ; Untyped                          ;
; G2_TIME_DELAY                 ; 0                 ; Untyped                          ;
; G3_TIME_DELAY                 ; 0                 ; Untyped                          ;
; E0_TIME_DELAY                 ; 0                 ; Untyped                          ;
; E1_TIME_DELAY                 ; 0                 ; Untyped                          ;
; E2_TIME_DELAY                 ; 0                 ; Untyped                          ;
; E3_TIME_DELAY                 ; 0                 ; Untyped                          ;
; M_TIME_DELAY                  ; 0                 ; Untyped                          ;
; N_TIME_DELAY                  ; 0                 ; Untyped                          ;
; EXTCLK3_COUNTER               ; E3                ; Untyped                          ;
; EXTCLK2_COUNTER               ; E2                ; Untyped                          ;
; EXTCLK1_COUNTER               ; E1                ; Untyped                          ;
; EXTCLK0_COUNTER               ; E0                ; Untyped                          ;
; ENABLE0_COUNTER               ; L0                ; Untyped                          ;
; ENABLE1_COUNTER               ; L0                ; Untyped                          ;
; CHARGE_PUMP_CURRENT           ; 2                 ; Untyped                          ;
; LOOP_FILTER_R                 ;  1.000000         ; Untyped                          ;
; LOOP_FILTER_C                 ; 5                 ; Untyped                          ;
; CHARGE_PUMP_CURRENT_BITS      ; 9999              ; Untyped                          ;
; LOOP_FILTER_R_BITS            ; 9999              ; Untyped                          ;
; LOOP_FILTER_C_BITS            ; 9999              ; Untyped                          ;
; VCO_POST_SCALE                ; 0                 ; Untyped                          ;
; CLK2_OUTPUT_FREQUENCY         ; 0                 ; Untyped                          ;
; CLK1_OUTPUT_FREQUENCY         ; 0                 ; Untyped                          ;
; CLK0_OUTPUT_FREQUENCY         ; 0                 ; Untyped                          ;
; INTENDED_DEVICE_FAMILY        ; NONE              ; Untyped                          ;
; PORT_CLKENA0                  ; PORT_CONNECTIVITY ; Untyped                          ;
; PORT_CLKENA1                  ; PORT_CONNECTIVITY ; Untyped                          ;
; PORT_CLKENA2                  ; PORT_CONNECTIVITY ; Untyped                          ;
; PORT_CLKENA3                  ; PORT_CONNECTIVITY ; Untyped                          ;
; PORT_CLKENA4                  ; PORT_CONNECTIVITY ; Untyped                          ;
; PORT_CLKENA5                  ; PORT_CONNECTIVITY ; Untyped                          ;
; PORT_EXTCLKENA0               ; PORT_CONNECTIVITY ; Untyped                          ;
; PORT_EXTCLKENA1               ; PORT_CONNECTIVITY ; Untyped                          ;
; PORT_EXTCLKENA2               ; PORT_CONNECTIVITY ; Untyped                          ;
; PORT_EXTCLKENA3               ; PORT_CONNECTIVITY ; Untyped                          ;
; PORT_EXTCLK0                  ; PORT_CONNECTIVITY ; Untyped                          ;
; PORT_EXTCLK1                  ; PORT_CONNECTIVITY ; Untyped                          ;
; PORT_EXTCLK2                  ; PORT_CONNECTIVITY ; Untyped                          ;
; PORT_EXTCLK3                  ; PORT_CONNECTIVITY ; Untyped                          ;
; PORT_CLKBAD0                  ; PORT_CONNECTIVITY ; Untyped                          ;
; PORT_CLKBAD1                  ; PORT_CONNECTIVITY ; Untyped                          ;
; PORT_CLK0                     ; PORT_CONNECTIVITY ; Untyped                          ;
; PORT_CLK1                     ; PORT_CONNECTIVITY ; Untyped                          ;
; PORT_CLK2                     ; PORT_CONNECTIVITY ; Untyped                          ;
; PORT_CLK3                     ; PORT_CONNECTIVITY ; Untyped                          ;
; PORT_CLK4                     ; PORT_CONNECTIVITY ; Untyped                          ;
; PORT_CLK5                     ; PORT_CONNECTIVITY ; Untyped                          ;
; PORT_CLK6                     ; PORT_UNUSED       ; Untyped                          ;
; PORT_CLK7                     ; PORT_UNUSED       ; Untyped                          ;
; PORT_CLK8                     ; PORT_UNUSED       ; Untyped                          ;
; PORT_CLK9                     ; PORT_UNUSED       ; Untyped                          ;
; PORT_SCANDATA                 ; PORT_CONNECTIVITY ; Untyped                          ;
; PORT_SCANDATAOUT              ; PORT_CONNECTIVITY ; Untyped                          ;
; PORT_SCANDONE                 ; PORT_CONNECTIVITY ; Untyped                          ;
; PORT_SCLKOUT1                 ; PORT_CONNECTIVITY ; Untyped                          ;
; PORT_SCLKOUT0                 ; PORT_CONNECTIVITY ; Untyped                          ;
; PORT_ACTIVECLOCK              ; PORT_CONNECTIVITY ; Untyped                          ;
; PORT_CLKLOSS                  ; PORT_CONNECTIVITY ; Untyped                          ;
; PORT_INCLK1                   ; PORT_CONNECTIVITY ; Untyped                          ;
; PORT_INCLK0                   ; PORT_CONNECTIVITY ; Untyped                          ;
; PORT_FBIN                     ; PORT_CONNECTIVITY ; Untyped                          ;
; PORT_PLLENA                   ; PORT_CONNECTIVITY ; Untyped                          ;
; PORT_CLKSWITCH                ; PORT_CONNECTIVITY ; Untyped                          ;
; PORT_ARESET                   ; PORT_CONNECTIVITY ; Untyped                          ;
; PORT_PFDENA                   ; PORT_CONNECTIVITY ; Untyped                          ;
; PORT_SCANCLK                  ; PORT_CONNECTIVITY ; Untyped                          ;
; PORT_SCANACLR                 ; PORT_CONNECTIVITY ; Untyped                          ;
; PORT_SCANREAD                 ; PORT_CONNECTIVITY ; Untyped                          ;
; PORT_SCANWRITE                ; PORT_CONNECTIVITY ; Untyped                          ;
; PORT_ENABLE0                  ; PORT_CONNECTIVITY ; Untyped                          ;
; PORT_ENABLE1                  ; PORT_CONNECTIVITY ; Untyped                          ;
; PORT_LOCKED                   ; PORT_CONNECTIVITY ; Untyped                          ;
; PORT_CONFIGUPDATE             ; PORT_CONNECTIVITY ; Untyped                          ;
; PORT_FBOUT                    ; PORT_CONNECTIVITY ; Untyped                          ;
; PORT_PHASEDONE                ; PORT_CONNECTIVITY ; Untyped                          ;
; PORT_PHASESTEP                ; PORT_CONNECTIVITY ; Untyped                          ;
; PORT_PHASEUPDOWN              ; PORT_CONNECTIVITY ; Untyped                          ;
; PORT_SCANCLKENA               ; PORT_CONNECTIVITY ; Untyped                          ;
; PORT_PHASECOUNTERSELECT       ; PORT_CONNECTIVITY ; Untyped                          ;
; PORT_VCOOVERRANGE             ; PORT_CONNECTIVITY ; Untyped                          ;
; PORT_VCOUNDERRANGE            ; PORT_CONNECTIVITY ; Untyped                          ;
; M_TEST_SOURCE                 ; 5                 ; Untyped                          ;
; C0_TEST_SOURCE                ; 5                 ; Untyped                          ;
; C1_TEST_SOURCE                ; 5                 ; Untyped                          ;
; C2_TEST_SOURCE                ; 5                 ; Untyped                          ;
; C3_TEST_SOURCE                ; 5                 ; Untyped                          ;
; C4_TEST_SOURCE                ; 5                 ; Untyped                          ;
; C5_TEST_SOURCE                ; 5                 ; Untyped                          ;
; C6_TEST_SOURCE                ; 5                 ; Untyped                          ;
; C7_TEST_SOURCE                ; 5                 ; Untyped                          ;
; C8_TEST_SOURCE                ; 5                 ; Untyped                          ;
; C9_TEST_SOURCE                ; 5                 ; Untyped                          ;
; CBXI_PARAMETER                ; altpll_6dr        ; Untyped                          ;
; VCO_FREQUENCY_CONTROL         ; AUTO              ; Untyped                          ;
; VCO_PHASE_SHIFT_STEP          ; 0                 ; Untyped                          ;
; WIDTH_CLOCK                   ; 5                 ; Signed Integer                   ;
; WIDTH_PHASECOUNTERSELECT      ; 4                 ; Untyped                          ;
; USING_FBMIMICBIDIR_PORT       ; OFF               ; Untyped                          ;
; DEVICE_FAMILY                 ; MAX 10            ; Untyped                          ;
; SCAN_CHAIN_MIF_FILE           ; UNUSED            ; Untyped                          ;
; SIM_GATE_LOCK_DEVICE_BEHAVIOR ; OFF               ; Untyped                          ;
; AUTO_CARRY_CHAINS             ; ON                ; AUTO_CARRY                       ;
; IGNORE_CARRY_BUFFERS          ; OFF               ; IGNORE_CARRY                     ;
; AUTO_CASCADE_CHAINS           ; ON                ; AUTO_CASCADE                     ;
; IGNORE_CASCADE_BUFFERS        ; OFF               ; IGNORE_CASCADE                   ;
+-------------------------------+-------------------+----------------------------------+
Note: In order to hide this table in the UI and the text report file, please set the "Show Parameter Settings in Synthesis Report" option in "Analysis and Synthesis Settings -> More Settings" to "Off".


+-------------------------------------------------------------------+
; Parameter Settings for User Entity Instance: reset_sync:u_rst_sys ;
+----------------+-------+------------------------------------------+
; Parameter Name ; Value ; Type                                     ;
+----------------+-------+------------------------------------------+
; STAGES         ; 2     ; Signed Integer                           ;
+----------------+-------+------------------------------------------+
Note: In order to hide this table in the UI and the text report file, please set the "Show Parameter Settings in Synthesis Report" option in "Analysis and Synthesis Settings -> More Settings" to "Off".


+-------------------------------------------------------------------+
; Parameter Settings for User Entity Instance: reset_sync:u_rst_usb ;
+----------------+-------+------------------------------------------+
; Parameter Name ; Value ; Type                                     ;
+----------------+-------+------------------------------------------+
; STAGES         ; 2     ; Signed Integer                           ;
+----------------+-------+------------------------------------------+
Note: In order to hide this table in the UI and the text report file, please set the "Show Parameter Settings in Synthesis Report" option in "Analysis and Synthesis Settings -> More Settings" to "Off".


+--------------------------------------------------------------------------------------------+
; Parameter Settings for User Entity Instance: usb_hid_host:g_usb_ch1.u_usb_hid_host|ukp:ukp ;
+----------------+-------+-------------------------------------------------------------------+
; Parameter Name ; Value ; Type                                                              ;
+----------------+-------+-------------------------------------------------------------------+
; S_OPCODE       ; 0     ; Signed Integer                                                    ;
; S_LDI0         ; 1     ; Signed Integer                                                    ;
; S_LDI1         ; 2     ; Signed Integer                                                    ;
; S_B0           ; 3     ; Signed Integer                                                    ;
; S_B1           ; 4     ; Signed Integer                                                    ;
; S_B2           ; 5     ; Signed Integer                                                    ;
; S_S0           ; 6     ; Signed Integer                                                    ;
; S_S1           ; 7     ; Signed Integer                                                    ;
; S_S2           ; 8     ; Signed Integer                                                    ;
; S_TOGGLE0      ; 9     ; Signed Integer                                                    ;
; S_TOGGLE1      ; 10    ; Signed Integer                                                    ;
+----------------+-------+-------------------------------------------------------------------+
Note: In order to hide this table in the UI and the text report file, please set the "Show Parameter Settings in Synthesis Report" option in "Analysis and Synthesis Settings -> More Settings" to "Off".


+--------------------------------------------------------------------------------+
; Parameter Settings for User Entity Instance: cdc_byte_strobe:u_usb_to_sys_char ;
+----------------+-------+-------------------------------------------------------+
; Parameter Name ; Value ; Type                                                  ;
+----------------+-------+-------------------------------------------------------+
; WIDTH          ; 8     ; Signed Integer                                        ;
+----------------+-------+-------------------------------------------------------+
Note: In order to hide this table in the UI and the text report file, please set the "Show Parameter Settings in Synthesis Report" option in "Analysis and Synthesis Settings -> More Settings" to "Off".


+--------------------------------------------------------------------------+
; Parameter Settings for User Entity Instance: jtag_uart_tx:u_jtag_uart_tx ;
+------------------+-------+-----------------------------------------------+
; Parameter Name   ; Value ; Type                                          ;
+------------------+-------+-----------------------------------------------+
; WRITE_FIFO_DEPTH ; 64    ; Signed Integer                                ;
; READ_FIFO_DEPTH  ; 64    ; Signed Integer                                ;
+------------------+-------+-----------------------------------------------+
Note: In order to hide this table in the UI and the text report file, please set the "Show Parameter Settings in Synthesis Report" option in "Analysis and Synthesis Settings -> More Settings" to "Off".


+--------------------------------------------------------------------------------------------------------------+
; Parameter Settings for User Entity Instance: jtag_uart_tx:u_jtag_uart_tx|altera_avalon_jtag_uart:u_jtag_uart ;
+----------------------------+-------+-------------------------------------------------------------------------+
; Parameter Name             ; Value ; Type                                                                    ;
+----------------------------+-------+-------------------------------------------------------------------------+
; legacySignalAllow          ; 1     ; Signed Integer                                                          ;
; writeBufferDepth           ; 64    ; Signed Integer                                                          ;
; readBufferDepth            ; 64    ; Signed Integer                                                          ;
; writeIRQThreshold          ; 8     ; Signed Integer                                                          ;
; readIRQThreshold           ; 8     ; Signed Integer                                                          ;
; useRegistersForReadBuffer  ; 0     ; Signed Integer                                                          ;
; useRegistersForWriteBuffer ; 0     ; Signed Integer                                                          ;
; printingMethod             ; 0     ; Signed Integer                                                          ;
; FIFO_WIDTH                 ; 8     ; Signed Integer                                                          ;
; WR_WIDTHU                  ; 6     ; Signed Integer                                                          ;
; RD_WIDTHU                  ; 6     ; Signed Integer                                                          ;
; write_le                   ; ON    ; String                                                                  ;
; read_le                    ; ON    ; String                                                                  ;
; HEX_WRITE_DEPTH_STR        ; 64    ; Signed Integer                                                          ;
; HEX_READ_DEPTH_STR         ; 64    ; Signed Integer                                                          ;
+----------------------------+-------+-------------------------------------------------------------------------+
Note: In order to hide this table in the UI and the text report file, please set the "Show Parameter Settings in Synthesis Report" option in "Analysis and Synthesis Settings -> More Settings" to "Off".


+--------------------------------------------------------------------------------------------------------------------------------------------------------------------------------+
; Parameter Settings for User Entity Instance: jtag_uart_tx:u_jtag_uart_tx|altera_avalon_jtag_uart:u_jtag_uart|altera_avalon_jtag_uart_scfifo_w:altera_avalon_jtag_uart_scfifo_w ;
+------------------+-------+-----------------------------------------------------------------------------------------------------------------------------------------------------+
; Parameter Name   ; Value ; Type                                                                                                                                                ;
+------------------+-------+-----------------------------------------------------------------------------------------------------------------------------------------------------+
; FIFO_WIDTH       ; 8     ; Signed Integer                                                                                                                                      ;
; WR_WIDTHU        ; 6     ; Signed Integer                                                                                                                                      ;
; write_le         ; ON    ; String                                                                                                                                              ;
; writeBufferDepth ; 64    ; Signed Integer                                                                                                                                      ;
; printingMethod   ; 0     ; Signed Integer                                                                                                                                      ;
+------------------+-------+-----------------------------------------------------------------------------------------------------------------------------------------------------+
Note: In order to hide this table in the UI and the text report file, please set the "Show Parameter Settings in Synthesis Report" option in "Analysis and Synthesis Settings -> More Settings" to "Off".


+---------------------------------------------------------------------------------------------------------------------------------------------------------------------------------------------+
; Parameter Settings for User Entity Instance: jtag_uart_tx:u_jtag_uart_tx|altera_avalon_jtag_uart:u_jtag_uart|altera_avalon_jtag_uart_scfifo_w:altera_avalon_jtag_uart_scfifo_w|scfifo:wfifo ;
+-------------------------+-------------+-----------------------------------------------------------------------------------------------------------------------------------------------------+
; Parameter Name          ; Value       ; Type                                                                                                                                                ;
+-------------------------+-------------+-----------------------------------------------------------------------------------------------------------------------------------------------------+
; AUTO_CARRY_CHAINS       ; ON          ; AUTO_CARRY                                                                                                                                          ;
; IGNORE_CARRY_BUFFERS    ; OFF         ; IGNORE_CARRY                                                                                                                                        ;
; AUTO_CASCADE_CHAINS     ; ON          ; AUTO_CASCADE                                                                                                                                        ;
; IGNORE_CASCADE_BUFFERS  ; OFF         ; IGNORE_CASCADE                                                                                                                                      ;
; lpm_width               ; 8           ; Signed Integer                                                                                                                                      ;
; LPM_NUMWORDS            ; 64          ; Signed Integer                                                                                                                                      ;
; LPM_WIDTHU              ; 6           ; Signed Integer                                                                                                                                      ;
; LPM_SHOWAHEAD           ; OFF         ; Untyped                                                                                                                                             ;
; UNDERFLOW_CHECKING      ; OFF         ; Untyped                                                                                                                                             ;
; OVERFLOW_CHECKING       ; OFF         ; Untyped                                                                                                                                             ;
; ALLOW_RWCYCLE_WHEN_FULL ; OFF         ; Untyped                                                                                                                                             ;
; ADD_RAM_OUTPUT_REGISTER ; OFF         ; Untyped                                                                                                                                             ;
; ALMOST_FULL_VALUE       ; 0           ; Untyped                                                                                                                                             ;
; ALMOST_EMPTY_VALUE      ; 0           ; Untyped                                                                                                                                             ;
; ENABLE_ECC              ; FALSE       ; Untyped                                                                                                                                             ;
; USE_EAB                 ; ON          ; Untyped                                                                                                                                             ;
; MAXIMIZE_SPEED          ; 5           ; Untyped                                                                                                                                             ;
; DEVICE_FAMILY           ; MAX 10      ; Untyped                                                                                                                                             ;
; OPTIMIZE_FOR_SPEED      ; 5           ; Untyped                                                                                                                                             ;
; CBXI_PARAMETER          ; scfifo_7131 ; Untyped                                                                                                                                             ;
+-------------------------+-------------+-----------------------------------------------------------------------------------------------------------------------------------------------------+
Note: In order to hide this table in the UI and the text report file, please set the "Show Parameter Settings in Synthesis Report" option in "Analysis and Synthesis Settings -> More Settings" to "Off".


+--------------------------------------------------------------------------------------------------------------------------------------------------------------------------------+
; Parameter Settings for User Entity Instance: jtag_uart_tx:u_jtag_uart_tx|altera_avalon_jtag_uart:u_jtag_uart|altera_avalon_jtag_uart_scfifo_r:altera_avalon_jtag_uart_scfifo_r ;
+--------------------+-------+---------------------------------------------------------------------------------------------------------------------------------------------------+
; Parameter Name     ; Value ; Type                                                                                                                                              ;
+--------------------+-------+---------------------------------------------------------------------------------------------------------------------------------------------------+
; FIFO_WIDTH         ; 8     ; Signed Integer                                                                                                                                    ;
; RD_WIDTHU          ; 6     ; Signed Integer                                                                                                                                    ;
; read_le            ; ON    ; String                                                                                                                                            ;
; readBufferDepth    ; 64    ; Signed Integer                                                                                                                                    ;
; HEX_READ_DEPTH_STR ; 64    ; Signed Integer                                                                                                                                    ;
+--------------------+-------+---------------------------------------------------------------------------------------------------------------------------------------------------+
Note: In order to hide this table in the UI and the text report file, please set the "Show Parameter Settings in Synthesis Report" option in "Analysis and Synthesis Settings -> More Settings" to "Off".


+---------------------------------------------------------------------------------------------------------------------------------------------------------------------------------------------+
; Parameter Settings for User Entity Instance: jtag_uart_tx:u_jtag_uart_tx|altera_avalon_jtag_uart:u_jtag_uart|altera_avalon_jtag_uart_scfifo_r:altera_avalon_jtag_uart_scfifo_r|scfifo:rfifo ;
+-------------------------+-------------+-----------------------------------------------------------------------------------------------------------------------------------------------------+
; Parameter Name          ; Value       ; Type                                                                                                                                                ;
+-------------------------+-------------+-----------------------------------------------------------------------------------------------------------------------------------------------------+
; AUTO_CARRY_CHAINS       ; ON          ; AUTO_CARRY                                                                                                                                          ;
; IGNORE_CARRY_BUFFERS    ; OFF         ; IGNORE_CARRY                                                                                                                                        ;
; AUTO_CASCADE_CHAINS     ; ON          ; AUTO_CASCADE                                                                                                                                        ;
; IGNORE_CASCADE_BUFFERS  ; OFF         ; IGNORE_CASCADE                                                                                                                                      ;
; lpm_width               ; 8           ; Signed Integer                                                                                                                                      ;
; LPM_NUMWORDS            ; 64          ; Signed Integer                                                                                                                                      ;
; LPM_WIDTHU              ; 6           ; Signed Integer                                                                                                                                      ;
; LPM_SHOWAHEAD           ; OFF         ; Untyped                                                                                                                                             ;
; UNDERFLOW_CHECKING      ; OFF         ; Untyped                                                                                                                                             ;
; OVERFLOW_CHECKING       ; OFF         ; Untyped                                                                                                                                             ;
; ALLOW_RWCYCLE_WHEN_FULL ; OFF         ; Untyped                                                                                                                                             ;
; ADD_RAM_OUTPUT_REGISTER ; OFF         ; Untyped                                                                                                                                             ;
; ALMOST_FULL_VALUE       ; 0           ; Untyped                                                                                                                                             ;
; ALMOST_EMPTY_VALUE      ; 0           ; Untyped                                                                                                                                             ;
; ENABLE_ECC              ; FALSE       ; Untyped                                                                                                                                             ;
; USE_EAB                 ; ON          ; Untyped                                                                                                                                             ;
; MAXIMIZE_SPEED          ; 5           ; Untyped                                                                                                                                             ;
; DEVICE_FAMILY           ; MAX 10      ; Untyped                                                                                                                                             ;
; OPTIMIZE_FOR_SPEED      ; 5           ; Untyped                                                                                                                                             ;
; CBXI_PARAMETER          ; scfifo_7131 ; Untyped                                                                                                                                             ;
+-------------------------+-------------+-----------------------------------------------------------------------------------------------------------------------------------------------------+
Note: In order to hide this table in the UI and the text report file, please set the "Show Parameter Settings in Synthesis Report" option in "Analysis and Synthesis Settings -> More Settings" to "Off".


+-------------------------------------------------------------------------+
; altpll Parameter Settings by Entity Instance                            ;
+-------------------------------+-----------------------------------------+
; Name                          ; Value                                   ;
+-------------------------------+-----------------------------------------+
; Number of entity instances    ; 1                                       ;
; Entity Instance               ; usb_pll_12mhz:u_usb_pll|altpll:u_altpll ;
;     -- OPERATION_MODE         ; NORMAL                                  ;
;     -- PLL_TYPE               ; AUTO                                    ;
;     -- PRIMARY_CLOCK          ; INCLK0                                  ;
;     -- INCLK0_INPUT_FREQUENCY ; 20000                                   ;
;     -- INCLK1_INPUT_FREQUENCY ; 0                                       ;
;     -- VCO_MULTIPLY_BY        ; 0                                       ;
;     -- VCO_DIVIDE_BY          ; 0                                       ;
+-------------------------------+-----------------------------------------+


+-----------------------------------------------------------------------------------------------------------------------------------------------------------------------------+
; scfifo Parameter Settings by Entity Instance                                                                                                                                ;
+----------------------------+------------------------------------------------------------------------------------------------------------------------------------------------+
; Name                       ; Value                                                                                                                                          ;
+----------------------------+------------------------------------------------------------------------------------------------------------------------------------------------+
; Number of entity instances ; 2                                                                                                                                              ;
; Entity Instance            ; jtag_uart_tx:u_jtag_uart_tx|altera_avalon_jtag_uart:u_jtag_uart|altera_avalon_jtag_uart_scfifo_w:altera_avalon_jtag_uart_scfifo_w|scfifo:wfifo ;
;     -- FIFO Type           ; Single Clock                                                                                                                                   ;
;     -- lpm_width           ; 8                                                                                                                                              ;
;     -- LPM_NUMWORDS        ; 64                                                                                                                                             ;
;     -- LPM_SHOWAHEAD       ; OFF                                                                                                                                            ;
;     -- USE_EAB             ; ON                                                                                                                                             ;
; Entity Instance            ; jtag_uart_tx:u_jtag_uart_tx|altera_avalon_jtag_uart:u_jtag_uart|altera_avalon_jtag_uart_scfifo_r:altera_avalon_jtag_uart_scfifo_r|scfifo:rfifo ;
;     -- FIFO Type           ; Single Clock                                                                                                                                   ;
;     -- lpm_width           ; 8                                                                                                                                              ;
;     -- LPM_NUMWORDS        ; 64                                                                                                                                             ;
;     -- LPM_SHOWAHEAD       ; OFF                                                                                                                                            ;
;     -- USE_EAB             ; ON                                                                                                                                             ;
+----------------------------+------------------------------------------------------------------------------------------------------------------------------------------------+


+-----------------------------------------------------------------------------------------------------------------------------------------------------------------------------------+
; Port Connectivity Checks: "jtag_uart_tx:u_jtag_uart_tx|altera_avalon_jtag_uart:u_jtag_uart|alt_jtag_atlantic:altera_avalon_jtag_uart_alt_jtag_atlantic"                           ;
+----------------+--------+----------+----------------------------------------------------------------------------------------------------------------------------------------------+
; Port           ; Type   ; Severity ; Details                                                                                                                                      ;
+----------------+--------+----------+----------------------------------------------------------------------------------------------------------------------------------------------+
; raw_tck        ; Input  ; Warning  ; Declared by entity but not connected by instance. If a default value exists, it will be used.  Otherwise, the port will be connected to GND. ;
; tdi            ; Input  ; Warning  ; Declared by entity but not connected by instance. If a default value exists, it will be used.  Otherwise, the port will be connected to GND. ;
; jtag_state_rti ; Input  ; Warning  ; Declared by entity but not connected by instance. If a default value exists, it will be used.  Otherwise, the port will be connected to GND. ;
; usr1           ; Input  ; Warning  ; Declared by entity but not connected by instance. If a default value exists, it will be used.  Otherwise, the port will be connected to GND. ;
; clr            ; Input  ; Warning  ; Declared by entity but not connected by instance. If a default value exists, it will be used.  Otherwise, the port will be connected to GND. ;
; ena            ; Input  ; Warning  ; Declared by entity but not connected by instance. If a default value exists, it will be used.  Otherwise, the port will be connected to GND. ;
; ir_in          ; Input  ; Warning  ; Declared by entity but not connected by instance. If a default value exists, it will be used.  Otherwise, the port will be connected to GND. ;
; tdo            ; Output ; Warning  ; Declared by entity but not connected by instance. Logic that only feeds a dangling port will be removed.                                     ;
; ir_out         ; Output ; Warning  ; Declared by entity but not connected by instance. Logic that only feeds a dangling port will be removed.                                     ;
; jtag_state_cdr ; Input  ; Warning  ; Declared by entity but not connected by instance. If a default value exists, it will be used.  Otherwise, the port will be connected to GND. ;
; jtag_state_sdr ; Input  ; Warning  ; Declared by entity but not connected by instance. If a default value exists, it will be used.  Otherwise, the port will be connected to GND. ;
; jtag_state_udr ; Input  ; Warning  ; Declared by entity but not connected by instance. If a default value exists, it will be used.  Otherwise, the port will be connected to GND. ;
+----------------+--------+----------+----------------------------------------------------------------------------------------------------------------------------------------------+


+-------------------------------------------------------------------------------------------------------------------------------+
; Port Connectivity Checks: "jtag_uart_tx:u_jtag_uart_tx|altera_avalon_jtag_uart:u_jtag_uart"                                   ;
+---------------------+--------+----------+-------------------------------------------------------------------------------------+
; Port                ; Type   ; Severity ; Details                                                                             ;
+---------------------+--------+----------+-------------------------------------------------------------------------------------+
; av_writedata[31..8] ; Input  ; Info     ; Stuck at GND                                                                        ;
; av_irq              ; Output ; Info     ; Connected to dangling logic. Logic that only feeds a dangling port will be removed. ;
; av_readdata[15..0]  ; Output ; Info     ; Connected to dangling logic. Logic that only feeds a dangling port will be removed. ;
+---------------------+--------+----------+-------------------------------------------------------------------------------------+


+-----------------------------------------------------------------------------------------------------------------------+
; Port Connectivity Checks: "jtag_uart_tx:u_jtag_uart_tx"                                                               ;
+-------------+--------+----------+-------------------------------------------------------------------------------------+
; Port        ; Type   ; Severity ; Details                                                                             ;
+-------------+--------+----------+-------------------------------------------------------------------------------------+
; last_wspace ; Output ; Info     ; Connected to dangling logic. Logic that only feeds a dangling port will be removed. ;
+-------------+--------+----------+-------------------------------------------------------------------------------------+


+---------------------------------------------------------------------------------------------------------------------+
; Port Connectivity Checks: "cdc_byte_strobe:u_usb_to_sys_char"                                                       ;
+-----------+--------+----------+-------------------------------------------------------------------------------------+
; Port      ; Type   ; Severity ; Details                                                                             ;
+-----------+--------+----------+-------------------------------------------------------------------------------------+
; src_ready ; Output ; Info     ; Connected to dangling logic. Logic that only feeds a dangling port will be removed. ;
+-----------+--------+----------+-------------------------------------------------------------------------------------+


+---------------------------------------------------------------------------------------------------------------------+
; Port Connectivity Checks: "usb_hid_host:g_usb_ch1.u_usb_hid_host|ukp:ukp"                                           ;
+-----------+--------+----------+-------------------------------------------------------------------------------------+
; Port      ; Type   ; Severity ; Details                                                                             ;
+-----------+--------+----------+-------------------------------------------------------------------------------------+
; usb_oe    ; Output ; Info     ; Explicitly unconnected                                                              ;
; save_b[3] ; Output ; Info     ; Connected to dangling logic. Logic that only feeds a dangling port will be removed. ;
+-----------+--------+----------+-------------------------------------------------------------------------------------+


+--------------------------------------------------------------------------------------------------------------------------+
; Port Connectivity Checks: "usb_hid_host:g_usb_ch1.u_usb_hid_host"                                                        ;
+----------------+--------+----------+-------------------------------------------------------------------------------------+
; Port           ; Type   ; Severity ; Details                                                                             ;
+----------------+--------+----------+-------------------------------------------------------------------------------------+
; mouse_btn      ; Output ; Info     ; Connected to dangling logic. Logic that only feeds a dangling port will be removed. ;
; mouse_dx       ; Output ; Info     ; Connected to dangling logic. Logic that only feeds a dangling port will be removed. ;
; mouse_dy       ; Output ; Info     ; Connected to dangling logic. Logic that only feeds a dangling port will be removed. ;
; game_l         ; Output ; Info     ; Connected to dangling logic. Logic that only feeds a dangling port will be removed. ;
; game_r         ; Output ; Info     ; Connected to dangling logic. Logic that only feeds a dangling port will be removed. ;
; game_u         ; Output ; Info     ; Connected to dangling logic. Logic that only feeds a dangling port will be removed. ;
; game_d         ; Output ; Info     ; Connected to dangling logic. Logic that only feeds a dangling port will be removed. ;
; game_a         ; Output ; Info     ; Connected to dangling logic. Logic that only feeds a dangling port will be removed. ;
; game_b         ; Output ; Info     ; Connected to dangling logic. Logic that only feeds a dangling port will be removed. ;
; game_x         ; Output ; Info     ; Connected to dangling logic. Logic that only feeds a dangling port will be removed. ;
; game_y         ; Output ; Info     ; Connected to dangling logic. Logic that only feeds a dangling port will be removed. ;
; game_sel       ; Output ; Info     ; Connected to dangling logic. Logic that only feeds a dangling port will be removed. ;
; game_sta       ; Output ; Info     ; Connected to dangling logic. Logic that only feeds a dangling port will be removed. ;
; dbg_hid_report ; Output ; Info     ; Connected to dangling logic. Logic that only feeds a dangling port will be removed. ;
+----------------+--------+----------+-------------------------------------------------------------------------------------+


+-----------------------------------------------------+
; Post-Synthesis Netlist Statistics for Top Partition ;
+-----------------------+-----------------------------+
; Type                  ; Count                       ;
+-----------------------+-----------------------------+
; boundary_port         ; 28                          ;
; cycloneiii_ff         ; 493                         ;
;     CLR               ; 76                          ;
;     ENA               ; 232                         ;
;     ENA CLR           ; 121                         ;
;     ENA CLR SCLR      ; 3                           ;
;     ENA SCLR          ; 35                          ;
;     SCLR              ; 3                           ;
;     SCLR SLD          ; 1                           ;
;     SLD               ; 1                           ;
;     plain             ; 21                          ;
; cycloneiii_io_obuf    ; 4                           ;
; cycloneiii_lcell_comb ; 976                         ;
;     arith             ; 128                         ;
;         2 data inputs ; 117                         ;
;         3 data inputs ; 11                          ;
;     normal            ; 848                         ;
;         0 data inputs ; 1                           ;
;         1 data inputs ; 17                          ;
;         2 data inputs ; 82                          ;
;         3 data inputs ; 147                         ;
;         4 data inputs ; 601                         ;
; cycloneiii_pll        ; 1                           ;
; cycloneiii_ram_block  ; 8                           ;
;                       ;                             ;
; Max LUT depth         ; 17.00                       ;
; Average LUT depth     ; 5.53                        ;
+-----------------------+-----------------------------+


+-------------------------------+
; Elapsed Time Per Partition    ;
+----------------+--------------+
; Partition Name ; Elapsed Time ;
+----------------+--------------+
; Top            ; 00:00:05     ;
+----------------+--------------+


+-------------------------------+
; Analysis & Synthesis Messages ;
+-------------------------------+
Info: *******************************************************************
Info: Running Quartus Prime Analysis & Synthesis
    Info: Version 25.1std.0 Build 1129 10/21/2025 SC Lite Edition
    Info: Processing started: Thu Sep 17 01:30:59 2026
Info: Command: quartus_map --read_settings_files=on --write_settings_files=off usb_host -c usb_host
Warning (18236): Number of processors has not been specified which may cause overloading on shared machines.  Set the global assignment NUM_PARALLEL_PROCESSORS in your QSF to an appropriate value for best performance.
Info (20030): Parallel compilation is enabled and will use 16 of the 16 processors detected
Info (12021): Found 1 design units, including 1 entities, in source file rtl/reset_sync.sv
    Info (12023): Found entity 1: reset_sync File: H:/git/PCB_CQmax10/CQmax10/sample/usb_host/rtl/reset_sync.sv Line: 3
Info (12021): Found 1 design units, including 1 entities, in source file rtl/usb_pll_12mhz.sv
    Info (12023): Found entity 1: usb_pll_12mhz File: H:/git/PCB_CQmax10/CQmax10/sample/usb_host/rtl/usb_pll_12mhz.sv Line: 3
Info (12021): Found 1 design units, including 1 entities, in source file rtl/hid_keyboard_ascii.sv
    Info (12023): Found entity 1: hid_keyboard_ascii File: H:/git/PCB_CQmax10/CQmax10/sample/usb_host/rtl/hid_keyboard_ascii.sv Line: 3
Info (12021): Found 1 design units, including 1 entities, in source file rtl/cdc_byte_strobe.sv
    Info (12023): Found entity 1: cdc_byte_strobe File: H:/git/PCB_CQmax10/CQmax10/sample/usb_host/rtl/cdc_byte_strobe.sv Line: 3
Info (12021): Found 1 design units, including 1 entities, in source file rtl/jtag_uart_tx.sv
    Info (12023): Found entity 1: jtag_uart_tx File: H:/git/PCB_CQmax10/CQmax10/sample/usb_host/rtl/jtag_uart_tx.sv Line: 3
Info (12021): Found 1 design units, including 1 entities, in source file rtl/top.sv
    Info (12023): Found entity 1: top File: H:/git/PCB_CQmax10/CQmax10/sample/usb_host/rtl/top.sv Line: 3
Info (12021): Found 2 design units, including 2 entities, in source file rtl/third_party/nand2mario/usb_hid_host.v
    Info (12023): Found entity 1: usb_hid_host File: H:/git/PCB_CQmax10/CQmax10/sample/usb_host/rtl/third_party/nand2mario/usb_hid_host.v Line: 12
    Info (12023): Found entity 2: ukp File: H:/git/PCB_CQmax10/CQmax10/sample/usb_host/rtl/third_party/nand2mario/usb_hid_host.v Line: 170
Info (12021): Found 1 design units, including 1 entities, in source file rtl/third_party/nand2mario/usb_hid_host_rom.v
    Info (12023): Found entity 1: usb_hid_host_rom File: H:/git/PCB_CQmax10/CQmax10/sample/usb_host/rtl/third_party/nand2mario/usb_hid_host_rom.v Line: 1
Info (12021): Found 1 design units, including 1 entities, in source file /altera_lite/25.1std/ip/altera/sopc_builder_ip/altera_avalon_jtag_uart/altera_avalon_jtag_uart.sv
    Info (12023): Found entity 1: altera_avalon_jtag_uart File: H:/altera_lite/25.1std/ip/altera/sopc_builder_ip/altera_avalon_jtag_uart/altera_avalon_jtag_uart.sv Line: 22
Info (12021): Found 1 design units, including 1 entities, in source file /altera_lite/25.1std/ip/altera/sopc_builder_ip/altera_avalon_jtag_uart/altera_avalon_jtag_uart_scfifo_w.sv
    Info (12023): Found entity 1: altera_avalon_jtag_uart_scfifo_w File: H:/altera_lite/25.1std/ip/altera/sopc_builder_ip/altera_avalon_jtag_uart/altera_avalon_jtag_uart_scfifo_w.sv Line: 22
Info (12021): Found 1 design units, including 1 entities, in source file /altera_lite/25.1std/ip/altera/sopc_builder_ip/altera_avalon_jtag_uart/altera_avalon_jtag_uart_scfifo_r.sv
    Info (12023): Found entity 1: altera_avalon_jtag_uart_scfifo_r File: H:/altera_lite/25.1std/ip/altera/sopc_builder_ip/altera_avalon_jtag_uart/altera_avalon_jtag_uart_scfifo_r.sv Line: 22
Info (12127): Elaborating entity "top" for the top level hierarchy
Info (12128): Elaborating entity "usb_pll_12mhz" for hierarchy "usb_pll_12mhz:u_usb_pll" File: H:/git/PCB_CQmax10/CQmax10/sample/usb_host/rtl/top.sv Line: 27
Info (12128): Elaborating entity "altpll" for hierarchy "usb_pll_12mhz:u_usb_pll|altpll:u_altpll" File: H:/git/PCB_CQmax10/CQmax10/sample/usb_host/rtl/usb_pll_12mhz.sv Line: 50
Info (12130): Elaborated megafunction instantiation "usb_pll_12mhz:u_usb_pll|altpll:u_altpll" File: H:/git/PCB_CQmax10/CQmax10/sample/usb_host/rtl/usb_pll_12mhz.sv Line: 50
Info (12133): Instantiated megafunction "usb_pll_12mhz:u_usb_pll|altpll:u_altpll" with the following parameter: File: H:/git/PCB_CQmax10/CQmax10/sample/usb_host/rtl/usb_pll_12mhz.sv Line: 50
    Info (12134): Parameter "operation_mode" = "NORMAL"
    Info (12134): Parameter "compensate_clock" = "CLK0"
    Info (12134): Parameter "inclk0_input_frequency" = "20000"
    Info (12134): Parameter "clk0_multiply_by" = "6"
    Info (12134): Parameter "clk0_divide_by" = "25"
    Info (12134): Parameter "clk0_duty_cycle" = "50"
    Info (12134): Parameter "clk0_phase_shift" = "0"
    Info (12134): Parameter "width_clock" = "5"
Info (12021): Found 1 design units, including 1 entities, in source file db/altpll_6dr.tdf
    Info (12023): Found entity 1: altpll_6dr File: H:/git/PCB_CQmax10/CQmax10/sample/usb_host/db/altpll_6dr.tdf Line: 28
Info (12128): Elaborating entity "altpll_6dr" for hierarchy "usb_pll_12mhz:u_usb_pll|altpll:u_altpll|altpll_6dr:auto_generated" File: h:/altera_lite/25.1std/quartus/libraries/megafunctions/altpll.tdf Line: 898
Info (12128): Elaborating entity "reset_sync" for hierarchy "reset_sync:u_rst_sys" File: H:/git/PCB_CQmax10/CQmax10/sample/usb_host/rtl/top.sv Line: 37
Info (12128): Elaborating entity "usb_hid_host" for hierarchy "usb_hid_host:g_usb_ch1.u_usb_hid_host" File: H:/git/PCB_CQmax10/CQmax10/sample/usb_host/rtl/top.sv Line: 132
Warning (10230): Verilog HDL assignment warning at usb_hid_host.v(141): truncated value with size 32 to match size of target (4) File: H:/git/PCB_CQmax10/CQmax10/sample/usb_host/rtl/third_party/nand2mario/usb_hid_host.v Line: 141
Warning (10230): Verilog HDL assignment warning at usb_hid_host.v(158): truncated value with size 32 to match size of target (2) File: H:/git/PCB_CQmax10/CQmax10/sample/usb_host/rtl/third_party/nand2mario/usb_hid_host.v Line: 158
Info (12128): Elaborating entity "ukp" for hierarchy "usb_hid_host:g_usb_ch1.u_usb_hid_host|ukp:ukp" File: H:/git/PCB_CQmax10/CQmax10/sample/usb_host/rtl/third_party/nand2mario/usb_hid_host.v Line: 52
Warning (10036): Verilog HDL or VHDL warning at usb_hid_host.v(369): object "nakd" assigned a value but never read File: H:/git/PCB_CQmax10/CQmax10/sample/usb_host/rtl/third_party/nand2mario/usb_hid_host.v Line: 369
Warning (10230): Verilog HDL assignment warning at usb_hid_host.v(223): truncated value with size 32 to match size of target (1) File: H:/git/PCB_CQmax10/CQmax10/sample/usb_host/rtl/third_party/nand2mario/usb_hid_host.v Line: 223
Warning (10230): Verilog HDL assignment warning at usb_hid_host.v(224): truncated value with size 32 to match size of target (1) File: H:/git/PCB_CQmax10/CQmax10/sample/usb_host/rtl/third_party/nand2mario/usb_hid_host.v Line: 224
Warning (10230): Verilog HDL assignment warning at usb_hid_host.v(247): truncated value with size 32 to match size of target (1) File: H:/git/PCB_CQmax10/CQmax10/sample/usb_host/rtl/third_party/nand2mario/usb_hid_host.v Line: 247
Info (10264): Verilog HDL Case Statement information at usb_hid_host.v(242): all case item expressions in this case statement are onehot File: H:/git/PCB_CQmax10/CQmax10/sample/usb_host/rtl/third_party/nand2mario/usb_hid_host.v Line: 242
Warning (10230): Verilog HDL assignment warning at usb_hid_host.v(290): truncated value with size 32 to match size of target (14) File: H:/git/PCB_CQmax10/CQmax10/sample/usb_host/rtl/third_party/nand2mario/usb_hid_host.v Line: 290
Warning (10230): Verilog HDL assignment warning at usb_hid_host.v(298): truncated value with size 32 to match size of target (14) File: H:/git/PCB_CQmax10/CQmax10/sample/usb_host/rtl/third_party/nand2mario/usb_hid_host.v Line: 298
Warning (10230): Verilog HDL assignment warning at usb_hid_host.v(308): truncated value with size 32 to match size of target (3) File: H:/git/PCB_CQmax10/CQmax10/sample/usb_host/rtl/third_party/nand2mario/usb_hid_host.v Line: 308
Warning (10230): Verilog HDL assignment warning at usb_hid_host.v(326): truncated value with size 32 to match size of target (3) File: H:/git/PCB_CQmax10/CQmax10/sample/usb_host/rtl/third_party/nand2mario/usb_hid_host.v Line: 326
Warning (10230): Verilog HDL assignment warning at usb_hid_host.v(333): truncated value with size 32 to match size of target (7) File: H:/git/PCB_CQmax10/CQmax10/sample/usb_host/rtl/third_party/nand2mario/usb_hid_host.v Line: 333
Warning (10230): Verilog HDL assignment warning at usb_hid_host.v(336): truncated value with size 32 to match size of target (3) File: H:/git/PCB_CQmax10/CQmax10/sample/usb_host/rtl/third_party/nand2mario/usb_hid_host.v Line: 336
Warning (10230): Verilog HDL assignment warning at usb_hid_host.v(346): truncated value with size 32 to match size of target (14) File: H:/git/PCB_CQmax10/CQmax10/sample/usb_host/rtl/third_party/nand2mario/usb_hid_host.v Line: 346
Warning (10230): Verilog HDL assignment warning at usb_hid_host.v(355): truncated value with size 32 to match size of target (24) File: H:/git/PCB_CQmax10/CQmax10/sample/usb_host/rtl/third_party/nand2mario/usb_hid_host.v Line: 355
Info (12128): Elaborating entity "usb_hid_host_rom" for hierarchy "usb_hid_host:g_usb_ch1.u_usb_hid_host|ukp:ukp|usb_hid_host_rom:ukprom" File: H:/git/PCB_CQmax10/CQmax10/sample/usb_host/rtl/third_party/nand2mario/usb_hid_host.v Line: 231
Warning (10030): Net "mem.data_a" at usb_hid_host_rom.v(6) has no driver or initial value, using a default initial value '0' File: H:/git/PCB_CQmax10/CQmax10/sample/usb_host/rtl/third_party/nand2mario/usb_hid_host_rom.v Line: 6
Warning (10030): Net "mem.waddr_a" at usb_hid_host_rom.v(6) has no driver or initial value, using a default initial value '0' File: H:/git/PCB_CQmax10/CQmax10/sample/usb_host/rtl/third_party/nand2mario/usb_hid_host_rom.v Line: 6
Warning (10030): Net "mem.we_a" at usb_hid_host_rom.v(6) has no driver or initial value, using a default initial value '0' File: H:/git/PCB_CQmax10/CQmax10/sample/usb_host/rtl/third_party/nand2mario/usb_hid_host_rom.v Line: 6
Info (12128): Elaborating entity "hid_keyboard_ascii" for hierarchy "hid_keyboard_ascii:u_hid_keyboard_ascii" File: H:/git/PCB_CQmax10/CQmax10/sample/usb_host/rtl/top.sv Line: 151
Info (12128): Elaborating entity "cdc_byte_strobe" for hierarchy "cdc_byte_strobe:u_usb_to_sys_char" File: H:/git/PCB_CQmax10/CQmax10/sample/usb_host/rtl/top.sv Line: 173
Info (12128): Elaborating entity "jtag_uart_tx" for hierarchy "jtag_uart_tx:u_jtag_uart_tx" File: H:/git/PCB_CQmax10/CQmax10/sample/usb_host/rtl/top.sv Line: 186
Info (10264): Verilog HDL Case Statement information at jtag_uart_tx.sv(45): all case item expressions in this case statement are onehot File: H:/git/PCB_CQmax10/CQmax10/sample/usb_host/rtl/jtag_uart_tx.sv Line: 45
Info (12128): Elaborating entity "altera_avalon_jtag_uart" for hierarchy "jtag_uart_tx:u_jtag_uart_tx|altera_avalon_jtag_uart:u_jtag_uart" File: H:/git/PCB_CQmax10/CQmax10/sample/usb_host/rtl/jtag_uart_tx.sv Line: 127
Info (12128): Elaborating entity "altera_avalon_jtag_uart_scfifo_w" for hierarchy "jtag_uart_tx:u_jtag_uart_tx|altera_avalon_jtag_uart:u_jtag_uart|altera_avalon_jtag_uart_scfifo_w:altera_avalon_jtag_uart_scfifo_w" File: H:/altera_lite/25.1std/ip/altera/sopc_builder_ip/altera_avalon_jtag_uart/altera_avalon_jtag_uart.sv Line: 133
Info (12128): Elaborating entity "scfifo" for hierarchy "jtag_uart_tx:u_jtag_uart_tx|altera_avalon_jtag_uart:u_jtag_uart|altera_avalon_jtag_uart_scfifo_w:altera_avalon_jtag_uart_scfifo_w|scfifo:wfifo" File: H:/altera_lite/25.1std/ip/altera/sopc_builder_ip/altera_avalon_jtag_uart/altera_avalon_jtag_uart_scfifo_w.sv Line: 97
Info (12130): Elaborated megafunction instantiation "jtag_uart_tx:u_jtag_uart_tx|altera_avalon_jtag_uart:u_jtag_uart|altera_avalon_jtag_uart_scfifo_w:altera_avalon_jtag_uart_scfifo_w|scfifo:wfifo" File: H:/altera_lite/25.1std/ip/altera/sopc_builder_ip/altera_avalon_jtag_uart/altera_avalon_jtag_uart_scfifo_w.sv Line: 97
Info (12133): Instantiated megafunction "jtag_uart_tx:u_jtag_uart_tx|altera_avalon_jtag_uart:u_jtag_uart|altera_avalon_jtag_uart_scfifo_w:altera_avalon_jtag_uart_scfifo_w|scfifo:wfifo" with the following parameter: File: H:/altera_lite/25.1std/ip/altera/sopc_builder_ip/altera_avalon_jtag_uart/altera_avalon_jtag_uart_scfifo_w.sv Line: 97
    Info (12134): Parameter "lpm_hint" = "RAM_BLOCK_TYPE=AUTO"
    Info (12134): Parameter "lpm_numwords" = "64"
    Info (12134): Parameter "lpm_showahead" = "OFF"
    Info (12134): Parameter "lpm_type" = "scfifo"
    Info (12134): Parameter "lpm_width" = "8"
    Info (12134): Parameter "lpm_widthu" = "6"
    Info (12134): Parameter "overflow_checking" = "OFF"
    Info (12134): Parameter "underflow_checking" = "OFF"
    Info (12134): Parameter "use_eab" = "ON"
Info (12021): Found 1 design units, including 1 entities, in source file db/scfifo_7131.tdf
    Info (12023): Found entity 1: scfifo_7131 File: H:/git/PCB_CQmax10/CQmax10/sample/usb_host/db/scfifo_7131.tdf Line: 25
Info (12128): Elaborating entity "scfifo_7131" for hierarchy "jtag_uart_tx:u_jtag_uart_tx|altera_avalon_jtag_uart:u_jtag_uart|altera_avalon_jtag_uart_scfifo_w:altera_avalon_jtag_uart_scfifo_w|scfifo:wfifo|scfifo_7131:auto_generated" File: h:/altera_lite/25.1std/quartus/libraries/megafunctions/scfifo.tdf Line: 300
Info (12021): Found 1 design units, including 1 entities, in source file db/a_dpfifo_bb01.tdf
    Info (12023): Found entity 1: a_dpfifo_bb01 File: H:/git/PCB_CQmax10/CQmax10/sample/usb_host/db/a_dpfifo_bb01.tdf Line: 29
Info (12128): Elaborating entity "a_dpfifo_bb01" for hierarchy "jtag_uart_tx:u_jtag_uart_tx|altera_avalon_jtag_uart:u_jtag_uart|altera_avalon_jtag_uart_scfifo_w:altera_avalon_jtag_uart_scfifo_w|scfifo:wfifo|scfifo_7131:auto_generated|a_dpfifo_bb01:dpfifo" File: H:/git/PCB_CQmax10/CQmax10/sample/usb_host/db/scfifo_7131.tdf Line: 39
Info (12021): Found 1 design units, including 1 entities, in source file db/a_fefifo_7cf.tdf
    Info (12023): Found entity 1: a_fefifo_7cf File: H:/git/PCB_CQmax10/CQmax10/sample/usb_host/db/a_fefifo_7cf.tdf Line: 25
Info (12128): Elaborating entity "a_fefifo_7cf" for hierarchy "jtag_uart_tx:u_jtag_uart_tx|altera_avalon_jtag_uart:u_jtag_uart|altera_avalon_jtag_uart_scfifo_w:altera_avalon_jtag_uart_scfifo_w|scfifo:wfifo|scfifo_7131:auto_generated|a_dpfifo_bb01:dpfifo|a_fefifo_7cf:fifo_state" File: H:/git/PCB_CQmax10/CQmax10/sample/usb_host/db/a_dpfifo_bb01.tdf Line: 43
Info (12021): Found 1 design units, including 1 entities, in source file db/cntr_337.tdf
    Info (12023): Found entity 1: cntr_337 File: H:/git/PCB_CQmax10/CQmax10/sample/usb_host/db/cntr_337.tdf Line: 26
Info (12128): Elaborating entity "cntr_337" for hierarchy "jtag_uart_tx:u_jtag_uart_tx|altera_avalon_jtag_uart:u_jtag_uart|altera_avalon_jtag_uart_scfifo_w:altera_avalon_jtag_uart_scfifo_w|scfifo:wfifo|scfifo_7131:auto_generated|a_dpfifo_bb01:dpfifo|a_fefifo_7cf:fifo_state|cntr_337:count_usedw" File: H:/git/PCB_CQmax10/CQmax10/sample/usb_host/db/a_fefifo_7cf.tdf Line: 39
Info (12021): Found 1 design units, including 1 entities, in source file db/altsyncram_dtn1.tdf
    Info (12023): Found entity 1: altsyncram_dtn1 File: H:/git/PCB_CQmax10/CQmax10/sample/usb_host/db/altsyncram_dtn1.tdf Line: 28
Info (12128): Elaborating entity "altsyncram_dtn1" for hierarchy "jtag_uart_tx:u_jtag_uart_tx|altera_avalon_jtag_uart:u_jtag_uart|altera_avalon_jtag_uart_scfifo_w:altera_avalon_jtag_uart_scfifo_w|scfifo:wfifo|scfifo_7131:auto_generated|a_dpfifo_bb01:dpfifo|altsyncram_dtn1:FIFOram" File: H:/git/PCB_CQmax10/CQmax10/sample/usb_host/db/a_dpfifo_bb01.tdf Line: 44
Info (12021): Found 1 design units, including 1 entities, in source file db/cntr_n2b.tdf
    Info (12023): Found entity 1: cntr_n2b File: H:/git/PCB_CQmax10/CQmax10/sample/usb_host/db/cntr_n2b.tdf Line: 26
Info (12128): Elaborating entity "cntr_n2b" for hierarchy "jtag_uart_tx:u_jtag_uart_tx|altera_avalon_jtag_uart:u_jtag_uart|altera_avalon_jtag_uart_scfifo_w:altera_avalon_jtag_uart_scfifo_w|scfifo:wfifo|scfifo_7131:auto_generated|a_dpfifo_bb01:dpfifo|cntr_n2b:rd_ptr_count" File: H:/git/PCB_CQmax10/CQmax10/sample/usb_host/db/a_dpfifo_bb01.tdf Line: 45
Info (12128): Elaborating entity "altera_avalon_jtag_uart_scfifo_r" for hierarchy "jtag_uart_tx:u_jtag_uart_tx|altera_avalon_jtag_uart:u_jtag_uart|altera_avalon_jtag_uart_scfifo_r:altera_avalon_jtag_uart_scfifo_r" File: H:/altera_lite/25.1std/ip/altera/sopc_builder_ip/altera_avalon_jtag_uart/altera_avalon_jtag_uart.sv Line: 155
Info (12128): Elaborating entity "alt_jtag_atlantic" for hierarchy "jtag_uart_tx:u_jtag_uart_tx|altera_avalon_jtag_uart:u_jtag_uart|alt_jtag_atlantic:altera_avalon_jtag_uart_alt_jtag_atlantic" File: H:/altera_lite/25.1std/ip/altera/sopc_builder_ip/altera_avalon_jtag_uart/altera_avalon_jtag_uart.sv Line: 281
Info (12130): Elaborated megafunction instantiation "jtag_uart_tx:u_jtag_uart_tx|altera_avalon_jtag_uart:u_jtag_uart|alt_jtag_atlantic:altera_avalon_jtag_uart_alt_jtag_atlantic" File: H:/altera_lite/25.1std/ip/altera/sopc_builder_ip/altera_avalon_jtag_uart/altera_avalon_jtag_uart.sv Line: 281
Info (12133): Instantiated megafunction "jtag_uart_tx:u_jtag_uart_tx|altera_avalon_jtag_uart:u_jtag_uart|alt_jtag_atlantic:altera_avalon_jtag_uart_alt_jtag_atlantic" with the following parameter: File: H:/altera_lite/25.1std/ip/altera/sopc_builder_ip/altera_avalon_jtag_uart/altera_avalon_jtag_uart.sv Line: 281
    Info (12134): Parameter "INSTANCE_ID" = "0"
    Info (12134): Parameter "LOG2_RXFIFO_DEPTH" = "6"
    Info (12134): Parameter "LOG2_TXFIFO_DEPTH" = "6"
    Info (12134): Parameter "SLD_AUTO_INSTANCE_INDEX" = "YES"
Info (12128): Elaborating entity "sld_jtag_endpoint_adapter" for hierarchy "jtag_uart_tx:u_jtag_uart_tx|altera_avalon_jtag_uart:u_jtag_uart|alt_jtag_atlantic:altera_avalon_jtag_uart_alt_jtag_atlantic|sld_jtag_endpoint_adapter:inst" File: h:/altera_lite/25.1std/quartus/libraries/megafunctions/alt_jtag_atlantic.v Line: 276
Info (12128): Elaborating entity "sld_jtag_endpoint_adapter_impl" for hierarchy "jtag_uart_tx:u_jtag_uart_tx|altera_avalon_jtag_uart:u_jtag_uart|alt_jtag_atlantic:altera_avalon_jtag_uart_alt_jtag_atlantic|sld_jtag_endpoint_adapter:inst|sld_jtag_endpoint_adapter_impl:sld_jtag_endpoint_adapter_impl_inst" File: h:/altera_lite/25.1std/quartus/libraries/megafunctions/sld_jtag_endpoint_adapter.vhd Line: 232
Info (11170): Starting IP generation for the debug fabric: alt_sld_fab.
Info (11172): 2026.09.17.01:31:27 Progress: Loading sld5af6716d/alt_sld_fab_wrapper_hw.tcl
Info (11172): Alt_sld_fab.alt_sld_fab: SLD fabric agents which did not specify prefer_host were connected to JTAG
Info (11172): Alt_sld_fab: Generating "alt_sld_fab" for QUARTUS_SYNTH
Info (11172): Alt_sld_fab: "alt_sld_fab" instantiated alt_sld_fab "alt_sld_fab"
Info (11172): Presplit: "alt_sld_fab" instantiated altera_super_splitter "presplit"
Info (11172): Splitter: "alt_sld_fab" instantiated altera_sld_splitter "splitter"
Info (11172): Sldfabric: "alt_sld_fab" instantiated altera_sld_jtag_hub "sldfabric"
Info (11172): Ident: "alt_sld_fab" instantiated altera_connection_identification_hub "ident"
Info (11172): Alt_sld_fab: Done "alt_sld_fab" with 6 modules, 6 files
Info (11171): Finished IP generation for the debug fabric: alt_sld_fab.
Info (12021): Found 1 design units, including 1 entities, in source file db/ip/sld5af6716d/alt_sld_fab.v
    Info (12023): Found entity 1: alt_sld_fab File: H:/git/PCB_CQmax10/CQmax10/sample/usb_host/db/ip/sld5af6716d/alt_sld_fab.v Line: 9
Info (12021): Found 1 design units, including 1 entities, in source file db/ip/sld5af6716d/submodules/alt_sld_fab_alt_sld_fab.v
    Info (12023): Found entity 1: alt_sld_fab_alt_sld_fab File: H:/git/PCB_CQmax10/CQmax10/sample/usb_host/db/ip/sld5af6716d/submodules/alt_sld_fab_alt_sld_fab.v Line: 9
Info (12021): Found 1 design units, including 1 entities, in source file db/ip/sld5af6716d/submodules/alt_sld_fab_alt_sld_fab_ident.sv
    Info (12023): Found entity 1: alt_sld_fab_alt_sld_fab_ident File: H:/git/PCB_CQmax10/CQmax10/sample/usb_host/db/ip/sld5af6716d/submodules/alt_sld_fab_alt_sld_fab_ident.sv Line: 33
Info (12021): Found 1 design units, including 1 entities, in source file db/ip/sld5af6716d/submodules/alt_sld_fab_alt_sld_fab_presplit.sv
    Info (12023): Found entity 1: alt_sld_fab_alt_sld_fab_presplit File: H:/git/PCB_CQmax10/CQmax10/sample/usb_host/db/ip/sld5af6716d/submodules/alt_sld_fab_alt_sld_fab_presplit.sv Line: 3
Info (12021): Found 2 design units, including 1 entities, in source file db/ip/sld5af6716d/submodules/alt_sld_fab_alt_sld_fab_sldfabric.vhd
    Info (12022): Found design unit 1: alt_sld_fab_alt_sld_fab_sldfabric-rtl File: H:/git/PCB_CQmax10/CQmax10/sample/usb_host/db/ip/sld5af6716d/submodules/alt_sld_fab_alt_sld_fab_sldfabric.vhd Line: 102
    Info (12023): Found entity 1: alt_sld_fab_alt_sld_fab_sldfabric File: H:/git/PCB_CQmax10/CQmax10/sample/usb_host/db/ip/sld5af6716d/submodules/alt_sld_fab_alt_sld_fab_sldfabric.vhd Line: 11
Info (12021): Found 1 design units, including 1 entities, in source file db/ip/sld5af6716d/submodules/alt_sld_fab_alt_sld_fab_splitter.sv
    Info (12023): Found entity 1: alt_sld_fab_alt_sld_fab_splitter File: H:/git/PCB_CQmax10/CQmax10/sample/usb_host/db/ip/sld5af6716d/submodules/alt_sld_fab_alt_sld_fab_splitter.sv Line: 3
Warning (14284): Synthesized away the following node(s):
    Warning (14285): Synthesized away the following RAM node(s):
        Warning (14320): Synthesized away node "jtag_uart_tx:u_jtag_uart_tx|altera_avalon_jtag_uart:u_jtag_uart|altera_avalon_jtag_uart_scfifo_r:altera_avalon_jtag_uart_scfifo_r|scfifo:rfifo|scfifo_7131:auto_generated|a_dpfifo_bb01:dpfifo|altsyncram_dtn1:FIFOram|q_b[0]" File: H:/git/PCB_CQmax10/CQmax10/sample/usb_host/db/altsyncram_dtn1.tdf Line: 40
        Warning (14320): Synthesized away node "jtag_uart_tx:u_jtag_uart_tx|altera_avalon_jtag_uart:u_jtag_uart|altera_avalon_jtag_uart_scfifo_r:altera_avalon_jtag_uart_scfifo_r|scfifo:rfifo|scfifo_7131:auto_generated|a_dpfifo_bb01:dpfifo|altsyncram_dtn1:FIFOram|q_b[1]" File: H:/git/PCB_CQmax10/CQmax10/sample/usb_host/db/altsyncram_dtn1.tdf Line: 70
        Warning (14320): Synthesized away node "jtag_uart_tx:u_jtag_uart_tx|altera_avalon_jtag_uart:u_jtag_uart|altera_avalon_jtag_uart_scfifo_r:altera_avalon_jtag_uart_scfifo_r|scfifo:rfifo|scfifo_7131:auto_generated|a_dpfifo_bb01:dpfifo|altsyncram_dtn1:FIFOram|q_b[2]" File: H:/git/PCB_CQmax10/CQmax10/sample/usb_host/db/altsyncram_dtn1.tdf Line: 100
        Warning (14320): Synthesized away node "jtag_uart_tx:u_jtag_uart_tx|altera_avalon_jtag_uart:u_jtag_uart|altera_avalon_jtag_uart_scfifo_r:altera_avalon_jtag_uart_scfifo_r|scfifo:rfifo|scfifo_7131:auto_generated|a_dpfifo_bb01:dpfifo|altsyncram_dtn1:FIFOram|q_b[3]" File: H:/git/PCB_CQmax10/CQmax10/sample/usb_host/db/altsyncram_dtn1.tdf Line: 130
        Warning (14320): Synthesized away node "jtag_uart_tx:u_jtag_uart_tx|altera_avalon_jtag_uart:u_jtag_uart|altera_avalon_jtag_uart_scfifo_r:altera_avalon_jtag_uart_scfifo_r|scfifo:rfifo|scfifo_7131:auto_generated|a_dpfifo_bb01:dpfifo|altsyncram_dtn1:FIFOram|q_b[4]" File: H:/git/PCB_CQmax10/CQmax10/sample/usb_host/db/altsyncram_dtn1.tdf Line: 160
        Warning (14320): Synthesized away node "jtag_uart_tx:u_jtag_uart_tx|altera_avalon_jtag_uart:u_jtag_uart|altera_avalon_jtag_uart_scfifo_r:altera_avalon_jtag_uart_scfifo_r|scfifo:rfifo|scfifo_7131:auto_generated|a_dpfifo_bb01:dpfifo|altsyncram_dtn1:FIFOram|q_b[5]" File: H:/git/PCB_CQmax10/CQmax10/sample/usb_host/db/altsyncram_dtn1.tdf Line: 190
        Warning (14320): Synthesized away node "jtag_uart_tx:u_jtag_uart_tx|altera_avalon_jtag_uart:u_jtag_uart|altera_avalon_jtag_uart_scfifo_r:altera_avalon_jtag_uart_scfifo_r|scfifo:rfifo|scfifo_7131:auto_generated|a_dpfifo_bb01:dpfifo|altsyncram_dtn1:FIFOram|q_b[6]" File: H:/git/PCB_CQmax10/CQmax10/sample/usb_host/db/altsyncram_dtn1.tdf Line: 220
        Warning (14320): Synthesized away node "jtag_uart_tx:u_jtag_uart_tx|altera_avalon_jtag_uart:u_jtag_uart|altera_avalon_jtag_uart_scfifo_r:altera_avalon_jtag_uart_scfifo_r|scfifo:rfifo|scfifo_7131:auto_generated|a_dpfifo_bb01:dpfifo|altsyncram_dtn1:FIFOram|q_b[7]" File: H:/git/PCB_CQmax10/CQmax10/sample/usb_host/db/altsyncram_dtn1.tdf Line: 250
Critical Warning (127005): Memory depth (1024) in the design file differs from memory depth (536) in the Memory Initialization File "H:/git/PCB_CQmax10/CQmax10/sample/usb_host/db/usb_host.ram0_usb_hid_host_rom_a2758a3a.hdl.mif" -- setting initial value for remaining addresses to 0
Info (276014): Found 1 instances of uninferred RAM logic
    Info (276013): RAM logic "usb_hid_host:g_usb_ch1.u_usb_hid_host|ukp:ukp|usb_hid_host_rom:ukprom|mem" is uninferred because MIF is not supported for the selected family File: H:/git/PCB_CQmax10/CQmax10/sample/usb_host/rtl/third_party/nand2mario/usb_hid_host_rom.v Line: 6
Warning (12241): 1 hierarchies have connectivity warnings - see the Connectivity Checks report folder
Info (13000): Registers with preset signals will power-up high File: H:/altera_lite/25.1std/ip/altera/sopc_builder_ip/altera_avalon_jtag_uart/altera_avalon_jtag_uart.sv Line: 59
Info (13003): DEV_CLRn pin will set, and not reset, register with preset signal due to NOT Gate Push-Back
Info (286031): Timing-Driven Synthesis is running on partition "Top"
Info (17049): 29 registers lost all their fanouts during netlist optimizations.
Info (16010): Generating hard_block partition "hard_block:auto_generated_inst"
    Info (16011): Adding 1 node(s), including 0 DDIO, 1 PLL, 0 transceiver and 0 LCELL
Info (21057): Implemented 1392 device resources after synthesis - the final resource count might be different
    Info (21058): Implemented 5 input pins
    Info (21059): Implemented 11 output pins
    Info (21060): Implemented 4 bidirectional pins
    Info (21061): Implemented 1362 logic cells
    Info (21064): Implemented 8 RAM segments
    Info (21065): Implemented 1 PLLs
Info: Quartus Prime Analysis & Synthesis was successful. 0 errors, 30 warnings
    Info: Peak virtual memory: 4924 megabytes
    Info: Processing ended: Thu Sep 17 01:31:54 2026
    Info: Elapsed time: 00:00:55
    Info: Total CPU time (on all processors): 00:01:33


