----------------
; Command Info ;
----------------
Report Timing: Found 20 setup paths (20 violated).  Worst case slack is -0.733 

Tcl Command:
    report_timing -setup -file worst_setup.rpt -npaths 20 -detail path_only

Options:
    -setup 
    -npaths 20 
    -detail path_only 
    -file {worst_setup.rpt} 

Delay Model:
    Slow 1200mV 85C Model

+----------------------------------------------------------------------------------------------------------------------------------------------+
; Summary of Paths                                                                                                                             ;
+--------+------------------------------+--------------------------------+--------------+-------------+--------------+------------+------------+
; Slack  ; From Node                    ; To Node                        ; Launch Clock ; Latch Clock ; Relationship ; Clock Skew ; Data Delay ;
+--------+------------------------------+--------------------------------+--------------+-------------+--------------+------------+------------+
; -0.733 ; lcd_renderer:u_render|cx0[0] ; lcd_renderer:u_render|faddr[4] ; clk          ; clk         ; 20.000       ; -0.077     ; 20.600     ;
; -0.668 ; lcd_renderer:u_render|cx0[0] ; lcd_renderer:u_render|faddr[4] ; clk          ; clk         ; 20.000       ; -0.077     ; 20.535     ;
; -0.636 ; lcd_renderer:u_render|cx0[0] ; lcd_renderer:u_render|faddr[4] ; clk          ; clk         ; 20.000       ; -0.077     ; 20.503     ;
; -0.622 ; lcd_renderer:u_render|cx0[0] ; lcd_renderer:u_render|faddr[4] ; clk          ; clk         ; 20.000       ; -0.077     ; 20.489     ;
; -0.585 ; lcd_renderer:u_render|cx0[0] ; lcd_renderer:u_render|faddr[4] ; clk          ; clk         ; 20.000       ; -0.077     ; 20.452     ;
; -0.555 ; lcd_renderer:u_render|cx0[0] ; lcd_renderer:u_render|faddr[4] ; clk          ; clk         ; 20.000       ; -0.077     ; 20.422     ;
; -0.531 ; lcd_renderer:u_render|cx0[0] ; lcd_renderer:u_render|faddr[4] ; clk          ; clk         ; 20.000       ; -0.077     ; 20.398     ;
; -0.525 ; lcd_renderer:u_render|cx0[0] ; lcd_renderer:u_render|faddr[4] ; clk          ; clk         ; 20.000       ; -0.077     ; 20.392     ;
; -0.521 ; lcd_renderer:u_render|cx0[0] ; lcd_renderer:u_render|faddr[4] ; clk          ; clk         ; 20.000       ; -0.077     ; 20.388     ;
; -0.517 ; lcd_renderer:u_render|cx0[0] ; lcd_renderer:u_render|faddr[4] ; clk          ; clk         ; 20.000       ; -0.077     ; 20.384     ;
; -0.517 ; lcd_renderer:u_render|cx0[1] ; lcd_renderer:u_render|faddr[4] ; clk          ; clk         ; 20.000       ; -0.077     ; 20.384     ;
; -0.511 ; lcd_renderer:u_render|cx0[0] ; lcd_renderer:u_render|faddr[4] ; clk          ; clk         ; 20.000       ; -0.077     ; 20.378     ;
; -0.497 ; lcd_renderer:u_render|cx0[0] ; lcd_renderer:u_render|faddr[4] ; clk          ; clk         ; 20.000       ; -0.077     ; 20.364     ;
; -0.494 ; lcd_renderer:u_render|cx0[0] ; lcd_renderer:u_render|faddr[4] ; clk          ; clk         ; 20.000       ; -0.077     ; 20.361     ;
; -0.493 ; lcd_renderer:u_render|cx0[1] ; lcd_renderer:u_render|faddr[4] ; clk          ; clk         ; 20.000       ; -0.077     ; 20.360     ;
; -0.492 ; lcd_renderer:u_render|cx0[0] ; lcd_renderer:u_render|faddr[4] ; clk          ; clk         ; 20.000       ; -0.077     ; 20.359     ;
; -0.492 ; lcd_renderer:u_render|cx0[0] ; lcd_renderer:u_render|faddr[4] ; clk          ; clk         ; 20.000       ; -0.077     ; 20.359     ;
; -0.484 ; lcd_renderer:u_render|cx0[0] ; lcd_renderer:u_render|faddr[4] ; clk          ; clk         ; 20.000       ; -0.077     ; 20.351     ;
; -0.474 ; lcd_renderer:u_render|cx0[0] ; lcd_renderer:u_render|faddr[4] ; clk          ; clk         ; 20.000       ; -0.077     ; 20.341     ;
; -0.473 ; lcd_renderer:u_render|cx0[0] ; lcd_renderer:u_render|faddr[4] ; clk          ; clk         ; 20.000       ; -0.077     ; 20.340     ;
+--------+------------------------------+--------------------------------+--------------+-------------+--------------+------------+------------+

Path #1: Setup slack is -0.733 (VIOLATED)
===============================================================================
+-----------------------------------------------------+
; Path Summary                                        ;
+--------------------+--------------------------------+
; Property           ; Value                          ;
+--------------------+--------------------------------+
; From Node          ; lcd_renderer:u_render|cx0[0]   ;
; To Node            ; lcd_renderer:u_render|faddr[4] ;
; Launch Clock       ; clk                            ;
; Latch Clock        ; clk                            ;
; Data Arrival Time  ; 23.388                         ;
; Data Required Time ; 22.655                         ;
; Slack              ; -0.733 (VIOLATED)              ;
+--------------------+--------------------------------+

+---------------------------------------------------------------------------------------+
; Statistics                                                                            ;
+---------------------------+--------+-------+-------------+------------+-------+-------+
; Property                  ; Value  ; Count ; Total Delay ; % of Total ; Min   ; Max   ;
+---------------------------+--------+-------+-------------+------------+-------+-------+
; Setup Relationship        ; 20.000 ;       ;             ;            ;       ;       ;
; Clock Skew                ; -0.077 ;       ;             ;            ;       ;       ;
; Data Delay                ; 20.600 ;       ;             ;            ;       ;       ;
; Number of Logic Levels    ;        ; 17    ;             ;            ;       ;       ;
; Physical Delays           ;        ;       ;             ;            ;       ;       ;
;  Arrival Path             ;        ;       ;             ;            ;       ;       ;
;   Clock                   ;        ;       ;             ;            ;       ;       ;
;    Clock Network (Lumped) ;        ; 1     ; 2.788       ; 100        ; 2.788 ; 2.788 ;
;   Data                    ;        ;       ;             ;            ;       ;       ;
;    IC                     ;        ; 26    ; 10.656      ; 52         ; 0.000 ; 1.148 ;
;    Cell                   ;        ; 27    ; 9.725       ; 47         ; 0.000 ; 0.673 ;
;    uTco                   ;        ; 1     ; 0.219       ; 1          ; 0.219 ; 0.219 ;
;  Required Path            ;        ;       ;             ;            ;       ;       ;
;   Clock                   ;        ;       ;             ;            ;       ;       ;
;    Clock Network (Lumped) ;        ; 1     ; 2.690       ; 100        ; 2.690 ; 2.690 ;
+---------------------------+--------+-------+-------------+------------+-------+-------+
Note: Negative delays are omitted from totals when calculating percentages

+--------------------------------------------------------------------------------------------------+
; Data Arrival Path                                                                                ;
+----------+---------+----+------+--------+--------------------+-----------------------------------+
; Total    ; Incr    ; RF ; Type ; Fanout ; Location           ; Element                           ;
+----------+---------+----+------+--------+--------------------+-----------------------------------+
; 0.000    ; 0.000   ;    ;      ;        ;                    ; launch edge time                  ;
; 2.788    ; 2.788   ;    ;      ;        ;                    ; clock path                        ;
;   2.788  ;   2.788 ; R  ;      ;        ;                    ; clock network delay               ;
; 23.388   ; 20.600  ;    ;      ;        ;                    ; data path                         ;
;   3.007  ;   0.219 ;    ; uTco ; 1      ; FF_X18_Y19_N27     ; lcd_renderer:u_render|cx0[0]      ;
;   3.007  ;   0.000 ; FF ; CELL ; 6      ; FF_X18_Y19_N27     ; u_render|cx0[0]|q                 ;
;   3.469  ;   0.462 ; FF ; IC   ; 1      ; LCCOMB_X18_Y19_N0  ; u_render|Add4~2|dataa             ;
;   3.949  ;   0.480 ; FR ; CELL ; 1      ; LCCOMB_X18_Y19_N0  ; u_render|Add4~2|combout           ;
;   4.479  ;   0.530 ; RR ; IC   ; 2      ; LCCOMB_X18_Y19_N10 ; u_render|Add5~4|dataa             ;
;   4.902  ;   0.423 ; RR ; CELL ; 1      ; LCCOMB_X18_Y19_N10 ; u_render|Add5~4|cout              ;
;   4.902  ;   0.000 ; RR ; IC   ; 2      ; LCCOMB_X18_Y19_N12 ; u_render|Add5~6|cin               ;
;   5.575  ;   0.673 ; RR ; CELL ; 101    ; LCCOMB_X18_Y19_N12 ; u_render|Add5~6|combout           ;
;   6.501  ;   0.926 ; RR ; IC   ; 1      ; LCCOMB_X19_Y18_N28 ; u_render|Mux2~42|dataa            ;
;   6.961  ;   0.460 ; RR ; CELL ; 1      ; LCCOMB_X19_Y18_N28 ; u_render|Mux2~42|combout          ;
;   7.404  ;   0.443 ; RR ; IC   ; 1      ; LCCOMB_X20_Y18_N24 ; u_render|Mux2~43|datad            ;
;   7.601  ;   0.197 ; RR ; CELL ; 1      ; LCCOMB_X20_Y18_N24 ; u_render|Mux2~43|combout          ;
;   8.749  ;   1.148 ; RR ; IC   ; 1      ; LCCOMB_X18_Y20_N26 ; u_render|Mux2~51|datac            ;
;   9.108  ;   0.359 ; RR ; CELL ; 1      ; LCCOMB_X18_Y20_N26 ; u_render|Mux2~51|combout          ;
;   10.000 ;   0.892 ; RR ; IC   ; 1      ; LCCOMB_X18_Y21_N18 ; u_render|Mux2~83|dataa            ;
;   10.460 ;   0.460 ; RR ; CELL ; 1      ; LCCOMB_X18_Y21_N18 ; u_render|Mux2~83|combout          ;
;   10.682 ;   0.222 ; RR ; IC   ; 1      ; LCCOMB_X18_Y21_N24 ; u_render|Mux2~84|datad            ;
;   10.879 ;   0.197 ; RR ; CELL ; 1      ; LCCOMB_X18_Y21_N24 ; u_render|Mux2~84|combout          ;
;   11.104 ;   0.225 ; RR ; IC   ; 1      ; LCCOMB_X18_Y21_N2  ; u_render|Mux2~127|datad           ;
;   11.301 ;   0.197 ; RR ; CELL ; 5      ; LCCOMB_X18_Y21_N2  ; u_render|Mux2~127|combout         ;
;   12.160 ;   0.859 ; RR ; IC   ; 1      ; LCCOMB_X23_Y21_N0  ; u_render|Add6~4|dataa             ;
;   12.615 ;   0.455 ; RF ; CELL ; 2      ; LCCOMB_X23_Y21_N0  ; u_render|Add6~4|combout           ;
;   12.932 ;   0.317 ; FF ; IC   ; 1      ; LCCOMB_X23_Y21_N18 ; u_render|LessThan0~5|datab        ;
;   13.492 ;   0.560 ; FF ; CELL ; 1      ; LCCOMB_X23_Y21_N18 ; u_render|LessThan0~5|cout         ;
;   13.492 ;   0.000 ; FF ; IC   ; 1      ; LCCOMB_X23_Y21_N20 ; u_render|LessThan0~7|cin          ;
;   13.553 ;   0.061 ; FR ; CELL ; 1      ; LCCOMB_X23_Y21_N20 ; u_render|LessThan0~7|cout         ;
;   13.553 ;   0.000 ; RR ; IC   ; 1      ; LCCOMB_X23_Y21_N22 ; u_render|LessThan0~9|cin          ;
;   13.614 ;   0.061 ; RF ; CELL ; 1      ; LCCOMB_X23_Y21_N22 ; u_render|LessThan0~9|cout         ;
;   13.614 ;   0.000 ; FF ; IC   ; 1      ; LCCOMB_X23_Y21_N24 ; u_render|LessThan0~11|cin         ;
;   13.675 ;   0.061 ; FR ; CELL ; 1      ; LCCOMB_X23_Y21_N24 ; u_render|LessThan0~11|cout        ;
;   13.675 ;   0.000 ; RR ; IC   ; 1      ; LCCOMB_X23_Y21_N26 ; u_render|LessThan0~12|cin         ;
;   14.315 ;   0.640 ; RF ; CELL ; 10     ; LCCOMB_X23_Y21_N26 ; u_render|LessThan0~12|combout     ;
;   15.238 ;   0.923 ; FF ; IC   ; 1      ; LCCOMB_X24_Y20_N2  ; u_render|rem9~0|dataa             ;
;   15.651 ;   0.413 ; FF ; CELL ; 2      ; LCCOMB_X24_Y20_N2  ; u_render|rem9~0|combout           ;
;   15.967 ;   0.316 ; FF ; IC   ; 2      ; LCCOMB_X24_Y20_N16 ; u_render|Add8~4|datab             ;
;   16.423 ;   0.456 ; FR ; CELL ; 1      ; LCCOMB_X24_Y20_N16 ; u_render|Add8~4|cout              ;
;   16.423 ;   0.000 ; RR ; IC   ; 2      ; LCCOMB_X24_Y20_N18 ; u_render|Add8~6|cin               ;
;   17.063 ;   0.640 ; RF ; CELL ; 1      ; LCCOMB_X24_Y20_N18 ; u_render|Add8~6|combout           ;
;   17.793 ;   0.730 ; FF ; IC   ; 2      ; LCCOMB_X20_Y20_N12 ; u_render|Add9~6|datab             ;
;   18.353 ;   0.560 ; FF ; CELL ; 1      ; LCCOMB_X20_Y20_N12 ; u_render|Add9~6|cout              ;
;   18.353 ;   0.000 ; FF ; IC   ; 2      ; LCCOMB_X20_Y20_N14 ; u_render|Add9~8|cin               ;
;   18.414 ;   0.061 ; FR ; CELL ; 1      ; LCCOMB_X20_Y20_N14 ; u_render|Add9~8|cout              ;
;   18.414 ;   0.000 ; RR ; IC   ; 2      ; LCCOMB_X20_Y20_N16 ; u_render|Add9~10|cin              ;
;   19.054 ;   0.640 ; RF ; CELL ; 1      ; LCCOMB_X20_Y20_N16 ; u_render|Add9~10|combout          ;
;   19.346 ;   0.292 ; FF ; IC   ; 1      ; LCCOMB_X20_Y20_N2  ; u_render|flx~17|datab             ;
;   19.810 ;   0.464 ; FR ; CELL ; 2      ; LCCOMB_X20_Y20_N2  ; u_render|flx~17|combout           ;
;   20.044 ;   0.234 ; RR ; IC   ; 1      ; LCCOMB_X20_Y20_N24 ; u_render|flx~12|datad             ;
;   20.241 ;   0.197 ; RR ; CELL ; 10     ; LCCOMB_X20_Y20_N24 ; u_render|flx~12|combout           ;
;   20.493 ;   0.252 ; RR ; IC   ; 1      ; LCCOMB_X20_Y20_N0  ; u_render|Selector37~11|datad      ;
;   20.690 ;   0.197 ; RR ; CELL ; 8      ; LCCOMB_X20_Y20_N0  ; u_render|Selector37~11|combout    ;
;   21.751 ;   1.061 ; RR ; IC   ; 1      ; LCCOMB_X15_Y20_N18 ; u_render|board_rd_addr~20|datac   ;
;   22.110 ;   0.359 ; RR ; CELL ; 2      ; LCCOMB_X15_Y20_N18 ; u_render|board_rd_addr~20|combout ;
;   22.934 ;   0.824 ; RR ; IC   ; 1      ; FF_X15_Y16_N31     ; u_render|faddr[4]|asdata          ;
;   23.388 ;   0.454 ; RR ; CELL ; 1      ; FF_X15_Y16_N31     ; lcd_renderer:u_render|faddr[4]    ;
+----------+---------+----+------+--------+--------------------+-----------------------------------+

+-------------------------------------------------------------------------------------------+
; Data Required Path                                                                        ;
+----------+---------+----+------+--------+----------------+--------------------------------+
; Total    ; Incr    ; RF ; Type ; Fanout ; Location       ; Element                        ;
+----------+---------+----+------+--------+----------------+--------------------------------+
; 20.000   ; 20.000  ;    ;      ;        ;                ; latch edge time                ;
; 22.711   ; 2.711   ;    ;      ;        ;                ; clock path                     ;
;   22.690 ;   2.690 ; R  ;      ;        ;                ; clock network delay            ;
;   22.711 ;   0.021 ;    ;      ;        ;                ; clock pessimism removed        ;
; 22.641   ; -0.070  ;    ;      ;        ;                ; clock uncertainty              ;
; 22.655   ; 0.014   ;    ; uTsu ; 1      ; FF_X15_Y16_N31 ; lcd_renderer:u_render|faddr[4] ;
+----------+---------+----+------+--------+----------------+--------------------------------+


Path #2: Setup slack is -0.668 (VIOLATED)
===============================================================================
+-----------------------------------------------------+
; Path Summary                                        ;
+--------------------+--------------------------------+
; Property           ; Value                          ;
+--------------------+--------------------------------+
; From Node          ; lcd_renderer:u_render|cx0[0]   ;
; To Node            ; lcd_renderer:u_render|faddr[4] ;
; Launch Clock       ; clk                            ;
; Latch Clock        ; clk                            ;
; Data Arrival Time  ; 23.323                         ;
; Data Required Time ; 22.655                         ;
; Slack              ; -0.668 (VIOLATED)              ;
+--------------------+--------------------------------+

+---------------------------------------------------------------------------------------+
; Statistics                                                                            ;
+---------------------------+--------+-------+-------------+------------+-------+-------+
; Property                  ; Value  ; Count ; Total Delay ; % of Total ; Min   ; Max   ;
+---------------------------+--------+-------+-------------+------------+-------+-------+
; Setup Relationship        ; 20.000 ;       ;             ;            ;       ;       ;
; Clock Skew                ; -0.077 ;       ;             ;            ;       ;       ;
; Data Delay                ; 20.535 ;       ;             ;            ;       ;       ;
; Number of Logic Levels    ;        ; 17    ;             ;            ;       ;       ;
; Physical Delays           ;        ;       ;             ;            ;       ;       ;
;  Arrival Path             ;        ;       ;             ;            ;       ;       ;
;   Clock                   ;        ;       ;             ;            ;       ;       ;
;    Clock Network (Lumped) ;        ; 1     ; 2.788       ; 100        ; 2.788 ; 2.788 ;
;   Data                    ;        ;       ;             ;            ;       ;       ;
;    IC                     ;        ; 25    ; 10.652      ; 52         ; 0.000 ; 1.148 ;
;    Cell                   ;        ; 26    ; 9.664       ; 47         ; 0.000 ; 0.673 ;
;    uTco                   ;        ; 1     ; 0.219       ; 1          ; 0.219 ; 0.219 ;
;  Required Path            ;        ;       ;             ;            ;       ;       ;
;   Clock                   ;        ;       ;             ;            ;       ;       ;
;    Clock Network (Lumped) ;        ; 1     ; 2.690       ; 100        ; 2.690 ; 2.690 ;
+---------------------------+--------+-------+-------------+------------+-------+-------+
Note: Negative delays are omitted from totals when calculating percentages

+--------------------------------------------------------------------------------------------------+
; Data Arrival Path                                                                                ;
+----------+---------+----+------+--------+--------------------+-----------------------------------+
; Total    ; Incr    ; RF ; Type ; Fanout ; Location           ; Element                           ;
+----------+---------+----+------+--------+--------------------+-----------------------------------+
; 0.000    ; 0.000   ;    ;      ;        ;                    ; launch edge time                  ;
; 2.788    ; 2.788   ;    ;      ;        ;                    ; clock path                        ;
;   2.788  ;   2.788 ; R  ;      ;        ;                    ; clock network delay               ;
; 23.323   ; 20.535  ;    ;      ;        ;                    ; data path                         ;
;   3.007  ;   0.219 ;    ; uTco ; 1      ; FF_X18_Y19_N27     ; lcd_renderer:u_render|cx0[0]      ;
;   3.007  ;   0.000 ; FF ; CELL ; 6      ; FF_X18_Y19_N27     ; u_render|cx0[0]|q                 ;
;   3.469  ;   0.462 ; FF ; IC   ; 1      ; LCCOMB_X18_Y19_N0  ; u_render|Add4~2|dataa             ;
;   3.949  ;   0.480 ; FR ; CELL ; 1      ; LCCOMB_X18_Y19_N0  ; u_render|Add4~2|combout           ;
;   4.479  ;   0.530 ; RR ; IC   ; 2      ; LCCOMB_X18_Y19_N10 ; u_render|Add5~4|dataa             ;
;   4.902  ;   0.423 ; RR ; CELL ; 1      ; LCCOMB_X18_Y19_N10 ; u_render|Add5~4|cout              ;
;   4.902  ;   0.000 ; RR ; IC   ; 2      ; LCCOMB_X18_Y19_N12 ; u_render|Add5~6|cin               ;
;   5.575  ;   0.673 ; RR ; CELL ; 101    ; LCCOMB_X18_Y19_N12 ; u_render|Add5~6|combout           ;
;   6.501  ;   0.926 ; RR ; IC   ; 1      ; LCCOMB_X19_Y18_N28 ; u_render|Mux2~42|dataa            ;
;   6.961  ;   0.460 ; RR ; CELL ; 1      ; LCCOMB_X19_Y18_N28 ; u_render|Mux2~42|combout          ;
;   7.404  ;   0.443 ; RR ; IC   ; 1      ; LCCOMB_X20_Y18_N24 ; u_render|Mux2~43|datad            ;
;   7.601  ;   0.197 ; RR ; CELL ; 1      ; LCCOMB_X20_Y18_N24 ; u_render|Mux2~43|combout          ;
;   8.749  ;   1.148 ; RR ; IC   ; 1      ; LCCOMB_X18_Y20_N26 ; u_render|Mux2~51|datac            ;
;   9.108  ;   0.359 ; RR ; CELL ; 1      ; LCCOMB_X18_Y20_N26 ; u_render|Mux2~51|combout          ;
;   10.000 ;   0.892 ; RR ; IC   ; 1      ; LCCOMB_X18_Y21_N18 ; u_render|Mux2~83|dataa            ;
;   10.460 ;   0.460 ; RR ; CELL ; 1      ; LCCOMB_X18_Y21_N18 ; u_render|Mux2~83|combout          ;
;   10.682 ;   0.222 ; RR ; IC   ; 1      ; LCCOMB_X18_Y21_N24 ; u_render|Mux2~84|datad            ;
;   10.879 ;   0.197 ; RR ; CELL ; 1      ; LCCOMB_X18_Y21_N24 ; u_render|Mux2~84|combout          ;
;   11.104 ;   0.225 ; RR ; IC   ; 1      ; LCCOMB_X18_Y21_N2  ; u_render|Mux2~127|datad           ;
;   11.301 ;   0.197 ; RR ; CELL ; 5      ; LCCOMB_X18_Y21_N2  ; u_render|Mux2~127|combout         ;
;   12.169 ;   0.868 ; RR ; IC   ; 1      ; LCCOMB_X23_Y21_N30 ; u_render|Add6~3|dataa             ;
;   12.629 ;   0.460 ; RR ; CELL ; 2      ; LCCOMB_X23_Y21_N30 ; u_render|Add6~3|combout           ;
;   12.914 ;   0.285 ; RR ; IC   ; 1      ; LCCOMB_X23_Y21_N20 ; u_render|LessThan0~7|dataa        ;
;   13.499 ;   0.585 ; RF ; CELL ; 1      ; LCCOMB_X23_Y21_N20 ; u_render|LessThan0~7|cout         ;
;   13.499 ;   0.000 ; FF ; IC   ; 1      ; LCCOMB_X23_Y21_N22 ; u_render|LessThan0~9|cin          ;
;   13.560 ;   0.061 ; FR ; CELL ; 1      ; LCCOMB_X23_Y21_N22 ; u_render|LessThan0~9|cout         ;
;   13.560 ;   0.000 ; RR ; IC   ; 1      ; LCCOMB_X23_Y21_N24 ; u_render|LessThan0~11|cin         ;
;   13.621 ;   0.061 ; RF ; CELL ; 1      ; LCCOMB_X23_Y21_N24 ; u_render|LessThan0~11|cout        ;
;   13.621 ;   0.000 ; FF ; IC   ; 1      ; LCCOMB_X23_Y21_N26 ; u_render|LessThan0~12|cin         ;
;   14.121 ;   0.500 ; FR ; CELL ; 10     ; LCCOMB_X23_Y21_N26 ; u_render|LessThan0~12|combout     ;
;   15.065 ;   0.944 ; RR ; IC   ; 1      ; LCCOMB_X24_Y20_N2  ; u_render|rem9~0|dataa             ;
;   15.489 ;   0.424 ; RR ; CELL ; 2      ; LCCOMB_X24_Y20_N2  ; u_render|rem9~0|combout           ;
;   15.773 ;   0.284 ; RR ; IC   ; 2      ; LCCOMB_X24_Y20_N16 ; u_render|Add8~4|datab             ;
;   16.380 ;   0.607 ; RF ; CELL ; 1      ; LCCOMB_X24_Y20_N16 ; u_render|Add8~4|cout              ;
;   16.380 ;   0.000 ; FF ; IC   ; 2      ; LCCOMB_X24_Y20_N18 ; u_render|Add8~6|cin               ;
;   16.441 ;   0.061 ; FR ; CELL ; 1      ; LCCOMB_X24_Y20_N18 ; u_render|Add8~6|cout              ;
;   16.441 ;   0.000 ; RR ; IC   ; 2      ; LCCOMB_X24_Y20_N20 ; u_render|Add8~8|cin               ;
;   17.114 ;   0.673 ; RR ; CELL ; 1      ; LCCOMB_X24_Y20_N20 ; u_render|Add8~8|combout           ;
;   17.874 ;   0.760 ; RR ; IC   ; 2      ; LCCOMB_X20_Y20_N14 ; u_render|Add9~8|dataa             ;
;   18.459 ;   0.585 ; RF ; CELL ; 1      ; LCCOMB_X20_Y20_N14 ; u_render|Add9~8|cout              ;
;   18.459 ;   0.000 ; FF ; IC   ; 2      ; LCCOMB_X20_Y20_N16 ; u_render|Add9~10|cin              ;
;   18.989 ;   0.530 ; FF ; CELL ; 1      ; LCCOMB_X20_Y20_N16 ; u_render|Add9~10|combout          ;
;   19.281 ;   0.292 ; FF ; IC   ; 1      ; LCCOMB_X20_Y20_N2  ; u_render|flx~17|datab             ;
;   19.745 ;   0.464 ; FR ; CELL ; 2      ; LCCOMB_X20_Y20_N2  ; u_render|flx~17|combout           ;
;   19.979 ;   0.234 ; RR ; IC   ; 1      ; LCCOMB_X20_Y20_N24 ; u_render|flx~12|datad             ;
;   20.176 ;   0.197 ; RR ; CELL ; 10     ; LCCOMB_X20_Y20_N24 ; u_render|flx~12|combout           ;
;   20.428 ;   0.252 ; RR ; IC   ; 1      ; LCCOMB_X20_Y20_N0  ; u_render|Selector37~11|datad      ;
;   20.625 ;   0.197 ; RR ; CELL ; 8      ; LCCOMB_X20_Y20_N0  ; u_render|Selector37~11|combout    ;
;   21.686 ;   1.061 ; RR ; IC   ; 1      ; LCCOMB_X15_Y20_N18 ; u_render|board_rd_addr~20|datac   ;
;   22.045 ;   0.359 ; RR ; CELL ; 2      ; LCCOMB_X15_Y20_N18 ; u_render|board_rd_addr~20|combout ;
;   22.869 ;   0.824 ; RR ; IC   ; 1      ; FF_X15_Y16_N31     ; u_render|faddr[4]|asdata          ;
;   23.323 ;   0.454 ; RR ; CELL ; 1      ; FF_X15_Y16_N31     ; lcd_renderer:u_render|faddr[4]    ;
+----------+---------+----+------+--------+--------------------+-----------------------------------+

+-------------------------------------------------------------------------------------------+
; Data Required Path                                                                        ;
+----------+---------+----+------+--------+----------------+--------------------------------+
; Total    ; Incr    ; RF ; Type ; Fanout ; Location       ; Element                        ;
+----------+---------+----+------+--------+----------------+--------------------------------+
; 20.000   ; 20.000  ;    ;      ;        ;                ; latch edge time                ;
; 22.711   ; 2.711   ;    ;      ;        ;                ; clock path                     ;
;   22.690 ;   2.690 ; R  ;      ;        ;                ; clock network delay            ;
;   22.711 ;   0.021 ;    ;      ;        ;                ; clock pessimism removed        ;
; 22.641   ; -0.070  ;    ;      ;        ;                ; clock uncertainty              ;
; 22.655   ; 0.014   ;    ; uTsu ; 1      ; FF_X15_Y16_N31 ; lcd_renderer:u_render|faddr[4] ;
+----------+---------+----+------+--------+----------------+--------------------------------+


Path #3: Setup slack is -0.636 (VIOLATED)
===============================================================================
+-----------------------------------------------------+
; Path Summary                                        ;
+--------------------+--------------------------------+
; Property           ; Value                          ;
+--------------------+--------------------------------+
; From Node          ; lcd_renderer:u_render|cx0[0]   ;
; To Node            ; lcd_renderer:u_render|faddr[4] ;
; Launch Clock       ; clk                            ;
; Latch Clock        ; clk                            ;
; Data Arrival Time  ; 23.291                         ;
; Data Required Time ; 22.655                         ;
; Slack              ; -0.636 (VIOLATED)              ;
+--------------------+--------------------------------+

+---------------------------------------------------------------------------------------+
; Statistics                                                                            ;
+---------------------------+--------+-------+-------------+------------+-------+-------+
; Property                  ; Value  ; Count ; Total Delay ; % of Total ; Min   ; Max   ;
+---------------------------+--------+-------+-------------+------------+-------+-------+
; Setup Relationship        ; 20.000 ;       ;             ;            ;       ;       ;
; Clock Skew                ; -0.077 ;       ;             ;            ;       ;       ;
; Data Delay                ; 20.503 ;       ;             ;            ;       ;       ;
; Number of Logic Levels    ;        ; 17    ;             ;            ;       ;       ;
; Physical Delays           ;        ;       ;             ;            ;       ;       ;
;  Arrival Path             ;        ;       ;             ;            ;       ;       ;
;   Clock                   ;        ;       ;             ;            ;       ;       ;
;    Clock Network (Lumped) ;        ; 1     ; 2.788       ; 100        ; 2.788 ; 2.788 ;
;   Data                    ;        ;       ;             ;            ;       ;       ;
;    IC                     ;        ; 25    ; 10.696      ; 52         ; 0.000 ; 1.148 ;
;    Cell                   ;        ; 26    ; 9.588       ; 47         ; 0.000 ; 0.673 ;
;    uTco                   ;        ; 1     ; 0.219       ; 1          ; 0.219 ; 0.219 ;
;  Required Path            ;        ;       ;             ;            ;       ;       ;
;   Clock                   ;        ;       ;             ;            ;       ;       ;
;    Clock Network (Lumped) ;        ; 1     ; 2.690       ; 100        ; 2.690 ; 2.690 ;
+---------------------------+--------+-------+-------------+------------+-------+-------+
Note: Negative delays are omitted from totals when calculating percentages

+--------------------------------------------------------------------------------------------------+
; Data Arrival Path                                                                                ;
+----------+---------+----+------+--------+--------------------+-----------------------------------+
; Total    ; Incr    ; RF ; Type ; Fanout ; Location           ; Element                           ;
+----------+---------+----+------+--------+--------------------+-----------------------------------+
; 0.000    ; 0.000   ;    ;      ;        ;                    ; launch edge time                  ;
; 2.788    ; 2.788   ;    ;      ;        ;                    ; clock path                        ;
;   2.788  ;   2.788 ; R  ;      ;        ;                    ; clock network delay               ;
; 23.291   ; 20.503  ;    ;      ;        ;                    ; data path                         ;
;   3.007  ;   0.219 ;    ; uTco ; 1      ; FF_X18_Y19_N27     ; lcd_renderer:u_render|cx0[0]      ;
;   3.007  ;   0.000 ; FF ; CELL ; 6      ; FF_X18_Y19_N27     ; u_render|cx0[0]|q                 ;
;   3.469  ;   0.462 ; FF ; IC   ; 1      ; LCCOMB_X18_Y19_N0  ; u_render|Add4~2|dataa             ;
;   3.949  ;   0.480 ; FR ; CELL ; 1      ; LCCOMB_X18_Y19_N0  ; u_render|Add4~2|combout           ;
;   4.479  ;   0.530 ; RR ; IC   ; 2      ; LCCOMB_X18_Y19_N10 ; u_render|Add5~4|dataa             ;
;   4.902  ;   0.423 ; RR ; CELL ; 1      ; LCCOMB_X18_Y19_N10 ; u_render|Add5~4|cout              ;
;   4.902  ;   0.000 ; RR ; IC   ; 2      ; LCCOMB_X18_Y19_N12 ; u_render|Add5~6|cin               ;
;   5.575  ;   0.673 ; RR ; CELL ; 101    ; LCCOMB_X18_Y19_N12 ; u_render|Add5~6|combout           ;
;   6.501  ;   0.926 ; RR ; IC   ; 1      ; LCCOMB_X19_Y18_N28 ; u_render|Mux2~42|dataa            ;
;   6.961  ;   0.460 ; RR ; CELL ; 1      ; LCCOMB_X19_Y18_N28 ; u_render|Mux2~42|combout          ;
;   7.404  ;   0.443 ; RR ; IC   ; 1      ; LCCOMB_X20_Y18_N24 ; u_render|Mux2~43|datad            ;
;   7.601  ;   0.197 ; RR ; CELL ; 1      ; LCCOMB_X20_Y18_N24 ; u_render|Mux2~43|combout          ;
;   8.749  ;   1.148 ; RR ; IC   ; 1      ; LCCOMB_X18_Y20_N26 ; u_render|Mux2~51|datac            ;
;   9.108  ;   0.359 ; RR ; CELL ; 1      ; LCCOMB_X18_Y20_N26 ; u_render|Mux2~51|combout          ;
;   10.000 ;   0.892 ; RR ; IC   ; 1      ; LCCOMB_X18_Y21_N18 ; u_render|Mux2~83|dataa            ;
;   10.460 ;   0.460 ; RR ; CELL ; 1      ; LCCOMB_X18_Y21_N18 ; u_render|Mux2~83|combout          ;
;   10.682 ;   0.222 ; RR ; IC   ; 1      ; LCCOMB_X18_Y21_N24 ; u_render|Mux2~84|datad            ;
;   10.879 ;   0.197 ; RR ; CELL ; 1      ; LCCOMB_X18_Y21_N24 ; u_render|Mux2~84|combout          ;
;   11.104 ;   0.225 ; RR ; IC   ; 1      ; LCCOMB_X18_Y21_N2  ; u_render|Mux2~127|datad           ;
;   11.301 ;   0.197 ; RR ; CELL ; 5      ; LCCOMB_X18_Y21_N2  ; u_render|Mux2~127|combout         ;
;   12.160 ;   0.859 ; RR ; IC   ; 1      ; LCCOMB_X23_Y21_N0  ; u_render|Add6~4|dataa             ;
;   12.615 ;   0.455 ; RF ; CELL ; 2      ; LCCOMB_X23_Y21_N0  ; u_render|Add6~4|combout           ;
;   12.932 ;   0.317 ; FF ; IC   ; 1      ; LCCOMB_X23_Y21_N18 ; u_render|LessThan0~5|datab        ;
;   13.492 ;   0.560 ; FF ; CELL ; 1      ; LCCOMB_X23_Y21_N18 ; u_render|LessThan0~5|cout         ;
;   13.492 ;   0.000 ; FF ; IC   ; 1      ; LCCOMB_X23_Y21_N20 ; u_render|LessThan0~7|cin          ;
;   13.553 ;   0.061 ; FR ; CELL ; 1      ; LCCOMB_X23_Y21_N20 ; u_render|LessThan0~7|cout         ;
;   13.553 ;   0.000 ; RR ; IC   ; 1      ; LCCOMB_X23_Y21_N22 ; u_render|LessThan0~9|cin          ;
;   13.614 ;   0.061 ; RF ; CELL ; 1      ; LCCOMB_X23_Y21_N22 ; u_render|LessThan0~9|cout         ;
;   13.614 ;   0.000 ; FF ; IC   ; 1      ; LCCOMB_X23_Y21_N24 ; u_render|LessThan0~11|cin         ;
;   13.675 ;   0.061 ; FR ; CELL ; 1      ; LCCOMB_X23_Y21_N24 ; u_render|LessThan0~11|cout        ;
;   13.675 ;   0.000 ; RR ; IC   ; 1      ; LCCOMB_X23_Y21_N26 ; u_render|LessThan0~12|cin         ;
;   14.315 ;   0.640 ; RF ; CELL ; 10     ; LCCOMB_X23_Y21_N26 ; u_render|LessThan0~12|combout     ;
;   15.238 ;   0.923 ; FF ; IC   ; 1      ; LCCOMB_X24_Y20_N2  ; u_render|rem9~0|dataa             ;
;   15.651 ;   0.413 ; FF ; CELL ; 2      ; LCCOMB_X24_Y20_N2  ; u_render|rem9~0|combout           ;
;   15.967 ;   0.316 ; FF ; IC   ; 2      ; LCCOMB_X24_Y20_N16 ; u_render|Add8~4|datab             ;
;   16.423 ;   0.456 ; FR ; CELL ; 1      ; LCCOMB_X24_Y20_N16 ; u_render|Add8~4|cout              ;
;   16.423 ;   0.000 ; RR ; IC   ; 2      ; LCCOMB_X24_Y20_N18 ; u_render|Add8~6|cin               ;
;   17.096 ;   0.673 ; RR ; CELL ; 1      ; LCCOMB_X24_Y20_N18 ; u_render|Add8~6|combout           ;
;   17.886 ;   0.790 ; RR ; IC   ; 2      ; LCCOMB_X20_Y20_N12 ; u_render|Add9~6|datab             ;
;   18.306 ;   0.420 ; RR ; CELL ; 1      ; LCCOMB_X20_Y20_N12 ; u_render|Add9~6|cout              ;
;   18.306 ;   0.000 ; RR ; IC   ; 2      ; LCCOMB_X20_Y20_N14 ; u_render|Add9~8|cin               ;
;   18.946 ;   0.640 ; RF ; CELL ; 2      ; LCCOMB_X20_Y20_N14 ; u_render|Add9~8|combout           ;
;   19.222 ;   0.276 ; FF ; IC   ; 1      ; LCCOMB_X20_Y20_N30 ; u_render|flx~11|datac             ;
;   19.554 ;   0.332 ; FR ; CELL ; 2      ; LCCOMB_X20_Y20_N30 ; u_render|flx~11|combout           ;
;   19.784 ;   0.230 ; RR ; IC   ; 1      ; LCCOMB_X20_Y20_N24 ; u_render|flx~12|datac             ;
;   20.144 ;   0.360 ; RR ; CELL ; 10     ; LCCOMB_X20_Y20_N24 ; u_render|flx~12|combout           ;
;   20.396 ;   0.252 ; RR ; IC   ; 1      ; LCCOMB_X20_Y20_N0  ; u_render|Selector37~11|datad      ;
;   20.593 ;   0.197 ; RR ; CELL ; 8      ; LCCOMB_X20_Y20_N0  ; u_render|Selector37~11|combout    ;
;   21.654 ;   1.061 ; RR ; IC   ; 1      ; LCCOMB_X15_Y20_N18 ; u_render|board_rd_addr~20|datac   ;
;   22.013 ;   0.359 ; RR ; CELL ; 2      ; LCCOMB_X15_Y20_N18 ; u_render|board_rd_addr~20|combout ;
;   22.837 ;   0.824 ; RR ; IC   ; 1      ; FF_X15_Y16_N31     ; u_render|faddr[4]|asdata          ;
;   23.291 ;   0.454 ; RR ; CELL ; 1      ; FF_X15_Y16_N31     ; lcd_renderer:u_render|faddr[4]    ;
+----------+---------+----+------+--------+--------------------+-----------------------------------+

+-------------------------------------------------------------------------------------------+
; Data Required Path                                                                        ;
+----------+---------+----+------+--------+----------------+--------------------------------+
; Total    ; Incr    ; RF ; Type ; Fanout ; Location       ; Element                        ;
+----------+---------+----+------+--------+----------------+--------------------------------+
; 20.000   ; 20.000  ;    ;      ;        ;                ; latch edge time                ;
; 22.711   ; 2.711   ;    ;      ;        ;                ; clock path                     ;
;   22.690 ;   2.690 ; R  ;      ;        ;                ; clock network delay            ;
;   22.711 ;   0.021 ;    ;      ;        ;                ; clock pessimism removed        ;
; 22.641   ; -0.070  ;    ;      ;        ;                ; clock uncertainty              ;
; 22.655   ; 0.014   ;    ; uTsu ; 1      ; FF_X15_Y16_N31 ; lcd_renderer:u_render|faddr[4] ;
+----------+---------+----+------+--------+----------------+--------------------------------+


Path #4: Setup slack is -0.622 (VIOLATED)
===============================================================================
+-----------------------------------------------------+
; Path Summary                                        ;
+--------------------+--------------------------------+
; Property           ; Value                          ;
+--------------------+--------------------------------+
; From Node          ; lcd_renderer:u_render|cx0[0]   ;
; To Node            ; lcd_renderer:u_render|faddr[4] ;
; Launch Clock       ; clk                            ;
; Latch Clock        ; clk                            ;
; Data Arrival Time  ; 23.277                         ;
; Data Required Time ; 22.655                         ;
; Slack              ; -0.622 (VIOLATED)              ;
+--------------------+--------------------------------+

+---------------------------------------------------------------------------------------+
; Statistics                                                                            ;
+---------------------------+--------+-------+-------------+------------+-------+-------+
; Property                  ; Value  ; Count ; Total Delay ; % of Total ; Min   ; Max   ;
+---------------------------+--------+-------+-------------+------------+-------+-------+
; Setup Relationship        ; 20.000 ;       ;             ;            ;       ;       ;
; Clock Skew                ; -0.077 ;       ;             ;            ;       ;       ;
; Data Delay                ; 20.489 ;       ;             ;            ;       ;       ;
; Number of Logic Levels    ;        ; 17    ;             ;            ;       ;       ;
; Physical Delays           ;        ;       ;             ;            ;       ;       ;
;  Arrival Path             ;        ;       ;             ;            ;       ;       ;
;   Clock                   ;        ;       ;             ;            ;       ;       ;
;    Clock Network (Lumped) ;        ; 1     ; 2.788       ; 100        ; 2.788 ; 2.788 ;
;   Data                    ;        ;       ;             ;            ;       ;       ;
;    IC                     ;        ; 25    ; 10.673      ; 52         ; 0.000 ; 1.148 ;
;    Cell                   ;        ; 26    ; 9.597       ; 47         ; 0.000 ; 0.673 ;
;    uTco                   ;        ; 1     ; 0.219       ; 1          ; 0.219 ; 0.219 ;
;  Required Path            ;        ;       ;             ;            ;       ;       ;
;   Clock                   ;        ;       ;             ;            ;       ;       ;
;    Clock Network (Lumped) ;        ; 1     ; 2.690       ; 100        ; 2.690 ; 2.690 ;
+---------------------------+--------+-------+-------------+------------+-------+-------+
Note: Negative delays are omitted from totals when calculating percentages

+--------------------------------------------------------------------------------------------------+
; Data Arrival Path                                                                                ;
+----------+---------+----+------+--------+--------------------+-----------------------------------+
; Total    ; Incr    ; RF ; Type ; Fanout ; Location           ; Element                           ;
+----------+---------+----+------+--------+--------------------+-----------------------------------+
; 0.000    ; 0.000   ;    ;      ;        ;                    ; launch edge time                  ;
; 2.788    ; 2.788   ;    ;      ;        ;                    ; clock path                        ;
;   2.788  ;   2.788 ; R  ;      ;        ;                    ; clock network delay               ;
; 23.277   ; 20.489  ;    ;      ;        ;                    ; data path                         ;
;   3.007  ;   0.219 ;    ; uTco ; 1      ; FF_X18_Y19_N27     ; lcd_renderer:u_render|cx0[0]      ;
;   3.007  ;   0.000 ; FF ; CELL ; 6      ; FF_X18_Y19_N27     ; u_render|cx0[0]|q                 ;
;   3.469  ;   0.462 ; FF ; IC   ; 1      ; LCCOMB_X18_Y19_N0  ; u_render|Add4~2|dataa             ;
;   3.949  ;   0.480 ; FR ; CELL ; 1      ; LCCOMB_X18_Y19_N0  ; u_render|Add4~2|combout           ;
;   4.479  ;   0.530 ; RR ; IC   ; 2      ; LCCOMB_X18_Y19_N10 ; u_render|Add5~4|dataa             ;
;   4.902  ;   0.423 ; RR ; CELL ; 1      ; LCCOMB_X18_Y19_N10 ; u_render|Add5~4|cout              ;
;   4.902  ;   0.000 ; RR ; IC   ; 2      ; LCCOMB_X18_Y19_N12 ; u_render|Add5~6|cin               ;
;   5.575  ;   0.673 ; RR ; CELL ; 101    ; LCCOMB_X18_Y19_N12 ; u_render|Add5~6|combout           ;
;   6.501  ;   0.926 ; RR ; IC   ; 1      ; LCCOMB_X19_Y18_N28 ; u_render|Mux2~42|dataa            ;
;   6.961  ;   0.460 ; RR ; CELL ; 1      ; LCCOMB_X19_Y18_N28 ; u_render|Mux2~42|combout          ;
;   7.404  ;   0.443 ; RR ; IC   ; 1      ; LCCOMB_X20_Y18_N24 ; u_render|Mux2~43|datad            ;
;   7.601  ;   0.197 ; RR ; CELL ; 1      ; LCCOMB_X20_Y18_N24 ; u_render|Mux2~43|combout          ;
;   8.749  ;   1.148 ; RR ; IC   ; 1      ; LCCOMB_X18_Y20_N26 ; u_render|Mux2~51|datac            ;
;   9.108  ;   0.359 ; RR ; CELL ; 1      ; LCCOMB_X18_Y20_N26 ; u_render|Mux2~51|combout          ;
;   10.000 ;   0.892 ; RR ; IC   ; 1      ; LCCOMB_X18_Y21_N18 ; u_render|Mux2~83|dataa            ;
;   10.460 ;   0.460 ; RR ; CELL ; 1      ; LCCOMB_X18_Y21_N18 ; u_render|Mux2~83|combout          ;
;   10.682 ;   0.222 ; RR ; IC   ; 1      ; LCCOMB_X18_Y21_N24 ; u_render|Mux2~84|datad            ;
;   10.879 ;   0.197 ; RR ; CELL ; 1      ; LCCOMB_X18_Y21_N24 ; u_render|Mux2~84|combout          ;
;   11.104 ;   0.225 ; RR ; IC   ; 1      ; LCCOMB_X18_Y21_N2  ; u_render|Mux2~127|datad           ;
;   11.301 ;   0.197 ; RR ; CELL ; 5      ; LCCOMB_X18_Y21_N2  ; u_render|Mux2~127|combout         ;
;   12.169 ;   0.868 ; RR ; IC   ; 1      ; LCCOMB_X23_Y21_N30 ; u_render|Add6~3|dataa             ;
;   12.675 ;   0.506 ; RF ; CELL ; 2      ; LCCOMB_X23_Y21_N30 ; u_render|Add6~3|combout           ;
;   13.000 ;   0.325 ; FF ; IC   ; 1      ; LCCOMB_X23_Y21_N20 ; u_render|LessThan0~7|dataa        ;
;   13.442 ;   0.442 ; FR ; CELL ; 1      ; LCCOMB_X23_Y21_N20 ; u_render|LessThan0~7|cout         ;
;   13.442 ;   0.000 ; RR ; IC   ; 1      ; LCCOMB_X23_Y21_N22 ; u_render|LessThan0~9|cin          ;
;   13.503 ;   0.061 ; RF ; CELL ; 1      ; LCCOMB_X23_Y21_N22 ; u_render|LessThan0~9|cout         ;
;   13.503 ;   0.000 ; FF ; IC   ; 1      ; LCCOMB_X23_Y21_N24 ; u_render|LessThan0~11|cin         ;
;   13.564 ;   0.061 ; FR ; CELL ; 1      ; LCCOMB_X23_Y21_N24 ; u_render|LessThan0~11|cout        ;
;   13.564 ;   0.000 ; RR ; IC   ; 1      ; LCCOMB_X23_Y21_N26 ; u_render|LessThan0~12|cin         ;
;   14.204 ;   0.640 ; RF ; CELL ; 10     ; LCCOMB_X23_Y21_N26 ; u_render|LessThan0~12|combout     ;
;   15.127 ;   0.923 ; FF ; IC   ; 1      ; LCCOMB_X24_Y20_N2  ; u_render|rem9~0|dataa             ;
;   15.540 ;   0.413 ; FF ; CELL ; 2      ; LCCOMB_X24_Y20_N2  ; u_render|rem9~0|combout           ;
;   15.856 ;   0.316 ; FF ; IC   ; 2      ; LCCOMB_X24_Y20_N16 ; u_render|Add8~4|datab             ;
;   16.312 ;   0.456 ; FR ; CELL ; 1      ; LCCOMB_X24_Y20_N16 ; u_render|Add8~4|cout              ;
;   16.312 ;   0.000 ; RR ; IC   ; 2      ; LCCOMB_X24_Y20_N18 ; u_render|Add8~6|cin               ;
;   16.952 ;   0.640 ; RF ; CELL ; 1      ; LCCOMB_X24_Y20_N18 ; u_render|Add8~6|combout           ;
;   17.682 ;   0.730 ; FF ; IC   ; 2      ; LCCOMB_X20_Y20_N12 ; u_render|Add9~6|datab             ;
;   18.242 ;   0.560 ; FF ; CELL ; 1      ; LCCOMB_X20_Y20_N12 ; u_render|Add9~6|cout              ;
;   18.242 ;   0.000 ; FF ; IC   ; 2      ; LCCOMB_X20_Y20_N14 ; u_render|Add9~8|cin               ;
;   18.303 ;   0.061 ; FR ; CELL ; 1      ; LCCOMB_X20_Y20_N14 ; u_render|Add9~8|cout              ;
;   18.303 ;   0.000 ; RR ; IC   ; 2      ; LCCOMB_X20_Y20_N16 ; u_render|Add9~10|cin              ;
;   18.943 ;   0.640 ; RF ; CELL ; 1      ; LCCOMB_X20_Y20_N16 ; u_render|Add9~10|combout          ;
;   19.235 ;   0.292 ; FF ; IC   ; 1      ; LCCOMB_X20_Y20_N2  ; u_render|flx~17|datab             ;
;   19.699 ;   0.464 ; FR ; CELL ; 2      ; LCCOMB_X20_Y20_N2  ; u_render|flx~17|combout           ;
;   19.933 ;   0.234 ; RR ; IC   ; 1      ; LCCOMB_X20_Y20_N24 ; u_render|flx~12|datad             ;
;   20.130 ;   0.197 ; RR ; CELL ; 10     ; LCCOMB_X20_Y20_N24 ; u_render|flx~12|combout           ;
;   20.382 ;   0.252 ; RR ; IC   ; 1      ; LCCOMB_X20_Y20_N0  ; u_render|Selector37~11|datad      ;
;   20.579 ;   0.197 ; RR ; CELL ; 8      ; LCCOMB_X20_Y20_N0  ; u_render|Selector37~11|combout    ;
;   21.640 ;   1.061 ; RR ; IC   ; 1      ; LCCOMB_X15_Y20_N18 ; u_render|board_rd_addr~20|datac   ;
;   21.999 ;   0.359 ; RR ; CELL ; 2      ; LCCOMB_X15_Y20_N18 ; u_render|board_rd_addr~20|combout ;
;   22.823 ;   0.824 ; RR ; IC   ; 1      ; FF_X15_Y16_N31     ; u_render|faddr[4]|asdata          ;
;   23.277 ;   0.454 ; RR ; CELL ; 1      ; FF_X15_Y16_N31     ; lcd_renderer:u_render|faddr[4]    ;
+----------+---------+----+------+--------+--------------------+-----------------------------------+

+-------------------------------------------------------------------------------------------+
; Data Required Path                                                                        ;
+----------+---------+----+------+--------+----------------+--------------------------------+
; Total    ; Incr    ; RF ; Type ; Fanout ; Location       ; Element                        ;
+----------+---------+----+------+--------+----------------+--------------------------------+
; 20.000   ; 20.000  ;    ;      ;        ;                ; latch edge time                ;
; 22.711   ; 2.711   ;    ;      ;        ;                ; clock path                     ;
;   22.690 ;   2.690 ; R  ;      ;        ;                ; clock network delay            ;
;   22.711 ;   0.021 ;    ;      ;        ;                ; clock pessimism removed        ;
; 22.641   ; -0.070  ;    ;      ;        ;                ; clock uncertainty              ;
; 22.655   ; 0.014   ;    ; uTsu ; 1      ; FF_X15_Y16_N31 ; lcd_renderer:u_render|faddr[4] ;
+----------+---------+----+------+--------+----------------+--------------------------------+


Path #5: Setup slack is -0.585 (VIOLATED)
===============================================================================
+-----------------------------------------------------+
; Path Summary                                        ;
+--------------------+--------------------------------+
; Property           ; Value                          ;
+--------------------+--------------------------------+
; From Node          ; lcd_renderer:u_render|cx0[0]   ;
; To Node            ; lcd_renderer:u_render|faddr[4] ;
; Launch Clock       ; clk                            ;
; Latch Clock        ; clk                            ;
; Data Arrival Time  ; 23.240                         ;
; Data Required Time ; 22.655                         ;
; Slack              ; -0.585 (VIOLATED)              ;
+--------------------+--------------------------------+

+---------------------------------------------------------------------------------------+
; Statistics                                                                            ;
+---------------------------+--------+-------+-------------+------------+-------+-------+
; Property                  ; Value  ; Count ; Total Delay ; % of Total ; Min   ; Max   ;
+---------------------------+--------+-------+-------------+------------+-------+-------+
; Setup Relationship        ; 20.000 ;       ;             ;            ;       ;       ;
; Clock Skew                ; -0.077 ;       ;             ;            ;       ;       ;
; Data Delay                ; 20.452 ;       ;             ;            ;       ;       ;
; Number of Logic Levels    ;        ; 17    ;             ;            ;       ;       ;
; Physical Delays           ;        ;       ;             ;            ;       ;       ;
;  Arrival Path             ;        ;       ;             ;            ;       ;       ;
;   Clock                   ;        ;       ;             ;            ;       ;       ;
;    Clock Network (Lumped) ;        ; 1     ; 2.788       ; 100        ; 2.788 ; 2.788 ;
;   Data                    ;        ;       ;             ;            ;       ;       ;
;    IC                     ;        ; 26    ; 10.642      ; 52         ; 0.000 ; 1.148 ;
;    Cell                   ;        ; 27    ; 9.591       ; 47         ; 0.000 ; 0.673 ;
;    uTco                   ;        ; 1     ; 0.219       ; 1          ; 0.219 ; 0.219 ;
;  Required Path            ;        ;       ;             ;            ;       ;       ;
;   Clock                   ;        ;       ;             ;            ;       ;       ;
;    Clock Network (Lumped) ;        ; 1     ; 2.690       ; 100        ; 2.690 ; 2.690 ;
+---------------------------+--------+-------+-------------+------------+-------+-------+
Note: Negative delays are omitted from totals when calculating percentages

+--------------------------------------------------------------------------------------------------+
; Data Arrival Path                                                                                ;
+----------+---------+----+------+--------+--------------------+-----------------------------------+
; Total    ; Incr    ; RF ; Type ; Fanout ; Location           ; Element                           ;
+----------+---------+----+------+--------+--------------------+-----------------------------------+
; 0.000    ; 0.000   ;    ;      ;        ;                    ; launch edge time                  ;
; 2.788    ; 2.788   ;    ;      ;        ;                    ; clock path                        ;
;   2.788  ;   2.788 ; R  ;      ;        ;                    ; clock network delay               ;
; 23.240   ; 20.452  ;    ;      ;        ;                    ; data path                         ;
;   3.007  ;   0.219 ;    ; uTco ; 1      ; FF_X18_Y19_N27     ; lcd_renderer:u_render|cx0[0]      ;
;   3.007  ;   0.000 ; FF ; CELL ; 6      ; FF_X18_Y19_N27     ; u_render|cx0[0]|q                 ;
;   3.469  ;   0.462 ; FF ; IC   ; 1      ; LCCOMB_X18_Y19_N0  ; u_render|Add4~2|dataa             ;
;   3.949  ;   0.480 ; FR ; CELL ; 1      ; LCCOMB_X18_Y19_N0  ; u_render|Add4~2|combout           ;
;   4.479  ;   0.530 ; RR ; IC   ; 2      ; LCCOMB_X18_Y19_N10 ; u_render|Add5~4|dataa             ;
;   4.902  ;   0.423 ; RR ; CELL ; 1      ; LCCOMB_X18_Y19_N10 ; u_render|Add5~4|cout              ;
;   4.902  ;   0.000 ; RR ; IC   ; 2      ; LCCOMB_X18_Y19_N12 ; u_render|Add5~6|cin               ;
;   5.575  ;   0.673 ; RR ; CELL ; 101    ; LCCOMB_X18_Y19_N12 ; u_render|Add5~6|combout           ;
;   6.501  ;   0.926 ; RR ; IC   ; 1      ; LCCOMB_X19_Y18_N28 ; u_render|Mux2~42|dataa            ;
;   6.961  ;   0.460 ; RR ; CELL ; 1      ; LCCOMB_X19_Y18_N28 ; u_render|Mux2~42|combout          ;
;   7.404  ;   0.443 ; RR ; IC   ; 1      ; LCCOMB_X20_Y18_N24 ; u_render|Mux2~43|datad            ;
;   7.601  ;   0.197 ; RR ; CELL ; 1      ; LCCOMB_X20_Y18_N24 ; u_render|Mux2~43|combout          ;
;   8.749  ;   1.148 ; RR ; IC   ; 1      ; LCCOMB_X18_Y20_N26 ; u_render|Mux2~51|datac            ;
;   9.108  ;   0.359 ; RR ; CELL ; 1      ; LCCOMB_X18_Y20_N26 ; u_render|Mux2~51|combout          ;
;   10.000 ;   0.892 ; RR ; IC   ; 1      ; LCCOMB_X18_Y21_N18 ; u_render|Mux2~83|dataa            ;
;   10.460 ;   0.460 ; RR ; CELL ; 1      ; LCCOMB_X18_Y21_N18 ; u_render|Mux2~83|combout          ;
;   10.682 ;   0.222 ; RR ; IC   ; 1      ; LCCOMB_X18_Y21_N24 ; u_render|Mux2~84|datad            ;
;   10.879 ;   0.197 ; RR ; CELL ; 1      ; LCCOMB_X18_Y21_N24 ; u_render|Mux2~84|combout          ;
;   11.104 ;   0.225 ; RR ; IC   ; 1      ; LCCOMB_X18_Y21_N2  ; u_render|Mux2~127|datad           ;
;   11.301 ;   0.197 ; RR ; CELL ; 5      ; LCCOMB_X18_Y21_N2  ; u_render|Mux2~127|combout         ;
;   12.160 ;   0.859 ; RR ; IC   ; 1      ; LCCOMB_X23_Y21_N0  ; u_render|Add6~4|dataa             ;
;   12.651 ;   0.491 ; RR ; CELL ; 2      ; LCCOMB_X23_Y21_N0  ; u_render|Add6~4|combout           ;
;   12.935 ;   0.284 ; RR ; IC   ; 1      ; LCCOMB_X23_Y21_N18 ; u_render|LessThan0~5|datab        ;
;   13.355 ;   0.420 ; RR ; CELL ; 1      ; LCCOMB_X23_Y21_N18 ; u_render|LessThan0~5|cout         ;
;   13.355 ;   0.000 ; RR ; IC   ; 1      ; LCCOMB_X23_Y21_N20 ; u_render|LessThan0~7|cin          ;
;   13.416 ;   0.061 ; RF ; CELL ; 1      ; LCCOMB_X23_Y21_N20 ; u_render|LessThan0~7|cout         ;
;   13.416 ;   0.000 ; FF ; IC   ; 1      ; LCCOMB_X23_Y21_N22 ; u_render|LessThan0~9|cin          ;
;   13.477 ;   0.061 ; FR ; CELL ; 1      ; LCCOMB_X23_Y21_N22 ; u_render|LessThan0~9|cout         ;
;   13.477 ;   0.000 ; RR ; IC   ; 1      ; LCCOMB_X23_Y21_N24 ; u_render|LessThan0~11|cin         ;
;   13.538 ;   0.061 ; RF ; CELL ; 1      ; LCCOMB_X23_Y21_N24 ; u_render|LessThan0~11|cout        ;
;   13.538 ;   0.000 ; FF ; IC   ; 1      ; LCCOMB_X23_Y21_N26 ; u_render|LessThan0~12|cin         ;
;   14.038 ;   0.500 ; FR ; CELL ; 10     ; LCCOMB_X23_Y21_N26 ; u_render|LessThan0~12|combout     ;
;   14.982 ;   0.944 ; RR ; IC   ; 1      ; LCCOMB_X24_Y20_N2  ; u_render|rem9~0|dataa             ;
;   15.406 ;   0.424 ; RR ; CELL ; 2      ; LCCOMB_X24_Y20_N2  ; u_render|rem9~0|combout           ;
;   15.690 ;   0.284 ; RR ; IC   ; 2      ; LCCOMB_X24_Y20_N16 ; u_render|Add8~4|datab             ;
;   16.297 ;   0.607 ; RF ; CELL ; 1      ; LCCOMB_X24_Y20_N16 ; u_render|Add8~4|cout              ;
;   16.297 ;   0.000 ; FF ; IC   ; 2      ; LCCOMB_X24_Y20_N18 ; u_render|Add8~6|cin               ;
;   16.358 ;   0.061 ; FR ; CELL ; 1      ; LCCOMB_X24_Y20_N18 ; u_render|Add8~6|cout              ;
;   16.358 ;   0.000 ; RR ; IC   ; 2      ; LCCOMB_X24_Y20_N20 ; u_render|Add8~8|cin               ;
;   17.031 ;   0.673 ; RR ; CELL ; 1      ; LCCOMB_X24_Y20_N20 ; u_render|Add8~8|combout           ;
;   17.791 ;   0.760 ; RR ; IC   ; 2      ; LCCOMB_X20_Y20_N14 ; u_render|Add9~8|dataa             ;
;   18.376 ;   0.585 ; RF ; CELL ; 1      ; LCCOMB_X20_Y20_N14 ; u_render|Add9~8|cout              ;
;   18.376 ;   0.000 ; FF ; IC   ; 2      ; LCCOMB_X20_Y20_N16 ; u_render|Add9~10|cin              ;
;   18.906 ;   0.530 ; FF ; CELL ; 1      ; LCCOMB_X20_Y20_N16 ; u_render|Add9~10|combout          ;
;   19.198 ;   0.292 ; FF ; IC   ; 1      ; LCCOMB_X20_Y20_N2  ; u_render|flx~17|datab             ;
;   19.662 ;   0.464 ; FR ; CELL ; 2      ; LCCOMB_X20_Y20_N2  ; u_render|flx~17|combout           ;
;   19.896 ;   0.234 ; RR ; IC   ; 1      ; LCCOMB_X20_Y20_N24 ; u_render|flx~12|datad             ;
;   20.093 ;   0.197 ; RR ; CELL ; 10     ; LCCOMB_X20_Y20_N24 ; u_render|flx~12|combout           ;
;   20.345 ;   0.252 ; RR ; IC   ; 1      ; LCCOMB_X20_Y20_N0  ; u_render|Selector37~11|datad      ;
;   20.542 ;   0.197 ; RR ; CELL ; 8      ; LCCOMB_X20_Y20_N0  ; u_render|Selector37~11|combout    ;
;   21.603 ;   1.061 ; RR ; IC   ; 1      ; LCCOMB_X15_Y20_N18 ; u_render|board_rd_addr~20|datac   ;
;   21.962 ;   0.359 ; RR ; CELL ; 2      ; LCCOMB_X15_Y20_N18 ; u_render|board_rd_addr~20|combout ;
;   22.786 ;   0.824 ; RR ; IC   ; 1      ; FF_X15_Y16_N31     ; u_render|faddr[4]|asdata          ;
;   23.240 ;   0.454 ; RR ; CELL ; 1      ; FF_X15_Y16_N31     ; lcd_renderer:u_render|faddr[4]    ;
+----------+---------+----+------+--------+--------------------+-----------------------------------+

+-------------------------------------------------------------------------------------------+
; Data Required Path                                                                        ;
+----------+---------+----+------+--------+----------------+--------------------------------+
; Total    ; Incr    ; RF ; Type ; Fanout ; Location       ; Element                        ;
+----------+---------+----+------+--------+----------------+--------------------------------+
; 20.000   ; 20.000  ;    ;      ;        ;                ; latch edge time                ;
; 22.711   ; 2.711   ;    ;      ;        ;                ; clock path                     ;
;   22.690 ;   2.690 ; R  ;      ;        ;                ; clock network delay            ;
;   22.711 ;   0.021 ;    ;      ;        ;                ; clock pessimism removed        ;
; 22.641   ; -0.070  ;    ;      ;        ;                ; clock uncertainty              ;
; 22.655   ; 0.014   ;    ; uTsu ; 1      ; FF_X15_Y16_N31 ; lcd_renderer:u_render|faddr[4] ;
+----------+---------+----+------+--------+----------------+--------------------------------+


Path #6: Setup slack is -0.555 (VIOLATED)
===============================================================================
+-----------------------------------------------------+
; Path Summary                                        ;
+--------------------+--------------------------------+
; Property           ; Value                          ;
+--------------------+--------------------------------+
; From Node          ; lcd_renderer:u_render|cx0[0]   ;
; To Node            ; lcd_renderer:u_render|faddr[4] ;
; Launch Clock       ; clk                            ;
; Latch Clock        ; clk                            ;
; Data Arrival Time  ; 23.210                         ;
; Data Required Time ; 22.655                         ;
; Slack              ; -0.555 (VIOLATED)              ;
+--------------------+--------------------------------+

+---------------------------------------------------------------------------------------+
; Statistics                                                                            ;
+---------------------------+--------+-------+-------------+------------+-------+-------+
; Property                  ; Value  ; Count ; Total Delay ; % of Total ; Min   ; Max   ;
+---------------------------+--------+-------+-------------+------------+-------+-------+
; Setup Relationship        ; 20.000 ;       ;             ;            ;       ;       ;
; Clock Skew                ; -0.077 ;       ;             ;            ;       ;       ;
; Data Delay                ; 20.422 ;       ;             ;            ;       ;       ;
; Number of Logic Levels    ;        ; 17    ;             ;            ;       ;       ;
; Physical Delays           ;        ;       ;             ;            ;       ;       ;
;  Arrival Path             ;        ;       ;             ;            ;       ;       ;
;   Clock                   ;        ;       ;             ;            ;       ;       ;
;    Clock Network (Lumped) ;        ; 1     ; 2.788       ; 100        ; 2.788 ; 2.788 ;
;   Data                    ;        ;       ;             ;            ;       ;       ;
;    IC                     ;        ; 23    ; 10.648      ; 52         ; 0.000 ; 1.148 ;
;    Cell                   ;        ; 24    ; 9.555       ; 47         ; 0.000 ; 0.673 ;
;    uTco                   ;        ; 1     ; 0.219       ; 1          ; 0.219 ; 0.219 ;
;  Required Path            ;        ;       ;             ;            ;       ;       ;
;   Clock                   ;        ;       ;             ;            ;       ;       ;
;    Clock Network (Lumped) ;        ; 1     ; 2.690       ; 100        ; 2.690 ; 2.690 ;
+---------------------------+--------+-------+-------------+------------+-------+-------+
Note: Negative delays are omitted from totals when calculating percentages

+--------------------------------------------------------------------------------------------------+
; Data Arrival Path                                                                                ;
+----------+---------+----+------+--------+--------------------+-----------------------------------+
; Total    ; Incr    ; RF ; Type ; Fanout ; Location           ; Element                           ;
+----------+---------+----+------+--------+--------------------+-----------------------------------+
; 0.000    ; 0.000   ;    ;      ;        ;                    ; launch edge time                  ;
; 2.788    ; 2.788   ;    ;      ;        ;                    ; clock path                        ;
;   2.788  ;   2.788 ; R  ;      ;        ;                    ; clock network delay               ;
; 23.210   ; 20.422  ;    ;      ;        ;                    ; data path                         ;
;   3.007  ;   0.219 ;    ; uTco ; 1      ; FF_X18_Y19_N27     ; lcd_renderer:u_render|cx0[0]      ;
;   3.007  ;   0.000 ; FF ; CELL ; 6      ; FF_X18_Y19_N27     ; u_render|cx0[0]|q                 ;
;   3.469  ;   0.462 ; FF ; IC   ; 1      ; LCCOMB_X18_Y19_N0  ; u_render|Add4~2|dataa             ;
;   3.949  ;   0.480 ; FR ; CELL ; 1      ; LCCOMB_X18_Y19_N0  ; u_render|Add4~2|combout           ;
;   4.479  ;   0.530 ; RR ; IC   ; 2      ; LCCOMB_X18_Y19_N10 ; u_render|Add5~4|dataa             ;
;   4.902  ;   0.423 ; RR ; CELL ; 1      ; LCCOMB_X18_Y19_N10 ; u_render|Add5~4|cout              ;
;   4.902  ;   0.000 ; RR ; IC   ; 2      ; LCCOMB_X18_Y19_N12 ; u_render|Add5~6|cin               ;
;   5.575  ;   0.673 ; RR ; CELL ; 101    ; LCCOMB_X18_Y19_N12 ; u_render|Add5~6|combout           ;
;   6.501  ;   0.926 ; RR ; IC   ; 1      ; LCCOMB_X19_Y18_N28 ; u_render|Mux2~42|dataa            ;
;   6.961  ;   0.460 ; RR ; CELL ; 1      ; LCCOMB_X19_Y18_N28 ; u_render|Mux2~42|combout          ;
;   7.404  ;   0.443 ; RR ; IC   ; 1      ; LCCOMB_X20_Y18_N24 ; u_render|Mux2~43|datad            ;
;   7.601  ;   0.197 ; RR ; CELL ; 1      ; LCCOMB_X20_Y18_N24 ; u_render|Mux2~43|combout          ;
;   8.749  ;   1.148 ; RR ; IC   ; 1      ; LCCOMB_X18_Y20_N26 ; u_render|Mux2~51|datac            ;
;   9.108  ;   0.359 ; RR ; CELL ; 1      ; LCCOMB_X18_Y20_N26 ; u_render|Mux2~51|combout          ;
;   10.000 ;   0.892 ; RR ; IC   ; 1      ; LCCOMB_X18_Y21_N18 ; u_render|Mux2~83|dataa            ;
;   10.460 ;   0.460 ; RR ; CELL ; 1      ; LCCOMB_X18_Y21_N18 ; u_render|Mux2~83|combout          ;
;   10.682 ;   0.222 ; RR ; IC   ; 1      ; LCCOMB_X18_Y21_N24 ; u_render|Mux2~84|datad            ;
;   10.879 ;   0.197 ; RR ; CELL ; 1      ; LCCOMB_X18_Y21_N24 ; u_render|Mux2~84|combout          ;
;   11.104 ;   0.225 ; RR ; IC   ; 1      ; LCCOMB_X18_Y21_N2  ; u_render|Mux2~127|datad           ;
;   11.301 ;   0.197 ; RR ; CELL ; 5      ; LCCOMB_X18_Y21_N2  ; u_render|Mux2~127|combout         ;
;   12.168 ;   0.867 ; RR ; IC   ; 1      ; LCCOMB_X23_Y21_N28 ; u_render|Add6~1|dataa             ;
;   12.619 ;   0.451 ; RR ; CELL ; 2      ; LCCOMB_X23_Y21_N28 ; u_render|Add6~1|combout           ;
;   12.901 ;   0.282 ; RR ; IC   ; 1      ; LCCOMB_X23_Y21_N24 ; u_render|LessThan0~11|datab       ;
;   13.508 ;   0.607 ; RF ; CELL ; 1      ; LCCOMB_X23_Y21_N24 ; u_render|LessThan0~11|cout        ;
;   13.508 ;   0.000 ; FF ; IC   ; 1      ; LCCOMB_X23_Y21_N26 ; u_render|LessThan0~12|cin         ;
;   14.008 ;   0.500 ; FR ; CELL ; 10     ; LCCOMB_X23_Y21_N26 ; u_render|LessThan0~12|combout     ;
;   14.952 ;   0.944 ; RR ; IC   ; 1      ; LCCOMB_X24_Y20_N2  ; u_render|rem9~0|dataa             ;
;   15.376 ;   0.424 ; RR ; CELL ; 2      ; LCCOMB_X24_Y20_N2  ; u_render|rem9~0|combout           ;
;   15.660 ;   0.284 ; RR ; IC   ; 2      ; LCCOMB_X24_Y20_N16 ; u_render|Add8~4|datab             ;
;   16.267 ;   0.607 ; RF ; CELL ; 1      ; LCCOMB_X24_Y20_N16 ; u_render|Add8~4|cout              ;
;   16.267 ;   0.000 ; FF ; IC   ; 2      ; LCCOMB_X24_Y20_N18 ; u_render|Add8~6|cin               ;
;   16.328 ;   0.061 ; FR ; CELL ; 1      ; LCCOMB_X24_Y20_N18 ; u_render|Add8~6|cout              ;
;   16.328 ;   0.000 ; RR ; IC   ; 2      ; LCCOMB_X24_Y20_N20 ; u_render|Add8~8|cin               ;
;   17.001 ;   0.673 ; RR ; CELL ; 1      ; LCCOMB_X24_Y20_N20 ; u_render|Add8~8|combout           ;
;   17.761 ;   0.760 ; RR ; IC   ; 2      ; LCCOMB_X20_Y20_N14 ; u_render|Add9~8|dataa             ;
;   18.346 ;   0.585 ; RF ; CELL ; 1      ; LCCOMB_X20_Y20_N14 ; u_render|Add9~8|cout              ;
;   18.346 ;   0.000 ; FF ; IC   ; 2      ; LCCOMB_X20_Y20_N16 ; u_render|Add9~10|cin              ;
;   18.876 ;   0.530 ; FF ; CELL ; 1      ; LCCOMB_X20_Y20_N16 ; u_render|Add9~10|combout          ;
;   19.168 ;   0.292 ; FF ; IC   ; 1      ; LCCOMB_X20_Y20_N2  ; u_render|flx~17|datab             ;
;   19.632 ;   0.464 ; FR ; CELL ; 2      ; LCCOMB_X20_Y20_N2  ; u_render|flx~17|combout           ;
;   19.866 ;   0.234 ; RR ; IC   ; 1      ; LCCOMB_X20_Y20_N24 ; u_render|flx~12|datad             ;
;   20.063 ;   0.197 ; RR ; CELL ; 10     ; LCCOMB_X20_Y20_N24 ; u_render|flx~12|combout           ;
;   20.315 ;   0.252 ; RR ; IC   ; 1      ; LCCOMB_X20_Y20_N0  ; u_render|Selector37~11|datad      ;
;   20.512 ;   0.197 ; RR ; CELL ; 8      ; LCCOMB_X20_Y20_N0  ; u_render|Selector37~11|combout    ;
;   21.573 ;   1.061 ; RR ; IC   ; 1      ; LCCOMB_X15_Y20_N18 ; u_render|board_rd_addr~20|datac   ;
;   21.932 ;   0.359 ; RR ; CELL ; 2      ; LCCOMB_X15_Y20_N18 ; u_render|board_rd_addr~20|combout ;
;   22.756 ;   0.824 ; RR ; IC   ; 1      ; FF_X15_Y16_N31     ; u_render|faddr[4]|asdata          ;
;   23.210 ;   0.454 ; RR ; CELL ; 1      ; FF_X15_Y16_N31     ; lcd_renderer:u_render|faddr[4]    ;
+----------+---------+----+------+--------+--------------------+-----------------------------------+

+-------------------------------------------------------------------------------------------+
; Data Required Path                                                                        ;
+----------+---------+----+------+--------+----------------+--------------------------------+
; Total    ; Incr    ; RF ; Type ; Fanout ; Location       ; Element                        ;
+----------+---------+----+------+--------+----------------+--------------------------------+
; 20.000   ; 20.000  ;    ;      ;        ;                ; latch edge time                ;
; 22.711   ; 2.711   ;    ;      ;        ;                ; clock path                     ;
;   22.690 ;   2.690 ; R  ;      ;        ;                ; clock network delay            ;
;   22.711 ;   0.021 ;    ;      ;        ;                ; clock pessimism removed        ;
; 22.641   ; -0.070  ;    ;      ;        ;                ; clock uncertainty              ;
; 22.655   ; 0.014   ;    ; uTsu ; 1      ; FF_X15_Y16_N31 ; lcd_renderer:u_render|faddr[4] ;
+----------+---------+----+------+--------+----------------+--------------------------------+


Path #7: Setup slack is -0.531 (VIOLATED)
===============================================================================
+-----------------------------------------------------+
; Path Summary                                        ;
+--------------------+--------------------------------+
; Property           ; Value                          ;
+--------------------+--------------------------------+
; From Node          ; lcd_renderer:u_render|cx0[0]   ;
; To Node            ; lcd_renderer:u_render|faddr[4] ;
; Launch Clock       ; clk                            ;
; Latch Clock        ; clk                            ;
; Data Arrival Time  ; 23.186                         ;
; Data Required Time ; 22.655                         ;
; Slack              ; -0.531 (VIOLATED)              ;
+--------------------+--------------------------------+

+---------------------------------------------------------------------------------------+
; Statistics                                                                            ;
+---------------------------+--------+-------+-------------+------------+-------+-------+
; Property                  ; Value  ; Count ; Total Delay ; % of Total ; Min   ; Max   ;
+---------------------------+--------+-------+-------------+------------+-------+-------+
; Setup Relationship        ; 20.000 ;       ;             ;            ;       ;       ;
; Clock Skew                ; -0.077 ;       ;             ;            ;       ;       ;
; Data Delay                ; 20.398 ;       ;             ;            ;       ;       ;
; Number of Logic Levels    ;        ; 18    ;             ;            ;       ;       ;
; Physical Delays           ;        ;       ;             ;            ;       ;       ;
;  Arrival Path             ;        ;       ;             ;            ;       ;       ;
;   Clock                   ;        ;       ;             ;            ;       ;       ;
;    Clock Network (Lumped) ;        ; 1     ; 2.788       ; 100        ; 2.788 ; 2.788 ;
;   Data                    ;        ;       ;             ;            ;       ;       ;
;    IC                     ;        ; 25    ; 10.467      ; 51         ; 0.000 ; 1.216 ;
;    Cell                   ;        ; 26    ; 9.712       ; 48         ; 0.000 ; 0.673 ;
;    uTco                   ;        ; 1     ; 0.219       ; 1          ; 0.219 ; 0.219 ;
;  Required Path            ;        ;       ;             ;            ;       ;       ;
;   Clock                   ;        ;       ;             ;            ;       ;       ;
;    Clock Network (Lumped) ;        ; 1     ; 2.690       ; 100        ; 2.690 ; 2.690 ;
+---------------------------+--------+-------+-------------+------------+-------+-------+
Note: Negative delays are omitted from totals when calculating percentages

+--------------------------------------------------------------------------------------------------+
; Data Arrival Path                                                                                ;
+----------+---------+----+------+--------+--------------------+-----------------------------------+
; Total    ; Incr    ; RF ; Type ; Fanout ; Location           ; Element                           ;
+----------+---------+----+------+--------+--------------------+-----------------------------------+
; 0.000    ; 0.000   ;    ;      ;        ;                    ; launch edge time                  ;
; 2.788    ; 2.788   ;    ;      ;        ;                    ; clock path                        ;
;   2.788  ;   2.788 ; R  ;      ;        ;                    ; clock network delay               ;
; 23.186   ; 20.398  ;    ;      ;        ;                    ; data path                         ;
;   3.007  ;   0.219 ;    ; uTco ; 1      ; FF_X18_Y19_N27     ; lcd_renderer:u_render|cx0[0]      ;
;   3.007  ;   0.000 ; FF ; CELL ; 6      ; FF_X18_Y19_N27     ; u_render|cx0[0]|q                 ;
;   3.469  ;   0.462 ; FF ; IC   ; 1      ; LCCOMB_X18_Y19_N0  ; u_render|Add4~2|dataa             ;
;   3.949  ;   0.480 ; FR ; CELL ; 1      ; LCCOMB_X18_Y19_N0  ; u_render|Add4~2|combout           ;
;   4.479  ;   0.530 ; RR ; IC   ; 2      ; LCCOMB_X18_Y19_N10 ; u_render|Add5~4|dataa             ;
;   4.902  ;   0.423 ; RR ; CELL ; 1      ; LCCOMB_X18_Y19_N10 ; u_render|Add5~4|cout              ;
;   4.902  ;   0.000 ; RR ; IC   ; 2      ; LCCOMB_X18_Y19_N12 ; u_render|Add5~6|cin               ;
;   5.575  ;   0.673 ; RR ; CELL ; 101    ; LCCOMB_X18_Y19_N12 ; u_render|Add5~6|combout           ;
;   6.791  ;   1.216 ; RR ; IC   ; 1      ; LCCOMB_X16_Y18_N10 ; u_render|Mux0~33|datad            ;
;   6.988  ;   0.197 ; RR ; CELL ; 1      ; LCCOMB_X16_Y18_N10 ; u_render|Mux0~33|combout          ;
;   7.212  ;   0.224 ; RR ; IC   ; 1      ; LCCOMB_X16_Y18_N28 ; u_render|Mux0~34|datad            ;
;   7.409  ;   0.197 ; RR ; CELL ; 1      ; LCCOMB_X16_Y18_N28 ; u_render|Mux0~34|combout          ;
;   8.087  ;   0.678 ; RR ; IC   ; 1      ; LCCOMB_X18_Y18_N30 ; u_render|Mux0~37|datac            ;
;   8.447  ;   0.360 ; RR ; CELL ; 1      ; LCCOMB_X18_Y18_N30 ; u_render|Mux0~37|combout          ;
;   9.615  ;   1.168 ; RR ; IC   ; 1      ; LCCOMB_X22_Y21_N8  ; u_render|Mux0~40|datac            ;
;   9.975  ;   0.360 ; RR ; CELL ; 1      ; LCCOMB_X22_Y21_N8  ; u_render|Mux0~40|combout          ;
;   10.238 ;   0.263 ; RR ; IC   ; 1      ; LCCOMB_X22_Y21_N10 ; u_render|Mux0~41|datab            ;
;   10.648 ;   0.410 ; RR ; CELL ; 1      ; LCCOMB_X22_Y21_N10 ; u_render|Mux0~41|combout          ;
;   11.091 ;   0.443 ; RR ; IC   ; 1      ; LCCOMB_X23_Y21_N2  ; u_render|Mux0~84|datad            ;
;   11.288 ;   0.197 ; RR ; CELL ; 1      ; LCCOMB_X23_Y21_N2  ; u_render|Mux0~84|combout          ;
;   11.510 ;   0.222 ; RR ; IC   ; 1      ; LCCOMB_X23_Y21_N8  ; u_render|Mux0~127|datad           ;
;   11.707 ;   0.197 ; RR ; CELL ; 7      ; LCCOMB_X23_Y21_N8  ; u_render|Mux0~127|combout         ;
;   12.011 ;   0.304 ; RR ; IC   ; 1      ; LCCOMB_X23_Y21_N12 ; u_render|Add6~2|datab             ;
;   12.533 ;   0.522 ; RF ; CELL ; 2      ; LCCOMB_X23_Y21_N12 ; u_render|Add6~2|combout           ;
;   12.858 ;   0.325 ; FF ; IC   ; 1      ; LCCOMB_X23_Y21_N22 ; u_render|LessThan0~9|dataa        ;
;   13.412 ;   0.554 ; FF ; CELL ; 1      ; LCCOMB_X23_Y21_N22 ; u_render|LessThan0~9|cout         ;
;   13.412 ;   0.000 ; FF ; IC   ; 1      ; LCCOMB_X23_Y21_N24 ; u_render|LessThan0~11|cin         ;
;   13.473 ;   0.061 ; FR ; CELL ; 1      ; LCCOMB_X23_Y21_N24 ; u_render|LessThan0~11|cout        ;
;   13.473 ;   0.000 ; RR ; IC   ; 1      ; LCCOMB_X23_Y21_N26 ; u_render|LessThan0~12|cin         ;
;   14.113 ;   0.640 ; RF ; CELL ; 10     ; LCCOMB_X23_Y21_N26 ; u_render|LessThan0~12|combout     ;
;   15.036 ;   0.923 ; FF ; IC   ; 1      ; LCCOMB_X24_Y20_N2  ; u_render|rem9~0|dataa             ;
;   15.449 ;   0.413 ; FF ; CELL ; 2      ; LCCOMB_X24_Y20_N2  ; u_render|rem9~0|combout           ;
;   15.765 ;   0.316 ; FF ; IC   ; 2      ; LCCOMB_X24_Y20_N16 ; u_render|Add8~4|datab             ;
;   16.221 ;   0.456 ; FR ; CELL ; 1      ; LCCOMB_X24_Y20_N16 ; u_render|Add8~4|cout              ;
;   16.221 ;   0.000 ; RR ; IC   ; 2      ; LCCOMB_X24_Y20_N18 ; u_render|Add8~6|cin               ;
;   16.861 ;   0.640 ; RF ; CELL ; 1      ; LCCOMB_X24_Y20_N18 ; u_render|Add8~6|combout           ;
;   17.591 ;   0.730 ; FF ; IC   ; 2      ; LCCOMB_X20_Y20_N12 ; u_render|Add9~6|datab             ;
;   18.151 ;   0.560 ; FF ; CELL ; 1      ; LCCOMB_X20_Y20_N12 ; u_render|Add9~6|cout              ;
;   18.151 ;   0.000 ; FF ; IC   ; 2      ; LCCOMB_X20_Y20_N14 ; u_render|Add9~8|cin               ;
;   18.212 ;   0.061 ; FR ; CELL ; 1      ; LCCOMB_X20_Y20_N14 ; u_render|Add9~8|cout              ;
;   18.212 ;   0.000 ; RR ; IC   ; 2      ; LCCOMB_X20_Y20_N16 ; u_render|Add9~10|cin              ;
;   18.852 ;   0.640 ; RF ; CELL ; 1      ; LCCOMB_X20_Y20_N16 ; u_render|Add9~10|combout          ;
;   19.144 ;   0.292 ; FF ; IC   ; 1      ; LCCOMB_X20_Y20_N2  ; u_render|flx~17|datab             ;
;   19.608 ;   0.464 ; FR ; CELL ; 2      ; LCCOMB_X20_Y20_N2  ; u_render|flx~17|combout           ;
;   19.842 ;   0.234 ; RR ; IC   ; 1      ; LCCOMB_X20_Y20_N24 ; u_render|flx~12|datad             ;
;   20.039 ;   0.197 ; RR ; CELL ; 10     ; LCCOMB_X20_Y20_N24 ; u_render|flx~12|combout           ;
;   20.291 ;   0.252 ; RR ; IC   ; 1      ; LCCOMB_X20_Y20_N0  ; u_render|Selector37~11|datad      ;
;   20.488 ;   0.197 ; RR ; CELL ; 8      ; LCCOMB_X20_Y20_N0  ; u_render|Selector37~11|combout    ;
;   21.549 ;   1.061 ; RR ; IC   ; 1      ; LCCOMB_X15_Y20_N18 ; u_render|board_rd_addr~20|datac   ;
;   21.908 ;   0.359 ; RR ; CELL ; 2      ; LCCOMB_X15_Y20_N18 ; u_render|board_rd_addr~20|combout ;
;   22.732 ;   0.824 ; RR ; IC   ; 1      ; FF_X15_Y16_N31     ; u_render|faddr[4]|asdata          ;
;   23.186 ;   0.454 ; RR ; CELL ; 1      ; FF_X15_Y16_N31     ; lcd_renderer:u_render|faddr[4]    ;
+----------+---------+----+------+--------+--------------------+-----------------------------------+

+-------------------------------------------------------------------------------------------+
; Data Required Path                                                                        ;
+----------+---------+----+------+--------+----------------+--------------------------------+
; Total    ; Incr    ; RF ; Type ; Fanout ; Location       ; Element                        ;
+----------+---------+----+------+--------+----------------+--------------------------------+
; 20.000   ; 20.000  ;    ;      ;        ;                ; latch edge time                ;
; 22.711   ; 2.711   ;    ;      ;        ;                ; clock path                     ;
;   22.690 ;   2.690 ; R  ;      ;        ;                ; clock network delay            ;
;   22.711 ;   0.021 ;    ;      ;        ;                ; clock pessimism removed        ;
; 22.641   ; -0.070  ;    ;      ;        ;                ; clock uncertainty              ;
; 22.655   ; 0.014   ;    ; uTsu ; 1      ; FF_X15_Y16_N31 ; lcd_renderer:u_render|faddr[4] ;
+----------+---------+----+------+--------+----------------+--------------------------------+


Path #8: Setup slack is -0.525 (VIOLATED)
===============================================================================
+-----------------------------------------------------+
; Path Summary                                        ;
+--------------------+--------------------------------+
; Property           ; Value                          ;
+--------------------+--------------------------------+
; From Node          ; lcd_renderer:u_render|cx0[0]   ;
; To Node            ; lcd_renderer:u_render|faddr[4] ;
; Launch Clock       ; clk                            ;
; Latch Clock        ; clk                            ;
; Data Arrival Time  ; 23.180                         ;
; Data Required Time ; 22.655                         ;
; Slack              ; -0.525 (VIOLATED)              ;
+--------------------+--------------------------------+

+---------------------------------------------------------------------------------------+
; Statistics                                                                            ;
+---------------------------+--------+-------+-------------+------------+-------+-------+
; Property                  ; Value  ; Count ; Total Delay ; % of Total ; Min   ; Max   ;
+---------------------------+--------+-------+-------------+------------+-------+-------+
; Setup Relationship        ; 20.000 ;       ;             ;            ;       ;       ;
; Clock Skew                ; -0.077 ;       ;             ;            ;       ;       ;
; Data Delay                ; 20.392 ;       ;             ;            ;       ;       ;
; Number of Logic Levels    ;        ; 17    ;             ;            ;       ;       ;
; Physical Delays           ;        ;       ;             ;            ;       ;       ;
;  Arrival Path             ;        ;       ;             ;            ;       ;       ;
;   Clock                   ;        ;       ;             ;            ;       ;       ;
;    Clock Network (Lumped) ;        ; 1     ; 2.788       ; 100        ; 2.788 ; 2.788 ;
;   Data                    ;        ;       ;             ;            ;       ;       ;
;    IC                     ;        ; 24    ; 10.713      ; 53         ; 0.000 ; 1.148 ;
;    Cell                   ;        ; 25    ; 9.460       ; 46         ; 0.000 ; 0.673 ;
;    uTco                   ;        ; 1     ; 0.219       ; 1          ; 0.219 ; 0.219 ;
;  Required Path            ;        ;       ;             ;            ;       ;       ;
;   Clock                   ;        ;       ;             ;            ;       ;       ;
;    Clock Network (Lumped) ;        ; 1     ; 2.690       ; 100        ; 2.690 ; 2.690 ;
+---------------------------+--------+-------+-------------+------------+-------+-------+
Note: Negative delays are omitted from totals when calculating percentages

+--------------------------------------------------------------------------------------------------+
; Data Arrival Path                                                                                ;
+----------+---------+----+------+--------+--------------------+-----------------------------------+
; Total    ; Incr    ; RF ; Type ; Fanout ; Location           ; Element                           ;
+----------+---------+----+------+--------+--------------------+-----------------------------------+
; 0.000    ; 0.000   ;    ;      ;        ;                    ; launch edge time                  ;
; 2.788    ; 2.788   ;    ;      ;        ;                    ; clock path                        ;
;   2.788  ;   2.788 ; R  ;      ;        ;                    ; clock network delay               ;
; 23.180   ; 20.392  ;    ;      ;        ;                    ; data path                         ;
;   3.007  ;   0.219 ;    ; uTco ; 1      ; FF_X18_Y19_N27     ; lcd_renderer:u_render|cx0[0]      ;
;   3.007  ;   0.000 ; FF ; CELL ; 6      ; FF_X18_Y19_N27     ; u_render|cx0[0]|q                 ;
;   3.469  ;   0.462 ; FF ; IC   ; 1      ; LCCOMB_X18_Y19_N0  ; u_render|Add4~2|dataa             ;
;   3.949  ;   0.480 ; FR ; CELL ; 1      ; LCCOMB_X18_Y19_N0  ; u_render|Add4~2|combout           ;
;   4.479  ;   0.530 ; RR ; IC   ; 2      ; LCCOMB_X18_Y19_N10 ; u_render|Add5~4|dataa             ;
;   4.902  ;   0.423 ; RR ; CELL ; 1      ; LCCOMB_X18_Y19_N10 ; u_render|Add5~4|cout              ;
;   4.902  ;   0.000 ; RR ; IC   ; 2      ; LCCOMB_X18_Y19_N12 ; u_render|Add5~6|cin               ;
;   5.575  ;   0.673 ; RR ; CELL ; 101    ; LCCOMB_X18_Y19_N12 ; u_render|Add5~6|combout           ;
;   6.501  ;   0.926 ; RR ; IC   ; 1      ; LCCOMB_X19_Y18_N28 ; u_render|Mux2~42|dataa            ;
;   6.961  ;   0.460 ; RR ; CELL ; 1      ; LCCOMB_X19_Y18_N28 ; u_render|Mux2~42|combout          ;
;   7.404  ;   0.443 ; RR ; IC   ; 1      ; LCCOMB_X20_Y18_N24 ; u_render|Mux2~43|datad            ;
;   7.601  ;   0.197 ; RR ; CELL ; 1      ; LCCOMB_X20_Y18_N24 ; u_render|Mux2~43|combout          ;
;   8.749  ;   1.148 ; RR ; IC   ; 1      ; LCCOMB_X18_Y20_N26 ; u_render|Mux2~51|datac            ;
;   9.108  ;   0.359 ; RR ; CELL ; 1      ; LCCOMB_X18_Y20_N26 ; u_render|Mux2~51|combout          ;
;   10.000 ;   0.892 ; RR ; IC   ; 1      ; LCCOMB_X18_Y21_N18 ; u_render|Mux2~83|dataa            ;
;   10.460 ;   0.460 ; RR ; CELL ; 1      ; LCCOMB_X18_Y21_N18 ; u_render|Mux2~83|combout          ;
;   10.682 ;   0.222 ; RR ; IC   ; 1      ; LCCOMB_X18_Y21_N24 ; u_render|Mux2~84|datad            ;
;   10.879 ;   0.197 ; RR ; CELL ; 1      ; LCCOMB_X18_Y21_N24 ; u_render|Mux2~84|combout          ;
;   11.104 ;   0.225 ; RR ; IC   ; 1      ; LCCOMB_X18_Y21_N2  ; u_render|Mux2~127|datad           ;
;   11.301 ;   0.197 ; RR ; CELL ; 5      ; LCCOMB_X18_Y21_N2  ; u_render|Mux2~127|combout         ;
;   12.169 ;   0.868 ; RR ; IC   ; 1      ; LCCOMB_X23_Y21_N30 ; u_render|Add6~3|dataa             ;
;   12.675 ;   0.506 ; RF ; CELL ; 2      ; LCCOMB_X23_Y21_N30 ; u_render|Add6~3|combout           ;
;   13.000 ;   0.325 ; FF ; IC   ; 1      ; LCCOMB_X23_Y21_N20 ; u_render|LessThan0~7|dataa        ;
;   13.442 ;   0.442 ; FR ; CELL ; 1      ; LCCOMB_X23_Y21_N20 ; u_render|LessThan0~7|cout         ;
;   13.442 ;   0.000 ; RR ; IC   ; 1      ; LCCOMB_X23_Y21_N22 ; u_render|LessThan0~9|cin          ;
;   13.503 ;   0.061 ; RF ; CELL ; 1      ; LCCOMB_X23_Y21_N22 ; u_render|LessThan0~9|cout         ;
;   13.503 ;   0.000 ; FF ; IC   ; 1      ; LCCOMB_X23_Y21_N24 ; u_render|LessThan0~11|cin         ;
;   13.564 ;   0.061 ; FR ; CELL ; 1      ; LCCOMB_X23_Y21_N24 ; u_render|LessThan0~11|cout        ;
;   13.564 ;   0.000 ; RR ; IC   ; 1      ; LCCOMB_X23_Y21_N26 ; u_render|LessThan0~12|cin         ;
;   14.204 ;   0.640 ; RF ; CELL ; 10     ; LCCOMB_X23_Y21_N26 ; u_render|LessThan0~12|combout     ;
;   15.127 ;   0.923 ; FF ; IC   ; 1      ; LCCOMB_X24_Y20_N2  ; u_render|rem9~0|dataa             ;
;   15.540 ;   0.413 ; FF ; CELL ; 2      ; LCCOMB_X24_Y20_N2  ; u_render|rem9~0|combout           ;
;   15.856 ;   0.316 ; FF ; IC   ; 2      ; LCCOMB_X24_Y20_N16 ; u_render|Add8~4|datab             ;
;   16.312 ;   0.456 ; FR ; CELL ; 1      ; LCCOMB_X24_Y20_N16 ; u_render|Add8~4|cout              ;
;   16.312 ;   0.000 ; RR ; IC   ; 2      ; LCCOMB_X24_Y20_N18 ; u_render|Add8~6|cin               ;
;   16.985 ;   0.673 ; RR ; CELL ; 1      ; LCCOMB_X24_Y20_N18 ; u_render|Add8~6|combout           ;
;   17.775 ;   0.790 ; RR ; IC   ; 2      ; LCCOMB_X20_Y20_N12 ; u_render|Add9~6|datab             ;
;   18.195 ;   0.420 ; RR ; CELL ; 1      ; LCCOMB_X20_Y20_N12 ; u_render|Add9~6|cout              ;
;   18.195 ;   0.000 ; RR ; IC   ; 2      ; LCCOMB_X20_Y20_N14 ; u_render|Add9~8|cin               ;
;   18.835 ;   0.640 ; RF ; CELL ; 2      ; LCCOMB_X20_Y20_N14 ; u_render|Add9~8|combout           ;
;   19.111 ;   0.276 ; FF ; IC   ; 1      ; LCCOMB_X20_Y20_N30 ; u_render|flx~11|datac             ;
;   19.443 ;   0.332 ; FR ; CELL ; 2      ; LCCOMB_X20_Y20_N30 ; u_render|flx~11|combout           ;
;   19.673 ;   0.230 ; RR ; IC   ; 1      ; LCCOMB_X20_Y20_N24 ; u_render|flx~12|datac             ;
;   20.033 ;   0.360 ; RR ; CELL ; 10     ; LCCOMB_X20_Y20_N24 ; u_render|flx~12|combout           ;
;   20.285 ;   0.252 ; RR ; IC   ; 1      ; LCCOMB_X20_Y20_N0  ; u_render|Selector37~11|datad      ;
;   20.482 ;   0.197 ; RR ; CELL ; 8      ; LCCOMB_X20_Y20_N0  ; u_render|Selector37~11|combout    ;
;   21.543 ;   1.061 ; RR ; IC   ; 1      ; LCCOMB_X15_Y20_N18 ; u_render|board_rd_addr~20|datac   ;
;   21.902 ;   0.359 ; RR ; CELL ; 2      ; LCCOMB_X15_Y20_N18 ; u_render|board_rd_addr~20|combout ;
;   22.726 ;   0.824 ; RR ; IC   ; 1      ; FF_X15_Y16_N31     ; u_render|faddr[4]|asdata          ;
;   23.180 ;   0.454 ; RR ; CELL ; 1      ; FF_X15_Y16_N31     ; lcd_renderer:u_render|faddr[4]    ;
+----------+---------+----+------+--------+--------------------+-----------------------------------+

+-------------------------------------------------------------------------------------------+
; Data Required Path                                                                        ;
+----------+---------+----+------+--------+----------------+--------------------------------+
; Total    ; Incr    ; RF ; Type ; Fanout ; Location       ; Element                        ;
+----------+---------+----+------+--------+----------------+--------------------------------+
; 20.000   ; 20.000  ;    ;      ;        ;                ; latch edge time                ;
; 22.711   ; 2.711   ;    ;      ;        ;                ; clock path                     ;
;   22.690 ;   2.690 ; R  ;      ;        ;                ; clock network delay            ;
;   22.711 ;   0.021 ;    ;      ;        ;                ; clock pessimism removed        ;
; 22.641   ; -0.070  ;    ;      ;        ;                ; clock uncertainty              ;
; 22.655   ; 0.014   ;    ; uTsu ; 1      ; FF_X15_Y16_N31 ; lcd_renderer:u_render|faddr[4] ;
+----------+---------+----+------+--------+----------------+--------------------------------+


Path #9: Setup slack is -0.521 (VIOLATED)
===============================================================================
+-----------------------------------------------------+
; Path Summary                                        ;
+--------------------+--------------------------------+
; Property           ; Value                          ;
+--------------------+--------------------------------+
; From Node          ; lcd_renderer:u_render|cx0[0]   ;
; To Node            ; lcd_renderer:u_render|faddr[4] ;
; Launch Clock       ; clk                            ;
; Latch Clock        ; clk                            ;
; Data Arrival Time  ; 23.176                         ;
; Data Required Time ; 22.655                         ;
; Slack              ; -0.521 (VIOLATED)              ;
+--------------------+--------------------------------+

+---------------------------------------------------------------------------------------+
; Statistics                                                                            ;
+---------------------------+--------+-------+-------------+------------+-------+-------+
; Property                  ; Value  ; Count ; Total Delay ; % of Total ; Min   ; Max   ;
+---------------------------+--------+-------+-------------+------------+-------+-------+
; Setup Relationship        ; 20.000 ;       ;             ;            ;       ;       ;
; Clock Skew                ; -0.077 ;       ;             ;            ;       ;       ;
; Data Delay                ; 20.388 ;       ;             ;            ;       ;       ;
; Number of Logic Levels    ;        ; 18    ;             ;            ;       ;       ;
; Physical Delays           ;        ;       ;             ;            ;       ;       ;
;  Arrival Path             ;        ;       ;             ;            ;       ;       ;
;   Clock                   ;        ;       ;             ;            ;       ;       ;
;    Clock Network (Lumped) ;        ; 1     ; 2.788       ; 100        ; 2.788 ; 2.788 ;
;   Data                    ;        ;       ;             ;            ;       ;       ;
;    IC                     ;        ; 26    ; 10.450      ; 51         ; 0.000 ; 1.216 ;
;    Cell                   ;        ; 27    ; 9.719       ; 48         ; 0.000 ; 0.673 ;
;    uTco                   ;        ; 1     ; 0.219       ; 1          ; 0.219 ; 0.219 ;
;  Required Path            ;        ;       ;             ;            ;       ;       ;
;   Clock                   ;        ;       ;             ;            ;       ;       ;
;    Clock Network (Lumped) ;        ; 1     ; 2.690       ; 100        ; 2.690 ; 2.690 ;
+---------------------------+--------+-------+-------------+------------+-------+-------+
Note: Negative delays are omitted from totals when calculating percentages

+--------------------------------------------------------------------------------------------------+
; Data Arrival Path                                                                                ;
+----------+---------+----+------+--------+--------------------+-----------------------------------+
; Total    ; Incr    ; RF ; Type ; Fanout ; Location           ; Element                           ;
+----------+---------+----+------+--------+--------------------+-----------------------------------+
; 0.000    ; 0.000   ;    ;      ;        ;                    ; launch edge time                  ;
; 2.788    ; 2.788   ;    ;      ;        ;                    ; clock path                        ;
;   2.788  ;   2.788 ; R  ;      ;        ;                    ; clock network delay               ;
; 23.176   ; 20.388  ;    ;      ;        ;                    ; data path                         ;
;   3.007  ;   0.219 ;    ; uTco ; 1      ; FF_X18_Y19_N27     ; lcd_renderer:u_render|cx0[0]      ;
;   3.007  ;   0.000 ; FF ; CELL ; 6      ; FF_X18_Y19_N27     ; u_render|cx0[0]|q                 ;
;   3.469  ;   0.462 ; FF ; IC   ; 1      ; LCCOMB_X18_Y19_N0  ; u_render|Add4~2|dataa             ;
;   3.949  ;   0.480 ; FR ; CELL ; 1      ; LCCOMB_X18_Y19_N0  ; u_render|Add4~2|combout           ;
;   4.479  ;   0.530 ; RR ; IC   ; 2      ; LCCOMB_X18_Y19_N10 ; u_render|Add5~4|dataa             ;
;   4.902  ;   0.423 ; RR ; CELL ; 1      ; LCCOMB_X18_Y19_N10 ; u_render|Add5~4|cout              ;
;   4.902  ;   0.000 ; RR ; IC   ; 2      ; LCCOMB_X18_Y19_N12 ; u_render|Add5~6|cin               ;
;   5.575  ;   0.673 ; RR ; CELL ; 101    ; LCCOMB_X18_Y19_N12 ; u_render|Add5~6|combout           ;
;   6.791  ;   1.216 ; RR ; IC   ; 1      ; LCCOMB_X16_Y18_N10 ; u_render|Mux0~33|datad            ;
;   6.988  ;   0.197 ; RR ; CELL ; 1      ; LCCOMB_X16_Y18_N10 ; u_render|Mux0~33|combout          ;
;   7.212  ;   0.224 ; RR ; IC   ; 1      ; LCCOMB_X16_Y18_N28 ; u_render|Mux0~34|datad            ;
;   7.409  ;   0.197 ; RR ; CELL ; 1      ; LCCOMB_X16_Y18_N28 ; u_render|Mux0~34|combout          ;
;   8.087  ;   0.678 ; RR ; IC   ; 1      ; LCCOMB_X18_Y18_N30 ; u_render|Mux0~37|datac            ;
;   8.447  ;   0.360 ; RR ; CELL ; 1      ; LCCOMB_X18_Y18_N30 ; u_render|Mux0~37|combout          ;
;   9.615  ;   1.168 ; RR ; IC   ; 1      ; LCCOMB_X22_Y21_N8  ; u_render|Mux0~40|datac            ;
;   9.975  ;   0.360 ; RR ; CELL ; 1      ; LCCOMB_X22_Y21_N8  ; u_render|Mux0~40|combout          ;
;   10.238 ;   0.263 ; RR ; IC   ; 1      ; LCCOMB_X22_Y21_N10 ; u_render|Mux0~41|datab            ;
;   10.648 ;   0.410 ; RR ; CELL ; 1      ; LCCOMB_X22_Y21_N10 ; u_render|Mux0~41|combout          ;
;   11.091 ;   0.443 ; RR ; IC   ; 1      ; LCCOMB_X23_Y21_N2  ; u_render|Mux0~84|datad            ;
;   11.288 ;   0.197 ; RR ; CELL ; 1      ; LCCOMB_X23_Y21_N2  ; u_render|Mux0~84|combout          ;
;   11.510 ;   0.222 ; RR ; IC   ; 1      ; LCCOMB_X23_Y21_N8  ; u_render|Mux0~127|datad           ;
;   11.707 ;   0.197 ; RR ; CELL ; 7      ; LCCOMB_X23_Y21_N8  ; u_render|Mux0~127|combout         ;
;   12.015 ;   0.308 ; RR ; IC   ; 1      ; LCCOMB_X23_Y21_N30 ; u_render|Add6~3|datab             ;
;   12.482 ;   0.467 ; RR ; CELL ; 2      ; LCCOMB_X23_Y21_N30 ; u_render|Add6~3|combout           ;
;   12.767 ;   0.285 ; RR ; IC   ; 1      ; LCCOMB_X23_Y21_N20 ; u_render|LessThan0~7|dataa        ;
;   13.352 ;   0.585 ; RF ; CELL ; 1      ; LCCOMB_X23_Y21_N20 ; u_render|LessThan0~7|cout         ;
;   13.352 ;   0.000 ; FF ; IC   ; 1      ; LCCOMB_X23_Y21_N22 ; u_render|LessThan0~9|cin          ;
;   13.413 ;   0.061 ; FR ; CELL ; 1      ; LCCOMB_X23_Y21_N22 ; u_render|LessThan0~9|cout         ;
;   13.413 ;   0.000 ; RR ; IC   ; 1      ; LCCOMB_X23_Y21_N24 ; u_render|LessThan0~11|cin         ;
;   13.474 ;   0.061 ; RF ; CELL ; 1      ; LCCOMB_X23_Y21_N24 ; u_render|LessThan0~11|cout        ;
;   13.474 ;   0.000 ; FF ; IC   ; 1      ; LCCOMB_X23_Y21_N26 ; u_render|LessThan0~12|cin         ;
;   13.974 ;   0.500 ; FR ; CELL ; 10     ; LCCOMB_X23_Y21_N26 ; u_render|LessThan0~12|combout     ;
;   14.918 ;   0.944 ; RR ; IC   ; 1      ; LCCOMB_X24_Y20_N2  ; u_render|rem9~0|dataa             ;
;   15.342 ;   0.424 ; RR ; CELL ; 2      ; LCCOMB_X24_Y20_N2  ; u_render|rem9~0|combout           ;
;   15.626 ;   0.284 ; RR ; IC   ; 2      ; LCCOMB_X24_Y20_N16 ; u_render|Add8~4|datab             ;
;   16.233 ;   0.607 ; RF ; CELL ; 1      ; LCCOMB_X24_Y20_N16 ; u_render|Add8~4|cout              ;
;   16.233 ;   0.000 ; FF ; IC   ; 2      ; LCCOMB_X24_Y20_N18 ; u_render|Add8~6|cin               ;
;   16.294 ;   0.061 ; FR ; CELL ; 1      ; LCCOMB_X24_Y20_N18 ; u_render|Add8~6|cout              ;
;   16.294 ;   0.000 ; RR ; IC   ; 2      ; LCCOMB_X24_Y20_N20 ; u_render|Add8~8|cin               ;
;   16.967 ;   0.673 ; RR ; CELL ; 1      ; LCCOMB_X24_Y20_N20 ; u_render|Add8~8|combout           ;
;   17.727 ;   0.760 ; RR ; IC   ; 2      ; LCCOMB_X20_Y20_N14 ; u_render|Add9~8|dataa             ;
;   18.312 ;   0.585 ; RF ; CELL ; 1      ; LCCOMB_X20_Y20_N14 ; u_render|Add9~8|cout              ;
;   18.312 ;   0.000 ; FF ; IC   ; 2      ; LCCOMB_X20_Y20_N16 ; u_render|Add9~10|cin              ;
;   18.842 ;   0.530 ; FF ; CELL ; 1      ; LCCOMB_X20_Y20_N16 ; u_render|Add9~10|combout          ;
;   19.134 ;   0.292 ; FF ; IC   ; 1      ; LCCOMB_X20_Y20_N2  ; u_render|flx~17|datab             ;
;   19.598 ;   0.464 ; FR ; CELL ; 2      ; LCCOMB_X20_Y20_N2  ; u_render|flx~17|combout           ;
;   19.832 ;   0.234 ; RR ; IC   ; 1      ; LCCOMB_X20_Y20_N24 ; u_render|flx~12|datad             ;
;   20.029 ;   0.197 ; RR ; CELL ; 10     ; LCCOMB_X20_Y20_N24 ; u_render|flx~12|combout           ;
;   20.281 ;   0.252 ; RR ; IC   ; 1      ; LCCOMB_X20_Y20_N0  ; u_render|Selector37~11|datad      ;
;   20.478 ;   0.197 ; RR ; CELL ; 8      ; LCCOMB_X20_Y20_N0  ; u_render|Selector37~11|combout    ;
;   21.539 ;   1.061 ; RR ; IC   ; 1      ; LCCOMB_X15_Y20_N18 ; u_render|board_rd_addr~20|datac   ;
;   21.898 ;   0.359 ; RR ; CELL ; 2      ; LCCOMB_X15_Y20_N18 ; u_render|board_rd_addr~20|combout ;
;   22.722 ;   0.824 ; RR ; IC   ; 1      ; FF_X15_Y16_N31     ; u_render|faddr[4]|asdata          ;
;   23.176 ;   0.454 ; RR ; CELL ; 1      ; FF_X15_Y16_N31     ; lcd_renderer:u_render|faddr[4]    ;
+----------+---------+----+------+--------+--------------------+-----------------------------------+

+-------------------------------------------------------------------------------------------+
; Data Required Path                                                                        ;
+----------+---------+----+------+--------+----------------+--------------------------------+
; Total    ; Incr    ; RF ; Type ; Fanout ; Location       ; Element                        ;
+----------+---------+----+------+--------+----------------+--------------------------------+
; 20.000   ; 20.000  ;    ;      ;        ;                ; latch edge time                ;
; 22.711   ; 2.711   ;    ;      ;        ;                ; clock path                     ;
;   22.690 ;   2.690 ; R  ;      ;        ;                ; clock network delay            ;
;   22.711 ;   0.021 ;    ;      ;        ;                ; clock pessimism removed        ;
; 22.641   ; -0.070  ;    ;      ;        ;                ; clock uncertainty              ;
; 22.655   ; 0.014   ;    ; uTsu ; 1      ; FF_X15_Y16_N31 ; lcd_renderer:u_render|faddr[4] ;
+----------+---------+----+------+--------+----------------+--------------------------------+


Path #10: Setup slack is -0.517 (VIOLATED)
===============================================================================
+-----------------------------------------------------+
; Path Summary                                        ;
+--------------------+--------------------------------+
; Property           ; Value                          ;
+--------------------+--------------------------------+
; From Node          ; lcd_renderer:u_render|cx0[0]   ;
; To Node            ; lcd_renderer:u_render|faddr[4] ;
; Launch Clock       ; clk                            ;
; Latch Clock        ; clk                            ;
; Data Arrival Time  ; 23.172                         ;
; Data Required Time ; 22.655                         ;
; Slack              ; -0.517 (VIOLATED)              ;
+--------------------+--------------------------------+

+---------------------------------------------------------------------------------------+
; Statistics                                                                            ;
+---------------------------+--------+-------+-------------+------------+-------+-------+
; Property                  ; Value  ; Count ; Total Delay ; % of Total ; Min   ; Max   ;
+---------------------------+--------+-------+-------------+------------+-------+-------+
; Setup Relationship        ; 20.000 ;       ;             ;            ;       ;       ;
; Clock Skew                ; -0.077 ;       ;             ;            ;       ;       ;
; Data Delay                ; 20.384 ;       ;             ;            ;       ;       ;
; Number of Logic Levels    ;        ; 17    ;             ;            ;       ;       ;
; Physical Delays           ;        ;       ;             ;            ;       ;       ;
;  Arrival Path             ;        ;       ;             ;            ;       ;       ;
;   Clock                   ;        ;       ;             ;            ;       ;       ;
;    Clock Network (Lumped) ;        ; 1     ; 2.788       ; 100        ; 2.788 ; 2.788 ;
;   Data                    ;        ;       ;             ;            ;       ;       ;
;    IC                     ;        ; 26    ; 10.605      ; 52         ; 0.000 ; 1.148 ;
;    Cell                   ;        ; 27    ; 9.560       ; 47         ; 0.000 ; 0.673 ;
;    uTco                   ;        ; 1     ; 0.219       ; 1          ; 0.219 ; 0.219 ;
;  Required Path            ;        ;       ;             ;            ;       ;       ;
;   Clock                   ;        ;       ;             ;            ;       ;       ;
;    Clock Network (Lumped) ;        ; 1     ; 2.690       ; 100        ; 2.690 ; 2.690 ;
+---------------------------+--------+-------+-------------+------------+-------+-------+
Note: Negative delays are omitted from totals when calculating percentages

+--------------------------------------------------------------------------------------------------+
; Data Arrival Path                                                                                ;
+----------+---------+----+------+--------+--------------------+-----------------------------------+
; Total    ; Incr    ; RF ; Type ; Fanout ; Location           ; Element                           ;
+----------+---------+----+------+--------+--------------------+-----------------------------------+
; 0.000    ; 0.000   ;    ;      ;        ;                    ; launch edge time                  ;
; 2.788    ; 2.788   ;    ;      ;        ;                    ; clock path                        ;
;   2.788  ;   2.788 ; R  ;      ;        ;                    ; clock network delay               ;
; 23.172   ; 20.384  ;    ;      ;        ;                    ; data path                         ;
;   3.007  ;   0.219 ;    ; uTco ; 1      ; FF_X18_Y19_N27     ; lcd_renderer:u_render|cx0[0]      ;
;   3.007  ;   0.000 ; FF ; CELL ; 6      ; FF_X18_Y19_N27     ; u_render|cx0[0]|q                 ;
;   3.469  ;   0.462 ; FF ; IC   ; 1      ; LCCOMB_X18_Y19_N0  ; u_render|Add4~2|dataa             ;
;   3.949  ;   0.480 ; FR ; CELL ; 1      ; LCCOMB_X18_Y19_N0  ; u_render|Add4~2|combout           ;
;   4.479  ;   0.530 ; RR ; IC   ; 2      ; LCCOMB_X18_Y19_N10 ; u_render|Add5~4|dataa             ;
;   4.902  ;   0.423 ; RR ; CELL ; 1      ; LCCOMB_X18_Y19_N10 ; u_render|Add5~4|cout              ;
;   4.902  ;   0.000 ; RR ; IC   ; 2      ; LCCOMB_X18_Y19_N12 ; u_render|Add5~6|cin               ;
;   5.575  ;   0.673 ; RR ; CELL ; 101    ; LCCOMB_X18_Y19_N12 ; u_render|Add5~6|combout           ;
;   6.501  ;   0.926 ; RR ; IC   ; 1      ; LCCOMB_X19_Y18_N28 ; u_render|Mux2~42|dataa            ;
;   6.961  ;   0.460 ; RR ; CELL ; 1      ; LCCOMB_X19_Y18_N28 ; u_render|Mux2~42|combout          ;
;   7.404  ;   0.443 ; RR ; IC   ; 1      ; LCCOMB_X20_Y18_N24 ; u_render|Mux2~43|datad            ;
;   7.601  ;   0.197 ; RR ; CELL ; 1      ; LCCOMB_X20_Y18_N24 ; u_render|Mux2~43|combout          ;
;   8.749  ;   1.148 ; RR ; IC   ; 1      ; LCCOMB_X18_Y20_N26 ; u_render|Mux2~51|datac            ;
;   9.108  ;   0.359 ; RR ; CELL ; 1      ; LCCOMB_X18_Y20_N26 ; u_render|Mux2~51|combout          ;
;   10.000 ;   0.892 ; RR ; IC   ; 1      ; LCCOMB_X18_Y21_N18 ; u_render|Mux2~83|dataa            ;
;   10.460 ;   0.460 ; RR ; CELL ; 1      ; LCCOMB_X18_Y21_N18 ; u_render|Mux2~83|combout          ;
;   10.682 ;   0.222 ; RR ; IC   ; 1      ; LCCOMB_X18_Y21_N24 ; u_render|Mux2~84|datad            ;
;   10.879 ;   0.197 ; RR ; CELL ; 1      ; LCCOMB_X18_Y21_N24 ; u_render|Mux2~84|combout          ;
;   11.104 ;   0.225 ; RR ; IC   ; 1      ; LCCOMB_X18_Y21_N2  ; u_render|Mux2~127|datad           ;
;   11.301 ;   0.197 ; RR ; CELL ; 5      ; LCCOMB_X18_Y21_N2  ; u_render|Mux2~127|combout         ;
;   12.169 ;   0.868 ; RR ; IC   ; 1      ; LCCOMB_X23_Y21_N30 ; u_render|Add6~3|dataa             ;
;   12.629 ;   0.460 ; RR ; CELL ; 2      ; LCCOMB_X23_Y21_N30 ; u_render|Add6~3|combout           ;
;   12.914 ;   0.285 ; RR ; IC   ; 1      ; LCCOMB_X23_Y21_N20 ; u_render|LessThan0~7|dataa        ;
;   13.499 ;   0.585 ; RF ; CELL ; 1      ; LCCOMB_X23_Y21_N20 ; u_render|LessThan0~7|cout         ;
;   13.499 ;   0.000 ; FF ; IC   ; 1      ; LCCOMB_X23_Y21_N22 ; u_render|LessThan0~9|cin          ;
;   13.560 ;   0.061 ; FR ; CELL ; 1      ; LCCOMB_X23_Y21_N22 ; u_render|LessThan0~9|cout         ;
;   13.560 ;   0.000 ; RR ; IC   ; 1      ; LCCOMB_X23_Y21_N24 ; u_render|LessThan0~11|cin         ;
;   13.621 ;   0.061 ; RF ; CELL ; 1      ; LCCOMB_X23_Y21_N24 ; u_render|LessThan0~11|cout        ;
;   13.621 ;   0.000 ; FF ; IC   ; 1      ; LCCOMB_X23_Y21_N26 ; u_render|LessThan0~12|cin         ;
;   14.121 ;   0.500 ; FR ; CELL ; 10     ; LCCOMB_X23_Y21_N26 ; u_render|LessThan0~12|combout     ;
;   15.065 ;   0.944 ; RR ; IC   ; 1      ; LCCOMB_X24_Y20_N2  ; u_render|rem9~0|dataa             ;
;   15.489 ;   0.424 ; RR ; CELL ; 2      ; LCCOMB_X24_Y20_N2  ; u_render|rem9~0|combout           ;
;   15.773 ;   0.284 ; RR ; IC   ; 2      ; LCCOMB_X24_Y20_N16 ; u_render|Add8~4|datab             ;
;   16.380 ;   0.607 ; RF ; CELL ; 1      ; LCCOMB_X24_Y20_N16 ; u_render|Add8~4|cout              ;
;   16.380 ;   0.000 ; FF ; IC   ; 2      ; LCCOMB_X24_Y20_N18 ; u_render|Add8~6|cin               ;
;   16.441 ;   0.061 ; FR ; CELL ; 1      ; LCCOMB_X24_Y20_N18 ; u_render|Add8~6|cout              ;
;   16.441 ;   0.000 ; RR ; IC   ; 2      ; LCCOMB_X24_Y20_N20 ; u_render|Add8~8|cin               ;
;   17.114 ;   0.673 ; RR ; CELL ; 1      ; LCCOMB_X24_Y20_N20 ; u_render|Add8~8|combout           ;
;   17.874 ;   0.760 ; RR ; IC   ; 2      ; LCCOMB_X20_Y20_N14 ; u_render|Add9~8|dataa             ;
;   18.459 ;   0.585 ; RF ; CELL ; 1      ; LCCOMB_X20_Y20_N14 ; u_render|Add9~8|cout              ;
;   18.459 ;   0.000 ; FF ; IC   ; 2      ; LCCOMB_X20_Y20_N16 ; u_render|Add9~10|cin              ;
;   18.520 ;   0.061 ; FR ; CELL ; 1      ; LCCOMB_X20_Y20_N16 ; u_render|Add9~10|cout             ;
;   18.520 ;   0.000 ; RR ; IC   ; 2      ; LCCOMB_X20_Y20_N18 ; u_render|Add9~12|cin              ;
;   19.160 ;   0.640 ; RF ; CELL ; 1      ; LCCOMB_X20_Y20_N18 ; u_render|Add9~12|combout          ;
;   19.405 ;   0.245 ; FF ; IC   ; 1      ; LCCOMB_X20_Y20_N2  ; u_render|flx~17|datad             ;
;   19.594 ;   0.189 ; FR ; CELL ; 2      ; LCCOMB_X20_Y20_N2  ; u_render|flx~17|combout           ;
;   19.828 ;   0.234 ; RR ; IC   ; 1      ; LCCOMB_X20_Y20_N24 ; u_render|flx~12|datad             ;
;   20.025 ;   0.197 ; RR ; CELL ; 10     ; LCCOMB_X20_Y20_N24 ; u_render|flx~12|combout           ;
;   20.277 ;   0.252 ; RR ; IC   ; 1      ; LCCOMB_X20_Y20_N0  ; u_render|Selector37~11|datad      ;
;   20.474 ;   0.197 ; RR ; CELL ; 8      ; LCCOMB_X20_Y20_N0  ; u_render|Selector37~11|combout    ;
;   21.535 ;   1.061 ; RR ; IC   ; 1      ; LCCOMB_X15_Y20_N18 ; u_render|board_rd_addr~20|datac   ;
;   21.894 ;   0.359 ; RR ; CELL ; 2      ; LCCOMB_X15_Y20_N18 ; u_render|board_rd_addr~20|combout ;
;   22.718 ;   0.824 ; RR ; IC   ; 1      ; FF_X15_Y16_N31     ; u_render|faddr[4]|asdata          ;
;   23.172 ;   0.454 ; RR ; CELL ; 1      ; FF_X15_Y16_N31     ; lcd_renderer:u_render|faddr[4]    ;
+----------+---------+----+------+--------+--------------------+-----------------------------------+

+-------------------------------------------------------------------------------------------+
; Data Required Path                                                                        ;
+----------+---------+----+------+--------+----------------+--------------------------------+
; Total    ; Incr    ; RF ; Type ; Fanout ; Location       ; Element                        ;
+----------+---------+----+------+--------+----------------+--------------------------------+
; 20.000   ; 20.000  ;    ;      ;        ;                ; latch edge time                ;
; 22.711   ; 2.711   ;    ;      ;        ;                ; clock path                     ;
;   22.690 ;   2.690 ; R  ;      ;        ;                ; clock network delay            ;
;   22.711 ;   0.021 ;    ;      ;        ;                ; clock pessimism removed        ;
; 22.641   ; -0.070  ;    ;      ;        ;                ; clock uncertainty              ;
; 22.655   ; 0.014   ;    ; uTsu ; 1      ; FF_X15_Y16_N31 ; lcd_renderer:u_render|faddr[4] ;
+----------+---------+----+------+--------+----------------+--------------------------------+


Path #11: Setup slack is -0.517 (VIOLATED)
===============================================================================
+-----------------------------------------------------+
; Path Summary                                        ;
+--------------------+--------------------------------+
; Property           ; Value                          ;
+--------------------+--------------------------------+
; From Node          ; lcd_renderer:u_render|cx0[1]   ;
; To Node            ; lcd_renderer:u_render|faddr[4] ;
; Launch Clock       ; clk                            ;
; Latch Clock        ; clk                            ;
; Data Arrival Time  ; 23.172                         ;
; Data Required Time ; 22.655                         ;
; Slack              ; -0.517 (VIOLATED)              ;
+--------------------+--------------------------------+

+---------------------------------------------------------------------------------------+
; Statistics                                                                            ;
+---------------------------+--------+-------+-------------+------------+-------+-------+
; Property                  ; Value  ; Count ; Total Delay ; % of Total ; Min   ; Max   ;
+---------------------------+--------+-------+-------------+------------+-------+-------+
; Setup Relationship        ; 20.000 ;       ;             ;            ;       ;       ;
; Clock Skew                ; -0.077 ;       ;             ;            ;       ;       ;
; Data Delay                ; 20.384 ;       ;             ;            ;       ;       ;
; Number of Logic Levels    ;        ; 17    ;             ;            ;       ;       ;
; Physical Delays           ;        ;       ;             ;            ;       ;       ;
;  Arrival Path             ;        ;       ;             ;            ;       ;       ;
;   Clock                   ;        ;       ;             ;            ;       ;       ;
;    Clock Network (Lumped) ;        ; 1     ; 2.788       ; 100        ; 2.788 ; 2.788 ;
;   Data                    ;        ;       ;             ;            ;       ;       ;
;    IC                     ;        ; 26    ; 10.588      ; 52         ; 0.000 ; 1.148 ;
;    Cell                   ;        ; 27    ; 9.577       ; 47         ; 0.000 ; 0.673 ;
;    uTco                   ;        ; 1     ; 0.219       ; 1          ; 0.219 ; 0.219 ;
;  Required Path            ;        ;       ;             ;            ;       ;       ;
;   Clock                   ;        ;       ;             ;            ;       ;       ;
;    Clock Network (Lumped) ;        ; 1     ; 2.690       ; 100        ; 2.690 ; 2.690 ;
+---------------------------+--------+-------+-------------+------------+-------+-------+
Note: Negative delays are omitted from totals when calculating percentages

+--------------------------------------------------------------------------------------------------+
; Data Arrival Path                                                                                ;
+----------+---------+----+------+--------+--------------------+-----------------------------------+
; Total    ; Incr    ; RF ; Type ; Fanout ; Location           ; Element                           ;
+----------+---------+----+------+--------+--------------------+-----------------------------------+
; 0.000    ; 0.000   ;    ;      ;        ;                    ; launch edge time                  ;
; 2.788    ; 2.788   ;    ;      ;        ;                    ; clock path                        ;
;   2.788  ;   2.788 ; R  ;      ;        ;                    ; clock network delay               ;
; 23.172   ; 20.384  ;    ;      ;        ;                    ; data path                         ;
;   3.007  ;   0.219 ;    ; uTco ; 1      ; FF_X18_Y19_N5      ; lcd_renderer:u_render|cx0[1]      ;
;   3.007  ;   0.000 ; FF ; CELL ; 5      ; FF_X18_Y19_N5      ; u_render|cx0[1]|q                 ;
;   3.401  ;   0.394 ; FF ; IC   ; 1      ; LCCOMB_X18_Y19_N0  ; u_render|Add4~2|datac             ;
;   3.733  ;   0.332 ; FR ; CELL ; 1      ; LCCOMB_X18_Y19_N0  ; u_render|Add4~2|combout           ;
;   4.263  ;   0.530 ; RR ; IC   ; 2      ; LCCOMB_X18_Y19_N10 ; u_render|Add5~4|dataa             ;
;   4.686  ;   0.423 ; RR ; CELL ; 1      ; LCCOMB_X18_Y19_N10 ; u_render|Add5~4|cout              ;
;   4.686  ;   0.000 ; RR ; IC   ; 2      ; LCCOMB_X18_Y19_N12 ; u_render|Add5~6|cin               ;
;   5.359  ;   0.673 ; RR ; CELL ; 101    ; LCCOMB_X18_Y19_N12 ; u_render|Add5~6|combout           ;
;   6.285  ;   0.926 ; RR ; IC   ; 1      ; LCCOMB_X19_Y18_N28 ; u_render|Mux2~42|dataa            ;
;   6.745  ;   0.460 ; RR ; CELL ; 1      ; LCCOMB_X19_Y18_N28 ; u_render|Mux2~42|combout          ;
;   7.188  ;   0.443 ; RR ; IC   ; 1      ; LCCOMB_X20_Y18_N24 ; u_render|Mux2~43|datad            ;
;   7.385  ;   0.197 ; RR ; CELL ; 1      ; LCCOMB_X20_Y18_N24 ; u_render|Mux2~43|combout          ;
;   8.533  ;   1.148 ; RR ; IC   ; 1      ; LCCOMB_X18_Y20_N26 ; u_render|Mux2~51|datac            ;
;   8.892  ;   0.359 ; RR ; CELL ; 1      ; LCCOMB_X18_Y20_N26 ; u_render|Mux2~51|combout          ;
;   9.784  ;   0.892 ; RR ; IC   ; 1      ; LCCOMB_X18_Y21_N18 ; u_render|Mux2~83|dataa            ;
;   10.244 ;   0.460 ; RR ; CELL ; 1      ; LCCOMB_X18_Y21_N18 ; u_render|Mux2~83|combout          ;
;   10.466 ;   0.222 ; RR ; IC   ; 1      ; LCCOMB_X18_Y21_N24 ; u_render|Mux2~84|datad            ;
;   10.663 ;   0.197 ; RR ; CELL ; 1      ; LCCOMB_X18_Y21_N24 ; u_render|Mux2~84|combout          ;
;   10.888 ;   0.225 ; RR ; IC   ; 1      ; LCCOMB_X18_Y21_N2  ; u_render|Mux2~127|datad           ;
;   11.085 ;   0.197 ; RR ; CELL ; 5      ; LCCOMB_X18_Y21_N2  ; u_render|Mux2~127|combout         ;
;   11.944 ;   0.859 ; RR ; IC   ; 1      ; LCCOMB_X23_Y21_N0  ; u_render|Add6~4|dataa             ;
;   12.399 ;   0.455 ; RF ; CELL ; 2      ; LCCOMB_X23_Y21_N0  ; u_render|Add6~4|combout           ;
;   12.716 ;   0.317 ; FF ; IC   ; 1      ; LCCOMB_X23_Y21_N18 ; u_render|LessThan0~5|datab        ;
;   13.276 ;   0.560 ; FF ; CELL ; 1      ; LCCOMB_X23_Y21_N18 ; u_render|LessThan0~5|cout         ;
;   13.276 ;   0.000 ; FF ; IC   ; 1      ; LCCOMB_X23_Y21_N20 ; u_render|LessThan0~7|cin          ;
;   13.337 ;   0.061 ; FR ; CELL ; 1      ; LCCOMB_X23_Y21_N20 ; u_render|LessThan0~7|cout         ;
;   13.337 ;   0.000 ; RR ; IC   ; 1      ; LCCOMB_X23_Y21_N22 ; u_render|LessThan0~9|cin          ;
;   13.398 ;   0.061 ; RF ; CELL ; 1      ; LCCOMB_X23_Y21_N22 ; u_render|LessThan0~9|cout         ;
;   13.398 ;   0.000 ; FF ; IC   ; 1      ; LCCOMB_X23_Y21_N24 ; u_render|LessThan0~11|cin         ;
;   13.459 ;   0.061 ; FR ; CELL ; 1      ; LCCOMB_X23_Y21_N24 ; u_render|LessThan0~11|cout        ;
;   13.459 ;   0.000 ; RR ; IC   ; 1      ; LCCOMB_X23_Y21_N26 ; u_render|LessThan0~12|cin         ;
;   14.099 ;   0.640 ; RF ; CELL ; 10     ; LCCOMB_X23_Y21_N26 ; u_render|LessThan0~12|combout     ;
;   15.022 ;   0.923 ; FF ; IC   ; 1      ; LCCOMB_X24_Y20_N2  ; u_render|rem9~0|dataa             ;
;   15.435 ;   0.413 ; FF ; CELL ; 2      ; LCCOMB_X24_Y20_N2  ; u_render|rem9~0|combout           ;
;   15.751 ;   0.316 ; FF ; IC   ; 2      ; LCCOMB_X24_Y20_N16 ; u_render|Add8~4|datab             ;
;   16.207 ;   0.456 ; FR ; CELL ; 1      ; LCCOMB_X24_Y20_N16 ; u_render|Add8~4|cout              ;
;   16.207 ;   0.000 ; RR ; IC   ; 2      ; LCCOMB_X24_Y20_N18 ; u_render|Add8~6|cin               ;
;   16.847 ;   0.640 ; RF ; CELL ; 1      ; LCCOMB_X24_Y20_N18 ; u_render|Add8~6|combout           ;
;   17.577 ;   0.730 ; FF ; IC   ; 2      ; LCCOMB_X20_Y20_N12 ; u_render|Add9~6|datab             ;
;   18.137 ;   0.560 ; FF ; CELL ; 1      ; LCCOMB_X20_Y20_N12 ; u_render|Add9~6|cout              ;
;   18.137 ;   0.000 ; FF ; IC   ; 2      ; LCCOMB_X20_Y20_N14 ; u_render|Add9~8|cin               ;
;   18.198 ;   0.061 ; FR ; CELL ; 1      ; LCCOMB_X20_Y20_N14 ; u_render|Add9~8|cout              ;
;   18.198 ;   0.000 ; RR ; IC   ; 2      ; LCCOMB_X20_Y20_N16 ; u_render|Add9~10|cin              ;
;   18.838 ;   0.640 ; RF ; CELL ; 1      ; LCCOMB_X20_Y20_N16 ; u_render|Add9~10|combout          ;
;   19.130 ;   0.292 ; FF ; IC   ; 1      ; LCCOMB_X20_Y20_N2  ; u_render|flx~17|datab             ;
;   19.594 ;   0.464 ; FR ; CELL ; 2      ; LCCOMB_X20_Y20_N2  ; u_render|flx~17|combout           ;
;   19.828 ;   0.234 ; RR ; IC   ; 1      ; LCCOMB_X20_Y20_N24 ; u_render|flx~12|datad             ;
;   20.025 ;   0.197 ; RR ; CELL ; 10     ; LCCOMB_X20_Y20_N24 ; u_render|flx~12|combout           ;
;   20.277 ;   0.252 ; RR ; IC   ; 1      ; LCCOMB_X20_Y20_N0  ; u_render|Selector37~11|datad      ;
;   20.474 ;   0.197 ; RR ; CELL ; 8      ; LCCOMB_X20_Y20_N0  ; u_render|Selector37~11|combout    ;
;   21.535 ;   1.061 ; RR ; IC   ; 1      ; LCCOMB_X15_Y20_N18 ; u_render|board_rd_addr~20|datac   ;
;   21.894 ;   0.359 ; RR ; CELL ; 2      ; LCCOMB_X15_Y20_N18 ; u_render|board_rd_addr~20|combout ;
;   22.718 ;   0.824 ; RR ; IC   ; 1      ; FF_X15_Y16_N31     ; u_render|faddr[4]|asdata          ;
;   23.172 ;   0.454 ; RR ; CELL ; 1      ; FF_X15_Y16_N31     ; lcd_renderer:u_render|faddr[4]    ;
+----------+---------+----+------+--------+--------------------+-----------------------------------+

+-------------------------------------------------------------------------------------------+
; Data Required Path                                                                        ;
+----------+---------+----+------+--------+----------------+--------------------------------+
; Total    ; Incr    ; RF ; Type ; Fanout ; Location       ; Element                        ;
+----------+---------+----+------+--------+----------------+--------------------------------+
; 20.000   ; 20.000  ;    ;      ;        ;                ; latch edge time                ;
; 22.711   ; 2.711   ;    ;      ;        ;                ; clock path                     ;
;   22.690 ;   2.690 ; R  ;      ;        ;                ; clock network delay            ;
;   22.711 ;   0.021 ;    ;      ;        ;                ; clock pessimism removed        ;
; 22.641   ; -0.070  ;    ;      ;        ;                ; clock uncertainty              ;
; 22.655   ; 0.014   ;    ; uTsu ; 1      ; FF_X15_Y16_N31 ; lcd_renderer:u_render|faddr[4] ;
+----------+---------+----+------+--------+----------------+--------------------------------+


Path #12: Setup slack is -0.511 (VIOLATED)
===============================================================================
+-----------------------------------------------------+
; Path Summary                                        ;
+--------------------+--------------------------------+
; Property           ; Value                          ;
+--------------------+--------------------------------+
; From Node          ; lcd_renderer:u_render|cx0[0]   ;
; To Node            ; lcd_renderer:u_render|faddr[4] ;
; Launch Clock       ; clk                            ;
; Latch Clock        ; clk                            ;
; Data Arrival Time  ; 23.166                         ;
; Data Required Time ; 22.655                         ;
; Slack              ; -0.511 (VIOLATED)              ;
+--------------------+--------------------------------+

+---------------------------------------------------------------------------------------+
; Statistics                                                                            ;
+---------------------------+--------+-------+-------------+------------+-------+-------+
; Property                  ; Value  ; Count ; Total Delay ; % of Total ; Min   ; Max   ;
+---------------------------+--------+-------+-------------+------------+-------+-------+
; Setup Relationship        ; 20.000 ;       ;             ;            ;       ;       ;
; Clock Skew                ; -0.077 ;       ;             ;            ;       ;       ;
; Data Delay                ; 20.378 ;       ;             ;            ;       ;       ;
; Number of Logic Levels    ;        ; 17    ;             ;            ;       ;       ;
; Physical Delays           ;        ;       ;             ;            ;       ;       ;
;  Arrival Path             ;        ;       ;             ;            ;       ;       ;
;   Clock                   ;        ;       ;             ;            ;       ;       ;
;    Clock Network (Lumped) ;        ; 1     ; 2.788       ; 100        ; 2.788 ; 2.788 ;
;   Data                    ;        ;       ;             ;            ;       ;       ;
;    IC                     ;        ; 27    ; 10.337      ; 51         ; 0.000 ; 1.148 ;
;    Cell                   ;        ; 28    ; 9.822       ; 48         ; 0.000 ; 0.673 ;
;    uTco                   ;        ; 1     ; 0.219       ; 1          ; 0.219 ; 0.219 ;
;  Required Path            ;        ;       ;             ;            ;       ;       ;
;   Clock                   ;        ;       ;             ;            ;       ;       ;
;    Clock Network (Lumped) ;        ; 1     ; 2.690       ; 100        ; 2.690 ; 2.690 ;
+---------------------------+--------+-------+-------------+------------+-------+-------+
Note: Negative delays are omitted from totals when calculating percentages

+--------------------------------------------------------------------------------------------------+
; Data Arrival Path                                                                                ;
+----------+---------+----+------+--------+--------------------+-----------------------------------+
; Total    ; Incr    ; RF ; Type ; Fanout ; Location           ; Element                           ;
+----------+---------+----+------+--------+--------------------+-----------------------------------+
; 0.000    ; 0.000   ;    ;      ;        ;                    ; launch edge time                  ;
; 2.788    ; 2.788   ;    ;      ;        ;                    ; clock path                        ;
;   2.788  ;   2.788 ; R  ;      ;        ;                    ; clock network delay               ;
; 23.166   ; 20.378  ;    ;      ;        ;                    ; data path                         ;
;   3.007  ;   0.219 ;    ; uTco ; 1      ; FF_X18_Y19_N27     ; lcd_renderer:u_render|cx0[0]      ;
;   3.007  ;   0.000 ; FF ; CELL ; 6      ; FF_X18_Y19_N27     ; u_render|cx0[0]|q                 ;
;   3.414  ;   0.407 ; FF ; IC   ; 1      ; LCCOMB_X18_Y19_N28 ; u_render|Add4~0|datac             ;
;   3.746  ;   0.332 ; FR ; CELL ; 1      ; LCCOMB_X18_Y19_N28 ; u_render|Add4~0|combout           ;
;   4.012  ;   0.266 ; RR ; IC   ; 2      ; LCCOMB_X18_Y19_N8  ; u_render|Add5~2|datab             ;
;   4.619  ;   0.607 ; RF ; CELL ; 1      ; LCCOMB_X18_Y19_N8  ; u_render|Add5~2|cout              ;
;   4.619  ;   0.000 ; FF ; IC   ; 2      ; LCCOMB_X18_Y19_N10 ; u_render|Add5~4|cin               ;
;   4.680  ;   0.061 ; FR ; CELL ; 1      ; LCCOMB_X18_Y19_N10 ; u_render|Add5~4|cout              ;
;   4.680  ;   0.000 ; RR ; IC   ; 2      ; LCCOMB_X18_Y19_N12 ; u_render|Add5~6|cin               ;
;   5.353  ;   0.673 ; RR ; CELL ; 101    ; LCCOMB_X18_Y19_N12 ; u_render|Add5~6|combout           ;
;   6.279  ;   0.926 ; RR ; IC   ; 1      ; LCCOMB_X19_Y18_N28 ; u_render|Mux2~42|dataa            ;
;   6.739  ;   0.460 ; RR ; CELL ; 1      ; LCCOMB_X19_Y18_N28 ; u_render|Mux2~42|combout          ;
;   7.182  ;   0.443 ; RR ; IC   ; 1      ; LCCOMB_X20_Y18_N24 ; u_render|Mux2~43|datad            ;
;   7.379  ;   0.197 ; RR ; CELL ; 1      ; LCCOMB_X20_Y18_N24 ; u_render|Mux2~43|combout          ;
;   8.527  ;   1.148 ; RR ; IC   ; 1      ; LCCOMB_X18_Y20_N26 ; u_render|Mux2~51|datac            ;
;   8.886  ;   0.359 ; RR ; CELL ; 1      ; LCCOMB_X18_Y20_N26 ; u_render|Mux2~51|combout          ;
;   9.778  ;   0.892 ; RR ; IC   ; 1      ; LCCOMB_X18_Y21_N18 ; u_render|Mux2~83|dataa            ;
;   10.238 ;   0.460 ; RR ; CELL ; 1      ; LCCOMB_X18_Y21_N18 ; u_render|Mux2~83|combout          ;
;   10.460 ;   0.222 ; RR ; IC   ; 1      ; LCCOMB_X18_Y21_N24 ; u_render|Mux2~84|datad            ;
;   10.657 ;   0.197 ; RR ; CELL ; 1      ; LCCOMB_X18_Y21_N24 ; u_render|Mux2~84|combout          ;
;   10.882 ;   0.225 ; RR ; IC   ; 1      ; LCCOMB_X18_Y21_N2  ; u_render|Mux2~127|datad           ;
;   11.079 ;   0.197 ; RR ; CELL ; 5      ; LCCOMB_X18_Y21_N2  ; u_render|Mux2~127|combout         ;
;   11.938 ;   0.859 ; RR ; IC   ; 1      ; LCCOMB_X23_Y21_N0  ; u_render|Add6~4|dataa             ;
;   12.393 ;   0.455 ; RF ; CELL ; 2      ; LCCOMB_X23_Y21_N0  ; u_render|Add6~4|combout           ;
;   12.710 ;   0.317 ; FF ; IC   ; 1      ; LCCOMB_X23_Y21_N18 ; u_render|LessThan0~5|datab        ;
;   13.270 ;   0.560 ; FF ; CELL ; 1      ; LCCOMB_X23_Y21_N18 ; u_render|LessThan0~5|cout         ;
;   13.270 ;   0.000 ; FF ; IC   ; 1      ; LCCOMB_X23_Y21_N20 ; u_render|LessThan0~7|cin          ;
;   13.331 ;   0.061 ; FR ; CELL ; 1      ; LCCOMB_X23_Y21_N20 ; u_render|LessThan0~7|cout         ;
;   13.331 ;   0.000 ; RR ; IC   ; 1      ; LCCOMB_X23_Y21_N22 ; u_render|LessThan0~9|cin          ;
;   13.392 ;   0.061 ; RF ; CELL ; 1      ; LCCOMB_X23_Y21_N22 ; u_render|LessThan0~9|cout         ;
;   13.392 ;   0.000 ; FF ; IC   ; 1      ; LCCOMB_X23_Y21_N24 ; u_render|LessThan0~11|cin         ;
;   13.453 ;   0.061 ; FR ; CELL ; 1      ; LCCOMB_X23_Y21_N24 ; u_render|LessThan0~11|cout        ;
;   13.453 ;   0.000 ; RR ; IC   ; 1      ; LCCOMB_X23_Y21_N26 ; u_render|LessThan0~12|cin         ;
;   14.093 ;   0.640 ; RF ; CELL ; 10     ; LCCOMB_X23_Y21_N26 ; u_render|LessThan0~12|combout     ;
;   15.016 ;   0.923 ; FF ; IC   ; 1      ; LCCOMB_X24_Y20_N2  ; u_render|rem9~0|dataa             ;
;   15.429 ;   0.413 ; FF ; CELL ; 2      ; LCCOMB_X24_Y20_N2  ; u_render|rem9~0|combout           ;
;   15.745 ;   0.316 ; FF ; IC   ; 2      ; LCCOMB_X24_Y20_N16 ; u_render|Add8~4|datab             ;
;   16.201 ;   0.456 ; FR ; CELL ; 1      ; LCCOMB_X24_Y20_N16 ; u_render|Add8~4|cout              ;
;   16.201 ;   0.000 ; RR ; IC   ; 2      ; LCCOMB_X24_Y20_N18 ; u_render|Add8~6|cin               ;
;   16.841 ;   0.640 ; RF ; CELL ; 1      ; LCCOMB_X24_Y20_N18 ; u_render|Add8~6|combout           ;
;   17.571 ;   0.730 ; FF ; IC   ; 2      ; LCCOMB_X20_Y20_N12 ; u_render|Add9~6|datab             ;
;   18.131 ;   0.560 ; FF ; CELL ; 1      ; LCCOMB_X20_Y20_N12 ; u_render|Add9~6|cout              ;
;   18.131 ;   0.000 ; FF ; IC   ; 2      ; LCCOMB_X20_Y20_N14 ; u_render|Add9~8|cin               ;
;   18.192 ;   0.061 ; FR ; CELL ; 1      ; LCCOMB_X20_Y20_N14 ; u_render|Add9~8|cout              ;
;   18.192 ;   0.000 ; RR ; IC   ; 2      ; LCCOMB_X20_Y20_N16 ; u_render|Add9~10|cin              ;
;   18.832 ;   0.640 ; RF ; CELL ; 1      ; LCCOMB_X20_Y20_N16 ; u_render|Add9~10|combout          ;
;   19.124 ;   0.292 ; FF ; IC   ; 1      ; LCCOMB_X20_Y20_N2  ; u_render|flx~17|datab             ;
;   19.588 ;   0.464 ; FR ; CELL ; 2      ; LCCOMB_X20_Y20_N2  ; u_render|flx~17|combout           ;
;   19.822 ;   0.234 ; RR ; IC   ; 1      ; LCCOMB_X20_Y20_N24 ; u_render|flx~12|datad             ;
;   20.019 ;   0.197 ; RR ; CELL ; 10     ; LCCOMB_X20_Y20_N24 ; u_render|flx~12|combout           ;
;   20.271 ;   0.252 ; RR ; IC   ; 1      ; LCCOMB_X20_Y20_N0  ; u_render|Selector37~11|datad      ;
;   20.468 ;   0.197 ; RR ; CELL ; 8      ; LCCOMB_X20_Y20_N0  ; u_render|Selector37~11|combout    ;
;   21.529 ;   1.061 ; RR ; IC   ; 1      ; LCCOMB_X15_Y20_N18 ; u_render|board_rd_addr~20|datac   ;
;   21.888 ;   0.359 ; RR ; CELL ; 2      ; LCCOMB_X15_Y20_N18 ; u_render|board_rd_addr~20|combout ;
;   22.712 ;   0.824 ; RR ; IC   ; 1      ; FF_X15_Y16_N31     ; u_render|faddr[4]|asdata          ;
;   23.166 ;   0.454 ; RR ; CELL ; 1      ; FF_X15_Y16_N31     ; lcd_renderer:u_render|faddr[4]    ;
+----------+---------+----+------+--------+--------------------+-----------------------------------+

+-------------------------------------------------------------------------------------------+
; Data Required Path                                                                        ;
+----------+---------+----+------+--------+----------------+--------------------------------+
; Total    ; Incr    ; RF ; Type ; Fanout ; Location       ; Element                        ;
+----------+---------+----+------+--------+----------------+--------------------------------+
; 20.000   ; 20.000  ;    ;      ;        ;                ; latch edge time                ;
; 22.711   ; 2.711   ;    ;      ;        ;                ; clock path                     ;
;   22.690 ;   2.690 ; R  ;      ;        ;                ; clock network delay            ;
;   22.711 ;   0.021 ;    ;      ;        ;                ; clock pessimism removed        ;
; 22.641   ; -0.070  ;    ;      ;        ;                ; clock uncertainty              ;
; 22.655   ; 0.014   ;    ; uTsu ; 1      ; FF_X15_Y16_N31 ; lcd_renderer:u_render|faddr[4] ;
+----------+---------+----+------+--------+----------------+--------------------------------+


Path #13: Setup slack is -0.497 (VIOLATED)
===============================================================================
+-----------------------------------------------------+
; Path Summary                                        ;
+--------------------+--------------------------------+
; Property           ; Value                          ;
+--------------------+--------------------------------+
; From Node          ; lcd_renderer:u_render|cx0[0]   ;
; To Node            ; lcd_renderer:u_render|faddr[4] ;
; Launch Clock       ; clk                            ;
; Latch Clock        ; clk                            ;
; Data Arrival Time  ; 23.152                         ;
; Data Required Time ; 22.655                         ;
; Slack              ; -0.497 (VIOLATED)              ;
+--------------------+--------------------------------+

+---------------------------------------------------------------------------------------+
; Statistics                                                                            ;
+---------------------------+--------+-------+-------------+------------+-------+-------+
; Property                  ; Value  ; Count ; Total Delay ; % of Total ; Min   ; Max   ;
+---------------------------+--------+-------+-------------+------------+-------+-------+
; Setup Relationship        ; 20.000 ;       ;             ;            ;       ;       ;
; Clock Skew                ; -0.077 ;       ;             ;            ;       ;       ;
; Data Delay                ; 20.364 ;       ;             ;            ;       ;       ;
; Number of Logic Levels    ;        ; 18    ;             ;            ;       ;       ;
; Physical Delays           ;        ;       ;             ;            ;       ;       ;
;  Arrival Path             ;        ;       ;             ;            ;       ;       ;
;   Clock                   ;        ;       ;             ;            ;       ;       ;
;    Clock Network (Lumped) ;        ; 1     ; 2.788       ; 100        ; 2.788 ; 2.788 ;
;   Data                    ;        ;       ;             ;            ;       ;       ;
;    IC                     ;        ; 25    ; 10.801      ; 53         ; 0.000 ; 1.061 ;
;    Cell                   ;        ; 26    ; 9.344       ; 46         ; 0.000 ; 0.673 ;
;    uTco                   ;        ; 1     ; 0.219       ; 1          ; 0.219 ; 0.219 ;
;  Required Path            ;        ;       ;             ;            ;       ;       ;
;   Clock                   ;        ;       ;             ;            ;       ;       ;
;    Clock Network (Lumped) ;        ; 1     ; 2.690       ; 100        ; 2.690 ; 2.690 ;
+---------------------------+--------+-------+-------------+------------+-------+-------+
Note: Negative delays are omitted from totals when calculating percentages

+--------------------------------------------------------------------------------------------------+
; Data Arrival Path                                                                                ;
+----------+---------+----+------+--------+--------------------+-----------------------------------+
; Total    ; Incr    ; RF ; Type ; Fanout ; Location           ; Element                           ;
+----------+---------+----+------+--------+--------------------+-----------------------------------+
; 0.000    ; 0.000   ;    ;      ;        ;                    ; launch edge time                  ;
; 2.788    ; 2.788   ;    ;      ;        ;                    ; clock path                        ;
;   2.788  ;   2.788 ; R  ;      ;        ;                    ; clock network delay               ;
; 23.152   ; 20.364  ;    ;      ;        ;                    ; data path                         ;
;   3.007  ;   0.219 ;    ; uTco ; 1      ; FF_X18_Y19_N27     ; lcd_renderer:u_render|cx0[0]      ;
;   3.007  ;   0.000 ; FF ; CELL ; 6      ; FF_X18_Y19_N27     ; u_render|cx0[0]|q                 ;
;   3.414  ;   0.407 ; FF ; IC   ; 1      ; LCCOMB_X18_Y19_N28 ; u_render|Add4~0|datac             ;
;   3.766  ;   0.352 ; FF ; CELL ; 1      ; LCCOMB_X18_Y19_N28 ; u_render|Add4~0|combout           ;
;   4.064  ;   0.298 ; FF ; IC   ; 2      ; LCCOMB_X18_Y19_N8  ; u_render|Add5~2|datab             ;
;   4.520  ;   0.456 ; FR ; CELL ; 1      ; LCCOMB_X18_Y19_N8  ; u_render|Add5~2|cout              ;
;   4.520  ;   0.000 ; RR ; IC   ; 2      ; LCCOMB_X18_Y19_N10 ; u_render|Add5~4|cin               ;
;   5.193  ;   0.673 ; RR ; CELL ; 169    ; LCCOMB_X18_Y19_N10 ; u_render|Add5~4|combout           ;
;   6.250  ;   1.057 ; RR ; IC   ; 1      ; LCCOMB_X18_Y15_N12 ; u_render|Mux3~14|datab            ;
;   6.729  ;   0.479 ; RR ; CELL ; 1      ; LCCOMB_X18_Y15_N12 ; u_render|Mux3~14|combout          ;
;   7.174  ;   0.445 ; RR ; IC   ; 1      ; LCCOMB_X19_Y15_N24 ; u_render|Mux3~15|datad            ;
;   7.371  ;   0.197 ; RR ; CELL ; 1      ; LCCOMB_X19_Y15_N24 ; u_render|Mux3~15|combout          ;
;   8.186  ;   0.815 ; RR ; IC   ; 1      ; LCCOMB_X19_Y17_N16 ; u_render|Mux3~18|datad            ;
;   8.383  ;   0.197 ; RR ; CELL ; 1      ; LCCOMB_X19_Y17_N16 ; u_render|Mux3~18|combout          ;
;   8.606  ;   0.223 ; RR ; IC   ; 1      ; LCCOMB_X19_Y17_N2  ; u_render|Mux3~21|datad            ;
;   8.803  ;   0.197 ; RR ; CELL ; 1      ; LCCOMB_X19_Y17_N2  ; u_render|Mux3~21|combout          ;
;   9.597  ;   0.794 ; RR ; IC   ; 1      ; LCCOMB_X18_Y20_N24 ; u_render|Mux3~32|datad            ;
;   9.794  ;   0.197 ; RR ; CELL ; 1      ; LCCOMB_X18_Y20_N24 ; u_render|Mux3~32|combout          ;
;   10.015 ;   0.221 ; RR ; IC   ; 1      ; LCCOMB_X18_Y20_N30 ; u_render|Mux3~43|datad            ;
;   10.212 ;   0.197 ; RR ; CELL ; 1      ; LCCOMB_X18_Y20_N30 ; u_render|Mux3~43|combout          ;
;   11.029 ;   0.817 ; RR ; IC   ; 1      ; LCCOMB_X18_Y21_N10 ; u_render|Mux3~129|datad           ;
;   11.226 ;   0.197 ; RR ; CELL ; 4      ; LCCOMB_X18_Y21_N10 ; u_render|Mux3~129|combout         ;
;   11.993 ;   0.767 ; RR ; IC   ; 1      ; LCCOMB_X23_Y21_N12 ; u_render|Add6~2|dataa             ;
;   12.499 ;   0.506 ; RF ; CELL ; 2      ; LCCOMB_X23_Y21_N12 ; u_render|Add6~2|combout           ;
;   12.824 ;   0.325 ; FF ; IC   ; 1      ; LCCOMB_X23_Y21_N22 ; u_render|LessThan0~9|dataa        ;
;   13.378 ;   0.554 ; FF ; CELL ; 1      ; LCCOMB_X23_Y21_N22 ; u_render|LessThan0~9|cout         ;
;   13.378 ;   0.000 ; FF ; IC   ; 1      ; LCCOMB_X23_Y21_N24 ; u_render|LessThan0~11|cin         ;
;   13.439 ;   0.061 ; FR ; CELL ; 1      ; LCCOMB_X23_Y21_N24 ; u_render|LessThan0~11|cout        ;
;   13.439 ;   0.000 ; RR ; IC   ; 1      ; LCCOMB_X23_Y21_N26 ; u_render|LessThan0~12|cin         ;
;   14.079 ;   0.640 ; RF ; CELL ; 10     ; LCCOMB_X23_Y21_N26 ; u_render|LessThan0~12|combout     ;
;   15.002 ;   0.923 ; FF ; IC   ; 1      ; LCCOMB_X24_Y20_N2  ; u_render|rem9~0|dataa             ;
;   15.415 ;   0.413 ; FF ; CELL ; 2      ; LCCOMB_X24_Y20_N2  ; u_render|rem9~0|combout           ;
;   15.731 ;   0.316 ; FF ; IC   ; 2      ; LCCOMB_X24_Y20_N16 ; u_render|Add8~4|datab             ;
;   16.187 ;   0.456 ; FR ; CELL ; 1      ; LCCOMB_X24_Y20_N16 ; u_render|Add8~4|cout              ;
;   16.187 ;   0.000 ; RR ; IC   ; 2      ; LCCOMB_X24_Y20_N18 ; u_render|Add8~6|cin               ;
;   16.827 ;   0.640 ; RF ; CELL ; 1      ; LCCOMB_X24_Y20_N18 ; u_render|Add8~6|combout           ;
;   17.557 ;   0.730 ; FF ; IC   ; 2      ; LCCOMB_X20_Y20_N12 ; u_render|Add9~6|datab             ;
;   18.117 ;   0.560 ; FF ; CELL ; 1      ; LCCOMB_X20_Y20_N12 ; u_render|Add9~6|cout              ;
;   18.117 ;   0.000 ; FF ; IC   ; 2      ; LCCOMB_X20_Y20_N14 ; u_render|Add9~8|cin               ;
;   18.178 ;   0.061 ; FR ; CELL ; 1      ; LCCOMB_X20_Y20_N14 ; u_render|Add9~8|cout              ;
;   18.178 ;   0.000 ; RR ; IC   ; 2      ; LCCOMB_X20_Y20_N16 ; u_render|Add9~10|cin              ;
;   18.818 ;   0.640 ; RF ; CELL ; 1      ; LCCOMB_X20_Y20_N16 ; u_render|Add9~10|combout          ;
;   19.110 ;   0.292 ; FF ; IC   ; 1      ; LCCOMB_X20_Y20_N2  ; u_render|flx~17|datab             ;
;   19.574 ;   0.464 ; FR ; CELL ; 2      ; LCCOMB_X20_Y20_N2  ; u_render|flx~17|combout           ;
;   19.808 ;   0.234 ; RR ; IC   ; 1      ; LCCOMB_X20_Y20_N24 ; u_render|flx~12|datad             ;
;   20.005 ;   0.197 ; RR ; CELL ; 10     ; LCCOMB_X20_Y20_N24 ; u_render|flx~12|combout           ;
;   20.257 ;   0.252 ; RR ; IC   ; 1      ; LCCOMB_X20_Y20_N0  ; u_render|Selector37~11|datad      ;
;   20.454 ;   0.197 ; RR ; CELL ; 8      ; LCCOMB_X20_Y20_N0  ; u_render|Selector37~11|combout    ;
;   21.515 ;   1.061 ; RR ; IC   ; 1      ; LCCOMB_X15_Y20_N18 ; u_render|board_rd_addr~20|datac   ;
;   21.874 ;   0.359 ; RR ; CELL ; 2      ; LCCOMB_X15_Y20_N18 ; u_render|board_rd_addr~20|combout ;
;   22.698 ;   0.824 ; RR ; IC   ; 1      ; FF_X15_Y16_N31     ; u_render|faddr[4]|asdata          ;
;   23.152 ;   0.454 ; RR ; CELL ; 1      ; FF_X15_Y16_N31     ; lcd_renderer:u_render|faddr[4]    ;
+----------+---------+----+------+--------+--------------------+-----------------------------------+

+-------------------------------------------------------------------------------------------+
; Data Required Path                                                                        ;
+----------+---------+----+------+--------+----------------+--------------------------------+
; Total    ; Incr    ; RF ; Type ; Fanout ; Location       ; Element                        ;
+----------+---------+----+------+--------+----------------+--------------------------------+
; 20.000   ; 20.000  ;    ;      ;        ;                ; latch edge time                ;
; 22.711   ; 2.711   ;    ;      ;        ;                ; clock path                     ;
;   22.690 ;   2.690 ; R  ;      ;        ;                ; clock network delay            ;
;   22.711 ;   0.021 ;    ;      ;        ;                ; clock pessimism removed        ;
; 22.641   ; -0.070  ;    ;      ;        ;                ; clock uncertainty              ;
; 22.655   ; 0.014   ;    ; uTsu ; 1      ; FF_X15_Y16_N31 ; lcd_renderer:u_render|faddr[4] ;
+----------+---------+----+------+--------+----------------+--------------------------------+


Path #14: Setup slack is -0.494 (VIOLATED)
===============================================================================
+-----------------------------------------------------+
; Path Summary                                        ;
+--------------------+--------------------------------+
; Property           ; Value                          ;
+--------------------+--------------------------------+
; From Node          ; lcd_renderer:u_render|cx0[0]   ;
; To Node            ; lcd_renderer:u_render|faddr[4] ;
; Launch Clock       ; clk                            ;
; Latch Clock        ; clk                            ;
; Data Arrival Time  ; 23.149                         ;
; Data Required Time ; 22.655                         ;
; Slack              ; -0.494 (VIOLATED)              ;
+--------------------+--------------------------------+

+---------------------------------------------------------------------------------------+
; Statistics                                                                            ;
+---------------------------+--------+-------+-------------+------------+-------+-------+
; Property                  ; Value  ; Count ; Total Delay ; % of Total ; Min   ; Max   ;
+---------------------------+--------+-------+-------------+------------+-------+-------+
; Setup Relationship        ; 20.000 ;       ;             ;            ;       ;       ;
; Clock Skew                ; -0.077 ;       ;             ;            ;       ;       ;
; Data Delay                ; 20.361 ;       ;             ;            ;       ;       ;
; Number of Logic Levels    ;        ; 16    ;             ;            ;       ;       ;
; Physical Delays           ;        ;       ;             ;            ;       ;       ;
;  Arrival Path             ;        ;       ;             ;            ;       ;       ;
;   Clock                   ;        ;       ;             ;            ;       ;       ;
;    Clock Network (Lumped) ;        ; 1     ; 2.788       ; 100        ; 2.788 ; 2.788 ;
;   Data                    ;        ;       ;             ;            ;       ;       ;
;    IC                     ;        ; 27    ; 10.442      ; 51         ; 0.000 ; 1.148 ;
;    Cell                   ;        ; 28    ; 9.700       ; 48         ; 0.000 ; 0.673 ;
;    uTco                   ;        ; 1     ; 0.219       ; 1          ; 0.219 ; 0.219 ;
;  Required Path            ;        ;       ;             ;            ;       ;       ;
;   Clock                   ;        ;       ;             ;            ;       ;       ;
;    Clock Network (Lumped) ;        ; 1     ; 2.690       ; 100        ; 2.690 ; 2.690 ;
+---------------------------+--------+-------+-------------+------------+-------+-------+
Note: Negative delays are omitted from totals when calculating percentages

+--------------------------------------------------------------------------------------------------+
; Data Arrival Path                                                                                ;
+----------+---------+----+------+--------+--------------------+-----------------------------------+
; Total    ; Incr    ; RF ; Type ; Fanout ; Location           ; Element                           ;
+----------+---------+----+------+--------+--------------------+-----------------------------------+
; 0.000    ; 0.000   ;    ;      ;        ;                    ; launch edge time                  ;
; 2.788    ; 2.788   ;    ;      ;        ;                    ; clock path                        ;
;   2.788  ;   2.788 ; R  ;      ;        ;                    ; clock network delay               ;
; 23.149   ; 20.361  ;    ;      ;        ;                    ; data path                         ;
;   3.007  ;   0.219 ;    ; uTco ; 1      ; FF_X18_Y19_N27     ; lcd_renderer:u_render|cx0[0]      ;
;   3.007  ;   0.000 ; FF ; CELL ; 6      ; FF_X18_Y19_N27     ; u_render|cx0[0]|q                 ;
;   3.469  ;   0.462 ; FF ; IC   ; 1      ; LCCOMB_X18_Y19_N0  ; u_render|Add4~2|dataa             ;
;   3.949  ;   0.480 ; FR ; CELL ; 1      ; LCCOMB_X18_Y19_N0  ; u_render|Add4~2|combout           ;
;   4.479  ;   0.530 ; RR ; IC   ; 2      ; LCCOMB_X18_Y19_N10 ; u_render|Add5~4|dataa             ;
;   4.902  ;   0.423 ; RR ; CELL ; 1      ; LCCOMB_X18_Y19_N10 ; u_render|Add5~4|cout              ;
;   4.902  ;   0.000 ; RR ; IC   ; 2      ; LCCOMB_X18_Y19_N12 ; u_render|Add5~6|cin               ;
;   5.575  ;   0.673 ; RR ; CELL ; 101    ; LCCOMB_X18_Y19_N12 ; u_render|Add5~6|combout           ;
;   6.501  ;   0.926 ; RR ; IC   ; 1      ; LCCOMB_X19_Y18_N28 ; u_render|Mux2~42|dataa            ;
;   6.961  ;   0.460 ; RR ; CELL ; 1      ; LCCOMB_X19_Y18_N28 ; u_render|Mux2~42|combout          ;
;   7.404  ;   0.443 ; RR ; IC   ; 1      ; LCCOMB_X20_Y18_N24 ; u_render|Mux2~43|datad            ;
;   7.601  ;   0.197 ; RR ; CELL ; 1      ; LCCOMB_X20_Y18_N24 ; u_render|Mux2~43|combout          ;
;   8.749  ;   1.148 ; RR ; IC   ; 1      ; LCCOMB_X18_Y20_N26 ; u_render|Mux2~51|datac            ;
;   9.108  ;   0.359 ; RR ; CELL ; 1      ; LCCOMB_X18_Y20_N26 ; u_render|Mux2~51|combout          ;
;   10.000 ;   0.892 ; RR ; IC   ; 1      ; LCCOMB_X18_Y21_N18 ; u_render|Mux2~83|dataa            ;
;   10.460 ;   0.460 ; RR ; CELL ; 1      ; LCCOMB_X18_Y21_N18 ; u_render|Mux2~83|combout          ;
;   10.682 ;   0.222 ; RR ; IC   ; 1      ; LCCOMB_X18_Y21_N24 ; u_render|Mux2~84|datad            ;
;   10.879 ;   0.197 ; RR ; CELL ; 1      ; LCCOMB_X18_Y21_N24 ; u_render|Mux2~84|combout          ;
;   11.104 ;   0.225 ; RR ; IC   ; 1      ; LCCOMB_X18_Y21_N2  ; u_render|Mux2~127|datad           ;
;   11.301 ;   0.197 ; RR ; CELL ; 5      ; LCCOMB_X18_Y21_N2  ; u_render|Mux2~127|combout         ;
;   12.169 ;   0.868 ; RR ; IC   ; 1      ; LCCOMB_X23_Y21_N30 ; u_render|Add6~3|dataa             ;
;   12.629 ;   0.460 ; RR ; CELL ; 2      ; LCCOMB_X23_Y21_N30 ; u_render|Add6~3|combout           ;
;   12.914 ;   0.285 ; RR ; IC   ; 1      ; LCCOMB_X23_Y21_N20 ; u_render|LessThan0~7|dataa        ;
;   13.499 ;   0.585 ; RF ; CELL ; 1      ; LCCOMB_X23_Y21_N20 ; u_render|LessThan0~7|cout         ;
;   13.499 ;   0.000 ; FF ; IC   ; 1      ; LCCOMB_X23_Y21_N22 ; u_render|LessThan0~9|cin          ;
;   13.560 ;   0.061 ; FR ; CELL ; 1      ; LCCOMB_X23_Y21_N22 ; u_render|LessThan0~9|cout         ;
;   13.560 ;   0.000 ; RR ; IC   ; 1      ; LCCOMB_X23_Y21_N24 ; u_render|LessThan0~11|cin         ;
;   13.621 ;   0.061 ; RF ; CELL ; 1      ; LCCOMB_X23_Y21_N24 ; u_render|LessThan0~11|cout        ;
;   13.621 ;   0.000 ; FF ; IC   ; 1      ; LCCOMB_X23_Y21_N26 ; u_render|LessThan0~12|cin         ;
;   14.121 ;   0.500 ; FR ; CELL ; 10     ; LCCOMB_X23_Y21_N26 ; u_render|LessThan0~12|combout     ;
;   15.065 ;   0.944 ; RR ; IC   ; 1      ; LCCOMB_X24_Y20_N2  ; u_render|rem9~0|dataa             ;
;   15.489 ;   0.424 ; RR ; CELL ; 2      ; LCCOMB_X24_Y20_N2  ; u_render|rem9~0|combout           ;
;   15.773 ;   0.284 ; RR ; IC   ; 2      ; LCCOMB_X24_Y20_N16 ; u_render|Add8~4|datab             ;
;   16.380 ;   0.607 ; RF ; CELL ; 1      ; LCCOMB_X24_Y20_N16 ; u_render|Add8~4|cout              ;
;   16.380 ;   0.000 ; FF ; IC   ; 2      ; LCCOMB_X24_Y20_N18 ; u_render|Add8~6|cin               ;
;   16.441 ;   0.061 ; FR ; CELL ; 1      ; LCCOMB_X24_Y20_N18 ; u_render|Add8~6|cout              ;
;   16.441 ;   0.000 ; RR ; IC   ; 2      ; LCCOMB_X24_Y20_N20 ; u_render|Add8~8|cin               ;
;   17.114 ;   0.673 ; RR ; CELL ; 1      ; LCCOMB_X24_Y20_N20 ; u_render|Add8~8|combout           ;
;   17.874 ;   0.760 ; RR ; IC   ; 2      ; LCCOMB_X20_Y20_N14 ; u_render|Add9~8|dataa             ;
;   18.459 ;   0.585 ; RF ; CELL ; 1      ; LCCOMB_X20_Y20_N14 ; u_render|Add9~8|cout              ;
;   18.459 ;   0.000 ; FF ; IC   ; 2      ; LCCOMB_X20_Y20_N16 ; u_render|Add9~10|cin              ;
;   18.520 ;   0.061 ; FR ; CELL ; 1      ; LCCOMB_X20_Y20_N16 ; u_render|Add9~10|cout             ;
;   18.520 ;   0.000 ; RR ; IC   ; 2      ; LCCOMB_X20_Y20_N18 ; u_render|Add9~12|cin              ;
;   18.581 ;   0.061 ; RF ; CELL ; 1      ; LCCOMB_X20_Y20_N18 ; u_render|Add9~12|cout             ;
;   18.581 ;   0.000 ; FF ; IC   ; 2      ; LCCOMB_X20_Y20_N20 ; u_render|Add9~14|cin              ;
;   18.642 ;   0.061 ; FR ; CELL ; 1      ; LCCOMB_X20_Y20_N20 ; u_render|Add9~14|cout             ;
;   18.642 ;   0.000 ; RR ; IC   ; 1      ; LCCOMB_X20_Y20_N22 ; u_render|Add9~16|cin              ;
;   19.282 ;   0.640 ; RF ; CELL ; 2      ; LCCOMB_X20_Y20_N22 ; u_render|Add9~16|combout          ;
;   19.598 ;   0.316 ; FF ; IC   ; 1      ; LCCOMB_X20_Y20_N24 ; u_render|flx~12|dataa             ;
;   20.002 ;   0.404 ; FR ; CELL ; 10     ; LCCOMB_X20_Y20_N24 ; u_render|flx~12|combout           ;
;   20.254 ;   0.252 ; RR ; IC   ; 1      ; LCCOMB_X20_Y20_N0  ; u_render|Selector37~11|datad      ;
;   20.451 ;   0.197 ; RR ; CELL ; 8      ; LCCOMB_X20_Y20_N0  ; u_render|Selector37~11|combout    ;
;   21.512 ;   1.061 ; RR ; IC   ; 1      ; LCCOMB_X15_Y20_N18 ; u_render|board_rd_addr~20|datac   ;
;   21.871 ;   0.359 ; RR ; CELL ; 2      ; LCCOMB_X15_Y20_N18 ; u_render|board_rd_addr~20|combout ;
;   22.695 ;   0.824 ; RR ; IC   ; 1      ; FF_X15_Y16_N31     ; u_render|faddr[4]|asdata          ;
;   23.149 ;   0.454 ; RR ; CELL ; 1      ; FF_X15_Y16_N31     ; lcd_renderer:u_render|faddr[4]    ;
+----------+---------+----+------+--------+--------------------+-----------------------------------+

+-------------------------------------------------------------------------------------------+
; Data Required Path                                                                        ;
+----------+---------+----+------+--------+----------------+--------------------------------+
; Total    ; Incr    ; RF ; Type ; Fanout ; Location       ; Element                        ;
+----------+---------+----+------+--------+----------------+--------------------------------+
; 20.000   ; 20.000  ;    ;      ;        ;                ; latch edge time                ;
; 22.711   ; 2.711   ;    ;      ;        ;                ; clock path                     ;
;   22.690 ;   2.690 ; R  ;      ;        ;                ; clock network delay            ;
;   22.711 ;   0.021 ;    ;      ;        ;                ; clock pessimism removed        ;
; 22.641   ; -0.070  ;    ;      ;        ;                ; clock uncertainty              ;
; 22.655   ; 0.014   ;    ; uTsu ; 1      ; FF_X15_Y16_N31 ; lcd_renderer:u_render|faddr[4] ;
+----------+---------+----+------+--------+----------------+--------------------------------+


Path #15: Setup slack is -0.493 (VIOLATED)
===============================================================================
+-----------------------------------------------------+
; Path Summary                                        ;
+--------------------+--------------------------------+
; Property           ; Value                          ;
+--------------------+--------------------------------+
; From Node          ; lcd_renderer:u_render|cx0[1]   ;
; To Node            ; lcd_renderer:u_render|faddr[4] ;
; Launch Clock       ; clk                            ;
; Latch Clock        ; clk                            ;
; Data Arrival Time  ; 23.148                         ;
; Data Required Time ; 22.655                         ;
; Slack              ; -0.493 (VIOLATED)              ;
+--------------------+--------------------------------+

+---------------------------------------------------------------------------------------+
; Statistics                                                                            ;
+---------------------------+--------+-------+-------------+------------+-------+-------+
; Property                  ; Value  ; Count ; Total Delay ; % of Total ; Min   ; Max   ;
+---------------------------+--------+-------+-------------+------------+-------+-------+
; Setup Relationship        ; 20.000 ;       ;             ;            ;       ;       ;
; Clock Skew                ; -0.077 ;       ;             ;            ;       ;       ;
; Data Delay                ; 20.360 ;       ;             ;            ;       ;       ;
; Number of Logic Levels    ;        ; 17    ;             ;            ;       ;       ;
; Physical Delays           ;        ;       ;             ;            ;       ;       ;
;  Arrival Path             ;        ;       ;             ;            ;       ;       ;
;   Clock                   ;        ;       ;             ;            ;       ;       ;
;    Clock Network (Lumped) ;        ; 1     ; 2.788       ; 100        ; 2.788 ; 2.788 ;
;   Data                    ;        ;       ;             ;            ;       ;       ;
;    IC                     ;        ; 27    ; 10.462      ; 51         ; 0.000 ; 1.148 ;
;    Cell                   ;        ; 28    ; 9.679       ; 48         ; 0.000 ; 0.673 ;
;    uTco                   ;        ; 1     ; 0.219       ; 1          ; 0.219 ; 0.219 ;
;  Required Path            ;        ;       ;             ;            ;       ;       ;
;   Clock                   ;        ;       ;             ;            ;       ;       ;
;    Clock Network (Lumped) ;        ; 1     ; 2.690       ; 100        ; 2.690 ; 2.690 ;
+---------------------------+--------+-------+-------------+------------+-------+-------+
Note: Negative delays are omitted from totals when calculating percentages

+--------------------------------------------------------------------------------------------------+
; Data Arrival Path                                                                                ;
+----------+---------+----+------+--------+--------------------+-----------------------------------+
; Total    ; Incr    ; RF ; Type ; Fanout ; Location           ; Element                           ;
+----------+---------+----+------+--------+--------------------+-----------------------------------+
; 0.000    ; 0.000   ;    ;      ;        ;                    ; launch edge time                  ;
; 2.788    ; 2.788   ;    ;      ;        ;                    ; clock path                        ;
;   2.788  ;   2.788 ; R  ;      ;        ;                    ; clock network delay               ;
; 23.148   ; 20.360  ;    ;      ;        ;                    ; data path                         ;
;   3.007  ;   0.219 ;    ; uTco ; 1      ; FF_X18_Y19_N5      ; lcd_renderer:u_render|cx0[1]      ;
;   3.007  ;   0.000 ; FF ; CELL ; 5      ; FF_X18_Y19_N5      ; u_render|cx0[1]|q                 ;
;   3.539  ;   0.532 ; FF ; IC   ; 1      ; LCCOMB_X18_Y19_N28 ; u_render|Add4~0|datad             ;
;   3.728  ;   0.189 ; FR ; CELL ; 1      ; LCCOMB_X18_Y19_N28 ; u_render|Add4~0|combout           ;
;   3.994  ;   0.266 ; RR ; IC   ; 2      ; LCCOMB_X18_Y19_N8  ; u_render|Add5~2|datab             ;
;   4.601  ;   0.607 ; RF ; CELL ; 1      ; LCCOMB_X18_Y19_N8  ; u_render|Add5~2|cout              ;
;   4.601  ;   0.000 ; FF ; IC   ; 2      ; LCCOMB_X18_Y19_N10 ; u_render|Add5~4|cin               ;
;   4.662  ;   0.061 ; FR ; CELL ; 1      ; LCCOMB_X18_Y19_N10 ; u_render|Add5~4|cout              ;
;   4.662  ;   0.000 ; RR ; IC   ; 2      ; LCCOMB_X18_Y19_N12 ; u_render|Add5~6|cin               ;
;   5.335  ;   0.673 ; RR ; CELL ; 101    ; LCCOMB_X18_Y19_N12 ; u_render|Add5~6|combout           ;
;   6.261  ;   0.926 ; RR ; IC   ; 1      ; LCCOMB_X19_Y18_N28 ; u_render|Mux2~42|dataa            ;
;   6.721  ;   0.460 ; RR ; CELL ; 1      ; LCCOMB_X19_Y18_N28 ; u_render|Mux2~42|combout          ;
;   7.164  ;   0.443 ; RR ; IC   ; 1      ; LCCOMB_X20_Y18_N24 ; u_render|Mux2~43|datad            ;
;   7.361  ;   0.197 ; RR ; CELL ; 1      ; LCCOMB_X20_Y18_N24 ; u_render|Mux2~43|combout          ;
;   8.509  ;   1.148 ; RR ; IC   ; 1      ; LCCOMB_X18_Y20_N26 ; u_render|Mux2~51|datac            ;
;   8.868  ;   0.359 ; RR ; CELL ; 1      ; LCCOMB_X18_Y20_N26 ; u_render|Mux2~51|combout          ;
;   9.760  ;   0.892 ; RR ; IC   ; 1      ; LCCOMB_X18_Y21_N18 ; u_render|Mux2~83|dataa            ;
;   10.220 ;   0.460 ; RR ; CELL ; 1      ; LCCOMB_X18_Y21_N18 ; u_render|Mux2~83|combout          ;
;   10.442 ;   0.222 ; RR ; IC   ; 1      ; LCCOMB_X18_Y21_N24 ; u_render|Mux2~84|datad            ;
;   10.639 ;   0.197 ; RR ; CELL ; 1      ; LCCOMB_X18_Y21_N24 ; u_render|Mux2~84|combout          ;
;   10.864 ;   0.225 ; RR ; IC   ; 1      ; LCCOMB_X18_Y21_N2  ; u_render|Mux2~127|datad           ;
;   11.061 ;   0.197 ; RR ; CELL ; 5      ; LCCOMB_X18_Y21_N2  ; u_render|Mux2~127|combout         ;
;   11.920 ;   0.859 ; RR ; IC   ; 1      ; LCCOMB_X23_Y21_N0  ; u_render|Add6~4|dataa             ;
;   12.375 ;   0.455 ; RF ; CELL ; 2      ; LCCOMB_X23_Y21_N0  ; u_render|Add6~4|combout           ;
;   12.692 ;   0.317 ; FF ; IC   ; 1      ; LCCOMB_X23_Y21_N18 ; u_render|LessThan0~5|datab        ;
;   13.252 ;   0.560 ; FF ; CELL ; 1      ; LCCOMB_X23_Y21_N18 ; u_render|LessThan0~5|cout         ;
;   13.252 ;   0.000 ; FF ; IC   ; 1      ; LCCOMB_X23_Y21_N20 ; u_render|LessThan0~7|cin          ;
;   13.313 ;   0.061 ; FR ; CELL ; 1      ; LCCOMB_X23_Y21_N20 ; u_render|LessThan0~7|cout         ;
;   13.313 ;   0.000 ; RR ; IC   ; 1      ; LCCOMB_X23_Y21_N22 ; u_render|LessThan0~9|cin          ;
;   13.374 ;   0.061 ; RF ; CELL ; 1      ; LCCOMB_X23_Y21_N22 ; u_render|LessThan0~9|cout         ;
;   13.374 ;   0.000 ; FF ; IC   ; 1      ; LCCOMB_X23_Y21_N24 ; u_render|LessThan0~11|cin         ;
;   13.435 ;   0.061 ; FR ; CELL ; 1      ; LCCOMB_X23_Y21_N24 ; u_render|LessThan0~11|cout        ;
;   13.435 ;   0.000 ; RR ; IC   ; 1      ; LCCOMB_X23_Y21_N26 ; u_render|LessThan0~12|cin         ;
;   14.075 ;   0.640 ; RF ; CELL ; 10     ; LCCOMB_X23_Y21_N26 ; u_render|LessThan0~12|combout     ;
;   14.998 ;   0.923 ; FF ; IC   ; 1      ; LCCOMB_X24_Y20_N2  ; u_render|rem9~0|dataa             ;
;   15.411 ;   0.413 ; FF ; CELL ; 2      ; LCCOMB_X24_Y20_N2  ; u_render|rem9~0|combout           ;
;   15.727 ;   0.316 ; FF ; IC   ; 2      ; LCCOMB_X24_Y20_N16 ; u_render|Add8~4|datab             ;
;   16.183 ;   0.456 ; FR ; CELL ; 1      ; LCCOMB_X24_Y20_N16 ; u_render|Add8~4|cout              ;
;   16.183 ;   0.000 ; RR ; IC   ; 2      ; LCCOMB_X24_Y20_N18 ; u_render|Add8~6|cin               ;
;   16.823 ;   0.640 ; RF ; CELL ; 1      ; LCCOMB_X24_Y20_N18 ; u_render|Add8~6|combout           ;
;   17.553 ;   0.730 ; FF ; IC   ; 2      ; LCCOMB_X20_Y20_N12 ; u_render|Add9~6|datab             ;
;   18.113 ;   0.560 ; FF ; CELL ; 1      ; LCCOMB_X20_Y20_N12 ; u_render|Add9~6|cout              ;
;   18.113 ;   0.000 ; FF ; IC   ; 2      ; LCCOMB_X20_Y20_N14 ; u_render|Add9~8|cin               ;
;   18.174 ;   0.061 ; FR ; CELL ; 1      ; LCCOMB_X20_Y20_N14 ; u_render|Add9~8|cout              ;
;   18.174 ;   0.000 ; RR ; IC   ; 2      ; LCCOMB_X20_Y20_N16 ; u_render|Add9~10|cin              ;
;   18.814 ;   0.640 ; RF ; CELL ; 1      ; LCCOMB_X20_Y20_N16 ; u_render|Add9~10|combout          ;
;   19.106 ;   0.292 ; FF ; IC   ; 1      ; LCCOMB_X20_Y20_N2  ; u_render|flx~17|datab             ;
;   19.570 ;   0.464 ; FR ; CELL ; 2      ; LCCOMB_X20_Y20_N2  ; u_render|flx~17|combout           ;
;   19.804 ;   0.234 ; RR ; IC   ; 1      ; LCCOMB_X20_Y20_N24 ; u_render|flx~12|datad             ;
;   20.001 ;   0.197 ; RR ; CELL ; 10     ; LCCOMB_X20_Y20_N24 ; u_render|flx~12|combout           ;
;   20.253 ;   0.252 ; RR ; IC   ; 1      ; LCCOMB_X20_Y20_N0  ; u_render|Selector37~11|datad      ;
;   20.450 ;   0.197 ; RR ; CELL ; 8      ; LCCOMB_X20_Y20_N0  ; u_render|Selector37~11|combout    ;
;   21.511 ;   1.061 ; RR ; IC   ; 1      ; LCCOMB_X15_Y20_N18 ; u_render|board_rd_addr~20|datac   ;
;   21.870 ;   0.359 ; RR ; CELL ; 2      ; LCCOMB_X15_Y20_N18 ; u_render|board_rd_addr~20|combout ;
;   22.694 ;   0.824 ; RR ; IC   ; 1      ; FF_X15_Y16_N31     ; u_render|faddr[4]|asdata          ;
;   23.148 ;   0.454 ; RR ; CELL ; 1      ; FF_X15_Y16_N31     ; lcd_renderer:u_render|faddr[4]    ;
+----------+---------+----+------+--------+--------------------+-----------------------------------+

+-------------------------------------------------------------------------------------------+
; Data Required Path                                                                        ;
+----------+---------+----+------+--------+----------------+--------------------------------+
; Total    ; Incr    ; RF ; Type ; Fanout ; Location       ; Element                        ;
+----------+---------+----+------+--------+----------------+--------------------------------+
; 20.000   ; 20.000  ;    ;      ;        ;                ; latch edge time                ;
; 22.711   ; 2.711   ;    ;      ;        ;                ; clock path                     ;
;   22.690 ;   2.690 ; R  ;      ;        ;                ; clock network delay            ;
;   22.711 ;   0.021 ;    ;      ;        ;                ; clock pessimism removed        ;
; 22.641   ; -0.070  ;    ;      ;        ;                ; clock uncertainty              ;
; 22.655   ; 0.014   ;    ; uTsu ; 1      ; FF_X15_Y16_N31 ; lcd_renderer:u_render|faddr[4] ;
+----------+---------+----+------+--------+----------------+--------------------------------+


Path #16: Setup slack is -0.492 (VIOLATED)
===============================================================================
+-----------------------------------------------------+
; Path Summary                                        ;
+--------------------+--------------------------------+
; Property           ; Value                          ;
+--------------------+--------------------------------+
; From Node          ; lcd_renderer:u_render|cx0[0]   ;
; To Node            ; lcd_renderer:u_render|faddr[4] ;
; Launch Clock       ; clk                            ;
; Latch Clock        ; clk                            ;
; Data Arrival Time  ; 23.147                         ;
; Data Required Time ; 22.655                         ;
; Slack              ; -0.492 (VIOLATED)              ;
+--------------------+--------------------------------+

+---------------------------------------------------------------------------------------+
; Statistics                                                                            ;
+---------------------------+--------+-------+-------------+------------+-------+-------+
; Property                  ; Value  ; Count ; Total Delay ; % of Total ; Min   ; Max   ;
+---------------------------+--------+-------+-------------+------------+-------+-------+
; Setup Relationship        ; 20.000 ;       ;             ;            ;       ;       ;
; Clock Skew                ; -0.077 ;       ;             ;            ;       ;       ;
; Data Delay                ; 20.359 ;       ;             ;            ;       ;       ;
; Number of Logic Levels    ;        ; 18    ;             ;            ;       ;       ;
; Physical Delays           ;        ;       ;             ;            ;       ;       ;
;  Arrival Path             ;        ;       ;             ;            ;       ;       ;
;   Clock                   ;        ;       ;             ;            ;       ;       ;
;    Clock Network (Lumped) ;        ; 1     ; 2.788       ; 100        ; 2.788 ; 2.788 ;
;   Data                    ;        ;       ;             ;            ;       ;       ;
;    IC                     ;        ; 25    ; 10.983      ; 54         ; 0.000 ; 1.061 ;
;    Cell                   ;        ; 26    ; 9.157       ; 45         ; 0.000 ; 0.673 ;
;    uTco                   ;        ; 1     ; 0.219       ; 1          ; 0.219 ; 0.219 ;
;  Required Path            ;        ;       ;             ;            ;       ;       ;
;   Clock                   ;        ;       ;             ;            ;       ;       ;
;    Clock Network (Lumped) ;        ; 1     ; 2.690       ; 100        ; 2.690 ; 2.690 ;
+---------------------------+--------+-------+-------------+------------+-------+-------+
Note: Negative delays are omitted from totals when calculating percentages

+--------------------------------------------------------------------------------------------------+
; Data Arrival Path                                                                                ;
+----------+---------+----+------+--------+--------------------+-----------------------------------+
; Total    ; Incr    ; RF ; Type ; Fanout ; Location           ; Element                           ;
+----------+---------+----+------+--------+--------------------+-----------------------------------+
; 0.000    ; 0.000   ;    ;      ;        ;                    ; launch edge time                  ;
; 2.788    ; 2.788   ;    ;      ;        ;                    ; clock path                        ;
;   2.788  ;   2.788 ; R  ;      ;        ;                    ; clock network delay               ;
; 23.147   ; 20.359  ;    ;      ;        ;                    ; data path                         ;
;   3.007  ;   0.219 ;    ; uTco ; 1      ; FF_X18_Y19_N27     ; lcd_renderer:u_render|cx0[0]      ;
;   3.007  ;   0.000 ; FF ; CELL ; 6      ; FF_X18_Y19_N27     ; u_render|cx0[0]|q                 ;
;   3.469  ;   0.462 ; FF ; IC   ; 1      ; LCCOMB_X18_Y19_N0  ; u_render|Add4~2|dataa             ;
;   3.949  ;   0.480 ; FR ; CELL ; 1      ; LCCOMB_X18_Y19_N0  ; u_render|Add4~2|combout           ;
;   4.479  ;   0.530 ; RR ; IC   ; 2      ; LCCOMB_X18_Y19_N10 ; u_render|Add5~4|dataa             ;
;   4.902  ;   0.423 ; RR ; CELL ; 1      ; LCCOMB_X18_Y19_N10 ; u_render|Add5~4|cout              ;
;   4.902  ;   0.000 ; RR ; IC   ; 2      ; LCCOMB_X18_Y19_N12 ; u_render|Add5~6|cin               ;
;   5.575  ;   0.673 ; RR ; CELL ; 101    ; LCCOMB_X18_Y19_N12 ; u_render|Add5~6|combout           ;
;   6.527  ;   0.952 ; RR ; IC   ; 1      ; LCCOMB_X18_Y15_N12 ; u_render|Mux3~14|datad            ;
;   6.724  ;   0.197 ; RR ; CELL ; 1      ; LCCOMB_X18_Y15_N12 ; u_render|Mux3~14|combout          ;
;   7.169  ;   0.445 ; RR ; IC   ; 1      ; LCCOMB_X19_Y15_N24 ; u_render|Mux3~15|datad            ;
;   7.366  ;   0.197 ; RR ; CELL ; 1      ; LCCOMB_X19_Y15_N24 ; u_render|Mux3~15|combout          ;
;   8.181  ;   0.815 ; RR ; IC   ; 1      ; LCCOMB_X19_Y17_N16 ; u_render|Mux3~18|datad            ;
;   8.378  ;   0.197 ; RR ; CELL ; 1      ; LCCOMB_X19_Y17_N16 ; u_render|Mux3~18|combout          ;
;   8.601  ;   0.223 ; RR ; IC   ; 1      ; LCCOMB_X19_Y17_N2  ; u_render|Mux3~21|datad            ;
;   8.798  ;   0.197 ; RR ; CELL ; 1      ; LCCOMB_X19_Y17_N2  ; u_render|Mux3~21|combout          ;
;   9.592  ;   0.794 ; RR ; IC   ; 1      ; LCCOMB_X18_Y20_N24 ; u_render|Mux3~32|datad            ;
;   9.789  ;   0.197 ; RR ; CELL ; 1      ; LCCOMB_X18_Y20_N24 ; u_render|Mux3~32|combout          ;
;   10.010 ;   0.221 ; RR ; IC   ; 1      ; LCCOMB_X18_Y20_N30 ; u_render|Mux3~43|datad            ;
;   10.207 ;   0.197 ; RR ; CELL ; 1      ; LCCOMB_X18_Y20_N30 ; u_render|Mux3~43|combout          ;
;   11.024 ;   0.817 ; RR ; IC   ; 1      ; LCCOMB_X18_Y21_N10 ; u_render|Mux3~129|datad           ;
;   11.221 ;   0.197 ; RR ; CELL ; 4      ; LCCOMB_X18_Y21_N10 ; u_render|Mux3~129|combout         ;
;   11.988 ;   0.767 ; RR ; IC   ; 1      ; LCCOMB_X23_Y21_N12 ; u_render|Add6~2|dataa             ;
;   12.494 ;   0.506 ; RF ; CELL ; 2      ; LCCOMB_X23_Y21_N12 ; u_render|Add6~2|combout           ;
;   12.819 ;   0.325 ; FF ; IC   ; 1      ; LCCOMB_X23_Y21_N22 ; u_render|LessThan0~9|dataa        ;
;   13.373 ;   0.554 ; FF ; CELL ; 1      ; LCCOMB_X23_Y21_N22 ; u_render|LessThan0~9|cout         ;
;   13.373 ;   0.000 ; FF ; IC   ; 1      ; LCCOMB_X23_Y21_N24 ; u_render|LessThan0~11|cin         ;
;   13.434 ;   0.061 ; FR ; CELL ; 1      ; LCCOMB_X23_Y21_N24 ; u_render|LessThan0~11|cout        ;
;   13.434 ;   0.000 ; RR ; IC   ; 1      ; LCCOMB_X23_Y21_N26 ; u_render|LessThan0~12|cin         ;
;   14.074 ;   0.640 ; RF ; CELL ; 10     ; LCCOMB_X23_Y21_N26 ; u_render|LessThan0~12|combout     ;
;   14.997 ;   0.923 ; FF ; IC   ; 1      ; LCCOMB_X24_Y20_N2  ; u_render|rem9~0|dataa             ;
;   15.410 ;   0.413 ; FF ; CELL ; 2      ; LCCOMB_X24_Y20_N2  ; u_render|rem9~0|combout           ;
;   15.726 ;   0.316 ; FF ; IC   ; 2      ; LCCOMB_X24_Y20_N16 ; u_render|Add8~4|datab             ;
;   16.182 ;   0.456 ; FR ; CELL ; 1      ; LCCOMB_X24_Y20_N16 ; u_render|Add8~4|cout              ;
;   16.182 ;   0.000 ; RR ; IC   ; 2      ; LCCOMB_X24_Y20_N18 ; u_render|Add8~6|cin               ;
;   16.822 ;   0.640 ; RF ; CELL ; 1      ; LCCOMB_X24_Y20_N18 ; u_render|Add8~6|combout           ;
;   17.552 ;   0.730 ; FF ; IC   ; 2      ; LCCOMB_X20_Y20_N12 ; u_render|Add9~6|datab             ;
;   18.112 ;   0.560 ; FF ; CELL ; 1      ; LCCOMB_X20_Y20_N12 ; u_render|Add9~6|cout              ;
;   18.112 ;   0.000 ; FF ; IC   ; 2      ; LCCOMB_X20_Y20_N14 ; u_render|Add9~8|cin               ;
;   18.173 ;   0.061 ; FR ; CELL ; 1      ; LCCOMB_X20_Y20_N14 ; u_render|Add9~8|cout              ;
;   18.173 ;   0.000 ; RR ; IC   ; 2      ; LCCOMB_X20_Y20_N16 ; u_render|Add9~10|cin              ;
;   18.813 ;   0.640 ; RF ; CELL ; 1      ; LCCOMB_X20_Y20_N16 ; u_render|Add9~10|combout          ;
;   19.105 ;   0.292 ; FF ; IC   ; 1      ; LCCOMB_X20_Y20_N2  ; u_render|flx~17|datab             ;
;   19.569 ;   0.464 ; FR ; CELL ; 2      ; LCCOMB_X20_Y20_N2  ; u_render|flx~17|combout           ;
;   19.803 ;   0.234 ; RR ; IC   ; 1      ; LCCOMB_X20_Y20_N24 ; u_render|flx~12|datad             ;
;   20.000 ;   0.197 ; RR ; CELL ; 10     ; LCCOMB_X20_Y20_N24 ; u_render|flx~12|combout           ;
;   20.252 ;   0.252 ; RR ; IC   ; 1      ; LCCOMB_X20_Y20_N0  ; u_render|Selector37~11|datad      ;
;   20.449 ;   0.197 ; RR ; CELL ; 8      ; LCCOMB_X20_Y20_N0  ; u_render|Selector37~11|combout    ;
;   21.510 ;   1.061 ; RR ; IC   ; 1      ; LCCOMB_X15_Y20_N18 ; u_render|board_rd_addr~20|datac   ;
;   21.869 ;   0.359 ; RR ; CELL ; 2      ; LCCOMB_X15_Y20_N18 ; u_render|board_rd_addr~20|combout ;
;   22.693 ;   0.824 ; RR ; IC   ; 1      ; FF_X15_Y16_N31     ; u_render|faddr[4]|asdata          ;
;   23.147 ;   0.454 ; RR ; CELL ; 1      ; FF_X15_Y16_N31     ; lcd_renderer:u_render|faddr[4]    ;
+----------+---------+----+------+--------+--------------------+-----------------------------------+

+-------------------------------------------------------------------------------------------+
; Data Required Path                                                                        ;
+----------+---------+----+------+--------+----------------+--------------------------------+
; Total    ; Incr    ; RF ; Type ; Fanout ; Location       ; Element                        ;
+----------+---------+----+------+--------+----------------+--------------------------------+
; 20.000   ; 20.000  ;    ;      ;        ;                ; latch edge time                ;
; 22.711   ; 2.711   ;    ;      ;        ;                ; clock path                     ;
;   22.690 ;   2.690 ; R  ;      ;        ;                ; clock network delay            ;
;   22.711 ;   0.021 ;    ;      ;        ;                ; clock pessimism removed        ;
; 22.641   ; -0.070  ;    ;      ;        ;                ; clock uncertainty              ;
; 22.655   ; 0.014   ;    ; uTsu ; 1      ; FF_X15_Y16_N31 ; lcd_renderer:u_render|faddr[4] ;
+----------+---------+----+------+--------+----------------+--------------------------------+


Path #17: Setup slack is -0.492 (VIOLATED)
===============================================================================
+-----------------------------------------------------+
; Path Summary                                        ;
+--------------------+--------------------------------+
; Property           ; Value                          ;
+--------------------+--------------------------------+
; From Node          ; lcd_renderer:u_render|cx0[0]   ;
; To Node            ; lcd_renderer:u_render|faddr[4] ;
; Launch Clock       ; clk                            ;
; Latch Clock        ; clk                            ;
; Data Arrival Time  ; 23.147                         ;
; Data Required Time ; 22.655                         ;
; Slack              ; -0.492 (VIOLATED)              ;
+--------------------+--------------------------------+

+---------------------------------------------------------------------------------------+
; Statistics                                                                            ;
+---------------------------+--------+-------+-------------+------------+-------+-------+
; Property                  ; Value  ; Count ; Total Delay ; % of Total ; Min   ; Max   ;
+---------------------------+--------+-------+-------------+------------+-------+-------+
; Setup Relationship        ; 20.000 ;       ;             ;            ;       ;       ;
; Clock Skew                ; -0.077 ;       ;             ;            ;       ;       ;
; Data Delay                ; 20.359 ;       ;             ;            ;       ;       ;
; Number of Logic Levels    ;        ; 16    ;             ;            ;       ;       ;
; Physical Delays           ;        ;       ;             ;            ;       ;       ;
;  Arrival Path             ;        ;       ;             ;            ;       ;       ;
;   Clock                   ;        ;       ;             ;            ;       ;       ;
;    Clock Network (Lumped) ;        ; 1     ; 2.788       ; 100        ; 2.788 ; 2.788 ;
;   Data                    ;        ;       ;             ;            ;       ;       ;
;    IC                     ;        ; 27    ; 10.440      ; 51         ; 0.000 ; 1.148 ;
;    Cell                   ;        ; 28    ; 9.700       ; 48         ; 0.000 ; 0.673 ;
;    uTco                   ;        ; 1     ; 0.219       ; 1          ; 0.219 ; 0.219 ;
;  Required Path            ;        ;       ;             ;            ;       ;       ;
;   Clock                   ;        ;       ;             ;            ;       ;       ;
;    Clock Network (Lumped) ;        ; 1     ; 2.690       ; 100        ; 2.690 ; 2.690 ;
+---------------------------+--------+-------+-------------+------------+-------+-------+
Note: Negative delays are omitted from totals when calculating percentages

+--------------------------------------------------------------------------------------------------+
; Data Arrival Path                                                                                ;
+----------+---------+----+------+--------+--------------------+-----------------------------------+
; Total    ; Incr    ; RF ; Type ; Fanout ; Location           ; Element                           ;
+----------+---------+----+------+--------+--------------------+-----------------------------------+
; 0.000    ; 0.000   ;    ;      ;        ;                    ; launch edge time                  ;
; 2.788    ; 2.788   ;    ;      ;        ;                    ; clock path                        ;
;   2.788  ;   2.788 ; R  ;      ;        ;                    ; clock network delay               ;
; 23.147   ; 20.359  ;    ;      ;        ;                    ; data path                         ;
;   3.007  ;   0.219 ;    ; uTco ; 1      ; FF_X18_Y19_N27     ; lcd_renderer:u_render|cx0[0]      ;
;   3.007  ;   0.000 ; FF ; CELL ; 6      ; FF_X18_Y19_N27     ; u_render|cx0[0]|q                 ;
;   3.469  ;   0.462 ; FF ; IC   ; 1      ; LCCOMB_X18_Y19_N0  ; u_render|Add4~2|dataa             ;
;   3.949  ;   0.480 ; FR ; CELL ; 1      ; LCCOMB_X18_Y19_N0  ; u_render|Add4~2|combout           ;
;   4.479  ;   0.530 ; RR ; IC   ; 2      ; LCCOMB_X18_Y19_N10 ; u_render|Add5~4|dataa             ;
;   4.902  ;   0.423 ; RR ; CELL ; 1      ; LCCOMB_X18_Y19_N10 ; u_render|Add5~4|cout              ;
;   4.902  ;   0.000 ; RR ; IC   ; 2      ; LCCOMB_X18_Y19_N12 ; u_render|Add5~6|cin               ;
;   5.575  ;   0.673 ; RR ; CELL ; 101    ; LCCOMB_X18_Y19_N12 ; u_render|Add5~6|combout           ;
;   6.501  ;   0.926 ; RR ; IC   ; 1      ; LCCOMB_X19_Y18_N28 ; u_render|Mux2~42|dataa            ;
;   6.961  ;   0.460 ; RR ; CELL ; 1      ; LCCOMB_X19_Y18_N28 ; u_render|Mux2~42|combout          ;
;   7.404  ;   0.443 ; RR ; IC   ; 1      ; LCCOMB_X20_Y18_N24 ; u_render|Mux2~43|datad            ;
;   7.601  ;   0.197 ; RR ; CELL ; 1      ; LCCOMB_X20_Y18_N24 ; u_render|Mux2~43|combout          ;
;   8.749  ;   1.148 ; RR ; IC   ; 1      ; LCCOMB_X18_Y20_N26 ; u_render|Mux2~51|datac            ;
;   9.108  ;   0.359 ; RR ; CELL ; 1      ; LCCOMB_X18_Y20_N26 ; u_render|Mux2~51|combout          ;
;   10.000 ;   0.892 ; RR ; IC   ; 1      ; LCCOMB_X18_Y21_N18 ; u_render|Mux2~83|dataa            ;
;   10.460 ;   0.460 ; RR ; CELL ; 1      ; LCCOMB_X18_Y21_N18 ; u_render|Mux2~83|combout          ;
;   10.682 ;   0.222 ; RR ; IC   ; 1      ; LCCOMB_X18_Y21_N24 ; u_render|Mux2~84|datad            ;
;   10.879 ;   0.197 ; RR ; CELL ; 1      ; LCCOMB_X18_Y21_N24 ; u_render|Mux2~84|combout          ;
;   11.104 ;   0.225 ; RR ; IC   ; 1      ; LCCOMB_X18_Y21_N2  ; u_render|Mux2~127|datad           ;
;   11.301 ;   0.197 ; RR ; CELL ; 5      ; LCCOMB_X18_Y21_N2  ; u_render|Mux2~127|combout         ;
;   12.169 ;   0.868 ; RR ; IC   ; 1      ; LCCOMB_X23_Y21_N30 ; u_render|Add6~3|dataa             ;
;   12.629 ;   0.460 ; RR ; CELL ; 2      ; LCCOMB_X23_Y21_N30 ; u_render|Add6~3|combout           ;
;   12.914 ;   0.285 ; RR ; IC   ; 1      ; LCCOMB_X23_Y21_N20 ; u_render|LessThan0~7|dataa        ;
;   13.499 ;   0.585 ; RF ; CELL ; 1      ; LCCOMB_X23_Y21_N20 ; u_render|LessThan0~7|cout         ;
;   13.499 ;   0.000 ; FF ; IC   ; 1      ; LCCOMB_X23_Y21_N22 ; u_render|LessThan0~9|cin          ;
;   13.560 ;   0.061 ; FR ; CELL ; 1      ; LCCOMB_X23_Y21_N22 ; u_render|LessThan0~9|cout         ;
;   13.560 ;   0.000 ; RR ; IC   ; 1      ; LCCOMB_X23_Y21_N24 ; u_render|LessThan0~11|cin         ;
;   13.621 ;   0.061 ; RF ; CELL ; 1      ; LCCOMB_X23_Y21_N24 ; u_render|LessThan0~11|cout        ;
;   13.621 ;   0.000 ; FF ; IC   ; 1      ; LCCOMB_X23_Y21_N26 ; u_render|LessThan0~12|cin         ;
;   14.121 ;   0.500 ; FR ; CELL ; 10     ; LCCOMB_X23_Y21_N26 ; u_render|LessThan0~12|combout     ;
;   15.065 ;   0.944 ; RR ; IC   ; 1      ; LCCOMB_X24_Y20_N2  ; u_render|rem9~0|dataa             ;
;   15.489 ;   0.424 ; RR ; CELL ; 2      ; LCCOMB_X24_Y20_N2  ; u_render|rem9~0|combout           ;
;   15.773 ;   0.284 ; RR ; IC   ; 2      ; LCCOMB_X24_Y20_N16 ; u_render|Add8~4|datab             ;
;   16.380 ;   0.607 ; RF ; CELL ; 1      ; LCCOMB_X24_Y20_N16 ; u_render|Add8~4|cout              ;
;   16.380 ;   0.000 ; FF ; IC   ; 2      ; LCCOMB_X24_Y20_N18 ; u_render|Add8~6|cin               ;
;   16.441 ;   0.061 ; FR ; CELL ; 1      ; LCCOMB_X24_Y20_N18 ; u_render|Add8~6|cout              ;
;   16.441 ;   0.000 ; RR ; IC   ; 2      ; LCCOMB_X24_Y20_N20 ; u_render|Add8~8|cin               ;
;   16.502 ;   0.061 ; RF ; CELL ; 1      ; LCCOMB_X24_Y20_N20 ; u_render|Add8~8|cout              ;
;   16.502 ;   0.000 ; FF ; IC   ; 2      ; LCCOMB_X24_Y20_N22 ; u_render|Add8~10|cin              ;
;   16.563 ;   0.061 ; FR ; CELL ; 1      ; LCCOMB_X24_Y20_N22 ; u_render|Add8~10|cout             ;
;   16.563 ;   0.000 ; RR ; IC   ; 2      ; LCCOMB_X24_Y20_N24 ; u_render|Add8~12|cin              ;
;   17.236 ;   0.673 ; RR ; CELL ; 1      ; LCCOMB_X24_Y20_N24 ; u_render|Add8~12|combout          ;
;   17.994 ;   0.758 ; RR ; IC   ; 2      ; LCCOMB_X20_Y20_N18 ; u_render|Add9~12|dataa            ;
;   18.579 ;   0.585 ; RF ; CELL ; 1      ; LCCOMB_X20_Y20_N18 ; u_render|Add9~12|cout             ;
;   18.579 ;   0.000 ; FF ; IC   ; 2      ; LCCOMB_X20_Y20_N20 ; u_render|Add9~14|cin              ;
;   18.640 ;   0.061 ; FR ; CELL ; 1      ; LCCOMB_X20_Y20_N20 ; u_render|Add9~14|cout             ;
;   18.640 ;   0.000 ; RR ; IC   ; 1      ; LCCOMB_X20_Y20_N22 ; u_render|Add9~16|cin              ;
;   19.280 ;   0.640 ; RF ; CELL ; 2      ; LCCOMB_X20_Y20_N22 ; u_render|Add9~16|combout          ;
;   19.596 ;   0.316 ; FF ; IC   ; 1      ; LCCOMB_X20_Y20_N24 ; u_render|flx~12|dataa             ;
;   20.000 ;   0.404 ; FR ; CELL ; 10     ; LCCOMB_X20_Y20_N24 ; u_render|flx~12|combout           ;
;   20.252 ;   0.252 ; RR ; IC   ; 1      ; LCCOMB_X20_Y20_N0  ; u_render|Selector37~11|datad      ;
;   20.449 ;   0.197 ; RR ; CELL ; 8      ; LCCOMB_X20_Y20_N0  ; u_render|Selector37~11|combout    ;
;   21.510 ;   1.061 ; RR ; IC   ; 1      ; LCCOMB_X15_Y20_N18 ; u_render|board_rd_addr~20|datac   ;
;   21.869 ;   0.359 ; RR ; CELL ; 2      ; LCCOMB_X15_Y20_N18 ; u_render|board_rd_addr~20|combout ;
;   22.693 ;   0.824 ; RR ; IC   ; 1      ; FF_X15_Y16_N31     ; u_render|faddr[4]|asdata          ;
;   23.147 ;   0.454 ; RR ; CELL ; 1      ; FF_X15_Y16_N31     ; lcd_renderer:u_render|faddr[4]    ;
+----------+---------+----+------+--------+--------------------+-----------------------------------+

+-------------------------------------------------------------------------------------------+
; Data Required Path                                                                        ;
+----------+---------+----+------+--------+----------------+--------------------------------+
; Total    ; Incr    ; RF ; Type ; Fanout ; Location       ; Element                        ;
+----------+---------+----+------+--------+----------------+--------------------------------+
; 20.000   ; 20.000  ;    ;      ;        ;                ; latch edge time                ;
; 22.711   ; 2.711   ;    ;      ;        ;                ; clock path                     ;
;   22.690 ;   2.690 ; R  ;      ;        ;                ; clock network delay            ;
;   22.711 ;   0.021 ;    ;      ;        ;                ; clock pessimism removed        ;
; 22.641   ; -0.070  ;    ;      ;        ;                ; clock uncertainty              ;
; 22.655   ; 0.014   ;    ; uTsu ; 1      ; FF_X15_Y16_N31 ; lcd_renderer:u_render|faddr[4] ;
+----------+---------+----+------+--------+----------------+--------------------------------+


Path #18: Setup slack is -0.484 (VIOLATED)
===============================================================================
+-----------------------------------------------------+
; Path Summary                                        ;
+--------------------+--------------------------------+
; Property           ; Value                          ;
+--------------------+--------------------------------+
; From Node          ; lcd_renderer:u_render|cx0[0]   ;
; To Node            ; lcd_renderer:u_render|faddr[4] ;
; Launch Clock       ; clk                            ;
; Latch Clock        ; clk                            ;
; Data Arrival Time  ; 23.139                         ;
; Data Required Time ; 22.655                         ;
; Slack              ; -0.484 (VIOLATED)              ;
+--------------------+--------------------------------+

+---------------------------------------------------------------------------------------+
; Statistics                                                                            ;
+---------------------------+--------+-------+-------------+------------+-------+-------+
; Property                  ; Value  ; Count ; Total Delay ; % of Total ; Min   ; Max   ;
+---------------------------+--------+-------+-------------+------------+-------+-------+
; Setup Relationship        ; 20.000 ;       ;             ;            ;       ;       ;
; Clock Skew                ; -0.077 ;       ;             ;            ;       ;       ;
; Data Delay                ; 20.351 ;       ;             ;            ;       ;       ;
; Number of Logic Levels    ;        ; 18    ;             ;            ;       ;       ;
; Physical Delays           ;        ;       ;             ;            ;       ;       ;
;  Arrival Path             ;        ;       ;             ;            ;       ;       ;
;   Clock                   ;        ;       ;             ;            ;       ;       ;
;    Clock Network (Lumped) ;        ; 1     ; 2.788       ; 100        ; 2.788 ; 2.788 ;
;   Data                    ;        ;       ;             ;            ;       ;       ;
;    IC                     ;        ; 26    ; 10.471      ; 51         ; 0.000 ; 1.216 ;
;    Cell                   ;        ; 27    ; 9.661       ; 47         ; 0.000 ; 0.673 ;
;    uTco                   ;        ; 1     ; 0.219       ; 1          ; 0.219 ; 0.219 ;
;  Required Path            ;        ;       ;             ;            ;       ;       ;
;   Clock                   ;        ;       ;             ;            ;       ;       ;
;    Clock Network (Lumped) ;        ; 1     ; 2.690       ; 100        ; 2.690 ; 2.690 ;
+---------------------------+--------+-------+-------------+------------+-------+-------+
Note: Negative delays are omitted from totals when calculating percentages

+--------------------------------------------------------------------------------------------------+
; Data Arrival Path                                                                                ;
+----------+---------+----+------+--------+--------------------+-----------------------------------+
; Total    ; Incr    ; RF ; Type ; Fanout ; Location           ; Element                           ;
+----------+---------+----+------+--------+--------------------+-----------------------------------+
; 0.000    ; 0.000   ;    ;      ;        ;                    ; launch edge time                  ;
; 2.788    ; 2.788   ;    ;      ;        ;                    ; clock path                        ;
;   2.788  ;   2.788 ; R  ;      ;        ;                    ; clock network delay               ;
; 23.139   ; 20.351  ;    ;      ;        ;                    ; data path                         ;
;   3.007  ;   0.219 ;    ; uTco ; 1      ; FF_X18_Y19_N27     ; lcd_renderer:u_render|cx0[0]      ;
;   3.007  ;   0.000 ; FF ; CELL ; 6      ; FF_X18_Y19_N27     ; u_render|cx0[0]|q                 ;
;   3.469  ;   0.462 ; FF ; IC   ; 1      ; LCCOMB_X18_Y19_N0  ; u_render|Add4~2|dataa             ;
;   3.949  ;   0.480 ; FR ; CELL ; 1      ; LCCOMB_X18_Y19_N0  ; u_render|Add4~2|combout           ;
;   4.479  ;   0.530 ; RR ; IC   ; 2      ; LCCOMB_X18_Y19_N10 ; u_render|Add5~4|dataa             ;
;   4.902  ;   0.423 ; RR ; CELL ; 1      ; LCCOMB_X18_Y19_N10 ; u_render|Add5~4|cout              ;
;   4.902  ;   0.000 ; RR ; IC   ; 2      ; LCCOMB_X18_Y19_N12 ; u_render|Add5~6|cin               ;
;   5.575  ;   0.673 ; RR ; CELL ; 101    ; LCCOMB_X18_Y19_N12 ; u_render|Add5~6|combout           ;
;   6.791  ;   1.216 ; RR ; IC   ; 1      ; LCCOMB_X16_Y18_N10 ; u_render|Mux0~33|datad            ;
;   6.988  ;   0.197 ; RR ; CELL ; 1      ; LCCOMB_X16_Y18_N10 ; u_render|Mux0~33|combout          ;
;   7.212  ;   0.224 ; RR ; IC   ; 1      ; LCCOMB_X16_Y18_N28 ; u_render|Mux0~34|datad            ;
;   7.409  ;   0.197 ; RR ; CELL ; 1      ; LCCOMB_X16_Y18_N28 ; u_render|Mux0~34|combout          ;
;   8.087  ;   0.678 ; RR ; IC   ; 1      ; LCCOMB_X18_Y18_N30 ; u_render|Mux0~37|datac            ;
;   8.447  ;   0.360 ; RR ; CELL ; 1      ; LCCOMB_X18_Y18_N30 ; u_render|Mux0~37|combout          ;
;   9.615  ;   1.168 ; RR ; IC   ; 1      ; LCCOMB_X22_Y21_N8  ; u_render|Mux0~40|datac            ;
;   9.975  ;   0.360 ; RR ; CELL ; 1      ; LCCOMB_X22_Y21_N8  ; u_render|Mux0~40|combout          ;
;   10.238 ;   0.263 ; RR ; IC   ; 1      ; LCCOMB_X22_Y21_N10 ; u_render|Mux0~41|datab            ;
;   10.648 ;   0.410 ; RR ; CELL ; 1      ; LCCOMB_X22_Y21_N10 ; u_render|Mux0~41|combout          ;
;   11.091 ;   0.443 ; RR ; IC   ; 1      ; LCCOMB_X23_Y21_N2  ; u_render|Mux0~84|datad            ;
;   11.288 ;   0.197 ; RR ; CELL ; 1      ; LCCOMB_X23_Y21_N2  ; u_render|Mux0~84|combout          ;
;   11.510 ;   0.222 ; RR ; IC   ; 1      ; LCCOMB_X23_Y21_N8  ; u_render|Mux0~127|datad           ;
;   11.707 ;   0.197 ; RR ; CELL ; 7      ; LCCOMB_X23_Y21_N8  ; u_render|Mux0~127|combout         ;
;   12.015 ;   0.308 ; RR ; IC   ; 1      ; LCCOMB_X23_Y21_N30 ; u_render|Add6~3|datab             ;
;   12.537 ;   0.522 ; RF ; CELL ; 2      ; LCCOMB_X23_Y21_N30 ; u_render|Add6~3|combout           ;
;   12.862 ;   0.325 ; FF ; IC   ; 1      ; LCCOMB_X23_Y21_N20 ; u_render|LessThan0~7|dataa        ;
;   13.304 ;   0.442 ; FR ; CELL ; 1      ; LCCOMB_X23_Y21_N20 ; u_render|LessThan0~7|cout         ;
;   13.304 ;   0.000 ; RR ; IC   ; 1      ; LCCOMB_X23_Y21_N22 ; u_render|LessThan0~9|cin          ;
;   13.365 ;   0.061 ; RF ; CELL ; 1      ; LCCOMB_X23_Y21_N22 ; u_render|LessThan0~9|cout         ;
;   13.365 ;   0.000 ; FF ; IC   ; 1      ; LCCOMB_X23_Y21_N24 ; u_render|LessThan0~11|cin         ;
;   13.426 ;   0.061 ; FR ; CELL ; 1      ; LCCOMB_X23_Y21_N24 ; u_render|LessThan0~11|cout        ;
;   13.426 ;   0.000 ; RR ; IC   ; 1      ; LCCOMB_X23_Y21_N26 ; u_render|LessThan0~12|cin         ;
;   14.066 ;   0.640 ; RF ; CELL ; 10     ; LCCOMB_X23_Y21_N26 ; u_render|LessThan0~12|combout     ;
;   14.989 ;   0.923 ; FF ; IC   ; 1      ; LCCOMB_X24_Y20_N2  ; u_render|rem9~0|dataa             ;
;   15.402 ;   0.413 ; FF ; CELL ; 2      ; LCCOMB_X24_Y20_N2  ; u_render|rem9~0|combout           ;
;   15.718 ;   0.316 ; FF ; IC   ; 2      ; LCCOMB_X24_Y20_N16 ; u_render|Add8~4|datab             ;
;   16.174 ;   0.456 ; FR ; CELL ; 1      ; LCCOMB_X24_Y20_N16 ; u_render|Add8~4|cout              ;
;   16.174 ;   0.000 ; RR ; IC   ; 2      ; LCCOMB_X24_Y20_N18 ; u_render|Add8~6|cin               ;
;   16.814 ;   0.640 ; RF ; CELL ; 1      ; LCCOMB_X24_Y20_N18 ; u_render|Add8~6|combout           ;
;   17.544 ;   0.730 ; FF ; IC   ; 2      ; LCCOMB_X20_Y20_N12 ; u_render|Add9~6|datab             ;
;   18.104 ;   0.560 ; FF ; CELL ; 1      ; LCCOMB_X20_Y20_N12 ; u_render|Add9~6|cout              ;
;   18.104 ;   0.000 ; FF ; IC   ; 2      ; LCCOMB_X20_Y20_N14 ; u_render|Add9~8|cin               ;
;   18.165 ;   0.061 ; FR ; CELL ; 1      ; LCCOMB_X20_Y20_N14 ; u_render|Add9~8|cout              ;
;   18.165 ;   0.000 ; RR ; IC   ; 2      ; LCCOMB_X20_Y20_N16 ; u_render|Add9~10|cin              ;
;   18.805 ;   0.640 ; RF ; CELL ; 1      ; LCCOMB_X20_Y20_N16 ; u_render|Add9~10|combout          ;
;   19.097 ;   0.292 ; FF ; IC   ; 1      ; LCCOMB_X20_Y20_N2  ; u_render|flx~17|datab             ;
;   19.561 ;   0.464 ; FR ; CELL ; 2      ; LCCOMB_X20_Y20_N2  ; u_render|flx~17|combout           ;
;   19.795 ;   0.234 ; RR ; IC   ; 1      ; LCCOMB_X20_Y20_N24 ; u_render|flx~12|datad             ;
;   19.992 ;   0.197 ; RR ; CELL ; 10     ; LCCOMB_X20_Y20_N24 ; u_render|flx~12|combout           ;
;   20.244 ;   0.252 ; RR ; IC   ; 1      ; LCCOMB_X20_Y20_N0  ; u_render|Selector37~11|datad      ;
;   20.441 ;   0.197 ; RR ; CELL ; 8      ; LCCOMB_X20_Y20_N0  ; u_render|Selector37~11|combout    ;
;   21.502 ;   1.061 ; RR ; IC   ; 1      ; LCCOMB_X15_Y20_N18 ; u_render|board_rd_addr~20|datac   ;
;   21.861 ;   0.359 ; RR ; CELL ; 2      ; LCCOMB_X15_Y20_N18 ; u_render|board_rd_addr~20|combout ;
;   22.685 ;   0.824 ; RR ; IC   ; 1      ; FF_X15_Y16_N31     ; u_render|faddr[4]|asdata          ;
;   23.139 ;   0.454 ; RR ; CELL ; 1      ; FF_X15_Y16_N31     ; lcd_renderer:u_render|faddr[4]    ;
+----------+---------+----+------+--------+--------------------+-----------------------------------+

+-------------------------------------------------------------------------------------------+
; Data Required Path                                                                        ;
+----------+---------+----+------+--------+----------------+--------------------------------+
; Total    ; Incr    ; RF ; Type ; Fanout ; Location       ; Element                        ;
+----------+---------+----+------+--------+----------------+--------------------------------+
; 20.000   ; 20.000  ;    ;      ;        ;                ; latch edge time                ;
; 22.711   ; 2.711   ;    ;      ;        ;                ; clock path                     ;
;   22.690 ;   2.690 ; R  ;      ;        ;                ; clock network delay            ;
;   22.711 ;   0.021 ;    ;      ;        ;                ; clock pessimism removed        ;
; 22.641   ; -0.070  ;    ;      ;        ;                ; clock uncertainty              ;
; 22.655   ; 0.014   ;    ; uTsu ; 1      ; FF_X15_Y16_N31 ; lcd_renderer:u_render|faddr[4] ;
+----------+---------+----+------+--------+----------------+--------------------------------+


Path #19: Setup slack is -0.474 (VIOLATED)
===============================================================================
+-----------------------------------------------------+
; Path Summary                                        ;
+--------------------+--------------------------------+
; Property           ; Value                          ;
+--------------------+--------------------------------+
; From Node          ; lcd_renderer:u_render|cx0[0]   ;
; To Node            ; lcd_renderer:u_render|faddr[4] ;
; Launch Clock       ; clk                            ;
; Latch Clock        ; clk                            ;
; Data Arrival Time  ; 23.129                         ;
; Data Required Time ; 22.655                         ;
; Slack              ; -0.474 (VIOLATED)              ;
+--------------------+--------------------------------+

+---------------------------------------------------------------------------------------+
; Statistics                                                                            ;
+---------------------------+--------+-------+-------------+------------+-------+-------+
; Property                  ; Value  ; Count ; Total Delay ; % of Total ; Min   ; Max   ;
+---------------------------+--------+-------+-------------+------------+-------+-------+
; Setup Relationship        ; 20.000 ;       ;             ;            ;       ;       ;
; Clock Skew                ; -0.077 ;       ;             ;            ;       ;       ;
; Data Delay                ; 20.341 ;       ;             ;            ;       ;       ;
; Number of Logic Levels    ;        ; 17    ;             ;            ;       ;       ;
; Physical Delays           ;        ;       ;             ;            ;       ;       ;
;  Arrival Path             ;        ;       ;             ;            ;       ;       ;
;   Clock                   ;        ;       ;             ;            ;       ;       ;
;    Clock Network (Lumped) ;        ; 1     ; 2.788       ; 100        ; 2.788 ; 2.788 ;
;   Data                    ;        ;       ;             ;            ;       ;       ;
;    IC                     ;        ; 25    ; 10.640      ; 52         ; 0.000 ; 1.148 ;
;    Cell                   ;        ; 26    ; 9.482       ; 47         ; 0.000 ; 0.673 ;
;    uTco                   ;        ; 1     ; 0.219       ; 1          ; 0.219 ; 0.219 ;
;  Required Path            ;        ;       ;             ;            ;       ;       ;
;   Clock                   ;        ;       ;             ;            ;       ;       ;
;    Clock Network (Lumped) ;        ; 1     ; 2.690       ; 100        ; 2.690 ; 2.690 ;
+---------------------------+--------+-------+-------------+------------+-------+-------+
Note: Negative delays are omitted from totals when calculating percentages

+--------------------------------------------------------------------------------------------------+
; Data Arrival Path                                                                                ;
+----------+---------+----+------+--------+--------------------+-----------------------------------+
; Total    ; Incr    ; RF ; Type ; Fanout ; Location           ; Element                           ;
+----------+---------+----+------+--------+--------------------+-----------------------------------+
; 0.000    ; 0.000   ;    ;      ;        ;                    ; launch edge time                  ;
; 2.788    ; 2.788   ;    ;      ;        ;                    ; clock path                        ;
;   2.788  ;   2.788 ; R  ;      ;        ;                    ; clock network delay               ;
; 23.129   ; 20.341  ;    ;      ;        ;                    ; data path                         ;
;   3.007  ;   0.219 ;    ; uTco ; 1      ; FF_X18_Y19_N27     ; lcd_renderer:u_render|cx0[0]      ;
;   3.007  ;   0.000 ; FF ; CELL ; 6      ; FF_X18_Y19_N27     ; u_render|cx0[0]|q                 ;
;   3.469  ;   0.462 ; FF ; IC   ; 1      ; LCCOMB_X18_Y19_N0  ; u_render|Add4~2|dataa             ;
;   3.949  ;   0.480 ; FR ; CELL ; 1      ; LCCOMB_X18_Y19_N0  ; u_render|Add4~2|combout           ;
;   4.479  ;   0.530 ; RR ; IC   ; 2      ; LCCOMB_X18_Y19_N10 ; u_render|Add5~4|dataa             ;
;   4.902  ;   0.423 ; RR ; CELL ; 1      ; LCCOMB_X18_Y19_N10 ; u_render|Add5~4|cout              ;
;   4.902  ;   0.000 ; RR ; IC   ; 2      ; LCCOMB_X18_Y19_N12 ; u_render|Add5~6|cin               ;
;   5.575  ;   0.673 ; RR ; CELL ; 101    ; LCCOMB_X18_Y19_N12 ; u_render|Add5~6|combout           ;
;   6.501  ;   0.926 ; RR ; IC   ; 1      ; LCCOMB_X19_Y18_N28 ; u_render|Mux2~42|dataa            ;
;   6.961  ;   0.460 ; RR ; CELL ; 1      ; LCCOMB_X19_Y18_N28 ; u_render|Mux2~42|combout          ;
;   7.404  ;   0.443 ; RR ; IC   ; 1      ; LCCOMB_X20_Y18_N24 ; u_render|Mux2~43|datad            ;
;   7.601  ;   0.197 ; RR ; CELL ; 1      ; LCCOMB_X20_Y18_N24 ; u_render|Mux2~43|combout          ;
;   8.749  ;   1.148 ; RR ; IC   ; 1      ; LCCOMB_X18_Y20_N26 ; u_render|Mux2~51|datac            ;
;   9.108  ;   0.359 ; RR ; CELL ; 1      ; LCCOMB_X18_Y20_N26 ; u_render|Mux2~51|combout          ;
;   10.000 ;   0.892 ; RR ; IC   ; 1      ; LCCOMB_X18_Y21_N18 ; u_render|Mux2~83|dataa            ;
;   10.460 ;   0.460 ; RR ; CELL ; 1      ; LCCOMB_X18_Y21_N18 ; u_render|Mux2~83|combout          ;
;   10.682 ;   0.222 ; RR ; IC   ; 1      ; LCCOMB_X18_Y21_N24 ; u_render|Mux2~84|datad            ;
;   10.879 ;   0.197 ; RR ; CELL ; 1      ; LCCOMB_X18_Y21_N24 ; u_render|Mux2~84|combout          ;
;   11.104 ;   0.225 ; RR ; IC   ; 1      ; LCCOMB_X18_Y21_N2  ; u_render|Mux2~127|datad           ;
;   11.301 ;   0.197 ; RR ; CELL ; 5      ; LCCOMB_X18_Y21_N2  ; u_render|Mux2~127|combout         ;
;   12.160 ;   0.859 ; RR ; IC   ; 1      ; LCCOMB_X23_Y21_N0  ; u_render|Add6~4|dataa             ;
;   12.615 ;   0.455 ; RF ; CELL ; 2      ; LCCOMB_X23_Y21_N0  ; u_render|Add6~4|combout           ;
;   12.932 ;   0.317 ; FF ; IC   ; 1      ; LCCOMB_X23_Y21_N18 ; u_render|LessThan0~5|datab        ;
;   13.492 ;   0.560 ; FF ; CELL ; 1      ; LCCOMB_X23_Y21_N18 ; u_render|LessThan0~5|cout         ;
;   13.492 ;   0.000 ; FF ; IC   ; 1      ; LCCOMB_X23_Y21_N20 ; u_render|LessThan0~7|cin          ;
;   13.553 ;   0.061 ; FR ; CELL ; 1      ; LCCOMB_X23_Y21_N20 ; u_render|LessThan0~7|cout         ;
;   13.553 ;   0.000 ; RR ; IC   ; 1      ; LCCOMB_X23_Y21_N22 ; u_render|LessThan0~9|cin          ;
;   13.614 ;   0.061 ; RF ; CELL ; 1      ; LCCOMB_X23_Y21_N22 ; u_render|LessThan0~9|cout         ;
;   13.614 ;   0.000 ; FF ; IC   ; 1      ; LCCOMB_X23_Y21_N24 ; u_render|LessThan0~11|cin         ;
;   13.675 ;   0.061 ; FR ; CELL ; 1      ; LCCOMB_X23_Y21_N24 ; u_render|LessThan0~11|cout        ;
;   13.675 ;   0.000 ; RR ; IC   ; 1      ; LCCOMB_X23_Y21_N26 ; u_render|LessThan0~12|cin         ;
;   14.315 ;   0.640 ; RF ; CELL ; 10     ; LCCOMB_X23_Y21_N26 ; u_render|LessThan0~12|combout     ;
;   15.183 ;   0.868 ; FF ; IC   ; 1      ; LCCOMB_X24_Y20_N10 ; u_render|rem9~1|datac             ;
;   15.541 ;   0.358 ; FF ; CELL ; 2      ; LCCOMB_X24_Y20_N10 ; u_render|rem9~1|combout           ;
;   15.866 ;   0.325 ; FF ; IC   ; 2      ; LCCOMB_X24_Y20_N18 ; u_render|Add8~6|dataa             ;
;   16.420 ;   0.554 ; FF ; CELL ; 1      ; LCCOMB_X24_Y20_N18 ; u_render|Add8~6|cout              ;
;   16.420 ;   0.000 ; FF ; IC   ; 2      ; LCCOMB_X24_Y20_N20 ; u_render|Add8~8|cin               ;
;   16.920 ;   0.500 ; FR ; CELL ; 1      ; LCCOMB_X24_Y20_N20 ; u_render|Add8~8|combout           ;
;   17.680 ;   0.760 ; RR ; IC   ; 2      ; LCCOMB_X20_Y20_N14 ; u_render|Add9~8|dataa             ;
;   18.265 ;   0.585 ; RF ; CELL ; 1      ; LCCOMB_X20_Y20_N14 ; u_render|Add9~8|cout              ;
;   18.265 ;   0.000 ; FF ; IC   ; 2      ; LCCOMB_X20_Y20_N16 ; u_render|Add9~10|cin              ;
;   18.795 ;   0.530 ; FF ; CELL ; 1      ; LCCOMB_X20_Y20_N16 ; u_render|Add9~10|combout          ;
;   19.087 ;   0.292 ; FF ; IC   ; 1      ; LCCOMB_X20_Y20_N2  ; u_render|flx~17|datab             ;
;   19.551 ;   0.464 ; FR ; CELL ; 2      ; LCCOMB_X20_Y20_N2  ; u_render|flx~17|combout           ;
;   19.785 ;   0.234 ; RR ; IC   ; 1      ; LCCOMB_X20_Y20_N24 ; u_render|flx~12|datad             ;
;   19.982 ;   0.197 ; RR ; CELL ; 10     ; LCCOMB_X20_Y20_N24 ; u_render|flx~12|combout           ;
;   20.234 ;   0.252 ; RR ; IC   ; 1      ; LCCOMB_X20_Y20_N0  ; u_render|Selector37~11|datad      ;
;   20.431 ;   0.197 ; RR ; CELL ; 8      ; LCCOMB_X20_Y20_N0  ; u_render|Selector37~11|combout    ;
;   21.492 ;   1.061 ; RR ; IC   ; 1      ; LCCOMB_X15_Y20_N18 ; u_render|board_rd_addr~20|datac   ;
;   21.851 ;   0.359 ; RR ; CELL ; 2      ; LCCOMB_X15_Y20_N18 ; u_render|board_rd_addr~20|combout ;
;   22.675 ;   0.824 ; RR ; IC   ; 1      ; FF_X15_Y16_N31     ; u_render|faddr[4]|asdata          ;
;   23.129 ;   0.454 ; RR ; CELL ; 1      ; FF_X15_Y16_N31     ; lcd_renderer:u_render|faddr[4]    ;
+----------+---------+----+------+--------+--------------------+-----------------------------------+

+-------------------------------------------------------------------------------------------+
; Data Required Path                                                                        ;
+----------+---------+----+------+--------+----------------+--------------------------------+
; Total    ; Incr    ; RF ; Type ; Fanout ; Location       ; Element                        ;
+----------+---------+----+------+--------+----------------+--------------------------------+
; 20.000   ; 20.000  ;    ;      ;        ;                ; latch edge time                ;
; 22.711   ; 2.711   ;    ;      ;        ;                ; clock path                     ;
;   22.690 ;   2.690 ; R  ;      ;        ;                ; clock network delay            ;
;   22.711 ;   0.021 ;    ;      ;        ;                ; clock pessimism removed        ;
; 22.641   ; -0.070  ;    ;      ;        ;                ; clock uncertainty              ;
; 22.655   ; 0.014   ;    ; uTsu ; 1      ; FF_X15_Y16_N31 ; lcd_renderer:u_render|faddr[4] ;
+----------+---------+----+------+--------+----------------+--------------------------------+


Path #20: Setup slack is -0.473 (VIOLATED)
===============================================================================
+-----------------------------------------------------+
; Path Summary                                        ;
+--------------------+--------------------------------+
; Property           ; Value                          ;
+--------------------+--------------------------------+
; From Node          ; lcd_renderer:u_render|cx0[0]   ;
; To Node            ; lcd_renderer:u_render|faddr[4] ;
; Launch Clock       ; clk                            ;
; Latch Clock        ; clk                            ;
; Data Arrival Time  ; 23.128                         ;
; Data Required Time ; 22.655                         ;
; Slack              ; -0.473 (VIOLATED)              ;
+--------------------+--------------------------------+

+---------------------------------------------------------------------------------------+
; Statistics                                                                            ;
+---------------------------+--------+-------+-------------+------------+-------+-------+
; Property                  ; Value  ; Count ; Total Delay ; % of Total ; Min   ; Max   ;
+---------------------------+--------+-------+-------------+------------+-------+-------+
; Setup Relationship        ; 20.000 ;       ;             ;            ;       ;       ;
; Clock Skew                ; -0.077 ;       ;             ;            ;       ;       ;
; Data Delay                ; 20.340 ;       ;             ;            ;       ;       ;
; Number of Logic Levels    ;        ; 18    ;             ;            ;       ;       ;
; Physical Delays           ;        ;       ;             ;            ;       ;       ;
;  Arrival Path             ;        ;       ;             ;            ;       ;       ;
;   Clock                   ;        ;       ;             ;            ;       ;       ;
;    Clock Network (Lumped) ;        ; 1     ; 2.788       ; 100        ; 2.788 ; 2.788 ;
;   Data                    ;        ;       ;             ;            ;       ;       ;
;    IC                     ;        ; 25    ; 10.226      ; 50         ; 0.000 ; 1.262 ;
;    Cell                   ;        ; 26    ; 9.895       ; 49         ; 0.000 ; 0.673 ;
;    uTco                   ;        ; 1     ; 0.219       ; 1          ; 0.219 ; 0.219 ;
;  Required Path            ;        ;       ;             ;            ;       ;       ;
;   Clock                   ;        ;       ;             ;            ;       ;       ;
;    Clock Network (Lumped) ;        ; 1     ; 2.690       ; 100        ; 2.690 ; 2.690 ;
+---------------------------+--------+-------+-------------+------------+-------+-------+
Note: Negative delays are omitted from totals when calculating percentages

+--------------------------------------------------------------------------------------------------+
; Data Arrival Path                                                                                ;
+----------+---------+----+------+--------+--------------------+-----------------------------------+
; Total    ; Incr    ; RF ; Type ; Fanout ; Location           ; Element                           ;
+----------+---------+----+------+--------+--------------------+-----------------------------------+
; 0.000    ; 0.000   ;    ;      ;        ;                    ; launch edge time                  ;
; 2.788    ; 2.788   ;    ;      ;        ;                    ; clock path                        ;
;   2.788  ;   2.788 ; R  ;      ;        ;                    ; clock network delay               ;
; 23.128   ; 20.340  ;    ;      ;        ;                    ; data path                         ;
;   3.007  ;   0.219 ;    ; uTco ; 1      ; FF_X18_Y19_N27     ; lcd_renderer:u_render|cx0[0]      ;
;   3.007  ;   0.000 ; FF ; CELL ; 6      ; FF_X18_Y19_N27     ; u_render|cx0[0]|q                 ;
;   3.414  ;   0.407 ; FF ; IC   ; 1      ; LCCOMB_X18_Y19_N28 ; u_render|Add4~0|datac             ;
;   3.766  ;   0.352 ; FF ; CELL ; 1      ; LCCOMB_X18_Y19_N28 ; u_render|Add4~0|combout           ;
;   4.064  ;   0.298 ; FF ; IC   ; 2      ; LCCOMB_X18_Y19_N8  ; u_render|Add5~2|datab             ;
;   4.520  ;   0.456 ; FR ; CELL ; 1      ; LCCOMB_X18_Y19_N8  ; u_render|Add5~2|cout              ;
;   4.520  ;   0.000 ; RR ; IC   ; 2      ; LCCOMB_X18_Y19_N10 ; u_render|Add5~4|cin               ;
;   5.193  ;   0.673 ; RR ; CELL ; 169    ; LCCOMB_X18_Y19_N10 ; u_render|Add5~4|combout           ;
;   6.455  ;   1.262 ; RR ; IC   ; 1      ; LCCOMB_X16_Y18_N10 ; u_render|Mux0~33|dataa            ;
;   6.930  ;   0.475 ; RR ; CELL ; 1      ; LCCOMB_X16_Y18_N10 ; u_render|Mux0~33|combout          ;
;   7.154  ;   0.224 ; RR ; IC   ; 1      ; LCCOMB_X16_Y18_N28 ; u_render|Mux0~34|datad            ;
;   7.351  ;   0.197 ; RR ; CELL ; 1      ; LCCOMB_X16_Y18_N28 ; u_render|Mux0~34|combout          ;
;   8.029  ;   0.678 ; RR ; IC   ; 1      ; LCCOMB_X18_Y18_N30 ; u_render|Mux0~37|datac            ;
;   8.389  ;   0.360 ; RR ; CELL ; 1      ; LCCOMB_X18_Y18_N30 ; u_render|Mux0~37|combout          ;
;   9.557  ;   1.168 ; RR ; IC   ; 1      ; LCCOMB_X22_Y21_N8  ; u_render|Mux0~40|datac            ;
;   9.917  ;   0.360 ; RR ; CELL ; 1      ; LCCOMB_X22_Y21_N8  ; u_render|Mux0~40|combout          ;
;   10.180 ;   0.263 ; RR ; IC   ; 1      ; LCCOMB_X22_Y21_N10 ; u_render|Mux0~41|datab            ;
;   10.590 ;   0.410 ; RR ; CELL ; 1      ; LCCOMB_X22_Y21_N10 ; u_render|Mux0~41|combout          ;
;   11.033 ;   0.443 ; RR ; IC   ; 1      ; LCCOMB_X23_Y21_N2  ; u_render|Mux0~84|datad            ;
;   11.230 ;   0.197 ; RR ; CELL ; 1      ; LCCOMB_X23_Y21_N2  ; u_render|Mux0~84|combout          ;
;   11.452 ;   0.222 ; RR ; IC   ; 1      ; LCCOMB_X23_Y21_N8  ; u_render|Mux0~127|datad           ;
;   11.649 ;   0.197 ; RR ; CELL ; 7      ; LCCOMB_X23_Y21_N8  ; u_render|Mux0~127|combout         ;
;   11.953 ;   0.304 ; RR ; IC   ; 1      ; LCCOMB_X23_Y21_N12 ; u_render|Add6~2|datab             ;
;   12.475 ;   0.522 ; RF ; CELL ; 2      ; LCCOMB_X23_Y21_N12 ; u_render|Add6~2|combout           ;
;   12.800 ;   0.325 ; FF ; IC   ; 1      ; LCCOMB_X23_Y21_N22 ; u_render|LessThan0~9|dataa        ;
;   13.354 ;   0.554 ; FF ; CELL ; 1      ; LCCOMB_X23_Y21_N22 ; u_render|LessThan0~9|cout         ;
;   13.354 ;   0.000 ; FF ; IC   ; 1      ; LCCOMB_X23_Y21_N24 ; u_render|LessThan0~11|cin         ;
;   13.415 ;   0.061 ; FR ; CELL ; 1      ; LCCOMB_X23_Y21_N24 ; u_render|LessThan0~11|cout        ;
;   13.415 ;   0.000 ; RR ; IC   ; 1      ; LCCOMB_X23_Y21_N26 ; u_render|LessThan0~12|cin         ;
;   14.055 ;   0.640 ; RF ; CELL ; 10     ; LCCOMB_X23_Y21_N26 ; u_render|LessThan0~12|combout     ;
;   14.978 ;   0.923 ; FF ; IC   ; 1      ; LCCOMB_X24_Y20_N2  ; u_render|rem9~0|dataa             ;
;   15.391 ;   0.413 ; FF ; CELL ; 2      ; LCCOMB_X24_Y20_N2  ; u_render|rem9~0|combout           ;
;   15.707 ;   0.316 ; FF ; IC   ; 2      ; LCCOMB_X24_Y20_N16 ; u_render|Add8~4|datab             ;
;   16.163 ;   0.456 ; FR ; CELL ; 1      ; LCCOMB_X24_Y20_N16 ; u_render|Add8~4|cout              ;
;   16.163 ;   0.000 ; RR ; IC   ; 2      ; LCCOMB_X24_Y20_N18 ; u_render|Add8~6|cin               ;
;   16.803 ;   0.640 ; RF ; CELL ; 1      ; LCCOMB_X24_Y20_N18 ; u_render|Add8~6|combout           ;
;   17.533 ;   0.730 ; FF ; IC   ; 2      ; LCCOMB_X20_Y20_N12 ; u_render|Add9~6|datab             ;
;   18.093 ;   0.560 ; FF ; CELL ; 1      ; LCCOMB_X20_Y20_N12 ; u_render|Add9~6|cout              ;
;   18.093 ;   0.000 ; FF ; IC   ; 2      ; LCCOMB_X20_Y20_N14 ; u_render|Add9~8|cin               ;
;   18.154 ;   0.061 ; FR ; CELL ; 1      ; LCCOMB_X20_Y20_N14 ; u_render|Add9~8|cout              ;
;   18.154 ;   0.000 ; RR ; IC   ; 2      ; LCCOMB_X20_Y20_N16 ; u_render|Add9~10|cin              ;
;   18.794 ;   0.640 ; RF ; CELL ; 1      ; LCCOMB_X20_Y20_N16 ; u_render|Add9~10|combout          ;
;   19.086 ;   0.292 ; FF ; IC   ; 1      ; LCCOMB_X20_Y20_N2  ; u_render|flx~17|datab             ;
;   19.550 ;   0.464 ; FR ; CELL ; 2      ; LCCOMB_X20_Y20_N2  ; u_render|flx~17|combout           ;
;   19.784 ;   0.234 ; RR ; IC   ; 1      ; LCCOMB_X20_Y20_N24 ; u_render|flx~12|datad             ;
;   19.981 ;   0.197 ; RR ; CELL ; 10     ; LCCOMB_X20_Y20_N24 ; u_render|flx~12|combout           ;
;   20.233 ;   0.252 ; RR ; IC   ; 1      ; LCCOMB_X20_Y20_N0  ; u_render|Selector37~11|datad      ;
;   20.430 ;   0.197 ; RR ; CELL ; 8      ; LCCOMB_X20_Y20_N0  ; u_render|Selector37~11|combout    ;
;   21.491 ;   1.061 ; RR ; IC   ; 1      ; LCCOMB_X15_Y20_N18 ; u_render|board_rd_addr~20|datac   ;
;   21.850 ;   0.359 ; RR ; CELL ; 2      ; LCCOMB_X15_Y20_N18 ; u_render|board_rd_addr~20|combout ;
;   22.674 ;   0.824 ; RR ; IC   ; 1      ; FF_X15_Y16_N31     ; u_render|faddr[4]|asdata          ;
;   23.128 ;   0.454 ; RR ; CELL ; 1      ; FF_X15_Y16_N31     ; lcd_renderer:u_render|faddr[4]    ;
+----------+---------+----+------+--------+--------------------+-----------------------------------+

+-------------------------------------------------------------------------------------------+
; Data Required Path                                                                        ;
+----------+---------+----+------+--------+----------------+--------------------------------+
; Total    ; Incr    ; RF ; Type ; Fanout ; Location       ; Element                        ;
+----------+---------+----+------+--------+----------------+--------------------------------+
; 20.000   ; 20.000  ;    ;      ;        ;                ; latch edge time                ;
; 22.711   ; 2.711   ;    ;      ;        ;                ; clock path                     ;
;   22.690 ;   2.690 ; R  ;      ;        ;                ; clock network delay            ;
;   22.711 ;   0.021 ;    ;      ;        ;                ; clock pessimism removed        ;
; 22.641   ; -0.070  ;    ;      ;        ;                ; clock uncertainty              ;
; 22.655   ; 0.014   ;    ; uTsu ; 1      ; FF_X15_Y16_N31 ; lcd_renderer:u_render|faddr[4] ;
+----------+---------+----+------+--------+----------------+--------------------------------+


