Analysis & Synthesis report for microphone
Sat Sep 19 21:08:30 2026
Quartus Prime Version 25.1std.0 Build 1129 10/21/2025 SC Lite Edition


---------------------
; Table of Contents ;
---------------------
  1. Legal Notice
  2. Analysis & Synthesis Summary
  3. Analysis & Synthesis Settings
  4. Parallel Compilation
  5. Analysis & Synthesis Source Files Read
  6. Analysis & Synthesis Resource Usage Summary
  7. Analysis & Synthesis Resource Utilization by Entity
  8. Analysis & Synthesis RAM Summary
  9. Analysis & Synthesis DSP Block Usage Summary
 10. State Machine - |top|lcd_wave:u_lcd_wave|ld_ph
 11. State Machine - |top|lcd_wave:u_lcd_wave|state
 12. State Machine - |top|spectrum:u_spectrum|state
 13. State Machine - |top|fft128:u_fft128|state
 14. Registers Removed During Synthesis
 15. Removed Registers Triggering Further Register Optimizations
 16. General Register Statistics
 17. Inverted Register Statistics
 18. Registers Packed Into Inferred Megafunctions
 19. Registers Added for RAM Pass-Through Logic
 20. Multiplexer Restructuring Statistics (Restructuring Performed)
 21. Source assignments for lcd_wave:u_lcd_wave|altsyncram:bar_snap_rtl_0|altsyncram_c1d1:auto_generated
 22. Source assignments for audio_buf:u_audio_buf|altsyncram:mem_rtl_0|altsyncram_ugg1:auto_generated
 23. Source assignments for spectrum:u_spectrum|altsyncram:bar_ram_rtl_0|altsyncram_m4g1:auto_generated
 24. Source assignments for spectrum:u_spectrum|altsyncram:bar_ram_rtl_1|altsyncram_m4g1:auto_generated
 25. Source assignments for spectrum:u_spectrum|altsyncram:bar_life_rtl_0|altsyncram_k7g1:auto_generated
 26. Source assignments for fft128:u_fft128|altsyncram:mem_mag2_rtl_0|altsyncram_i7g1:auto_generated
 27. Source assignments for fft128:u_fft128|altsyncram:mem_im_rtl_0|altsyncram_mag1:auto_generated
 28. Source assignments for fft128:u_fft128|altsyncram:mem_re_rtl_0|altsyncram_mag1:auto_generated
 29. Source assignments for fft128:u_fft128|altsyncram:buf1_rtl_0|altsyncram_0rb1:auto_generated
 30. Source assignments for fft128:u_fft128|altsyncram:buf0_rtl_0|altsyncram_0rb1:auto_generated
 31. Parameter Settings for User Entity Instance: Top-level Entity: |top
 32. Parameter Settings for User Entity Instance: sw_debounce:u_sw_inc
 33. Parameter Settings for User Entity Instance: sw_debounce:u_sw_dec
 34. Parameter Settings for User Entity Instance: i2s_rx:u_i2s_rx
 35. Parameter Settings for User Entity Instance: moving_avg:u_moving_avg
 36. Parameter Settings for User Entity Instance: audio_buf:u_audio_buf
 37. Parameter Settings for User Entity Instance: fft128:u_fft128
 38. Parameter Settings for User Entity Instance: spectrum:u_spectrum
 39. Parameter Settings for User Entity Instance: lcd_wave:u_lcd_wave
 40. Parameter Settings for Inferred Entity Instance: lcd_wave:u_lcd_wave|altsyncram:bar_snap_rtl_0
 41. Parameter Settings for Inferred Entity Instance: audio_buf:u_audio_buf|altsyncram:mem_rtl_0
 42. Parameter Settings for Inferred Entity Instance: spectrum:u_spectrum|altsyncram:bar_ram_rtl_0
 43. Parameter Settings for Inferred Entity Instance: spectrum:u_spectrum|altsyncram:bar_ram_rtl_1
 44. Parameter Settings for Inferred Entity Instance: spectrum:u_spectrum|altsyncram:bar_life_rtl_0
 45. Parameter Settings for Inferred Entity Instance: fft128:u_fft128|altsyncram:mem_mag2_rtl_0
 46. Parameter Settings for Inferred Entity Instance: fft128:u_fft128|altsyncram:mem_im_rtl_0
 47. Parameter Settings for Inferred Entity Instance: fft128:u_fft128|altsyncram:mem_re_rtl_0
 48. Parameter Settings for Inferred Entity Instance: fft128:u_fft128|altsyncram:buf1_rtl_0
 49. Parameter Settings for Inferred Entity Instance: fft128:u_fft128|altsyncram:buf0_rtl_0
 50. Parameter Settings for Inferred Entity Instance: lcd_wave:u_lcd_wave|lpm_divide:Div0
 51. Parameter Settings for Inferred Entity Instance: spectrum:u_spectrum|lpm_mult:Mult0
 52. Parameter Settings for Inferred Entity Instance: fft128:u_fft128|lpm_mult:Mult0
 53. Parameter Settings for Inferred Entity Instance: lcd_wave:u_lcd_wave|lpm_mult:Mult0
 54. Parameter Settings for Inferred Entity Instance: fft128:u_fft128|lpm_mult:Mult6
 55. Parameter Settings for Inferred Entity Instance: fft128:u_fft128|lpm_mult:Mult5
 56. Parameter Settings for Inferred Entity Instance: lcd_wave:u_lcd_wave|lpm_divide:Mod0
 57. Parameter Settings for Inferred Entity Instance: fft128:u_fft128|lpm_mult:Mult4
 58. Parameter Settings for Inferred Entity Instance: fft128:u_fft128|lpm_mult:Mult3
 59. Parameter Settings for Inferred Entity Instance: fft128:u_fft128|lpm_mult:Mult2
 60. Parameter Settings for Inferred Entity Instance: fft128:u_fft128|lpm_mult:Mult1
 61. altsyncram Parameter Settings by Entity Instance
 62. lpm_mult Parameter Settings by Entity Instance
 63. Port Connectivity Checks: "spectrum:u_spectrum"
 64. Port Connectivity Checks: "fft128:u_fft128"
 65. Port Connectivity Checks: "sw_debounce:u_sw_dec"
 66. Port Connectivity Checks: "sw_debounce:u_sw_inc"
 67. Post-Synthesis Netlist Statistics for Top Partition
 68. Elapsed Time Per Partition
 69. Analysis & Synthesis Messages
 70. Analysis & Synthesis Suppressed Messages



----------------
; Legal Notice ;
----------------
Copyright (C) 2025  Altera Corporation. All rights reserved.
Your use of Altera Corporation's design tools, logic functions 
and other software and tools, and any partner logic 
functions, and any output files from any of the foregoing 
(including device programming or simulation files), and any 
associated documentation or information are expressly subject 
to the terms and conditions of the Altera Program License 
Subscription Agreement, the Altera Quartus Prime License Agreement,
the Altera IP License Agreement, or other applicable license
agreement, including, without limitation, that your use is for
the sole purpose of programming logic devices manufactured by
Altera and sold by Altera or its authorized distributors.  Please
refer to the Altera Software License Subscription Agreements 
on the Quartus Prime software download page.



+--------------------------------------------------------------------------------------+
; Analysis & Synthesis Summary                                                         ;
+------------------------------------+-------------------------------------------------+
; Analysis & Synthesis Status        ; Successful - Sat Sep 19 21:08:30 2026           ;
; Quartus Prime Version              ; 25.1std.0 Build 1129 10/21/2025 SC Lite Edition ;
; Revision Name                      ; microphone                                      ;
; Top-level Entity Name              ; top                                             ;
; Family                             ; MAX 10                                          ;
; Total logic elements               ; 3,085                                           ;
;     Total combinational functions  ; 2,424                                           ;
;     Dedicated logic registers      ; 1,462                                           ;
; Total registers                    ; 1462                                            ;
; Total pins                         ; 16                                              ;
; Total virtual pins                 ; 0                                               ;
; Total memory bits                  ; 76,352                                          ;
; Embedded Multiplier 9-bit elements ; 22                                              ;
; Total PLLs                         ; 0                                               ;
; UFM blocks                         ; 0                                               ;
; ADC blocks                         ; 0                                               ;
+------------------------------------+-------------------------------------------------+


+------------------------------------------------------------------------------------------------------------+
; Analysis & Synthesis Settings                                                                              ;
+------------------------------------------------------------------+--------------------+--------------------+
; Option                                                           ; Setting            ; Default Value      ;
+------------------------------------------------------------------+--------------------+--------------------+
; Device                                                           ; 10M08SCE144C8G     ;                    ;
; Top-level entity name                                            ; top                ; microphone         ;
; Family name                                                      ; MAX 10             ; Cyclone V          ;
; Use smart compilation                                            ; Off                ; Off                ;
; Enable parallel Assembler and Timing Analyzer during compilation ; On                 ; On                 ;
; Enable compact report table                                      ; Off                ; Off                ;
; Restructure Multiplexers                                         ; Auto               ; Auto               ;
; Create Debugging Nodes for IP Cores                              ; Off                ; Off                ;
; Preserve fewer node names                                        ; On                 ; On                 ;
; Intel FPGA IP Evaluation Mode                                    ; Enable             ; Enable             ;
; Verilog Version                                                  ; Verilog_2001       ; Verilog_2001       ;
; VHDL Version                                                     ; VHDL_1993          ; VHDL_1993          ;
; State Machine Processing                                         ; Auto               ; Auto               ;
; Safe State Machine                                               ; Off                ; Off                ;
; Extract Verilog State Machines                                   ; On                 ; On                 ;
; Extract VHDL State Machines                                      ; On                 ; On                 ;
; Ignore Verilog initial constructs                                ; Off                ; Off                ;
; Iteration limit for constant Verilog loops                       ; 5000               ; 5000               ;
; Iteration limit for non-constant Verilog loops                   ; 250                ; 250                ;
; Add Pass-Through Logic to Inferred RAMs                          ; On                 ; On                 ;
; Infer RAMs from Raw Logic                                        ; On                 ; On                 ;
; Parallel Synthesis                                               ; On                 ; On                 ;
; DSP Block Balancing                                              ; Auto               ; Auto               ;
; NOT Gate Push-Back                                               ; On                 ; On                 ;
; Power-Up Don't Care                                              ; On                 ; On                 ;
; Remove Redundant Logic Cells                                     ; Off                ; Off                ;
; Remove Duplicate Registers                                       ; On                 ; On                 ;
; Ignore CARRY Buffers                                             ; Off                ; Off                ;
; Ignore CASCADE Buffers                                           ; Off                ; Off                ;
; Ignore GLOBAL Buffers                                            ; Off                ; Off                ;
; Ignore ROW GLOBAL Buffers                                        ; Off                ; Off                ;
; Ignore LCELL Buffers                                             ; Off                ; Off                ;
; Ignore SOFT Buffers                                              ; On                 ; On                 ;
; Limit AHDL Integers to 32 Bits                                   ; Off                ; Off                ;
; Optimization Technique                                           ; Balanced           ; Balanced           ;
; Carry Chain Length                                               ; 70                 ; 70                 ;
; Auto Carry Chains                                                ; On                 ; On                 ;
; Auto Open-Drain Pins                                             ; On                 ; On                 ;
; Perform WYSIWYG Primitive Resynthesis                            ; Off                ; Off                ;
; Auto ROM Replacement                                             ; On                 ; On                 ;
; Auto RAM Replacement                                             ; On                 ; On                 ;
; Auto DSP Block Replacement                                       ; On                 ; On                 ;
; Auto Shift Register Replacement                                  ; Auto               ; Auto               ;
; Allow Shift Register Merging across Hierarchies                  ; Auto               ; Auto               ;
; Auto Clock Enable Replacement                                    ; On                 ; On                 ;
; Strict RAM Replacement                                           ; Off                ; Off                ;
; Allow Synchronous Control Signals                                ; On                 ; On                 ;
; Force Use of Synchronous Clear Signals                           ; Off                ; Off                ;
; Auto RAM Block Balancing                                         ; On                 ; On                 ;
; Auto RAM to Logic Cell Conversion                                ; Off                ; Off                ;
; Auto Resource Sharing                                            ; Off                ; Off                ;
; Allow Any RAM Size For Recognition                               ; Off                ; Off                ;
; Allow Any ROM Size For Recognition                               ; Off                ; Off                ;
; Allow Any Shift Register Size For Recognition                    ; Off                ; Off                ;
; Use LogicLock Constraints during Resource Balancing              ; On                 ; On                 ;
; Ignore translate_off and synthesis_off directives                ; Off                ; Off                ;
; Timing-Driven Synthesis                                          ; On                 ; On                 ;
; Report Parameter Settings                                        ; On                 ; On                 ;
; Report Source Assignments                                        ; On                 ; On                 ;
; Report Connectivity Checks                                       ; On                 ; On                 ;
; Ignore Maximum Fan-Out Assignments                               ; Off                ; Off                ;
; Synchronization Register Chain Length                            ; 2                  ; 2                  ;
; Power Optimization During Synthesis                              ; Normal compilation ; Normal compilation ;
; HDL message level                                                ; Level2             ; Level2             ;
; Suppress Register Optimization Related Messages                  ; Off                ; Off                ;
; Number of Removed Registers Reported in Synthesis Report         ; 5000               ; 5000               ;
; Number of Swept Nodes Reported in Synthesis Report               ; 5000               ; 5000               ;
; Number of Inverted Registers Reported in Synthesis Report        ; 100                ; 100                ;
; Clock MUX Protection                                             ; On                 ; On                 ;
; Auto Gated Clock Conversion                                      ; Off                ; Off                ;
; Block Design Naming                                              ; Auto               ; Auto               ;
; SDC constraint protection                                        ; Off                ; Off                ;
; Synthesis Effort                                                 ; Auto               ; Auto               ;
; Shift Register Replacement - Allow Asynchronous Clear Signal     ; On                 ; On                 ;
; Pre-Mapping Resynthesis Optimization                             ; Off                ; Off                ;
; Analysis & Synthesis Message Level                               ; Medium             ; Medium             ;
; Disable Register Merging Across Hierarchies                      ; Auto               ; Auto               ;
; Resource Aware Inference For Block RAM                           ; On                 ; On                 ;
+------------------------------------------------------------------+--------------------+--------------------+


+------------------------------------------+
; Parallel Compilation                     ;
+----------------------------+-------------+
; Processors                 ; Number      ;
+----------------------------+-------------+
; Number detected on machine ; 36          ;
; Maximum allowed            ; 16          ;
;                            ;             ;
; Average used               ; 1.01        ;
; Maximum used               ; 16          ;
;                            ;             ;
; Usage by Processor         ; % Time Used ;
;     Processor 1            ; 100.0%      ;
;     Processor 2            ;   0.1%      ;
;     Processor 3            ;   0.1%      ;
;     Processor 4            ;   0.1%      ;
;     Processor 5            ;   0.1%      ;
;     Processor 6            ;   0.1%      ;
;     Processor 7            ;   0.1%      ;
;     Processor 8            ;   0.1%      ;
;     Processors 9-16        ;   0.1%      ;
+----------------------------+-------------+


+------------------------------------------------------------------------------------------------------------------------------------------------------------------------------+
; Analysis & Synthesis Source Files Read                                                                                                                                       ;
+----------------------------------+-----------------+------------------------------+--------------------------------------------------------------------------------+---------+
; File Name with User-Entered Path ; Used in Netlist ; File Type                    ; File Name with Absolute Path                                                   ; Library ;
+----------------------------------+-----------------+------------------------------+--------------------------------------------------------------------------------+---------+
; rtl/top.sv                       ; yes             ; User SystemVerilog HDL File  ; H:/git/PCB_CQmax10/CQmax10/sample/microphone/rtl/top.sv                        ;         ;
; rtl/i2s_rx.sv                    ; yes             ; User SystemVerilog HDL File  ; H:/git/PCB_CQmax10/CQmax10/sample/microphone/rtl/i2s_rx.sv                     ;         ;
; rtl/moving_avg.sv                ; yes             ; User SystemVerilog HDL File  ; H:/git/PCB_CQmax10/CQmax10/sample/microphone/rtl/moving_avg.sv                 ;         ;
; rtl/audio_buf.sv                 ; yes             ; User SystemVerilog HDL File  ; H:/git/PCB_CQmax10/CQmax10/sample/microphone/rtl/audio_buf.sv                  ;         ;
; rtl/fft128.sv                    ; yes             ; User SystemVerilog HDL File  ; H:/git/PCB_CQmax10/CQmax10/sample/microphone/rtl/fft128.sv                     ;         ;
; rtl/spectrum.sv                  ; yes             ; User SystemVerilog HDL File  ; H:/git/PCB_CQmax10/CQmax10/sample/microphone/rtl/spectrum.sv                   ;         ;
; rtl/sw_debounce.sv               ; yes             ; User SystemVerilog HDL File  ; H:/git/PCB_CQmax10/CQmax10/sample/microphone/rtl/sw_debounce.sv                ;         ;
; rtl/lcd_wave.sv                  ; yes             ; User SystemVerilog HDL File  ; H:/git/PCB_CQmax10/CQmax10/sample/microphone/rtl/lcd_wave.sv                   ;         ;
; fft_tables.svh                   ; yes             ; Auto-Found Unspecified File  ; H:/git/PCB_CQmax10/CQmax10/sample/microphone/rtl/fft_tables.svh                ;         ;
; altsyncram.tdf                   ; yes             ; Megafunction                 ; h:/altera_lite/25.1std/quartus/libraries/megafunctions/altsyncram.tdf          ;         ;
; stratix_ram_block.inc            ; yes             ; Megafunction                 ; h:/altera_lite/25.1std/quartus/libraries/megafunctions/stratix_ram_block.inc   ;         ;
; lpm_mux.inc                      ; yes             ; Megafunction                 ; h:/altera_lite/25.1std/quartus/libraries/megafunctions/lpm_mux.inc             ;         ;
; lpm_decode.inc                   ; yes             ; Megafunction                 ; h:/altera_lite/25.1std/quartus/libraries/megafunctions/lpm_decode.inc          ;         ;
; aglobal251.inc                   ; yes             ; Megafunction                 ; h:/altera_lite/25.1std/quartus/libraries/megafunctions/aglobal251.inc          ;         ;
; a_rdenreg.inc                    ; yes             ; Megafunction                 ; h:/altera_lite/25.1std/quartus/libraries/megafunctions/a_rdenreg.inc           ;         ;
; altrom.inc                       ; yes             ; Megafunction                 ; h:/altera_lite/25.1std/quartus/libraries/megafunctions/altrom.inc              ;         ;
; altram.inc                       ; yes             ; Megafunction                 ; h:/altera_lite/25.1std/quartus/libraries/megafunctions/altram.inc              ;         ;
; altdpram.inc                     ; yes             ; Megafunction                 ; h:/altera_lite/25.1std/quartus/libraries/megafunctions/altdpram.inc            ;         ;
; db/altsyncram_c1d1.tdf           ; yes             ; Auto-Generated Megafunction  ; H:/git/PCB_CQmax10/CQmax10/sample/microphone/db/altsyncram_c1d1.tdf            ;         ;
; db/altsyncram_ugg1.tdf           ; yes             ; Auto-Generated Megafunction  ; H:/git/PCB_CQmax10/CQmax10/sample/microphone/db/altsyncram_ugg1.tdf            ;         ;
; db/altsyncram_m4g1.tdf           ; yes             ; Auto-Generated Megafunction  ; H:/git/PCB_CQmax10/CQmax10/sample/microphone/db/altsyncram_m4g1.tdf            ;         ;
; db/altsyncram_k7g1.tdf           ; yes             ; Auto-Generated Megafunction  ; H:/git/PCB_CQmax10/CQmax10/sample/microphone/db/altsyncram_k7g1.tdf            ;         ;
; db/altsyncram_i7g1.tdf           ; yes             ; Auto-Generated Megafunction  ; H:/git/PCB_CQmax10/CQmax10/sample/microphone/db/altsyncram_i7g1.tdf            ;         ;
; db/altsyncram_mag1.tdf           ; yes             ; Auto-Generated Megafunction  ; H:/git/PCB_CQmax10/CQmax10/sample/microphone/db/altsyncram_mag1.tdf            ;         ;
; db/altsyncram_0rb1.tdf           ; yes             ; Auto-Generated Megafunction  ; H:/git/PCB_CQmax10/CQmax10/sample/microphone/db/altsyncram_0rb1.tdf            ;         ;
; lpm_divide.tdf                   ; yes             ; Megafunction                 ; h:/altera_lite/25.1std/quartus/libraries/megafunctions/lpm_divide.tdf          ;         ;
; abs_divider.inc                  ; yes             ; Megafunction                 ; h:/altera_lite/25.1std/quartus/libraries/megafunctions/abs_divider.inc         ;         ;
; sign_div_unsign.inc              ; yes             ; Megafunction                 ; h:/altera_lite/25.1std/quartus/libraries/megafunctions/sign_div_unsign.inc     ;         ;
; db/lpm_divide_9sl.tdf            ; yes             ; Auto-Generated Megafunction  ; H:/git/PCB_CQmax10/CQmax10/sample/microphone/db/lpm_divide_9sl.tdf             ;         ;
; db/sign_div_unsign_bkh.tdf       ; yes             ; Auto-Generated Megafunction  ; H:/git/PCB_CQmax10/CQmax10/sample/microphone/db/sign_div_unsign_bkh.tdf        ;         ;
; db/alt_u_div_0fe.tdf             ; yes             ; Auto-Generated Megafunction  ; H:/git/PCB_CQmax10/CQmax10/sample/microphone/db/alt_u_div_0fe.tdf              ;         ;
; db/add_sub_t3c.tdf               ; yes             ; Auto-Generated Megafunction  ; H:/git/PCB_CQmax10/CQmax10/sample/microphone/db/add_sub_t3c.tdf                ;         ;
; db/add_sub_u3c.tdf               ; yes             ; Auto-Generated Megafunction  ; H:/git/PCB_CQmax10/CQmax10/sample/microphone/db/add_sub_u3c.tdf                ;         ;
; lpm_mult.tdf                     ; yes             ; Megafunction                 ; h:/altera_lite/25.1std/quartus/libraries/megafunctions/lpm_mult.tdf            ;         ;
; lpm_add_sub.inc                  ; yes             ; Megafunction                 ; h:/altera_lite/25.1std/quartus/libraries/megafunctions/lpm_add_sub.inc         ;         ;
; multcore.inc                     ; yes             ; Megafunction                 ; h:/altera_lite/25.1std/quartus/libraries/megafunctions/multcore.inc            ;         ;
; bypassff.inc                     ; yes             ; Megafunction                 ; h:/altera_lite/25.1std/quartus/libraries/megafunctions/bypassff.inc            ;         ;
; altshift.inc                     ; yes             ; Megafunction                 ; h:/altera_lite/25.1std/quartus/libraries/megafunctions/altshift.inc            ;         ;
; multcore.tdf                     ; yes             ; Megafunction                 ; h:/altera_lite/25.1std/quartus/libraries/megafunctions/multcore.tdf            ;         ;
; csa_add.inc                      ; yes             ; Megafunction                 ; h:/altera_lite/25.1std/quartus/libraries/megafunctions/csa_add.inc             ;         ;
; mpar_add.inc                     ; yes             ; Megafunction                 ; h:/altera_lite/25.1std/quartus/libraries/megafunctions/mpar_add.inc            ;         ;
; muleabz.inc                      ; yes             ; Megafunction                 ; h:/altera_lite/25.1std/quartus/libraries/megafunctions/muleabz.inc             ;         ;
; mul_lfrg.inc                     ; yes             ; Megafunction                 ; h:/altera_lite/25.1std/quartus/libraries/megafunctions/mul_lfrg.inc            ;         ;
; mul_boothc.inc                   ; yes             ; Megafunction                 ; h:/altera_lite/25.1std/quartus/libraries/megafunctions/mul_boothc.inc          ;         ;
; alt_ded_mult.inc                 ; yes             ; Megafunction                 ; h:/altera_lite/25.1std/quartus/libraries/megafunctions/alt_ded_mult.inc        ;         ;
; alt_ded_mult_y.inc               ; yes             ; Megafunction                 ; h:/altera_lite/25.1std/quartus/libraries/megafunctions/alt_ded_mult_y.inc      ;         ;
; dffpipe.inc                      ; yes             ; Megafunction                 ; h:/altera_lite/25.1std/quartus/libraries/megafunctions/dffpipe.inc             ;         ;
; mpar_add.tdf                     ; yes             ; Megafunction                 ; h:/altera_lite/25.1std/quartus/libraries/megafunctions/mpar_add.tdf            ;         ;
; lpm_add_sub.tdf                  ; yes             ; Megafunction                 ; h:/altera_lite/25.1std/quartus/libraries/megafunctions/lpm_add_sub.tdf         ;         ;
; addcore.inc                      ; yes             ; Megafunction                 ; h:/altera_lite/25.1std/quartus/libraries/megafunctions/addcore.inc             ;         ;
; look_add.inc                     ; yes             ; Megafunction                 ; h:/altera_lite/25.1std/quartus/libraries/megafunctions/look_add.inc            ;         ;
; alt_stratix_add_sub.inc          ; yes             ; Megafunction                 ; h:/altera_lite/25.1std/quartus/libraries/megafunctions/alt_stratix_add_sub.inc ;         ;
; db/add_sub_1qg.tdf               ; yes             ; Auto-Generated Megafunction  ; H:/git/PCB_CQmax10/CQmax10/sample/microphone/db/add_sub_1qg.tdf                ;         ;
; db/add_sub_crg.tdf               ; yes             ; Auto-Generated Megafunction  ; H:/git/PCB_CQmax10/CQmax10/sample/microphone/db/add_sub_crg.tdf                ;         ;
; altshift.tdf                     ; yes             ; Megafunction                 ; h:/altera_lite/25.1std/quartus/libraries/megafunctions/altshift.tdf            ;         ;
; db/mult_pgs.tdf                  ; yes             ; Auto-Generated Megafunction  ; H:/git/PCB_CQmax10/CQmax10/sample/microphone/db/mult_pgs.tdf                   ;         ;
; db/mult_qks.tdf                  ; yes             ; Auto-Generated Megafunction  ; H:/git/PCB_CQmax10/CQmax10/sample/microphone/db/mult_qks.tdf                   ;         ;
; db/lpm_divide_ckl.tdf            ; yes             ; Auto-Generated Megafunction  ; H:/git/PCB_CQmax10/CQmax10/sample/microphone/db/lpm_divide_ckl.tdf             ;         ;
; db/mult_ngs.tdf                  ; yes             ; Auto-Generated Megafunction  ; H:/git/PCB_CQmax10/CQmax10/sample/microphone/db/mult_ngs.tdf                   ;         ;
; db/mult_ugs.tdf                  ; yes             ; Auto-Generated Megafunction  ; H:/git/PCB_CQmax10/CQmax10/sample/microphone/db/mult_ugs.tdf                   ;         ;
+----------------------------------+-----------------+------------------------------+--------------------------------------------------------------------------------+---------+


+---------------------------------------------------------+
; Analysis & Synthesis Resource Usage Summary             ;
+---------------------------------------------+-----------+
; Resource                                    ; Usage     ;
+---------------------------------------------+-----------+
; Estimated Total logic elements              ; 3,085     ;
;                                             ;           ;
; Total combinational functions               ; 2424      ;
; Logic element usage by number of LUT inputs ;           ;
;     -- 4 input functions                    ; 978       ;
;     -- 3 input functions                    ; 765       ;
;     -- <=2 input functions                  ; 681       ;
;                                             ;           ;
; Logic elements by mode                      ;           ;
;     -- normal mode                          ; 1576      ;
;     -- arithmetic mode                      ; 848       ;
;                                             ;           ;
; Total registers                             ; 1462      ;
;     -- Dedicated logic registers            ; 1462      ;
;     -- I/O registers                        ; 0         ;
;                                             ;           ;
; I/O pins                                    ; 16        ;
; Total memory bits                           ; 76352     ;
;                                             ;           ;
; Embedded Multiplier 9-bit elements          ; 22        ;
;                                             ;           ;
; Maximum fan-out node                        ; clk~input ;
; Maximum fan-out                             ; 1630      ;
; Total fan-out                               ; 16201     ;
; Average fan-out                             ; 3.94      ;
+---------------------------------------------+-----------+


+-----------------------------------------------------------------------------------------------------------------------------------------------------------------------------------------------------------------------------------------------------------------------------------------------------------------------------------------------------------------------------------------------+
; Analysis & Synthesis Resource Utilization by Entity                                                                                                                                                                                                                                                                                                                                           ;
+---------------------------------------------------+---------------------+---------------------------+-------------+------------+--------------+---------+-----------+------+--------------+------------+-------------------------------------------------------------------------------------------------------------------------------------------------+---------------------+--------------+
; Compilation Hierarchy Node                        ; Combinational ALUTs ; Dedicated Logic Registers ; Memory Bits ; UFM Blocks ; DSP Elements ; DSP 9x9 ; DSP 18x18 ; Pins ; Virtual Pins ; ADC blocks ; Full Hierarchy Name                                                                                                                             ; Entity Name         ; Library Name ;
+---------------------------------------------------+---------------------+---------------------------+-------------+------------+--------------+---------+-----------+------+--------------+------------+-------------------------------------------------------------------------------------------------------------------------------------------------+---------------------+--------------+
; |top                                              ; 2424 (65)           ; 1462 (47)                 ; 76352       ; 0          ; 22           ; 0       ; 11        ; 16   ; 0            ; 0          ; |top                                                                                                                                            ; top                 ; work         ;
;    |audio_buf:u_audio_buf|                        ; 12 (12)             ; 12 (12)                   ; 61440       ; 0          ; 0            ; 0       ; 0         ; 0    ; 0            ; 0          ; |top|audio_buf:u_audio_buf                                                                                                                      ; audio_buf           ; work         ;
;       |altsyncram:mem_rtl_0|                      ; 0 (0)               ; 0 (0)                     ; 61440       ; 0          ; 0            ; 0       ; 0         ; 0    ; 0            ; 0          ; |top|audio_buf:u_audio_buf|altsyncram:mem_rtl_0                                                                                                 ; altsyncram          ; work         ;
;          |altsyncram_ugg1:auto_generated|         ; 0 (0)               ; 0 (0)                     ; 61440       ; 0          ; 0            ; 0       ; 0         ; 0    ; 0            ; 0          ; |top|audio_buf:u_audio_buf|altsyncram:mem_rtl_0|altsyncram_ugg1:auto_generated                                                                  ; altsyncram_ugg1     ; work         ;
;    |fft128:u_fft128|                              ; 873 (851)           ; 699 (699)                 ; 12352       ; 0          ; 22           ; 0       ; 11        ; 0    ; 0            ; 0          ; |top|fft128:u_fft128                                                                                                                            ; fft128              ; work         ;
;       |altsyncram:buf0_rtl_0|                     ; 0 (0)               ; 0 (0)                     ; 2048        ; 0          ; 0            ; 0       ; 0         ; 0    ; 0            ; 0          ; |top|fft128:u_fft128|altsyncram:buf0_rtl_0                                                                                                      ; altsyncram          ; work         ;
;          |altsyncram_0rb1:auto_generated|         ; 0 (0)               ; 0 (0)                     ; 2048        ; 0          ; 0            ; 0       ; 0         ; 0    ; 0            ; 0          ; |top|fft128:u_fft128|altsyncram:buf0_rtl_0|altsyncram_0rb1:auto_generated                                                                       ; altsyncram_0rb1     ; work         ;
;       |altsyncram:buf1_rtl_0|                     ; 0 (0)               ; 0 (0)                     ; 2048        ; 0          ; 0            ; 0       ; 0         ; 0    ; 0            ; 0          ; |top|fft128:u_fft128|altsyncram:buf1_rtl_0                                                                                                      ; altsyncram          ; work         ;
;          |altsyncram_0rb1:auto_generated|         ; 0 (0)               ; 0 (0)                     ; 2048        ; 0          ; 0            ; 0       ; 0         ; 0    ; 0            ; 0          ; |top|fft128:u_fft128|altsyncram:buf1_rtl_0|altsyncram_0rb1:auto_generated                                                                       ; altsyncram_0rb1     ; work         ;
;       |altsyncram:mem_im_rtl_0|                   ; 0 (0)               ; 0 (0)                     ; 3072        ; 0          ; 0            ; 0       ; 0         ; 0    ; 0            ; 0          ; |top|fft128:u_fft128|altsyncram:mem_im_rtl_0                                                                                                    ; altsyncram          ; work         ;
;          |altsyncram_mag1:auto_generated|         ; 0 (0)               ; 0 (0)                     ; 3072        ; 0          ; 0            ; 0       ; 0         ; 0    ; 0            ; 0          ; |top|fft128:u_fft128|altsyncram:mem_im_rtl_0|altsyncram_mag1:auto_generated                                                                     ; altsyncram_mag1     ; work         ;
;       |altsyncram:mem_mag2_rtl_0|                 ; 0 (0)               ; 0 (0)                     ; 2112        ; 0          ; 0            ; 0       ; 0         ; 0    ; 0            ; 0          ; |top|fft128:u_fft128|altsyncram:mem_mag2_rtl_0                                                                                                  ; altsyncram          ; work         ;
;          |altsyncram_i7g1:auto_generated|         ; 0 (0)               ; 0 (0)                     ; 2112        ; 0          ; 0            ; 0       ; 0         ; 0    ; 0            ; 0          ; |top|fft128:u_fft128|altsyncram:mem_mag2_rtl_0|altsyncram_i7g1:auto_generated                                                                   ; altsyncram_i7g1     ; work         ;
;       |altsyncram:mem_re_rtl_0|                   ; 0 (0)               ; 0 (0)                     ; 3072        ; 0          ; 0            ; 0       ; 0         ; 0    ; 0            ; 0          ; |top|fft128:u_fft128|altsyncram:mem_re_rtl_0                                                                                                    ; altsyncram          ; work         ;
;          |altsyncram_mag1:auto_generated|         ; 0 (0)               ; 0 (0)                     ; 3072        ; 0          ; 0            ; 0       ; 0         ; 0    ; 0            ; 0          ; |top|fft128:u_fft128|altsyncram:mem_re_rtl_0|altsyncram_mag1:auto_generated                                                                     ; altsyncram_mag1     ; work         ;
;       |lpm_mult:Mult0|                            ; 0 (0)               ; 0 (0)                     ; 0           ; 0          ; 2            ; 0       ; 1         ; 0    ; 0            ; 0          ; |top|fft128:u_fft128|lpm_mult:Mult0                                                                                                             ; lpm_mult            ; work         ;
;          |mult_pgs:auto_generated|                ; 0 (0)               ; 0 (0)                     ; 0           ; 0          ; 2            ; 0       ; 1         ; 0    ; 0            ; 0          ; |top|fft128:u_fft128|lpm_mult:Mult0|mult_pgs:auto_generated                                                                                     ; mult_pgs            ; work         ;
;       |lpm_mult:Mult1|                            ; 5 (0)               ; 0 (0)                     ; 0           ; 0          ; 4            ; 0       ; 2         ; 0    ; 0            ; 0          ; |top|fft128:u_fft128|lpm_mult:Mult1                                                                                                             ; lpm_mult            ; work         ;
;          |mult_ngs:auto_generated|                ; 5 (5)               ; 0 (0)                     ; 0           ; 0          ; 4            ; 0       ; 2         ; 0    ; 0            ; 0          ; |top|fft128:u_fft128|lpm_mult:Mult1|mult_ngs:auto_generated                                                                                     ; mult_ngs            ; work         ;
;       |lpm_mult:Mult2|                            ; 6 (0)               ; 0 (0)                     ; 0           ; 0          ; 4            ; 0       ; 2         ; 0    ; 0            ; 0          ; |top|fft128:u_fft128|lpm_mult:Mult2                                                                                                             ; lpm_mult            ; work         ;
;          |mult_ugs:auto_generated|                ; 6 (6)               ; 0 (0)                     ; 0           ; 0          ; 4            ; 0       ; 2         ; 0    ; 0            ; 0          ; |top|fft128:u_fft128|lpm_mult:Mult2|mult_ugs:auto_generated                                                                                     ; mult_ugs            ; work         ;
;       |lpm_mult:Mult3|                            ; 6 (0)               ; 0 (0)                     ; 0           ; 0          ; 4            ; 0       ; 2         ; 0    ; 0            ; 0          ; |top|fft128:u_fft128|lpm_mult:Mult3                                                                                                             ; lpm_mult            ; work         ;
;          |mult_ugs:auto_generated|                ; 6 (6)               ; 0 (0)                     ; 0           ; 0          ; 4            ; 0       ; 2         ; 0    ; 0            ; 0          ; |top|fft128:u_fft128|lpm_mult:Mult3|mult_ugs:auto_generated                                                                                     ; mult_ugs            ; work         ;
;       |lpm_mult:Mult4|                            ; 5 (0)               ; 0 (0)                     ; 0           ; 0          ; 4            ; 0       ; 2         ; 0    ; 0            ; 0          ; |top|fft128:u_fft128|lpm_mult:Mult4                                                                                                             ; lpm_mult            ; work         ;
;          |mult_ngs:auto_generated|                ; 5 (5)               ; 0 (0)                     ; 0           ; 0          ; 4            ; 0       ; 2         ; 0    ; 0            ; 0          ; |top|fft128:u_fft128|lpm_mult:Mult4|mult_ngs:auto_generated                                                                                     ; mult_ngs            ; work         ;
;       |lpm_mult:Mult5|                            ; 0 (0)               ; 0 (0)                     ; 0           ; 0          ; 2            ; 0       ; 1         ; 0    ; 0            ; 0          ; |top|fft128:u_fft128|lpm_mult:Mult5                                                                                                             ; lpm_mult            ; work         ;
;          |mult_pgs:auto_generated|                ; 0 (0)               ; 0 (0)                     ; 0           ; 0          ; 2            ; 0       ; 1         ; 0    ; 0            ; 0          ; |top|fft128:u_fft128|lpm_mult:Mult5|mult_pgs:auto_generated                                                                                     ; mult_pgs            ; work         ;
;       |lpm_mult:Mult6|                            ; 0 (0)               ; 0 (0)                     ; 0           ; 0          ; 2            ; 0       ; 1         ; 0    ; 0            ; 0          ; |top|fft128:u_fft128|lpm_mult:Mult6                                                                                                             ; lpm_mult            ; work         ;
;          |mult_pgs:auto_generated|                ; 0 (0)               ; 0 (0)                     ; 0           ; 0          ; 2            ; 0       ; 1         ; 0    ; 0            ; 0          ; |top|fft128:u_fft128|lpm_mult:Mult6|mult_pgs:auto_generated                                                                                     ; mult_pgs            ; work         ;
;    |i2s_rx:u_i2s_rx|                              ; 38 (38)             ; 62 (62)                   ; 0           ; 0          ; 0            ; 0       ; 0         ; 0    ; 0            ; 0          ; |top|i2s_rx:u_i2s_rx                                                                                                                            ; i2s_rx              ; work         ;
;    |lcd_wave:u_lcd_wave|                          ; 719 (528)           ; 206 (206)                 ; 512         ; 0          ; 0            ; 0       ; 0         ; 0    ; 0            ; 0          ; |top|lcd_wave:u_lcd_wave                                                                                                                        ; lcd_wave            ; work         ;
;       |altsyncram:bar_snap_rtl_0|                 ; 0 (0)               ; 0 (0)                     ; 512         ; 0          ; 0            ; 0       ; 0         ; 0    ; 0            ; 0          ; |top|lcd_wave:u_lcd_wave|altsyncram:bar_snap_rtl_0                                                                                              ; altsyncram          ; work         ;
;          |altsyncram_c1d1:auto_generated|         ; 0 (0)               ; 0 (0)                     ; 512         ; 0          ; 0            ; 0       ; 0         ; 0    ; 0            ; 0          ; |top|lcd_wave:u_lcd_wave|altsyncram:bar_snap_rtl_0|altsyncram_c1d1:auto_generated                                                               ; altsyncram_c1d1     ; work         ;
;       |lpm_divide:Div0|                           ; 69 (0)              ; 0 (0)                     ; 0           ; 0          ; 0            ; 0       ; 0         ; 0    ; 0            ; 0          ; |top|lcd_wave:u_lcd_wave|lpm_divide:Div0                                                                                                        ; lpm_divide          ; work         ;
;          |lpm_divide_9sl:auto_generated|          ; 69 (0)              ; 0 (0)                     ; 0           ; 0          ; 0            ; 0       ; 0         ; 0    ; 0            ; 0          ; |top|lcd_wave:u_lcd_wave|lpm_divide:Div0|lpm_divide_9sl:auto_generated                                                                          ; lpm_divide_9sl      ; work         ;
;             |sign_div_unsign_bkh:divider|         ; 69 (0)              ; 0 (0)                     ; 0           ; 0          ; 0            ; 0       ; 0         ; 0    ; 0            ; 0          ; |top|lcd_wave:u_lcd_wave|lpm_divide:Div0|lpm_divide_9sl:auto_generated|sign_div_unsign_bkh:divider                                              ; sign_div_unsign_bkh ; work         ;
;                |alt_u_div_0fe:divider|            ; 69 (69)             ; 0 (0)                     ; 0           ; 0          ; 0            ; 0       ; 0         ; 0    ; 0            ; 0          ; |top|lcd_wave:u_lcd_wave|lpm_divide:Div0|lpm_divide_9sl:auto_generated|sign_div_unsign_bkh:divider|alt_u_div_0fe:divider                        ; alt_u_div_0fe       ; work         ;
;       |lpm_divide:Mod0|                           ; 70 (0)              ; 0 (0)                     ; 0           ; 0          ; 0            ; 0       ; 0         ; 0    ; 0            ; 0          ; |top|lcd_wave:u_lcd_wave|lpm_divide:Mod0                                                                                                        ; lpm_divide          ; work         ;
;          |lpm_divide_ckl:auto_generated|          ; 70 (0)              ; 0 (0)                     ; 0           ; 0          ; 0            ; 0       ; 0         ; 0    ; 0            ; 0          ; |top|lcd_wave:u_lcd_wave|lpm_divide:Mod0|lpm_divide_ckl:auto_generated                                                                          ; lpm_divide_ckl      ; work         ;
;             |sign_div_unsign_bkh:divider|         ; 70 (0)              ; 0 (0)                     ; 0           ; 0          ; 0            ; 0       ; 0         ; 0    ; 0            ; 0          ; |top|lcd_wave:u_lcd_wave|lpm_divide:Mod0|lpm_divide_ckl:auto_generated|sign_div_unsign_bkh:divider                                              ; sign_div_unsign_bkh ; work         ;
;                |alt_u_div_0fe:divider|            ; 70 (70)             ; 0 (0)                     ; 0           ; 0          ; 0            ; 0       ; 0         ; 0    ; 0            ; 0          ; |top|lcd_wave:u_lcd_wave|lpm_divide:Mod0|lpm_divide_ckl:auto_generated|sign_div_unsign_bkh:divider|alt_u_div_0fe:divider                        ; alt_u_div_0fe       ; work         ;
;       |lpm_mult:Mult0|                            ; 52 (0)              ; 0 (0)                     ; 0           ; 0          ; 0            ; 0       ; 0         ; 0    ; 0            ; 0          ; |top|lcd_wave:u_lcd_wave|lpm_mult:Mult0                                                                                                         ; lpm_mult            ; work         ;
;          |mult_qks:auto_generated|                ; 52 (52)             ; 0 (0)                     ; 0           ; 0          ; 0            ; 0       ; 0         ; 0    ; 0            ; 0          ; |top|lcd_wave:u_lcd_wave|lpm_mult:Mult0|mult_qks:auto_generated                                                                                 ; mult_qks            ; work         ;
;    |moving_avg:u_moving_avg|                      ; 155 (155)           ; 154 (154)                 ; 0           ; 0          ; 0            ; 0       ; 0         ; 0    ; 0            ; 0          ; |top|moving_avg:u_moving_avg                                                                                                                    ; moving_avg          ; work         ;
;    |spectrum:u_spectrum|                          ; 493 (454)           ; 226 (226)                 ; 2048        ; 0          ; 0            ; 0       ; 0         ; 0    ; 0            ; 0          ; |top|spectrum:u_spectrum                                                                                                                        ; spectrum            ; work         ;
;       |altsyncram:bar_life_rtl_0|                 ; 0 (0)               ; 0 (0)                     ; 1024        ; 0          ; 0            ; 0       ; 0         ; 0    ; 0            ; 0          ; |top|spectrum:u_spectrum|altsyncram:bar_life_rtl_0                                                                                              ; altsyncram          ; work         ;
;          |altsyncram_k7g1:auto_generated|         ; 0 (0)               ; 0 (0)                     ; 1024        ; 0          ; 0            ; 0       ; 0         ; 0    ; 0            ; 0          ; |top|spectrum:u_spectrum|altsyncram:bar_life_rtl_0|altsyncram_k7g1:auto_generated                                                               ; altsyncram_k7g1     ; work         ;
;       |altsyncram:bar_ram_rtl_0|                  ; 0 (0)               ; 0 (0)                     ; 512         ; 0          ; 0            ; 0       ; 0         ; 0    ; 0            ; 0          ; |top|spectrum:u_spectrum|altsyncram:bar_ram_rtl_0                                                                                               ; altsyncram          ; work         ;
;          |altsyncram_m4g1:auto_generated|         ; 0 (0)               ; 0 (0)                     ; 512         ; 0          ; 0            ; 0       ; 0         ; 0    ; 0            ; 0          ; |top|spectrum:u_spectrum|altsyncram:bar_ram_rtl_0|altsyncram_m4g1:auto_generated                                                                ; altsyncram_m4g1     ; work         ;
;       |altsyncram:bar_ram_rtl_1|                  ; 0 (0)               ; 0 (0)                     ; 512         ; 0          ; 0            ; 0       ; 0         ; 0    ; 0            ; 0          ; |top|spectrum:u_spectrum|altsyncram:bar_ram_rtl_1                                                                                               ; altsyncram          ; work         ;
;          |altsyncram_m4g1:auto_generated|         ; 0 (0)               ; 0 (0)                     ; 512         ; 0          ; 0            ; 0       ; 0         ; 0    ; 0            ; 0          ; |top|spectrum:u_spectrum|altsyncram:bar_ram_rtl_1|altsyncram_m4g1:auto_generated                                                                ; altsyncram_m4g1     ; work         ;
;       |lpm_mult:Mult0|                            ; 39 (0)              ; 0 (0)                     ; 0           ; 0          ; 0            ; 0       ; 0         ; 0    ; 0            ; 0          ; |top|spectrum:u_spectrum|lpm_mult:Mult0                                                                                                         ; lpm_mult            ; work         ;
;          |multcore:mult_core|                     ; 39 (24)             ; 0 (0)                     ; 0           ; 0          ; 0            ; 0       ; 0         ; 0    ; 0            ; 0          ; |top|spectrum:u_spectrum|lpm_mult:Mult0|multcore:mult_core                                                                                      ; multcore            ; work         ;
;             |mpar_add:padder|                     ; 15 (0)              ; 0 (0)                     ; 0           ; 0          ; 0            ; 0       ; 0         ; 0    ; 0            ; 0          ; |top|spectrum:u_spectrum|lpm_mult:Mult0|multcore:mult_core|mpar_add:padder                                                                      ; mpar_add            ; work         ;
;                |lpm_add_sub:adder[0]|             ; 8 (0)               ; 0 (0)                     ; 0           ; 0          ; 0            ; 0       ; 0         ; 0    ; 0            ; 0          ; |top|spectrum:u_spectrum|lpm_mult:Mult0|multcore:mult_core|mpar_add:padder|lpm_add_sub:adder[0]                                                 ; lpm_add_sub         ; work         ;
;                   |add_sub_1qg:auto_generated|    ; 8 (8)               ; 0 (0)                     ; 0           ; 0          ; 0            ; 0       ; 0         ; 0    ; 0            ; 0          ; |top|spectrum:u_spectrum|lpm_mult:Mult0|multcore:mult_core|mpar_add:padder|lpm_add_sub:adder[0]|add_sub_1qg:auto_generated                      ; add_sub_1qg         ; work         ;
;                |mpar_add:sub_par_add|             ; 7 (0)               ; 0 (0)                     ; 0           ; 0          ; 0            ; 0       ; 0         ; 0    ; 0            ; 0          ; |top|spectrum:u_spectrum|lpm_mult:Mult0|multcore:mult_core|mpar_add:padder|mpar_add:sub_par_add                                                 ; mpar_add            ; work         ;
;                   |lpm_add_sub:adder[0]|          ; 7 (0)               ; 0 (0)                     ; 0           ; 0          ; 0            ; 0       ; 0         ; 0    ; 0            ; 0          ; |top|spectrum:u_spectrum|lpm_mult:Mult0|multcore:mult_core|mpar_add:padder|mpar_add:sub_par_add|lpm_add_sub:adder[0]                            ; lpm_add_sub         ; work         ;
;                      |add_sub_crg:auto_generated| ; 7 (7)               ; 0 (0)                     ; 0           ; 0          ; 0            ; 0       ; 0         ; 0    ; 0            ; 0          ; |top|spectrum:u_spectrum|lpm_mult:Mult0|multcore:mult_core|mpar_add:padder|mpar_add:sub_par_add|lpm_add_sub:adder[0]|add_sub_crg:auto_generated ; add_sub_crg         ; work         ;
;    |sw_debounce:u_sw_dec|                         ; 34 (34)             ; 28 (28)                   ; 0           ; 0          ; 0            ; 0       ; 0         ; 0    ; 0            ; 0          ; |top|sw_debounce:u_sw_dec                                                                                                                       ; sw_debounce         ; work         ;
;    |sw_debounce:u_sw_inc|                         ; 35 (35)             ; 28 (28)                   ; 0           ; 0          ; 0            ; 0       ; 0         ; 0    ; 0            ; 0          ; |top|sw_debounce:u_sw_inc                                                                                                                       ; sw_debounce         ; work         ;
+---------------------------------------------------+---------------------+---------------------------+-------------+------------+--------------+---------+-----------+------+--------------+------------+-------------------------------------------------------------------------------------------------------------------------------------------------+---------------------+--------------+
Note: For table entries with two numbers listed, the numbers in parentheses indicate the number of resources of the given type used by the specific entity alone. The numbers listed outside of parentheses indicate the total resources of the given type used by the specific entity and all of its sub-entities in the hierarchy.


+----------------------------------------------------------------------------------------------------------------------------------------------------------------------------------------------+
; Analysis & Synthesis RAM Summary                                                                                                                                                             ;
+-----------------------------------------------------------------------------------------+------+------------------+--------------+--------------+--------------+--------------+-------+------+
; Name                                                                                    ; Type ; Mode             ; Port A Depth ; Port A Width ; Port B Depth ; Port B Width ; Size  ; MIF  ;
+-----------------------------------------------------------------------------------------+------+------------------+--------------+--------------+--------------+--------------+-------+------+
; audio_buf:u_audio_buf|altsyncram:mem_rtl_0|altsyncram_ugg1:auto_generated|ALTSYNCRAM    ; AUTO ; Simple Dual Port ; 4096         ; 15           ; 4096         ; 15           ; 61440 ; None ;
; fft128:u_fft128|altsyncram:buf0_rtl_0|altsyncram_0rb1:auto_generated|ALTSYNCRAM         ; AUTO ; Simple Dual Port ; 128          ; 16           ; 128          ; 16           ; 2048  ; None ;
; fft128:u_fft128|altsyncram:buf1_rtl_0|altsyncram_0rb1:auto_generated|ALTSYNCRAM         ; AUTO ; Simple Dual Port ; 128          ; 16           ; 128          ; 16           ; 2048  ; None ;
; fft128:u_fft128|altsyncram:mem_im_rtl_0|altsyncram_mag1:auto_generated|ALTSYNCRAM       ; AUTO ; Simple Dual Port ; 128          ; 24           ; 128          ; 24           ; 3072  ; None ;
; fft128:u_fft128|altsyncram:mem_mag2_rtl_0|altsyncram_i7g1:auto_generated|ALTSYNCRAM     ; AUTO ; Simple Dual Port ; 64           ; 33           ; 64           ; 33           ; 2112  ; None ;
; fft128:u_fft128|altsyncram:mem_re_rtl_0|altsyncram_mag1:auto_generated|ALTSYNCRAM       ; AUTO ; Simple Dual Port ; 128          ; 24           ; 128          ; 24           ; 3072  ; None ;
; lcd_wave:u_lcd_wave|altsyncram:bar_snap_rtl_0|altsyncram_c1d1:auto_generated|ALTSYNCRAM ; AUTO ; Simple Dual Port ; 64           ; 8            ; 64           ; 8            ; 512   ; None ;
; spectrum:u_spectrum|altsyncram:bar_life_rtl_0|altsyncram_k7g1:auto_generated|ALTSYNCRAM ; AUTO ; Simple Dual Port ; 64           ; 16           ; 64           ; 16           ; 1024  ; None ;
; spectrum:u_spectrum|altsyncram:bar_ram_rtl_0|altsyncram_m4g1:auto_generated|ALTSYNCRAM  ; AUTO ; Simple Dual Port ; 64           ; 8            ; 64           ; 8            ; 512   ; None ;
; spectrum:u_spectrum|altsyncram:bar_ram_rtl_1|altsyncram_m4g1:auto_generated|ALTSYNCRAM  ; AUTO ; Simple Dual Port ; 64           ; 8            ; 64           ; 8            ; 512   ; None ;
+-----------------------------------------------------------------------------------------+------+------------------+--------------+--------------+--------------+--------------+-------+------+


+-----------------------------------------------------+
; Analysis & Synthesis DSP Block Usage Summary        ;
+---------------------------------------+-------------+
; Statistic                             ; Number Used ;
+---------------------------------------+-------------+
; Simple Multipliers (9-bit)            ; 0           ;
; Simple Multipliers (18-bit)           ; 11          ;
; Embedded Multiplier Blocks            ; --          ;
; Embedded Multiplier 9-bit elements    ; 22          ;
; Signed Embedded Multipliers           ; 7           ;
; Unsigned Embedded Multipliers         ; 0           ;
; Mixed Sign Embedded Multipliers       ; 4           ;
; Variable Sign Embedded Multipliers    ; 0           ;
; Dedicated Input Shift Register Chains ; 0           ;
+---------------------------------------+-------------+
Note: number of Embedded Multiplier Blocks used is only available after a successful fit.


Encoding Type:  One-Hot
+------------------------------------------------+
; State Machine - |top|lcd_wave:u_lcd_wave|ld_ph ;
+----------+----------+----------+---------------+
; Name     ; ld_ph.00 ; ld_ph.10 ; ld_ph.01      ;
+----------+----------+----------+---------------+
; ld_ph.00 ; 0        ; 0        ; 0             ;
; ld_ph.01 ; 1        ; 0        ; 1             ;
; ld_ph.10 ; 1        ; 1        ; 0             ;
+----------+----------+----------+---------------+


Encoding Type:  One-Hot
+---------------------------------------------------------------------------------------------------------------------------------------------------------------------------------------------------------------------------------------------------------------------------------------------------------------------+
; State Machine - |top|lcd_wave:u_lcd_wave|state                                                                                                                                                                                                                                                                      ;
+---------------------+----------------+--------------------+-------------------+------------------+-------------------+------------------+-------------------+----------------+------------------+---------------------+--------------------+-------------------+-------------------+-----------------+--------------+
; Name                ; state.S_BAR_LD ; state.S_NEXT_FRAME ; state.S_FRAME_END ; state.S_PIX_LO_W ; state.S_PIX_LO_TX ; state.S_PIX_HI_W ; state.S_PIX_HI_TX ; state.S_PIX_RD ; state.S_PIX_CALC ; state.S_FRAME_START ; state.S_SLPOUT_DLY ; state.S_SWRST_DLY ; state.S_INIT_WAIT ; state.S_INIT_TX ; state.S_WAIT ;
+---------------------+----------------+--------------------+-------------------+------------------+-------------------+------------------+-------------------+----------------+------------------+---------------------+--------------------+-------------------+-------------------+-----------------+--------------+
; state.S_WAIT        ; 0              ; 0                  ; 0                 ; 0                ; 0                 ; 0                ; 0                 ; 0              ; 0                ; 0                   ; 0                  ; 0                 ; 0                 ; 0               ; 0            ;
; state.S_INIT_TX     ; 0              ; 0                  ; 0                 ; 0                ; 0                 ; 0                ; 0                 ; 0              ; 0                ; 0                   ; 0                  ; 0                 ; 0                 ; 1               ; 1            ;
; state.S_INIT_WAIT   ; 0              ; 0                  ; 0                 ; 0                ; 0                 ; 0                ; 0                 ; 0              ; 0                ; 0                   ; 0                  ; 0                 ; 1                 ; 0               ; 1            ;
; state.S_SWRST_DLY   ; 0              ; 0                  ; 0                 ; 0                ; 0                 ; 0                ; 0                 ; 0              ; 0                ; 0                   ; 0                  ; 1                 ; 0                 ; 0               ; 1            ;
; state.S_SLPOUT_DLY  ; 0              ; 0                  ; 0                 ; 0                ; 0                 ; 0                ; 0                 ; 0              ; 0                ; 0                   ; 1                  ; 0                 ; 0                 ; 0               ; 1            ;
; state.S_FRAME_START ; 0              ; 0                  ; 0                 ; 0                ; 0                 ; 0                ; 0                 ; 0              ; 0                ; 1                   ; 0                  ; 0                 ; 0                 ; 0               ; 1            ;
; state.S_PIX_CALC    ; 0              ; 0                  ; 0                 ; 0                ; 0                 ; 0                ; 0                 ; 0              ; 1                ; 0                   ; 0                  ; 0                 ; 0                 ; 0               ; 1            ;
; state.S_PIX_RD      ; 0              ; 0                  ; 0                 ; 0                ; 0                 ; 0                ; 0                 ; 1              ; 0                ; 0                   ; 0                  ; 0                 ; 0                 ; 0               ; 1            ;
; state.S_PIX_HI_TX   ; 0              ; 0                  ; 0                 ; 0                ; 0                 ; 0                ; 1                 ; 0              ; 0                ; 0                   ; 0                  ; 0                 ; 0                 ; 0               ; 1            ;
; state.S_PIX_HI_W    ; 0              ; 0                  ; 0                 ; 0                ; 0                 ; 1                ; 0                 ; 0              ; 0                ; 0                   ; 0                  ; 0                 ; 0                 ; 0               ; 1            ;
; state.S_PIX_LO_TX   ; 0              ; 0                  ; 0                 ; 0                ; 1                 ; 0                ; 0                 ; 0              ; 0                ; 0                   ; 0                  ; 0                 ; 0                 ; 0               ; 1            ;
; state.S_PIX_LO_W    ; 0              ; 0                  ; 0                 ; 1                ; 0                 ; 0                ; 0                 ; 0              ; 0                ; 0                   ; 0                  ; 0                 ; 0                 ; 0               ; 1            ;
; state.S_FRAME_END   ; 0              ; 0                  ; 1                 ; 0                ; 0                 ; 0                ; 0                 ; 0              ; 0                ; 0                   ; 0                  ; 0                 ; 0                 ; 0               ; 1            ;
; state.S_NEXT_FRAME  ; 0              ; 1                  ; 0                 ; 0                ; 0                 ; 0                ; 0                 ; 0              ; 0                ; 0                   ; 0                  ; 0                 ; 0                 ; 0               ; 1            ;
; state.S_BAR_LD      ; 1              ; 0                  ; 0                 ; 0                ; 0                 ; 0                ; 0                 ; 0              ; 0                ; 0                   ; 0                  ; 0                 ; 0                 ; 0               ; 1            ;
+---------------------+----------------+--------------------+-------------------+------------------+-------------------+------------------+-------------------+----------------+------------------+---------------------+--------------------+-------------------+-------------------+-----------------+--------------+


Encoding Type:  One-Hot
+---------------------------------------------------------------------------------------------------------------------------------+
; State Machine - |top|spectrum:u_spectrum|state                                                                                  ;
+--------------+--------------+--------------+-------------+--------------+-------------+------------+--------------+-------------+
; Name         ; state.S_HOLD ; state.S_GAIN ; state.S_LOG ; state.S_NORM ; state.S_ENC ; state.S_W1 ; state.S_IDLE ; state.S_CLR ;
+--------------+--------------+--------------+-------------+--------------+-------------+------------+--------------+-------------+
; state.S_CLR  ; 0            ; 0            ; 0           ; 0            ; 0           ; 0          ; 0            ; 0           ;
; state.S_IDLE ; 0            ; 0            ; 0           ; 0            ; 0           ; 0          ; 1            ; 1           ;
; state.S_W1   ; 0            ; 0            ; 0           ; 0            ; 0           ; 1          ; 0            ; 1           ;
; state.S_ENC  ; 0            ; 0            ; 0           ; 0            ; 1           ; 0          ; 0            ; 1           ;
; state.S_NORM ; 0            ; 0            ; 0           ; 1            ; 0           ; 0          ; 0            ; 1           ;
; state.S_LOG  ; 0            ; 0            ; 1           ; 0            ; 0           ; 0          ; 0            ; 1           ;
; state.S_GAIN ; 0            ; 1            ; 0           ; 0            ; 0           ; 0          ; 0            ; 1           ;
; state.S_HOLD ; 1            ; 0            ; 0           ; 0            ; 0           ; 0          ; 0            ; 1           ;
+--------------+--------------+--------------+-------------+--------------+-------------+------------+--------------+-------------+


Encoding Type:  One-Hot
+--------------------------------------------------------------------------------------------------------------------------------------------------------------------------------------------------------------------------------------------------------------------+
; State Machine - |top|fft128:u_fft128|state                                                                                                                                                                                                                         ;
+---------------+---------------+---------------+---------------+---------------+---------------+--------------+--------------+--------------+--------------+--------------+--------------+--------------+--------------+--------------+--------------+--------------+
; Name          ; state.S_OUT_E ; state.S_OUT_D ; state.S_OUT_C ; state.S_OUT_B ; state.S_OUT_A ; state.S_BF_I ; state.S_BF_H ; state.S_BF_G ; state.S_BF_F ; state.S_BF_E ; state.S_BF_D ; state.S_BF_C ; state.S_BF_B ; state.S_BF_A ; state.S_LOAD ; state.S_IDLE ;
+---------------+---------------+---------------+---------------+---------------+---------------+--------------+--------------+--------------+--------------+--------------+--------------+--------------+--------------+--------------+--------------+--------------+
; state.S_IDLE  ; 0             ; 0             ; 0             ; 0             ; 0             ; 0            ; 0            ; 0            ; 0            ; 0            ; 0            ; 0            ; 0            ; 0            ; 0            ; 0            ;
; state.S_LOAD  ; 0             ; 0             ; 0             ; 0             ; 0             ; 0            ; 0            ; 0            ; 0            ; 0            ; 0            ; 0            ; 0            ; 0            ; 1            ; 1            ;
; state.S_BF_A  ; 0             ; 0             ; 0             ; 0             ; 0             ; 0            ; 0            ; 0            ; 0            ; 0            ; 0            ; 0            ; 0            ; 1            ; 0            ; 1            ;
; state.S_BF_B  ; 0             ; 0             ; 0             ; 0             ; 0             ; 0            ; 0            ; 0            ; 0            ; 0            ; 0            ; 0            ; 1            ; 0            ; 0            ; 1            ;
; state.S_BF_C  ; 0             ; 0             ; 0             ; 0             ; 0             ; 0            ; 0            ; 0            ; 0            ; 0            ; 0            ; 1            ; 0            ; 0            ; 0            ; 1            ;
; state.S_BF_D  ; 0             ; 0             ; 0             ; 0             ; 0             ; 0            ; 0            ; 0            ; 0            ; 0            ; 1            ; 0            ; 0            ; 0            ; 0            ; 1            ;
; state.S_BF_E  ; 0             ; 0             ; 0             ; 0             ; 0             ; 0            ; 0            ; 0            ; 0            ; 1            ; 0            ; 0            ; 0            ; 0            ; 0            ; 1            ;
; state.S_BF_F  ; 0             ; 0             ; 0             ; 0             ; 0             ; 0            ; 0            ; 0            ; 1            ; 0            ; 0            ; 0            ; 0            ; 0            ; 0            ; 1            ;
; state.S_BF_G  ; 0             ; 0             ; 0             ; 0             ; 0             ; 0            ; 0            ; 1            ; 0            ; 0            ; 0            ; 0            ; 0            ; 0            ; 0            ; 1            ;
; state.S_BF_H  ; 0             ; 0             ; 0             ; 0             ; 0             ; 0            ; 1            ; 0            ; 0            ; 0            ; 0            ; 0            ; 0            ; 0            ; 0            ; 1            ;
; state.S_BF_I  ; 0             ; 0             ; 0             ; 0             ; 0             ; 1            ; 0            ; 0            ; 0            ; 0            ; 0            ; 0            ; 0            ; 0            ; 0            ; 1            ;
; state.S_OUT_A ; 0             ; 0             ; 0             ; 0             ; 1             ; 0            ; 0            ; 0            ; 0            ; 0            ; 0            ; 0            ; 0            ; 0            ; 0            ; 1            ;
; state.S_OUT_B ; 0             ; 0             ; 0             ; 1             ; 0             ; 0            ; 0            ; 0            ; 0            ; 0            ; 0            ; 0            ; 0            ; 0            ; 0            ; 1            ;
; state.S_OUT_C ; 0             ; 0             ; 1             ; 0             ; 0             ; 0            ; 0            ; 0            ; 0            ; 0            ; 0            ; 0            ; 0            ; 0            ; 0            ; 1            ;
; state.S_OUT_D ; 0             ; 1             ; 0             ; 0             ; 0             ; 0            ; 0            ; 0            ; 0            ; 0            ; 0            ; 0            ; 0            ; 0            ; 0            ; 1            ;
; state.S_OUT_E ; 1             ; 0             ; 0             ; 0             ; 0             ; 0            ; 0            ; 0            ; 0            ; 0            ; 0            ; 0            ; 0            ; 0            ; 0            ; 1            ;
+---------------+---------------+---------------+---------------+---------------+---------------+--------------+--------------+--------------+--------------+--------------+--------------+--------------+--------------+--------------+--------------+--------------+


+----------------------------------------------------------------------------------------+
; Registers Removed During Synthesis                                                     ;
+----------------------------------------+-----------------------------------------------+
; Register name                          ; Reason for Removal                            ;
+----------------------------------------+-----------------------------------------------+
; lcd_wave:u_lcd_wave|cur_color[0,2,4]   ; Stuck at GND due to stuck port data_in        ;
; fft128:u_fft128|m2w_data[33]           ; Stuck at GND due to stuck port data_in        ;
; moving_avg:u_moving_avg|data_out[0]    ; Lost fanout                                   ;
; fft128:u_fft128|mag2[33]               ; Stuck at GND due to stuck port data_in        ;
; spectrum:u_spectrum|m2_r[33]           ; Stuck at GND due to stuck port data_in        ;
; fft128:u_fft128|p1[38,39]              ; Lost fanout                                   ;
; fft128:u_fft128|p2[38,39]              ; Lost fanout                                   ;
; fft128:u_fft128|p3[38,39]              ; Lost fanout                                   ;
; fft128:u_fft128|p4[38,39]              ; Lost fanout                                   ;
; lcd_wave:u_lcd_wave|cur_color[11,13]   ; Merged with lcd_wave:u_lcd_wave|cur_color[15] ;
; lcd_wave:u_lcd_wave|cur_color[5,8]     ; Merged with lcd_wave:u_lcd_wave|cur_color[10] ;
; spectrum:u_spectrum|exp_r[5]           ; Merged with spectrum:u_spectrum|m2_r[32]      ;
; moving_avg:u_moving_avg|data_out[15]   ; Merged with moving_avg:u_moving_avg|acc[18]   ;
; moving_avg:u_moving_avg|data_out[14]   ; Merged with moving_avg:u_moving_avg|acc[17]   ;
; moving_avg:u_moving_avg|data_out[13]   ; Merged with moving_avg:u_moving_avg|acc[16]   ;
; moving_avg:u_moving_avg|data_out[12]   ; Merged with moving_avg:u_moving_avg|acc[15]   ;
; moving_avg:u_moving_avg|data_out[11]   ; Merged with moving_avg:u_moving_avg|acc[14]   ;
; moving_avg:u_moving_avg|data_out[10]   ; Merged with moving_avg:u_moving_avg|acc[13]   ;
; moving_avg:u_moving_avg|data_out[9]    ; Merged with moving_avg:u_moving_avg|acc[12]   ;
; moving_avg:u_moving_avg|data_out[8]    ; Merged with moving_avg:u_moving_avg|acc[11]   ;
; moving_avg:u_moving_avg|data_out[7]    ; Merged with moving_avg:u_moving_avg|acc[10]   ;
; moving_avg:u_moving_avg|data_out[6]    ; Merged with moving_avg:u_moving_avg|acc[9]    ;
; moving_avg:u_moving_avg|data_out[5]    ; Merged with moving_avg:u_moving_avg|acc[8]    ;
; moving_avg:u_moving_avg|data_out[4]    ; Merged with moving_avg:u_moving_avg|acc[7]    ;
; moving_avg:u_moving_avg|data_out[3]    ; Merged with moving_avg:u_moving_avg|acc[6]    ;
; moving_avg:u_moving_avg|data_out[2]    ; Merged with moving_avg:u_moving_avg|acc[5]    ;
; moving_avg:u_moving_avg|data_out[1]    ; Merged with moving_avg:u_moving_avg|acc[4]    ;
; moving_avg:u_moving_avg|wp[0]          ; Merged with led_sample                        ;
; spectrum:u_spectrum|mag_addr[5]        ; Merged with spectrum:u_spectrum|bin[5]        ;
; spectrum:u_spectrum|mag_addr[4]        ; Merged with spectrum:u_spectrum|bin[4]        ;
; spectrum:u_spectrum|mag_addr[3]        ; Merged with spectrum:u_spectrum|bin[3]        ;
; spectrum:u_spectrum|mag_addr[2]        ; Merged with spectrum:u_spectrum|bin[2]        ;
; spectrum:u_spectrum|mag_addr[1]        ; Merged with spectrum:u_spectrum|bin[1]        ;
; spectrum:u_spectrum|mag_addr[0]        ; Merged with spectrum:u_spectrum|bin[0]        ;
; fft128:u_fft128|blk_count[0]           ; Merged with fft128:u_fft128|buf_sel           ;
; i2s_rx:u_i2s_rx|ws_r                   ; Merged with i2s_rx:u_i2s_rx|bit_idx[5]        ;
; fft128:u_fft128|q1[1]                  ; Stuck at GND due to stuck port data_in        ;
; fft128:u_fft128|q2[1]                  ; Stuck at GND due to stuck port data_in        ;
; spectrum:u_spectrum|pk[33]             ; Stuck at GND due to stuck port data_in        ;
; lcd_wave:u_lcd_wave|spp_r[4..7]        ; Stuck at GND due to stuck port data_in        ;
; lcd_wave:u_lcd_wave|state~18           ; Lost fanout                                   ;
; lcd_wave:u_lcd_wave|state~19           ; Lost fanout                                   ;
; lcd_wave:u_lcd_wave|state~20           ; Lost fanout                                   ;
; lcd_wave:u_lcd_wave|state~21           ; Lost fanout                                   ;
; spectrum:u_spectrum|state~11           ; Lost fanout                                   ;
; spectrum:u_spectrum|state~12           ; Lost fanout                                   ;
; spectrum:u_spectrum|state~13           ; Lost fanout                                   ;
; fft128:u_fft128|state~14               ; Lost fanout                                   ;
; fft128:u_fft128|state~15               ; Lost fanout                                   ;
; fft128:u_fft128|state~16               ; Lost fanout                                   ;
; fft128:u_fft128|state~17               ; Lost fanout                                   ;
; fft128:u_fft128|state.S_OUT_E          ; Merged with fft128:u_fft128|m2w_we            ;
; moving_avg:u_moving_avg|acc[19]        ; Lost fanout                                   ;
; Total Number of Removed Registers = 64 ;                                               ;
+----------------------------------------+-----------------------------------------------+


+-----------------------------------------------------------------------------------------------------------------+
; Removed Registers Triggering Further Register Optimizations                                                     ;
+--------------------------+---------------------------+----------------------------------------------------------+
; Register name            ; Reason for Removal        ; Registers Removed due to This Register                   ;
+--------------------------+---------------------------+----------------------------------------------------------+
; fft128:u_fft128|mag2[33] ; Stuck at GND              ; spectrum:u_spectrum|m2_r[33], spectrum:u_spectrum|pk[33] ;
;                          ; due to stuck port data_in ;                                                          ;
+--------------------------+---------------------------+----------------------------------------------------------+


+------------------------------------------------------+
; General Register Statistics                          ;
+----------------------------------------------+-------+
; Statistic                                    ; Value ;
+----------------------------------------------+-------+
; Total registers                              ; 1462  ;
; Number of registers using Synchronous Clear  ; 149   ;
; Number of registers using Synchronous Load   ; 71    ;
; Number of registers using Asynchronous Clear ; 1162  ;
; Number of registers using Asynchronous Load  ; 0     ;
; Number of registers using Clock Enable       ; 1155  ;
; Number of registers using Preset             ; 0     ;
+----------------------------------------------+-------+


+--------------------------------------------------+
; Inverted Register Statistics                     ;
+----------------------------------------+---------+
; Inverted Register                      ; Fan out ;
+----------------------------------------+---------+
; lcd_wave:u_lcd_wave|lcd_cs             ; 2       ;
; lcd_wave:u_lcd_wave|spp_r[0]           ; 15      ;
; Total number of inverted registers = 2 ;         ;
+----------------------------------------+---------+


+--------------------------------------------------------------------------------+
; Registers Packed Into Inferred Megafunctions                                   ;
+------------------------------------+------------------------------------+------+
; Register Name                      ; Megafunction                       ; Type ;
+------------------------------------+------------------------------------+------+
; lcd_wave:u_lcd_wave|bar_cur[0..7]  ; lcd_wave:u_lcd_wave|bar_snap_rtl_0 ; RAM  ;
; audio_buf:u_audio_buf|rdata[1..15] ; audio_buf:u_audio_buf|mem_rtl_0    ; RAM  ;
; spectrum:u_spectrum|bar_data[0..7] ; spectrum:u_spectrum|bar_ram_rtl_0  ; RAM  ;
; fft128:u_fft128|mag2[0..32]        ; fft128:u_fft128|mem_mag2_rtl_0     ; RAM  ;
; fft128:u_fft128|m_rdi[0..23]       ; fft128:u_fft128|mem_im_rtl_0       ; RAM  ;
; fft128:u_fft128|m_rdr[0..23]       ; fft128:u_fft128|mem_re_rtl_0       ; RAM  ;
+------------------------------------+------------------------------------+------+


+------------------------------------------------------------------------------------+
; Registers Added for RAM Pass-Through Logic                                         ;
+-----------------------------------------------+------------------------------------+
; Register Name                                 ; RAM Name                           ;
+-----------------------------------------------+------------------------------------+
; spectrum:u_spectrum|bar_ram_rtl_1_bypass[0]   ; spectrum:u_spectrum|bar_ram_rtl_1  ;
; spectrum:u_spectrum|bar_ram_rtl_1_bypass[1]   ; spectrum:u_spectrum|bar_ram_rtl_1  ;
; spectrum:u_spectrum|bar_ram_rtl_1_bypass[2]   ; spectrum:u_spectrum|bar_ram_rtl_1  ;
; spectrum:u_spectrum|bar_ram_rtl_1_bypass[3]   ; spectrum:u_spectrum|bar_ram_rtl_1  ;
; spectrum:u_spectrum|bar_ram_rtl_1_bypass[4]   ; spectrum:u_spectrum|bar_ram_rtl_1  ;
; spectrum:u_spectrum|bar_ram_rtl_1_bypass[5]   ; spectrum:u_spectrum|bar_ram_rtl_1  ;
; spectrum:u_spectrum|bar_ram_rtl_1_bypass[6]   ; spectrum:u_spectrum|bar_ram_rtl_1  ;
; spectrum:u_spectrum|bar_ram_rtl_1_bypass[7]   ; spectrum:u_spectrum|bar_ram_rtl_1  ;
; spectrum:u_spectrum|bar_ram_rtl_1_bypass[8]   ; spectrum:u_spectrum|bar_ram_rtl_1  ;
; spectrum:u_spectrum|bar_ram_rtl_1_bypass[9]   ; spectrum:u_spectrum|bar_ram_rtl_1  ;
; spectrum:u_spectrum|bar_ram_rtl_1_bypass[10]  ; spectrum:u_spectrum|bar_ram_rtl_1  ;
; spectrum:u_spectrum|bar_ram_rtl_1_bypass[11]  ; spectrum:u_spectrum|bar_ram_rtl_1  ;
; spectrum:u_spectrum|bar_ram_rtl_1_bypass[12]  ; spectrum:u_spectrum|bar_ram_rtl_1  ;
; spectrum:u_spectrum|bar_ram_rtl_1_bypass[13]  ; spectrum:u_spectrum|bar_ram_rtl_1  ;
; spectrum:u_spectrum|bar_ram_rtl_1_bypass[14]  ; spectrum:u_spectrum|bar_ram_rtl_1  ;
; spectrum:u_spectrum|bar_ram_rtl_1_bypass[15]  ; spectrum:u_spectrum|bar_ram_rtl_1  ;
; spectrum:u_spectrum|bar_ram_rtl_1_bypass[16]  ; spectrum:u_spectrum|bar_ram_rtl_1  ;
; spectrum:u_spectrum|bar_ram_rtl_1_bypass[17]  ; spectrum:u_spectrum|bar_ram_rtl_1  ;
; spectrum:u_spectrum|bar_ram_rtl_1_bypass[18]  ; spectrum:u_spectrum|bar_ram_rtl_1  ;
; spectrum:u_spectrum|bar_ram_rtl_1_bypass[19]  ; spectrum:u_spectrum|bar_ram_rtl_1  ;
; spectrum:u_spectrum|bar_ram_rtl_1_bypass[20]  ; spectrum:u_spectrum|bar_ram_rtl_1  ;
; spectrum:u_spectrum|bar_life_rtl_0_bypass[0]  ; spectrum:u_spectrum|bar_life_rtl_0 ;
; spectrum:u_spectrum|bar_life_rtl_0_bypass[1]  ; spectrum:u_spectrum|bar_life_rtl_0 ;
; spectrum:u_spectrum|bar_life_rtl_0_bypass[2]  ; spectrum:u_spectrum|bar_life_rtl_0 ;
; spectrum:u_spectrum|bar_life_rtl_0_bypass[3]  ; spectrum:u_spectrum|bar_life_rtl_0 ;
; spectrum:u_spectrum|bar_life_rtl_0_bypass[4]  ; spectrum:u_spectrum|bar_life_rtl_0 ;
; spectrum:u_spectrum|bar_life_rtl_0_bypass[5]  ; spectrum:u_spectrum|bar_life_rtl_0 ;
; spectrum:u_spectrum|bar_life_rtl_0_bypass[6]  ; spectrum:u_spectrum|bar_life_rtl_0 ;
; spectrum:u_spectrum|bar_life_rtl_0_bypass[7]  ; spectrum:u_spectrum|bar_life_rtl_0 ;
; spectrum:u_spectrum|bar_life_rtl_0_bypass[8]  ; spectrum:u_spectrum|bar_life_rtl_0 ;
; spectrum:u_spectrum|bar_life_rtl_0_bypass[9]  ; spectrum:u_spectrum|bar_life_rtl_0 ;
; spectrum:u_spectrum|bar_life_rtl_0_bypass[10] ; spectrum:u_spectrum|bar_life_rtl_0 ;
; spectrum:u_spectrum|bar_life_rtl_0_bypass[11] ; spectrum:u_spectrum|bar_life_rtl_0 ;
; spectrum:u_spectrum|bar_life_rtl_0_bypass[12] ; spectrum:u_spectrum|bar_life_rtl_0 ;
; spectrum:u_spectrum|bar_life_rtl_0_bypass[13] ; spectrum:u_spectrum|bar_life_rtl_0 ;
; spectrum:u_spectrum|bar_life_rtl_0_bypass[14] ; spectrum:u_spectrum|bar_life_rtl_0 ;
; spectrum:u_spectrum|bar_life_rtl_0_bypass[15] ; spectrum:u_spectrum|bar_life_rtl_0 ;
; spectrum:u_spectrum|bar_life_rtl_0_bypass[16] ; spectrum:u_spectrum|bar_life_rtl_0 ;
; spectrum:u_spectrum|bar_life_rtl_0_bypass[17] ; spectrum:u_spectrum|bar_life_rtl_0 ;
; spectrum:u_spectrum|bar_life_rtl_0_bypass[18] ; spectrum:u_spectrum|bar_life_rtl_0 ;
; spectrum:u_spectrum|bar_life_rtl_0_bypass[19] ; spectrum:u_spectrum|bar_life_rtl_0 ;
; spectrum:u_spectrum|bar_life_rtl_0_bypass[20] ; spectrum:u_spectrum|bar_life_rtl_0 ;
; spectrum:u_spectrum|bar_life_rtl_0_bypass[21] ; spectrum:u_spectrum|bar_life_rtl_0 ;
; spectrum:u_spectrum|bar_life_rtl_0_bypass[22] ; spectrum:u_spectrum|bar_life_rtl_0 ;
; spectrum:u_spectrum|bar_life_rtl_0_bypass[23] ; spectrum:u_spectrum|bar_life_rtl_0 ;
; spectrum:u_spectrum|bar_life_rtl_0_bypass[24] ; spectrum:u_spectrum|bar_life_rtl_0 ;
; spectrum:u_spectrum|bar_life_rtl_0_bypass[25] ; spectrum:u_spectrum|bar_life_rtl_0 ;
; spectrum:u_spectrum|bar_life_rtl_0_bypass[26] ; spectrum:u_spectrum|bar_life_rtl_0 ;
; spectrum:u_spectrum|bar_life_rtl_0_bypass[27] ; spectrum:u_spectrum|bar_life_rtl_0 ;
; spectrum:u_spectrum|bar_life_rtl_0_bypass[28] ; spectrum:u_spectrum|bar_life_rtl_0 ;
; fft128:u_fft128|buf1_rtl_0_bypass[0]          ; fft128:u_fft128|buf1_rtl_0         ;
; fft128:u_fft128|buf1_rtl_0_bypass[1]          ; fft128:u_fft128|buf1_rtl_0         ;
; fft128:u_fft128|buf1_rtl_0_bypass[2]          ; fft128:u_fft128|buf1_rtl_0         ;
; fft128:u_fft128|buf1_rtl_0_bypass[3]          ; fft128:u_fft128|buf1_rtl_0         ;
; fft128:u_fft128|buf1_rtl_0_bypass[4]          ; fft128:u_fft128|buf1_rtl_0         ;
; fft128:u_fft128|buf1_rtl_0_bypass[5]          ; fft128:u_fft128|buf1_rtl_0         ;
; fft128:u_fft128|buf1_rtl_0_bypass[6]          ; fft128:u_fft128|buf1_rtl_0         ;
; fft128:u_fft128|buf1_rtl_0_bypass[7]          ; fft128:u_fft128|buf1_rtl_0         ;
; fft128:u_fft128|buf1_rtl_0_bypass[8]          ; fft128:u_fft128|buf1_rtl_0         ;
; fft128:u_fft128|buf1_rtl_0_bypass[9]          ; fft128:u_fft128|buf1_rtl_0         ;
; fft128:u_fft128|buf1_rtl_0_bypass[10]         ; fft128:u_fft128|buf1_rtl_0         ;
; fft128:u_fft128|buf1_rtl_0_bypass[11]         ; fft128:u_fft128|buf1_rtl_0         ;
; fft128:u_fft128|buf1_rtl_0_bypass[12]         ; fft128:u_fft128|buf1_rtl_0         ;
; fft128:u_fft128|buf1_rtl_0_bypass[13]         ; fft128:u_fft128|buf1_rtl_0         ;
; fft128:u_fft128|buf1_rtl_0_bypass[14]         ; fft128:u_fft128|buf1_rtl_0         ;
; fft128:u_fft128|buf1_rtl_0_bypass[15]         ; fft128:u_fft128|buf1_rtl_0         ;
; fft128:u_fft128|buf1_rtl_0_bypass[16]         ; fft128:u_fft128|buf1_rtl_0         ;
; fft128:u_fft128|buf1_rtl_0_bypass[17]         ; fft128:u_fft128|buf1_rtl_0         ;
; fft128:u_fft128|buf1_rtl_0_bypass[18]         ; fft128:u_fft128|buf1_rtl_0         ;
; fft128:u_fft128|buf1_rtl_0_bypass[19]         ; fft128:u_fft128|buf1_rtl_0         ;
; fft128:u_fft128|buf1_rtl_0_bypass[20]         ; fft128:u_fft128|buf1_rtl_0         ;
; fft128:u_fft128|buf1_rtl_0_bypass[21]         ; fft128:u_fft128|buf1_rtl_0         ;
; fft128:u_fft128|buf1_rtl_0_bypass[22]         ; fft128:u_fft128|buf1_rtl_0         ;
; fft128:u_fft128|buf1_rtl_0_bypass[23]         ; fft128:u_fft128|buf1_rtl_0         ;
; fft128:u_fft128|buf1_rtl_0_bypass[24]         ; fft128:u_fft128|buf1_rtl_0         ;
; fft128:u_fft128|buf1_rtl_0_bypass[25]         ; fft128:u_fft128|buf1_rtl_0         ;
; fft128:u_fft128|buf1_rtl_0_bypass[26]         ; fft128:u_fft128|buf1_rtl_0         ;
; fft128:u_fft128|buf1_rtl_0_bypass[27]         ; fft128:u_fft128|buf1_rtl_0         ;
; fft128:u_fft128|buf1_rtl_0_bypass[28]         ; fft128:u_fft128|buf1_rtl_0         ;
; fft128:u_fft128|buf1_rtl_0_bypass[29]         ; fft128:u_fft128|buf1_rtl_0         ;
; fft128:u_fft128|buf1_rtl_0_bypass[30]         ; fft128:u_fft128|buf1_rtl_0         ;
; fft128:u_fft128|buf0_rtl_0_bypass[0]          ; fft128:u_fft128|buf0_rtl_0         ;
; fft128:u_fft128|buf0_rtl_0_bypass[1]          ; fft128:u_fft128|buf0_rtl_0         ;
; fft128:u_fft128|buf0_rtl_0_bypass[2]          ; fft128:u_fft128|buf0_rtl_0         ;
; fft128:u_fft128|buf0_rtl_0_bypass[3]          ; fft128:u_fft128|buf0_rtl_0         ;
; fft128:u_fft128|buf0_rtl_0_bypass[4]          ; fft128:u_fft128|buf0_rtl_0         ;
; fft128:u_fft128|buf0_rtl_0_bypass[5]          ; fft128:u_fft128|buf0_rtl_0         ;
; fft128:u_fft128|buf0_rtl_0_bypass[6]          ; fft128:u_fft128|buf0_rtl_0         ;
; fft128:u_fft128|buf0_rtl_0_bypass[7]          ; fft128:u_fft128|buf0_rtl_0         ;
; fft128:u_fft128|buf0_rtl_0_bypass[8]          ; fft128:u_fft128|buf0_rtl_0         ;
; fft128:u_fft128|buf0_rtl_0_bypass[9]          ; fft128:u_fft128|buf0_rtl_0         ;
; fft128:u_fft128|buf0_rtl_0_bypass[10]         ; fft128:u_fft128|buf0_rtl_0         ;
; fft128:u_fft128|buf0_rtl_0_bypass[11]         ; fft128:u_fft128|buf0_rtl_0         ;
; fft128:u_fft128|buf0_rtl_0_bypass[12]         ; fft128:u_fft128|buf0_rtl_0         ;
; fft128:u_fft128|buf0_rtl_0_bypass[13]         ; fft128:u_fft128|buf0_rtl_0         ;
; fft128:u_fft128|buf0_rtl_0_bypass[14]         ; fft128:u_fft128|buf0_rtl_0         ;
; fft128:u_fft128|buf0_rtl_0_bypass[15]         ; fft128:u_fft128|buf0_rtl_0         ;
; fft128:u_fft128|buf0_rtl_0_bypass[16]         ; fft128:u_fft128|buf0_rtl_0         ;
; fft128:u_fft128|buf0_rtl_0_bypass[17]         ; fft128:u_fft128|buf0_rtl_0         ;
; fft128:u_fft128|buf0_rtl_0_bypass[18]         ; fft128:u_fft128|buf0_rtl_0         ;
; fft128:u_fft128|buf0_rtl_0_bypass[19]         ; fft128:u_fft128|buf0_rtl_0         ;
; fft128:u_fft128|buf0_rtl_0_bypass[20]         ; fft128:u_fft128|buf0_rtl_0         ;
; fft128:u_fft128|buf0_rtl_0_bypass[21]         ; fft128:u_fft128|buf0_rtl_0         ;
; fft128:u_fft128|buf0_rtl_0_bypass[22]         ; fft128:u_fft128|buf0_rtl_0         ;
; fft128:u_fft128|buf0_rtl_0_bypass[23]         ; fft128:u_fft128|buf0_rtl_0         ;
; fft128:u_fft128|buf0_rtl_0_bypass[24]         ; fft128:u_fft128|buf0_rtl_0         ;
; fft128:u_fft128|buf0_rtl_0_bypass[25]         ; fft128:u_fft128|buf0_rtl_0         ;
; fft128:u_fft128|buf0_rtl_0_bypass[26]         ; fft128:u_fft128|buf0_rtl_0         ;
; fft128:u_fft128|buf0_rtl_0_bypass[27]         ; fft128:u_fft128|buf0_rtl_0         ;
; fft128:u_fft128|buf0_rtl_0_bypass[28]         ; fft128:u_fft128|buf0_rtl_0         ;
; fft128:u_fft128|buf0_rtl_0_bypass[29]         ; fft128:u_fft128|buf0_rtl_0         ;
; fft128:u_fft128|buf0_rtl_0_bypass[30]         ; fft128:u_fft128|buf0_rtl_0         ;
+-----------------------------------------------+------------------------------------+


+------------------------------------------------------------------------------------------------------------------------------------------------------+
; Multiplexer Restructuring Statistics (Restructuring Performed)                                                                                       ;
+--------------------+-----------+---------------+----------------------+------------------------+------------+----------------------------------------+
; Multiplexer Inputs ; Bus Width ; Baseline Area ; Area if Restructured ; Saving if Restructured ; Registered ; Example Multiplexer Output             ;
+--------------------+-----------+---------------+----------------------+------------------------+------------+----------------------------------------+
; 3:1                ; 6 bits    ; 12 LEs        ; 12 LEs               ; 0 LEs                  ; Yes        ; |top|lcd_wave:u_lcd_wave|cur_color[14] ;
; 3:1                ; 2 bits    ; 4 LEs         ; 0 LEs                ; 4 LEs                  ; Yes        ; |top|tb_sel[2]                         ;
; 3:1                ; 24 bits   ; 48 LEs        ; 24 LEs               ; 24 LEs                 ; Yes        ; |top|sw_debounce:u_sw_dec|cnt[15]      ;
; 3:1                ; 24 bits   ; 48 LEs        ; 24 LEs               ; 24 LEs                 ; Yes        ; |top|sw_debounce:u_sw_inc|cnt[15]      ;
; 3:1                ; 8 bits    ; 16 LEs        ; 16 LEs               ; 0 LEs                  ; Yes        ; |top|spectrum:u_spectrum|old_val[2]    ;
; 3:1                ; 16 bits   ; 32 LEs        ; 32 LEs               ; 0 LEs                  ; Yes        ; |top|spectrum:u_spectrum|life_r[9]     ;
; 3:1                ; 23 bits   ; 46 LEs        ; 23 LEs               ; 23 LEs                 ; Yes        ; |top|mic_act_cnt[17]                   ;
; 3:1                ; 2 bits    ; 4 LEs         ; 4 LEs                ; 0 LEs                  ; Yes        ; |top|fft128:u_fft128|tw_addr_r[2]      ;
; 3:1                ; 8 bits    ; 16 LEs        ; 8 LEs                ; 8 LEs                  ; Yes        ; |top|lcd_wave:u_lcd_wave|bar_hold[3]   ;
; 3:1                ; 13 bits   ; 26 LEs        ; 13 LEs               ; 13 LEs                 ; Yes        ; |top|spectrum:u_spectrum|sil_cnt[3]    ;
; 4:1                ; 2 bits    ; 4 LEs         ; 4 LEs                ; 0 LEs                  ; Yes        ; |top|fft128:u_fft128|tw_addr_r[4]      ;
; 4:1                ; 3 bits    ; 6 LEs         ; 6 LEs                ; 0 LEs                  ; Yes        ; |top|spectrum:u_spectrum|sil_cnt[1]    ;
; 4:1                ; 2 bits    ; 4 LEs         ; 4 LEs                ; 0 LEs                  ; Yes        ; |top|lcd_wave:u_lcd_wave|cur_color[9]  ;
; 5:1                ; 24 bits   ; 72 LEs        ; 24 LEs               ; 48 LEs                 ; Yes        ; |top|lcd_wave:u_lcd_wave|frm_cnt[12]   ;
; 5:1                ; 7 bits    ; 21 LEs        ; 7 LEs                ; 14 LEs                 ; Yes        ; |top|fft128:u_fft128|out_bin[4]        ;
; 5:1                ; 6 bits    ; 18 LEs        ; 6 LEs                ; 12 LEs                 ; Yes        ; |top|fft128:u_fft128|bf_idx[0]         ;
; 5:1                ; 33 bits   ; 99 LEs        ; 33 LEs               ; 66 LEs                 ; Yes        ; |top|spectrum:u_spectrum|pk[1]         ;
; 6:1                ; 3 bits    ; 12 LEs        ; 3 LEs                ; 9 LEs                  ; Yes        ; |top|fft128:u_fft128|stage[2]          ;
; 7:1                ; 24 bits   ; 96 LEs        ; 24 LEs               ; 72 LEs                 ; Yes        ; |top|lcd_wave:u_lcd_wave|dly_cnt[4]    ;
; 9:1                ; 2 bits    ; 12 LEs        ; 10 LEs               ; 2 LEs                  ; Yes        ; |top|spectrum:u_spectrum|mant_r[1]     ;
; 7:1                ; 2 bits    ; 8 LEs         ; 4 LEs                ; 4 LEs                  ; Yes        ; |top|lcd_wave:u_lcd_wave|tx_byte[4]    ;
; 9:1                ; 7 bits    ; 42 LEs        ; 7 LEs                ; 35 LEs                 ; Yes        ; |top|lcd_wave:u_lcd_wave|init_idx[0]   ;
; 9:1                ; 5 bits    ; 30 LEs        ; 10 LEs               ; 20 LEs                 ; Yes        ; |top|lcd_wave:u_lcd_wave|tx_byte[5]    ;
; 3:1                ; 7 bits    ; 14 LEs        ; 14 LEs               ; 0 LEs                  ; No         ; |top|fft128:u_fft128|mem_im.raddr_a[6] ;
; 3:1                ; 24 bits   ; 48 LEs        ; 48 LEs               ; 0 LEs                  ; No         ; |top|fft128:u_fft128|m_wdata_im[12]    ;
; 3:1                ; 16 bits   ; 32 LEs        ; 32 LEs               ; 0 LEs                  ; No         ; |top|fft128:u_fft128|m_wdata_re[16]    ;
; 3:1                ; 2 bits    ; 4 LEs         ; 4 LEs                ; 0 LEs                  ; No         ; |top|fft128:u_fft128|ShiftRight0       ;
; 3:1                ; 9 bits    ; 18 LEs        ; 18 LEs               ; 0 LEs                  ; No         ; |top|lcd_wave:u_lcd_wave|col_cnt       ;
; 3:1                ; 8 bits    ; 16 LEs        ; 16 LEs               ; 0 LEs                  ; No         ; |top|lcd_wave:u_lcd_wave|y_wave[2]     ;
; 4:1                ; 2 bits    ; 4 LEs         ; 4 LEs                ; 0 LEs                  ; No         ; |top|fft128:u_fft128|ShiftRight0       ;
; 4:1                ; 16 bits   ; 32 LEs        ; 32 LEs               ; 0 LEs                  ; No         ; |top|spectrum:u_spectrum|bar_life      ;
; 5:1                ; 7 bits    ; 21 LEs        ; 14 LEs               ; 7 LEs                  ; No         ; |top|spectrum:u_spectrum|bar_ram       ;
; 5:1                ; 6 bits    ; 18 LEs        ; 12 LEs               ; 6 LEs                  ; No         ; |top|spectrum:u_spectrum|Selector50    ;
; 5:1                ; 7 bits    ; 21 LEs        ; 14 LEs               ; 7 LEs                  ; No         ; |top|fft128:u_fft128|Selector6         ;
; 6:1                ; 2 bits    ; 8 LEs         ; 6 LEs                ; 2 LEs                  ; No         ; |top|spectrum:u_spectrum|Selector43    ;
; 8:1                ; 15 bits   ; 75 LEs        ; 75 LEs               ; 0 LEs                  ; No         ; |top|fft128:u_fft128|m_wdata_re[5]     ;
; 14:1               ; 2 bits    ; 18 LEs        ; 4 LEs                ; 14 LEs                 ; No         ; |top|lcd_wave:u_lcd_wave|Selector34    ;
; 16:1               ; 3 bits    ; 30 LEs        ; 12 LEs               ; 18 LEs                 ; No         ; |top|lcd_wave:u_lcd_wave|Selector22    ;
; 16:1               ; 2 bits    ; 20 LEs        ; 4 LEs                ; 16 LEs                 ; No         ; |top|lcd_wave:u_lcd_wave|Selector33    ;
+--------------------+-----------+---------------+----------------------+------------------------+------------+----------------------------------------+


+-----------------------------------------------------------------------------------------------------+
; Source assignments for lcd_wave:u_lcd_wave|altsyncram:bar_snap_rtl_0|altsyncram_c1d1:auto_generated ;
+---------------------------------+--------------------+------+---------------------------------------+
; Assignment                      ; Value              ; From ; To                                    ;
+---------------------------------+--------------------+------+---------------------------------------+
; OPTIMIZE_POWER_DURING_SYNTHESIS ; NORMAL_COMPILATION ; -    ; -                                     ;
+---------------------------------+--------------------+------+---------------------------------------+


+--------------------------------------------------------------------------------------------------+
; Source assignments for audio_buf:u_audio_buf|altsyncram:mem_rtl_0|altsyncram_ugg1:auto_generated ;
+---------------------------------+--------------------+------+------------------------------------+
; Assignment                      ; Value              ; From ; To                                 ;
+---------------------------------+--------------------+------+------------------------------------+
; OPTIMIZE_POWER_DURING_SYNTHESIS ; NORMAL_COMPILATION ; -    ; -                                  ;
+---------------------------------+--------------------+------+------------------------------------+


+----------------------------------------------------------------------------------------------------+
; Source assignments for spectrum:u_spectrum|altsyncram:bar_ram_rtl_0|altsyncram_m4g1:auto_generated ;
+---------------------------------+--------------------+------+--------------------------------------+
; Assignment                      ; Value              ; From ; To                                   ;
+---------------------------------+--------------------+------+--------------------------------------+
; OPTIMIZE_POWER_DURING_SYNTHESIS ; NORMAL_COMPILATION ; -    ; -                                    ;
+---------------------------------+--------------------+------+--------------------------------------+


+----------------------------------------------------------------------------------------------------+
; Source assignments for spectrum:u_spectrum|altsyncram:bar_ram_rtl_1|altsyncram_m4g1:auto_generated ;
+---------------------------------+--------------------+------+--------------------------------------+
; Assignment                      ; Value              ; From ; To                                   ;
+---------------------------------+--------------------+------+--------------------------------------+
; OPTIMIZE_POWER_DURING_SYNTHESIS ; NORMAL_COMPILATION ; -    ; -                                    ;
+---------------------------------+--------------------+------+--------------------------------------+


+-----------------------------------------------------------------------------------------------------+
; Source assignments for spectrum:u_spectrum|altsyncram:bar_life_rtl_0|altsyncram_k7g1:auto_generated ;
+---------------------------------+--------------------+------+---------------------------------------+
; Assignment                      ; Value              ; From ; To                                    ;
+---------------------------------+--------------------+------+---------------------------------------+
; OPTIMIZE_POWER_DURING_SYNTHESIS ; NORMAL_COMPILATION ; -    ; -                                     ;
+---------------------------------+--------------------+------+---------------------------------------+


+-------------------------------------------------------------------------------------------------+
; Source assignments for fft128:u_fft128|altsyncram:mem_mag2_rtl_0|altsyncram_i7g1:auto_generated ;
+---------------------------------+--------------------+------+-----------------------------------+
; Assignment                      ; Value              ; From ; To                                ;
+---------------------------------+--------------------+------+-----------------------------------+
; OPTIMIZE_POWER_DURING_SYNTHESIS ; NORMAL_COMPILATION ; -    ; -                                 ;
+---------------------------------+--------------------+------+-----------------------------------+


+-----------------------------------------------------------------------------------------------+
; Source assignments for fft128:u_fft128|altsyncram:mem_im_rtl_0|altsyncram_mag1:auto_generated ;
+---------------------------------+--------------------+------+---------------------------------+
; Assignment                      ; Value              ; From ; To                              ;
+---------------------------------+--------------------+------+---------------------------------+
; OPTIMIZE_POWER_DURING_SYNTHESIS ; NORMAL_COMPILATION ; -    ; -                               ;
+---------------------------------+--------------------+------+---------------------------------+


+-----------------------------------------------------------------------------------------------+
; Source assignments for fft128:u_fft128|altsyncram:mem_re_rtl_0|altsyncram_mag1:auto_generated ;
+---------------------------------+--------------------+------+---------------------------------+
; Assignment                      ; Value              ; From ; To                              ;
+---------------------------------+--------------------+------+---------------------------------+
; OPTIMIZE_POWER_DURING_SYNTHESIS ; NORMAL_COMPILATION ; -    ; -                               ;
+---------------------------------+--------------------+------+---------------------------------+


+---------------------------------------------------------------------------------------------+
; Source assignments for fft128:u_fft128|altsyncram:buf1_rtl_0|altsyncram_0rb1:auto_generated ;
+---------------------------------+--------------------+------+-------------------------------+
; Assignment                      ; Value              ; From ; To                            ;
+---------------------------------+--------------------+------+-------------------------------+
; OPTIMIZE_POWER_DURING_SYNTHESIS ; NORMAL_COMPILATION ; -    ; -                             ;
+---------------------------------+--------------------+------+-------------------------------+


+---------------------------------------------------------------------------------------------+
; Source assignments for fft128:u_fft128|altsyncram:buf0_rtl_0|altsyncram_0rb1:auto_generated ;
+---------------------------------+--------------------+------+-------------------------------+
; Assignment                      ; Value              ; From ; To                            ;
+---------------------------------+--------------------+------+-------------------------------+
; OPTIMIZE_POWER_DURING_SYNTHESIS ; NORMAL_COMPILATION ; -    ; -                             ;
+---------------------------------+--------------------+------+-------------------------------+


+---------------------------------------------------------------------+
; Parameter Settings for User Entity Instance: Top-level Entity: |top ;
+----------------+----------+-----------------------------------------+
; Parameter Name ; Value    ; Type                                    ;
+----------------+----------+-----------------------------------------+
; CLK_HZ         ; 50000000 ; Signed Integer                          ;
; SW_WAIT_MS     ; 10       ; Signed Integer                          ;
+----------------+----------+-----------------------------------------+
Note: In order to hide this table in the UI and the text report file, please set the "Show Parameter Settings in Synthesis Report" option in "Analysis and Synthesis Settings -> More Settings" to "Off".


+-------------------------------------------------------------------+
; Parameter Settings for User Entity Instance: sw_debounce:u_sw_inc ;
+----------------+----------+---------------------------------------+
; Parameter Name ; Value    ; Type                                  ;
+----------------+----------+---------------------------------------+
; CLK_HZ         ; 50000000 ; Signed Integer                        ;
; WAIT_MS        ; 10       ; Signed Integer                        ;
; ACTIVE_LOW     ; 1        ; Unsigned Binary                       ;
+----------------+----------+---------------------------------------+
Note: In order to hide this table in the UI and the text report file, please set the "Show Parameter Settings in Synthesis Report" option in "Analysis and Synthesis Settings -> More Settings" to "Off".


+-------------------------------------------------------------------+
; Parameter Settings for User Entity Instance: sw_debounce:u_sw_dec ;
+----------------+----------+---------------------------------------+
; Parameter Name ; Value    ; Type                                  ;
+----------------+----------+---------------------------------------+
; CLK_HZ         ; 50000000 ; Signed Integer                        ;
; WAIT_MS        ; 10       ; Signed Integer                        ;
; ACTIVE_LOW     ; 1        ; Unsigned Binary                       ;
+----------------+----------+---------------------------------------+
Note: In order to hide this table in the UI and the text report file, please set the "Show Parameter Settings in Synthesis Report" option in "Analysis and Synthesis Settings -> More Settings" to "Off".


+--------------------------------------------------------------+
; Parameter Settings for User Entity Instance: i2s_rx:u_i2s_rx ;
+----------------+----------+----------------------------------+
; Parameter Name ; Value    ; Type                             ;
+----------------+----------+----------------------------------+
; CLK_HZ         ; 50000000 ; Signed Integer                   ;
; SCK_HZ         ; 1280000  ; Signed Integer                   ;
+----------------+----------+----------------------------------+
Note: In order to hide this table in the UI and the text report file, please set the "Show Parameter Settings in Synthesis Report" option in "Analysis and Synthesis Settings -> More Settings" to "Off".


+----------------------------------------------------------------------+
; Parameter Settings for User Entity Instance: moving_avg:u_moving_avg ;
+----------------+-------+---------------------------------------------+
; Parameter Name ; Value ; Type                                        ;
+----------------+-------+---------------------------------------------+
; N              ; 8     ; Signed Integer                              ;
; DW             ; 16    ; Signed Integer                              ;
+----------------+-------+---------------------------------------------+
Note: In order to hide this table in the UI and the text report file, please set the "Show Parameter Settings in Synthesis Report" option in "Analysis and Synthesis Settings -> More Settings" to "Off".


+--------------------------------------------------------------------+
; Parameter Settings for User Entity Instance: audio_buf:u_audio_buf ;
+----------------+-------+-------------------------------------------+
; Parameter Name ; Value ; Type                                      ;
+----------------+-------+-------------------------------------------+
; AW             ; 12    ; Signed Integer                            ;
; DW             ; 16    ; Signed Integer                            ;
+----------------+-------+-------------------------------------------+
Note: In order to hide this table in the UI and the text report file, please set the "Show Parameter Settings in Synthesis Report" option in "Analysis and Synthesis Settings -> More Settings" to "Off".


+--------------------------------------------------------------+
; Parameter Settings for User Entity Instance: fft128:u_fft128 ;
+----------------+-------+-------------------------------------+
; Parameter Name ; Value ; Type                                ;
+----------------+-------+-------------------------------------+
; N              ; 128   ; Signed Integer                      ;
; DEC_N          ; 1     ; Signed Integer                      ;
; OUT_SH         ; 8     ; Signed Integer                      ;
+----------------+-------+-------------------------------------+
Note: In order to hide this table in the UI and the text report file, please set the "Show Parameter Settings in Synthesis Report" option in "Analysis and Synthesis Settings -> More Settings" to "Off".


+------------------------------------------------------------------+
; Parameter Settings for User Entity Instance: spectrum:u_spectrum ;
+----------------+-------+-----------------------------------------+
; Parameter Name ; Value ; Type                                    ;
+----------------+-------+-----------------------------------------+
; N_BINS         ; 64    ; Signed Integer                          ;
; START_BIN      ; 1     ; Signed Integer                          ;
; MAX_VAL        ; 239   ; Signed Integer                          ;
; LOG_MIN        ; 64    ; Signed Integer                          ;
; LOG_MUL        ; 22    ; Signed Integer                          ;
; LOG_SH         ; 4     ; Signed Integer                          ;
; DECAY          ; 0     ; Signed Integer                          ;
; SIG_TH         ; 1024  ; Signed Integer                          ;
; BAR_LIFE       ; 64    ; Signed Integer                          ;
; SIL_FRAMES     ; 72    ; Signed Integer                          ;
+----------------+-------+-----------------------------------------+
Note: In order to hide this table in the UI and the text report file, please set the "Show Parameter Settings in Synthesis Report" option in "Analysis and Synthesis Settings -> More Settings" to "Off".


+------------------------------------------------------------------+
; Parameter Settings for User Entity Instance: lcd_wave:u_lcd_wave ;
+----------------+----------+--------------------------------------+
; Parameter Name ; Value    ; Type                                 ;
+----------------+----------+--------------------------------------+
; CLK_HZ         ; 50000000 ; Signed Integer                       ;
; BUF_AW         ; 12       ; Signed Integer                       ;
; LCD_W          ; 320      ; Signed Integer                       ;
; LCD_H          ; 240      ; Signed Integer                       ;
; AMP_GAIN_SHIFT ; -1       ; Signed Integer                       ;
; FRAME_WAIT     ; 2500000  ; Signed Integer                       ;
; POWERON_WAIT   ; 7500000  ; Signed Integer                       ;
; SWRST_WAIT     ; 250000   ; Signed Integer                       ;
; SLPOUT_WAIT    ; 6000000  ; Signed Integer                       ;
; BAR_EN         ; 1        ; Unsigned Binary                      ;
; BAR_W          ; 4        ; Signed Integer                       ;
; BAR_N          ; 64       ; Signed Integer                       ;
; BAR_HOLD       ; 3        ; Signed Integer                       ;
; TB_SEL         ; 0        ; Signed Integer                       ;
; TB_N           ; 4        ; Signed Integer                       ;
; TB_SPP0        ; 1        ; Signed Integer                       ;
; BAR_GAIN_SH    ; 1        ; Signed Integer                       ;
+----------------+----------+--------------------------------------+
Note: In order to hide this table in the UI and the text report file, please set the "Show Parameter Settings in Synthesis Report" option in "Analysis and Synthesis Settings -> More Settings" to "Off".


+------------------------------------------------------------------------------------------------+
; Parameter Settings for Inferred Entity Instance: lcd_wave:u_lcd_wave|altsyncram:bar_snap_rtl_0 ;
+------------------------------------+----------------------+------------------------------------+
; Parameter Name                     ; Value                ; Type                               ;
+------------------------------------+----------------------+------------------------------------+
; BYTE_SIZE_BLOCK                    ; 8                    ; Untyped                            ;
; AUTO_CARRY_CHAINS                  ; ON                   ; AUTO_CARRY                         ;
; IGNORE_CARRY_BUFFERS               ; OFF                  ; IGNORE_CARRY                       ;
; AUTO_CASCADE_CHAINS                ; ON                   ; AUTO_CASCADE                       ;
; IGNORE_CASCADE_BUFFERS             ; OFF                  ; IGNORE_CASCADE                     ;
; WIDTH_BYTEENA                      ; 1                    ; Untyped                            ;
; OPERATION_MODE                     ; DUAL_PORT            ; Untyped                            ;
; WIDTH_A                            ; 8                    ; Untyped                            ;
; WIDTHAD_A                          ; 6                    ; Untyped                            ;
; NUMWORDS_A                         ; 64                   ; Untyped                            ;
; OUTDATA_REG_A                      ; UNREGISTERED         ; Untyped                            ;
; ADDRESS_ACLR_A                     ; NONE                 ; Untyped                            ;
; OUTDATA_ACLR_A                     ; NONE                 ; Untyped                            ;
; WRCONTROL_ACLR_A                   ; NONE                 ; Untyped                            ;
; INDATA_ACLR_A                      ; NONE                 ; Untyped                            ;
; BYTEENA_ACLR_A                     ; NONE                 ; Untyped                            ;
; WIDTH_B                            ; 8                    ; Untyped                            ;
; WIDTHAD_B                          ; 6                    ; Untyped                            ;
; NUMWORDS_B                         ; 64                   ; Untyped                            ;
; INDATA_REG_B                       ; CLOCK1               ; Untyped                            ;
; WRCONTROL_WRADDRESS_REG_B          ; CLOCK1               ; Untyped                            ;
; RDCONTROL_REG_B                    ; CLOCK1               ; Untyped                            ;
; ADDRESS_REG_B                      ; CLOCK1               ; Untyped                            ;
; OUTDATA_REG_B                      ; UNREGISTERED         ; Untyped                            ;
; BYTEENA_REG_B                      ; CLOCK1               ; Untyped                            ;
; INDATA_ACLR_B                      ; NONE                 ; Untyped                            ;
; WRCONTROL_ACLR_B                   ; NONE                 ; Untyped                            ;
; ADDRESS_ACLR_B                     ; NONE                 ; Untyped                            ;
; OUTDATA_ACLR_B                     ; NONE                 ; Untyped                            ;
; RDCONTROL_ACLR_B                   ; NONE                 ; Untyped                            ;
; BYTEENA_ACLR_B                     ; NONE                 ; Untyped                            ;
; WIDTH_BYTEENA_A                    ; 1                    ; Untyped                            ;
; WIDTH_BYTEENA_B                    ; 1                    ; Untyped                            ;
; RAM_BLOCK_TYPE                     ; AUTO                 ; Untyped                            ;
; BYTE_SIZE                          ; 8                    ; Untyped                            ;
; READ_DURING_WRITE_MODE_MIXED_PORTS ; DONT_CARE            ; Untyped                            ;
; READ_DURING_WRITE_MODE_PORT_A      ; NEW_DATA_NO_NBE_READ ; Untyped                            ;
; READ_DURING_WRITE_MODE_PORT_B      ; NEW_DATA_NO_NBE_READ ; Untyped                            ;
; INIT_FILE                          ; UNUSED               ; Untyped                            ;
; INIT_FILE_LAYOUT                   ; PORT_A               ; Untyped                            ;
; MAXIMUM_DEPTH                      ; 0                    ; Untyped                            ;
; CLOCK_ENABLE_INPUT_A               ; NORMAL               ; Untyped                            ;
; CLOCK_ENABLE_INPUT_B               ; NORMAL               ; Untyped                            ;
; CLOCK_ENABLE_OUTPUT_A              ; NORMAL               ; Untyped                            ;
; CLOCK_ENABLE_OUTPUT_B              ; NORMAL               ; Untyped                            ;
; CLOCK_ENABLE_CORE_A                ; USE_INPUT_CLKEN      ; Untyped                            ;
; CLOCK_ENABLE_CORE_B                ; USE_INPUT_CLKEN      ; Untyped                            ;
; ENABLE_ECC                         ; FALSE                ; Untyped                            ;
; ECC_PIPELINE_STAGE_ENABLED         ; FALSE                ; Untyped                            ;
; WIDTH_ECCSTATUS                    ; 3                    ; Untyped                            ;
; DEVICE_FAMILY                      ; MAX 10               ; Untyped                            ;
; CBXI_PARAMETER                     ; altsyncram_c1d1      ; Untyped                            ;
+------------------------------------+----------------------+------------------------------------+
Note: In order to hide this table in the UI and the text report file, please set the "Show Parameter Settings in Synthesis Report" option in "Analysis and Synthesis Settings -> More Settings" to "Off".


+---------------------------------------------------------------------------------------------+
; Parameter Settings for Inferred Entity Instance: audio_buf:u_audio_buf|altsyncram:mem_rtl_0 ;
+------------------------------------+----------------------+---------------------------------+
; Parameter Name                     ; Value                ; Type                            ;
+------------------------------------+----------------------+---------------------------------+
; BYTE_SIZE_BLOCK                    ; 8                    ; Untyped                         ;
; AUTO_CARRY_CHAINS                  ; ON                   ; AUTO_CARRY                      ;
; IGNORE_CARRY_BUFFERS               ; OFF                  ; IGNORE_CARRY                    ;
; AUTO_CASCADE_CHAINS                ; ON                   ; AUTO_CASCADE                    ;
; IGNORE_CASCADE_BUFFERS             ; OFF                  ; IGNORE_CASCADE                  ;
; WIDTH_BYTEENA                      ; 1                    ; Untyped                         ;
; OPERATION_MODE                     ; DUAL_PORT            ; Untyped                         ;
; WIDTH_A                            ; 15                   ; Untyped                         ;
; WIDTHAD_A                          ; 12                   ; Untyped                         ;
; NUMWORDS_A                         ; 4096                 ; Untyped                         ;
; OUTDATA_REG_A                      ; UNREGISTERED         ; Untyped                         ;
; ADDRESS_ACLR_A                     ; NONE                 ; Untyped                         ;
; OUTDATA_ACLR_A                     ; NONE                 ; Untyped                         ;
; WRCONTROL_ACLR_A                   ; NONE                 ; Untyped                         ;
; INDATA_ACLR_A                      ; NONE                 ; Untyped                         ;
; BYTEENA_ACLR_A                     ; NONE                 ; Untyped                         ;
; WIDTH_B                            ; 15                   ; Untyped                         ;
; WIDTHAD_B                          ; 12                   ; Untyped                         ;
; NUMWORDS_B                         ; 4096                 ; Untyped                         ;
; INDATA_REG_B                       ; CLOCK1               ; Untyped                         ;
; WRCONTROL_WRADDRESS_REG_B          ; CLOCK1               ; Untyped                         ;
; RDCONTROL_REG_B                    ; CLOCK1               ; Untyped                         ;
; ADDRESS_REG_B                      ; CLOCK0               ; Untyped                         ;
; OUTDATA_REG_B                      ; UNREGISTERED         ; Untyped                         ;
; BYTEENA_REG_B                      ; CLOCK1               ; Untyped                         ;
; INDATA_ACLR_B                      ; NONE                 ; Untyped                         ;
; WRCONTROL_ACLR_B                   ; NONE                 ; Untyped                         ;
; ADDRESS_ACLR_B                     ; NONE                 ; Untyped                         ;
; OUTDATA_ACLR_B                     ; NONE                 ; Untyped                         ;
; RDCONTROL_ACLR_B                   ; NONE                 ; Untyped                         ;
; BYTEENA_ACLR_B                     ; NONE                 ; Untyped                         ;
; WIDTH_BYTEENA_A                    ; 1                    ; Untyped                         ;
; WIDTH_BYTEENA_B                    ; 1                    ; Untyped                         ;
; RAM_BLOCK_TYPE                     ; AUTO                 ; Untyped                         ;
; BYTE_SIZE                          ; 8                    ; Untyped                         ;
; READ_DURING_WRITE_MODE_MIXED_PORTS ; OLD_DATA             ; Untyped                         ;
; READ_DURING_WRITE_MODE_PORT_A      ; NEW_DATA_NO_NBE_READ ; Untyped                         ;
; READ_DURING_WRITE_MODE_PORT_B      ; NEW_DATA_NO_NBE_READ ; Untyped                         ;
; INIT_FILE                          ; UNUSED               ; Untyped                         ;
; INIT_FILE_LAYOUT                   ; PORT_A               ; Untyped                         ;
; MAXIMUM_DEPTH                      ; 0                    ; Untyped                         ;
; CLOCK_ENABLE_INPUT_A               ; NORMAL               ; Untyped                         ;
; CLOCK_ENABLE_INPUT_B               ; NORMAL               ; Untyped                         ;
; CLOCK_ENABLE_OUTPUT_A              ; NORMAL               ; Untyped                         ;
; CLOCK_ENABLE_OUTPUT_B              ; NORMAL               ; Untyped                         ;
; CLOCK_ENABLE_CORE_A                ; USE_INPUT_CLKEN      ; Untyped                         ;
; CLOCK_ENABLE_CORE_B                ; USE_INPUT_CLKEN      ; Untyped                         ;
; ENABLE_ECC                         ; FALSE                ; Untyped                         ;
; ECC_PIPELINE_STAGE_ENABLED         ; FALSE                ; Untyped                         ;
; WIDTH_ECCSTATUS                    ; 3                    ; Untyped                         ;
; DEVICE_FAMILY                      ; MAX 10               ; Untyped                         ;
; CBXI_PARAMETER                     ; altsyncram_ugg1      ; Untyped                         ;
+------------------------------------+----------------------+---------------------------------+
Note: In order to hide this table in the UI and the text report file, please set the "Show Parameter Settings in Synthesis Report" option in "Analysis and Synthesis Settings -> More Settings" to "Off".


+-----------------------------------------------------------------------------------------------+
; Parameter Settings for Inferred Entity Instance: spectrum:u_spectrum|altsyncram:bar_ram_rtl_0 ;
+------------------------------------+----------------------+-----------------------------------+
; Parameter Name                     ; Value                ; Type                              ;
+------------------------------------+----------------------+-----------------------------------+
; BYTE_SIZE_BLOCK                    ; 8                    ; Untyped                           ;
; AUTO_CARRY_CHAINS                  ; ON                   ; AUTO_CARRY                        ;
; IGNORE_CARRY_BUFFERS               ; OFF                  ; IGNORE_CARRY                      ;
; AUTO_CASCADE_CHAINS                ; ON                   ; AUTO_CASCADE                      ;
; IGNORE_CASCADE_BUFFERS             ; OFF                  ; IGNORE_CASCADE                    ;
; WIDTH_BYTEENA                      ; 1                    ; Untyped                           ;
; OPERATION_MODE                     ; DUAL_PORT            ; Untyped                           ;
; WIDTH_A                            ; 8                    ; Untyped                           ;
; WIDTHAD_A                          ; 6                    ; Untyped                           ;
; NUMWORDS_A                         ; 64                   ; Untyped                           ;
; OUTDATA_REG_A                      ; UNREGISTERED         ; Untyped                           ;
; ADDRESS_ACLR_A                     ; NONE                 ; Untyped                           ;
; OUTDATA_ACLR_A                     ; NONE                 ; Untyped                           ;
; WRCONTROL_ACLR_A                   ; NONE                 ; Untyped                           ;
; INDATA_ACLR_A                      ; NONE                 ; Untyped                           ;
; BYTEENA_ACLR_A                     ; NONE                 ; Untyped                           ;
; WIDTH_B                            ; 8                    ; Untyped                           ;
; WIDTHAD_B                          ; 6                    ; Untyped                           ;
; NUMWORDS_B                         ; 64                   ; Untyped                           ;
; INDATA_REG_B                       ; CLOCK1               ; Untyped                           ;
; WRCONTROL_WRADDRESS_REG_B          ; CLOCK1               ; Untyped                           ;
; RDCONTROL_REG_B                    ; CLOCK1               ; Untyped                           ;
; ADDRESS_REG_B                      ; CLOCK0               ; Untyped                           ;
; OUTDATA_REG_B                      ; UNREGISTERED         ; Untyped                           ;
; BYTEENA_REG_B                      ; CLOCK1               ; Untyped                           ;
; INDATA_ACLR_B                      ; NONE                 ; Untyped                           ;
; WRCONTROL_ACLR_B                   ; NONE                 ; Untyped                           ;
; ADDRESS_ACLR_B                     ; NONE                 ; Untyped                           ;
; OUTDATA_ACLR_B                     ; NONE                 ; Untyped                           ;
; RDCONTROL_ACLR_B                   ; NONE                 ; Untyped                           ;
; BYTEENA_ACLR_B                     ; NONE                 ; Untyped                           ;
; WIDTH_BYTEENA_A                    ; 1                    ; Untyped                           ;
; WIDTH_BYTEENA_B                    ; 1                    ; Untyped                           ;
; RAM_BLOCK_TYPE                     ; AUTO                 ; Untyped                           ;
; BYTE_SIZE                          ; 8                    ; Untyped                           ;
; READ_DURING_WRITE_MODE_MIXED_PORTS ; OLD_DATA             ; Untyped                           ;
; READ_DURING_WRITE_MODE_PORT_A      ; NEW_DATA_NO_NBE_READ ; Untyped                           ;
; READ_DURING_WRITE_MODE_PORT_B      ; NEW_DATA_NO_NBE_READ ; Untyped                           ;
; INIT_FILE                          ; UNUSED               ; Untyped                           ;
; INIT_FILE_LAYOUT                   ; PORT_A               ; Untyped                           ;
; MAXIMUM_DEPTH                      ; 0                    ; Untyped                           ;
; CLOCK_ENABLE_INPUT_A               ; NORMAL               ; Untyped                           ;
; CLOCK_ENABLE_INPUT_B               ; NORMAL               ; Untyped                           ;
; CLOCK_ENABLE_OUTPUT_A              ; NORMAL               ; Untyped                           ;
; CLOCK_ENABLE_OUTPUT_B              ; NORMAL               ; Untyped                           ;
; CLOCK_ENABLE_CORE_A                ; USE_INPUT_CLKEN      ; Untyped                           ;
; CLOCK_ENABLE_CORE_B                ; USE_INPUT_CLKEN      ; Untyped                           ;
; ENABLE_ECC                         ; FALSE                ; Untyped                           ;
; ECC_PIPELINE_STAGE_ENABLED         ; FALSE                ; Untyped                           ;
; WIDTH_ECCSTATUS                    ; 3                    ; Untyped                           ;
; DEVICE_FAMILY                      ; MAX 10               ; Untyped                           ;
; CBXI_PARAMETER                     ; altsyncram_m4g1      ; Untyped                           ;
+------------------------------------+----------------------+-----------------------------------+
Note: In order to hide this table in the UI and the text report file, please set the "Show Parameter Settings in Synthesis Report" option in "Analysis and Synthesis Settings -> More Settings" to "Off".


+-----------------------------------------------------------------------------------------------+
; Parameter Settings for Inferred Entity Instance: spectrum:u_spectrum|altsyncram:bar_ram_rtl_1 ;
+------------------------------------+----------------------+-----------------------------------+
; Parameter Name                     ; Value                ; Type                              ;
+------------------------------------+----------------------+-----------------------------------+
; BYTE_SIZE_BLOCK                    ; 8                    ; Untyped                           ;
; AUTO_CARRY_CHAINS                  ; ON                   ; AUTO_CARRY                        ;
; IGNORE_CARRY_BUFFERS               ; OFF                  ; IGNORE_CARRY                      ;
; AUTO_CASCADE_CHAINS                ; ON                   ; AUTO_CASCADE                      ;
; IGNORE_CASCADE_BUFFERS             ; OFF                  ; IGNORE_CASCADE                    ;
; WIDTH_BYTEENA                      ; 1                    ; Untyped                           ;
; OPERATION_MODE                     ; DUAL_PORT            ; Untyped                           ;
; WIDTH_A                            ; 8                    ; Untyped                           ;
; WIDTHAD_A                          ; 6                    ; Untyped                           ;
; NUMWORDS_A                         ; 64                   ; Untyped                           ;
; OUTDATA_REG_A                      ; UNREGISTERED         ; Untyped                           ;
; ADDRESS_ACLR_A                     ; NONE                 ; Untyped                           ;
; OUTDATA_ACLR_A                     ; NONE                 ; Untyped                           ;
; WRCONTROL_ACLR_A                   ; NONE                 ; Untyped                           ;
; INDATA_ACLR_A                      ; NONE                 ; Untyped                           ;
; BYTEENA_ACLR_A                     ; NONE                 ; Untyped                           ;
; WIDTH_B                            ; 8                    ; Untyped                           ;
; WIDTHAD_B                          ; 6                    ; Untyped                           ;
; NUMWORDS_B                         ; 64                   ; Untyped                           ;
; INDATA_REG_B                       ; CLOCK1               ; Untyped                           ;
; WRCONTROL_WRADDRESS_REG_B          ; CLOCK1               ; Untyped                           ;
; RDCONTROL_REG_B                    ; CLOCK1               ; Untyped                           ;
; ADDRESS_REG_B                      ; CLOCK0               ; Untyped                           ;
; OUTDATA_REG_B                      ; UNREGISTERED         ; Untyped                           ;
; BYTEENA_REG_B                      ; CLOCK1               ; Untyped                           ;
; INDATA_ACLR_B                      ; NONE                 ; Untyped                           ;
; WRCONTROL_ACLR_B                   ; NONE                 ; Untyped                           ;
; ADDRESS_ACLR_B                     ; NONE                 ; Untyped                           ;
; OUTDATA_ACLR_B                     ; NONE                 ; Untyped                           ;
; RDCONTROL_ACLR_B                   ; NONE                 ; Untyped                           ;
; BYTEENA_ACLR_B                     ; NONE                 ; Untyped                           ;
; WIDTH_BYTEENA_A                    ; 1                    ; Untyped                           ;
; WIDTH_BYTEENA_B                    ; 1                    ; Untyped                           ;
; RAM_BLOCK_TYPE                     ; AUTO                 ; Untyped                           ;
; BYTE_SIZE                          ; 8                    ; Untyped                           ;
; READ_DURING_WRITE_MODE_MIXED_PORTS ; OLD_DATA             ; Untyped                           ;
; READ_DURING_WRITE_MODE_PORT_A      ; NEW_DATA_NO_NBE_READ ; Untyped                           ;
; READ_DURING_WRITE_MODE_PORT_B      ; NEW_DATA_NO_NBE_READ ; Untyped                           ;
; INIT_FILE                          ; UNUSED               ; Untyped                           ;
; INIT_FILE_LAYOUT                   ; PORT_A               ; Untyped                           ;
; MAXIMUM_DEPTH                      ; 0                    ; Untyped                           ;
; CLOCK_ENABLE_INPUT_A               ; NORMAL               ; Untyped                           ;
; CLOCK_ENABLE_INPUT_B               ; NORMAL               ; Untyped                           ;
; CLOCK_ENABLE_OUTPUT_A              ; NORMAL               ; Untyped                           ;
; CLOCK_ENABLE_OUTPUT_B              ; NORMAL               ; Untyped                           ;
; CLOCK_ENABLE_CORE_A                ; USE_INPUT_CLKEN      ; Untyped                           ;
; CLOCK_ENABLE_CORE_B                ; USE_INPUT_CLKEN      ; Untyped                           ;
; ENABLE_ECC                         ; FALSE                ; Untyped                           ;
; ECC_PIPELINE_STAGE_ENABLED         ; FALSE                ; Untyped                           ;
; WIDTH_ECCSTATUS                    ; 3                    ; Untyped                           ;
; DEVICE_FAMILY                      ; MAX 10               ; Untyped                           ;
; CBXI_PARAMETER                     ; altsyncram_m4g1      ; Untyped                           ;
+------------------------------------+----------------------+-----------------------------------+
Note: In order to hide this table in the UI and the text report file, please set the "Show Parameter Settings in Synthesis Report" option in "Analysis and Synthesis Settings -> More Settings" to "Off".


+------------------------------------------------------------------------------------------------+
; Parameter Settings for Inferred Entity Instance: spectrum:u_spectrum|altsyncram:bar_life_rtl_0 ;
+------------------------------------+----------------------+------------------------------------+
; Parameter Name                     ; Value                ; Type                               ;
+------------------------------------+----------------------+------------------------------------+
; BYTE_SIZE_BLOCK                    ; 8                    ; Untyped                            ;
; AUTO_CARRY_CHAINS                  ; ON                   ; AUTO_CARRY                         ;
; IGNORE_CARRY_BUFFERS               ; OFF                  ; IGNORE_CARRY                       ;
; AUTO_CASCADE_CHAINS                ; ON                   ; AUTO_CASCADE                       ;
; IGNORE_CASCADE_BUFFERS             ; OFF                  ; IGNORE_CASCADE                     ;
; WIDTH_BYTEENA                      ; 1                    ; Untyped                            ;
; OPERATION_MODE                     ; DUAL_PORT            ; Untyped                            ;
; WIDTH_A                            ; 16                   ; Untyped                            ;
; WIDTHAD_A                          ; 6                    ; Untyped                            ;
; NUMWORDS_A                         ; 64                   ; Untyped                            ;
; OUTDATA_REG_A                      ; UNREGISTERED         ; Untyped                            ;
; ADDRESS_ACLR_A                     ; NONE                 ; Untyped                            ;
; OUTDATA_ACLR_A                     ; NONE                 ; Untyped                            ;
; WRCONTROL_ACLR_A                   ; NONE                 ; Untyped                            ;
; INDATA_ACLR_A                      ; NONE                 ; Untyped                            ;
; BYTEENA_ACLR_A                     ; NONE                 ; Untyped                            ;
; WIDTH_B                            ; 16                   ; Untyped                            ;
; WIDTHAD_B                          ; 6                    ; Untyped                            ;
; NUMWORDS_B                         ; 64                   ; Untyped                            ;
; INDATA_REG_B                       ; CLOCK1               ; Untyped                            ;
; WRCONTROL_WRADDRESS_REG_B          ; CLOCK1               ; Untyped                            ;
; RDCONTROL_REG_B                    ; CLOCK1               ; Untyped                            ;
; ADDRESS_REG_B                      ; CLOCK0               ; Untyped                            ;
; OUTDATA_REG_B                      ; UNREGISTERED         ; Untyped                            ;
; BYTEENA_REG_B                      ; CLOCK1               ; Untyped                            ;
; INDATA_ACLR_B                      ; NONE                 ; Untyped                            ;
; WRCONTROL_ACLR_B                   ; NONE                 ; Untyped                            ;
; ADDRESS_ACLR_B                     ; NONE                 ; Untyped                            ;
; OUTDATA_ACLR_B                     ; NONE                 ; Untyped                            ;
; RDCONTROL_ACLR_B                   ; NONE                 ; Untyped                            ;
; BYTEENA_ACLR_B                     ; NONE                 ; Untyped                            ;
; WIDTH_BYTEENA_A                    ; 1                    ; Untyped                            ;
; WIDTH_BYTEENA_B                    ; 1                    ; Untyped                            ;
; RAM_BLOCK_TYPE                     ; AUTO                 ; Untyped                            ;
; BYTE_SIZE                          ; 8                    ; Untyped                            ;
; READ_DURING_WRITE_MODE_MIXED_PORTS ; OLD_DATA             ; Untyped                            ;
; READ_DURING_WRITE_MODE_PORT_A      ; NEW_DATA_NO_NBE_READ ; Untyped                            ;
; READ_DURING_WRITE_MODE_PORT_B      ; NEW_DATA_NO_NBE_READ ; Untyped                            ;
; INIT_FILE                          ; UNUSED               ; Untyped                            ;
; INIT_FILE_LAYOUT                   ; PORT_A               ; Untyped                            ;
; MAXIMUM_DEPTH                      ; 0                    ; Untyped                            ;
; CLOCK_ENABLE_INPUT_A               ; NORMAL               ; Untyped                            ;
; CLOCK_ENABLE_INPUT_B               ; NORMAL               ; Untyped                            ;
; CLOCK_ENABLE_OUTPUT_A              ; NORMAL               ; Untyped                            ;
; CLOCK_ENABLE_OUTPUT_B              ; NORMAL               ; Untyped                            ;
; CLOCK_ENABLE_CORE_A                ; USE_INPUT_CLKEN      ; Untyped                            ;
; CLOCK_ENABLE_CORE_B                ; USE_INPUT_CLKEN      ; Untyped                            ;
; ENABLE_ECC                         ; FALSE                ; Untyped                            ;
; ECC_PIPELINE_STAGE_ENABLED         ; FALSE                ; Untyped                            ;
; WIDTH_ECCSTATUS                    ; 3                    ; Untyped                            ;
; DEVICE_FAMILY                      ; MAX 10               ; Untyped                            ;
; CBXI_PARAMETER                     ; altsyncram_k7g1      ; Untyped                            ;
+------------------------------------+----------------------+------------------------------------+
Note: In order to hide this table in the UI and the text report file, please set the "Show Parameter Settings in Synthesis Report" option in "Analysis and Synthesis Settings -> More Settings" to "Off".


+--------------------------------------------------------------------------------------------+
; Parameter Settings for Inferred Entity Instance: fft128:u_fft128|altsyncram:mem_mag2_rtl_0 ;
+------------------------------------+----------------------+--------------------------------+
; Parameter Name                     ; Value                ; Type                           ;
+------------------------------------+----------------------+--------------------------------+
; BYTE_SIZE_BLOCK                    ; 8                    ; Untyped                        ;
; AUTO_CARRY_CHAINS                  ; ON                   ; AUTO_CARRY                     ;
; IGNORE_CARRY_BUFFERS               ; OFF                  ; IGNORE_CARRY                   ;
; AUTO_CASCADE_CHAINS                ; ON                   ; AUTO_CASCADE                   ;
; IGNORE_CASCADE_BUFFERS             ; OFF                  ; IGNORE_CASCADE                 ;
; WIDTH_BYTEENA                      ; 1                    ; Untyped                        ;
; OPERATION_MODE                     ; DUAL_PORT            ; Untyped                        ;
; WIDTH_A                            ; 33                   ; Untyped                        ;
; WIDTHAD_A                          ; 6                    ; Untyped                        ;
; NUMWORDS_A                         ; 64                   ; Untyped                        ;
; OUTDATA_REG_A                      ; UNREGISTERED         ; Untyped                        ;
; ADDRESS_ACLR_A                     ; NONE                 ; Untyped                        ;
; OUTDATA_ACLR_A                     ; NONE                 ; Untyped                        ;
; WRCONTROL_ACLR_A                   ; NONE                 ; Untyped                        ;
; INDATA_ACLR_A                      ; NONE                 ; Untyped                        ;
; BYTEENA_ACLR_A                     ; NONE                 ; Untyped                        ;
; WIDTH_B                            ; 33                   ; Untyped                        ;
; WIDTHAD_B                          ; 6                    ; Untyped                        ;
; NUMWORDS_B                         ; 64                   ; Untyped                        ;
; INDATA_REG_B                       ; CLOCK1               ; Untyped                        ;
; WRCONTROL_WRADDRESS_REG_B          ; CLOCK1               ; Untyped                        ;
; RDCONTROL_REG_B                    ; CLOCK1               ; Untyped                        ;
; ADDRESS_REG_B                      ; CLOCK0               ; Untyped                        ;
; OUTDATA_REG_B                      ; UNREGISTERED         ; Untyped                        ;
; BYTEENA_REG_B                      ; CLOCK1               ; Untyped                        ;
; INDATA_ACLR_B                      ; NONE                 ; Untyped                        ;
; WRCONTROL_ACLR_B                   ; NONE                 ; Untyped                        ;
; ADDRESS_ACLR_B                     ; NONE                 ; Untyped                        ;
; OUTDATA_ACLR_B                     ; NONE                 ; Untyped                        ;
; RDCONTROL_ACLR_B                   ; NONE                 ; Untyped                        ;
; BYTEENA_ACLR_B                     ; NONE                 ; Untyped                        ;
; WIDTH_BYTEENA_A                    ; 1                    ; Untyped                        ;
; WIDTH_BYTEENA_B                    ; 1                    ; Untyped                        ;
; RAM_BLOCK_TYPE                     ; AUTO                 ; Untyped                        ;
; BYTE_SIZE                          ; 8                    ; Untyped                        ;
; READ_DURING_WRITE_MODE_MIXED_PORTS ; OLD_DATA             ; Untyped                        ;
; READ_DURING_WRITE_MODE_PORT_A      ; NEW_DATA_NO_NBE_READ ; Untyped                        ;
; READ_DURING_WRITE_MODE_PORT_B      ; NEW_DATA_NO_NBE_READ ; Untyped                        ;
; INIT_FILE                          ; UNUSED               ; Untyped                        ;
; INIT_FILE_LAYOUT                   ; PORT_A               ; Untyped                        ;
; MAXIMUM_DEPTH                      ; 0                    ; Untyped                        ;
; CLOCK_ENABLE_INPUT_A               ; NORMAL               ; Untyped                        ;
; CLOCK_ENABLE_INPUT_B               ; NORMAL               ; Untyped                        ;
; CLOCK_ENABLE_OUTPUT_A              ; NORMAL               ; Untyped                        ;
; CLOCK_ENABLE_OUTPUT_B              ; NORMAL               ; Untyped                        ;
; CLOCK_ENABLE_CORE_A                ; USE_INPUT_CLKEN      ; Untyped                        ;
; CLOCK_ENABLE_CORE_B                ; USE_INPUT_CLKEN      ; Untyped                        ;
; ENABLE_ECC                         ; FALSE                ; Untyped                        ;
; ECC_PIPELINE_STAGE_ENABLED         ; FALSE                ; Untyped                        ;
; WIDTH_ECCSTATUS                    ; 3                    ; Untyped                        ;
; DEVICE_FAMILY                      ; MAX 10               ; Untyped                        ;
; CBXI_PARAMETER                     ; altsyncram_i7g1      ; Untyped                        ;
+------------------------------------+----------------------+--------------------------------+
Note: In order to hide this table in the UI and the text report file, please set the "Show Parameter Settings in Synthesis Report" option in "Analysis and Synthesis Settings -> More Settings" to "Off".


+------------------------------------------------------------------------------------------+
; Parameter Settings for Inferred Entity Instance: fft128:u_fft128|altsyncram:mem_im_rtl_0 ;
+------------------------------------+----------------------+------------------------------+
; Parameter Name                     ; Value                ; Type                         ;
+------------------------------------+----------------------+------------------------------+
; BYTE_SIZE_BLOCK                    ; 8                    ; Untyped                      ;
; AUTO_CARRY_CHAINS                  ; ON                   ; AUTO_CARRY                   ;
; IGNORE_CARRY_BUFFERS               ; OFF                  ; IGNORE_CARRY                 ;
; AUTO_CASCADE_CHAINS                ; ON                   ; AUTO_CASCADE                 ;
; IGNORE_CASCADE_BUFFERS             ; OFF                  ; IGNORE_CASCADE               ;
; WIDTH_BYTEENA                      ; 1                    ; Untyped                      ;
; OPERATION_MODE                     ; DUAL_PORT            ; Untyped                      ;
; WIDTH_A                            ; 24                   ; Untyped                      ;
; WIDTHAD_A                          ; 7                    ; Untyped                      ;
; NUMWORDS_A                         ; 128                  ; Untyped                      ;
; OUTDATA_REG_A                      ; UNREGISTERED         ; Untyped                      ;
; ADDRESS_ACLR_A                     ; NONE                 ; Untyped                      ;
; OUTDATA_ACLR_A                     ; NONE                 ; Untyped                      ;
; WRCONTROL_ACLR_A                   ; NONE                 ; Untyped                      ;
; INDATA_ACLR_A                      ; NONE                 ; Untyped                      ;
; BYTEENA_ACLR_A                     ; NONE                 ; Untyped                      ;
; WIDTH_B                            ; 24                   ; Untyped                      ;
; WIDTHAD_B                          ; 7                    ; Untyped                      ;
; NUMWORDS_B                         ; 128                  ; Untyped                      ;
; INDATA_REG_B                       ; CLOCK1               ; Untyped                      ;
; WRCONTROL_WRADDRESS_REG_B          ; CLOCK1               ; Untyped                      ;
; RDCONTROL_REG_B                    ; CLOCK1               ; Untyped                      ;
; ADDRESS_REG_B                      ; CLOCK0               ; Untyped                      ;
; OUTDATA_REG_B                      ; UNREGISTERED         ; Untyped                      ;
; BYTEENA_REG_B                      ; CLOCK1               ; Untyped                      ;
; INDATA_ACLR_B                      ; NONE                 ; Untyped                      ;
; WRCONTROL_ACLR_B                   ; NONE                 ; Untyped                      ;
; ADDRESS_ACLR_B                     ; NONE                 ; Untyped                      ;
; OUTDATA_ACLR_B                     ; NONE                 ; Untyped                      ;
; RDCONTROL_ACLR_B                   ; NONE                 ; Untyped                      ;
; BYTEENA_ACLR_B                     ; NONE                 ; Untyped                      ;
; WIDTH_BYTEENA_A                    ; 1                    ; Untyped                      ;
; WIDTH_BYTEENA_B                    ; 1                    ; Untyped                      ;
; RAM_BLOCK_TYPE                     ; AUTO                 ; Untyped                      ;
; BYTE_SIZE                          ; 8                    ; Untyped                      ;
; READ_DURING_WRITE_MODE_MIXED_PORTS ; OLD_DATA             ; Untyped                      ;
; READ_DURING_WRITE_MODE_PORT_A      ; NEW_DATA_NO_NBE_READ ; Untyped                      ;
; READ_DURING_WRITE_MODE_PORT_B      ; NEW_DATA_NO_NBE_READ ; Untyped                      ;
; INIT_FILE                          ; UNUSED               ; Untyped                      ;
; INIT_FILE_LAYOUT                   ; PORT_A               ; Untyped                      ;
; MAXIMUM_DEPTH                      ; 0                    ; Untyped                      ;
; CLOCK_ENABLE_INPUT_A               ; NORMAL               ; Untyped                      ;
; CLOCK_ENABLE_INPUT_B               ; NORMAL               ; Untyped                      ;
; CLOCK_ENABLE_OUTPUT_A              ; NORMAL               ; Untyped                      ;
; CLOCK_ENABLE_OUTPUT_B              ; NORMAL               ; Untyped                      ;
; CLOCK_ENABLE_CORE_A                ; USE_INPUT_CLKEN      ; Untyped                      ;
; CLOCK_ENABLE_CORE_B                ; USE_INPUT_CLKEN      ; Untyped                      ;
; ENABLE_ECC                         ; FALSE                ; Untyped                      ;
; ECC_PIPELINE_STAGE_ENABLED         ; FALSE                ; Untyped                      ;
; WIDTH_ECCSTATUS                    ; 3                    ; Untyped                      ;
; DEVICE_FAMILY                      ; MAX 10               ; Untyped                      ;
; CBXI_PARAMETER                     ; altsyncram_mag1      ; Untyped                      ;
+------------------------------------+----------------------+------------------------------+
Note: In order to hide this table in the UI and the text report file, please set the "Show Parameter Settings in Synthesis Report" option in "Analysis and Synthesis Settings -> More Settings" to "Off".


+------------------------------------------------------------------------------------------+
; Parameter Settings for Inferred Entity Instance: fft128:u_fft128|altsyncram:mem_re_rtl_0 ;
+------------------------------------+----------------------+------------------------------+
; Parameter Name                     ; Value                ; Type                         ;
+------------------------------------+----------------------+------------------------------+
; BYTE_SIZE_BLOCK                    ; 8                    ; Untyped                      ;
; AUTO_CARRY_CHAINS                  ; ON                   ; AUTO_CARRY                   ;
; IGNORE_CARRY_BUFFERS               ; OFF                  ; IGNORE_CARRY                 ;
; AUTO_CASCADE_CHAINS                ; ON                   ; AUTO_CASCADE                 ;
; IGNORE_CASCADE_BUFFERS             ; OFF                  ; IGNORE_CASCADE               ;
; WIDTH_BYTEENA                      ; 1                    ; Untyped                      ;
; OPERATION_MODE                     ; DUAL_PORT            ; Untyped                      ;
; WIDTH_A                            ; 24                   ; Untyped                      ;
; WIDTHAD_A                          ; 7                    ; Untyped                      ;
; NUMWORDS_A                         ; 128                  ; Untyped                      ;
; OUTDATA_REG_A                      ; UNREGISTERED         ; Untyped                      ;
; ADDRESS_ACLR_A                     ; NONE                 ; Untyped                      ;
; OUTDATA_ACLR_A                     ; NONE                 ; Untyped                      ;
; WRCONTROL_ACLR_A                   ; NONE                 ; Untyped                      ;
; INDATA_ACLR_A                      ; NONE                 ; Untyped                      ;
; BYTEENA_ACLR_A                     ; NONE                 ; Untyped                      ;
; WIDTH_B                            ; 24                   ; Untyped                      ;
; WIDTHAD_B                          ; 7                    ; Untyped                      ;
; NUMWORDS_B                         ; 128                  ; Untyped                      ;
; INDATA_REG_B                       ; CLOCK1               ; Untyped                      ;
; WRCONTROL_WRADDRESS_REG_B          ; CLOCK1               ; Untyped                      ;
; RDCONTROL_REG_B                    ; CLOCK1               ; Untyped                      ;
; ADDRESS_REG_B                      ; CLOCK0               ; Untyped                      ;
; OUTDATA_REG_B                      ; UNREGISTERED         ; Untyped                      ;
; BYTEENA_REG_B                      ; CLOCK1               ; Untyped                      ;
; INDATA_ACLR_B                      ; NONE                 ; Untyped                      ;
; WRCONTROL_ACLR_B                   ; NONE                 ; Untyped                      ;
; ADDRESS_ACLR_B                     ; NONE                 ; Untyped                      ;
; OUTDATA_ACLR_B                     ; NONE                 ; Untyped                      ;
; RDCONTROL_ACLR_B                   ; NONE                 ; Untyped                      ;
; BYTEENA_ACLR_B                     ; NONE                 ; Untyped                      ;
; WIDTH_BYTEENA_A                    ; 1                    ; Untyped                      ;
; WIDTH_BYTEENA_B                    ; 1                    ; Untyped                      ;
; RAM_BLOCK_TYPE                     ; AUTO                 ; Untyped                      ;
; BYTE_SIZE                          ; 8                    ; Untyped                      ;
; READ_DURING_WRITE_MODE_MIXED_PORTS ; OLD_DATA             ; Untyped                      ;
; READ_DURING_WRITE_MODE_PORT_A      ; NEW_DATA_NO_NBE_READ ; Untyped                      ;
; READ_DURING_WRITE_MODE_PORT_B      ; NEW_DATA_NO_NBE_READ ; Untyped                      ;
; INIT_FILE                          ; UNUSED               ; Untyped                      ;
; INIT_FILE_LAYOUT                   ; PORT_A               ; Untyped                      ;
; MAXIMUM_DEPTH                      ; 0                    ; Untyped                      ;
; CLOCK_ENABLE_INPUT_A               ; NORMAL               ; Untyped                      ;
; CLOCK_ENABLE_INPUT_B               ; NORMAL               ; Untyped                      ;
; CLOCK_ENABLE_OUTPUT_A              ; NORMAL               ; Untyped                      ;
; CLOCK_ENABLE_OUTPUT_B              ; NORMAL               ; Untyped                      ;
; CLOCK_ENABLE_CORE_A                ; USE_INPUT_CLKEN      ; Untyped                      ;
; CLOCK_ENABLE_CORE_B                ; USE_INPUT_CLKEN      ; Untyped                      ;
; ENABLE_ECC                         ; FALSE                ; Untyped                      ;
; ECC_PIPELINE_STAGE_ENABLED         ; FALSE                ; Untyped                      ;
; WIDTH_ECCSTATUS                    ; 3                    ; Untyped                      ;
; DEVICE_FAMILY                      ; MAX 10               ; Untyped                      ;
; CBXI_PARAMETER                     ; altsyncram_mag1      ; Untyped                      ;
+------------------------------------+----------------------+------------------------------+
Note: In order to hide this table in the UI and the text report file, please set the "Show Parameter Settings in Synthesis Report" option in "Analysis and Synthesis Settings -> More Settings" to "Off".


+----------------------------------------------------------------------------------------+
; Parameter Settings for Inferred Entity Instance: fft128:u_fft128|altsyncram:buf1_rtl_0 ;
+------------------------------------+----------------------+----------------------------+
; Parameter Name                     ; Value                ; Type                       ;
+------------------------------------+----------------------+----------------------------+
; BYTE_SIZE_BLOCK                    ; 8                    ; Untyped                    ;
; AUTO_CARRY_CHAINS                  ; ON                   ; AUTO_CARRY                 ;
; IGNORE_CARRY_BUFFERS               ; OFF                  ; IGNORE_CARRY               ;
; AUTO_CASCADE_CHAINS                ; ON                   ; AUTO_CASCADE               ;
; IGNORE_CASCADE_BUFFERS             ; OFF                  ; IGNORE_CASCADE             ;
; WIDTH_BYTEENA                      ; 1                    ; Untyped                    ;
; OPERATION_MODE                     ; DUAL_PORT            ; Untyped                    ;
; WIDTH_A                            ; 16                   ; Untyped                    ;
; WIDTHAD_A                          ; 7                    ; Untyped                    ;
; NUMWORDS_A                         ; 128                  ; Untyped                    ;
; OUTDATA_REG_A                      ; UNREGISTERED         ; Untyped                    ;
; ADDRESS_ACLR_A                     ; NONE                 ; Untyped                    ;
; OUTDATA_ACLR_A                     ; NONE                 ; Untyped                    ;
; WRCONTROL_ACLR_A                   ; NONE                 ; Untyped                    ;
; INDATA_ACLR_A                      ; NONE                 ; Untyped                    ;
; BYTEENA_ACLR_A                     ; NONE                 ; Untyped                    ;
; WIDTH_B                            ; 16                   ; Untyped                    ;
; WIDTHAD_B                          ; 7                    ; Untyped                    ;
; NUMWORDS_B                         ; 128                  ; Untyped                    ;
; INDATA_REG_B                       ; CLOCK1               ; Untyped                    ;
; WRCONTROL_WRADDRESS_REG_B          ; CLOCK1               ; Untyped                    ;
; RDCONTROL_REG_B                    ; CLOCK1               ; Untyped                    ;
; ADDRESS_REG_B                      ; CLOCK0               ; Untyped                    ;
; OUTDATA_REG_B                      ; UNREGISTERED         ; Untyped                    ;
; BYTEENA_REG_B                      ; CLOCK1               ; Untyped                    ;
; INDATA_ACLR_B                      ; NONE                 ; Untyped                    ;
; WRCONTROL_ACLR_B                   ; NONE                 ; Untyped                    ;
; ADDRESS_ACLR_B                     ; NONE                 ; Untyped                    ;
; OUTDATA_ACLR_B                     ; NONE                 ; Untyped                    ;
; RDCONTROL_ACLR_B                   ; NONE                 ; Untyped                    ;
; BYTEENA_ACLR_B                     ; NONE                 ; Untyped                    ;
; WIDTH_BYTEENA_A                    ; 1                    ; Untyped                    ;
; WIDTH_BYTEENA_B                    ; 1                    ; Untyped                    ;
; RAM_BLOCK_TYPE                     ; AUTO                 ; Untyped                    ;
; BYTE_SIZE                          ; 8                    ; Untyped                    ;
; READ_DURING_WRITE_MODE_MIXED_PORTS ; DONT_CARE            ; Untyped                    ;
; READ_DURING_WRITE_MODE_PORT_A      ; NEW_DATA_NO_NBE_READ ; Untyped                    ;
; READ_DURING_WRITE_MODE_PORT_B      ; NEW_DATA_NO_NBE_READ ; Untyped                    ;
; INIT_FILE                          ; UNUSED               ; Untyped                    ;
; INIT_FILE_LAYOUT                   ; PORT_A               ; Untyped                    ;
; MAXIMUM_DEPTH                      ; 0                    ; Untyped                    ;
; CLOCK_ENABLE_INPUT_A               ; NORMAL               ; Untyped                    ;
; CLOCK_ENABLE_INPUT_B               ; NORMAL               ; Untyped                    ;
; CLOCK_ENABLE_OUTPUT_A              ; NORMAL               ; Untyped                    ;
; CLOCK_ENABLE_OUTPUT_B              ; NORMAL               ; Untyped                    ;
; CLOCK_ENABLE_CORE_A                ; USE_INPUT_CLKEN      ; Untyped                    ;
; CLOCK_ENABLE_CORE_B                ; USE_INPUT_CLKEN      ; Untyped                    ;
; ENABLE_ECC                         ; FALSE                ; Untyped                    ;
; ECC_PIPELINE_STAGE_ENABLED         ; FALSE                ; Untyped                    ;
; WIDTH_ECCSTATUS                    ; 3                    ; Untyped                    ;
; DEVICE_FAMILY                      ; MAX 10               ; Untyped                    ;
; CBXI_PARAMETER                     ; altsyncram_0rb1      ; Untyped                    ;
+------------------------------------+----------------------+----------------------------+
Note: In order to hide this table in the UI and the text report file, please set the "Show Parameter Settings in Synthesis Report" option in "Analysis and Synthesis Settings -> More Settings" to "Off".


+----------------------------------------------------------------------------------------+
; Parameter Settings for Inferred Entity Instance: fft128:u_fft128|altsyncram:buf0_rtl_0 ;
+------------------------------------+----------------------+----------------------------+
; Parameter Name                     ; Value                ; Type                       ;
+------------------------------------+----------------------+----------------------------+
; BYTE_SIZE_BLOCK                    ; 8                    ; Untyped                    ;
; AUTO_CARRY_CHAINS                  ; ON                   ; AUTO_CARRY                 ;
; IGNORE_CARRY_BUFFERS               ; OFF                  ; IGNORE_CARRY               ;
; AUTO_CASCADE_CHAINS                ; ON                   ; AUTO_CASCADE               ;
; IGNORE_CASCADE_BUFFERS             ; OFF                  ; IGNORE_CASCADE             ;
; WIDTH_BYTEENA                      ; 1                    ; Untyped                    ;
; OPERATION_MODE                     ; DUAL_PORT            ; Untyped                    ;
; WIDTH_A                            ; 16                   ; Untyped                    ;
; WIDTHAD_A                          ; 7                    ; Untyped                    ;
; NUMWORDS_A                         ; 128                  ; Untyped                    ;
; OUTDATA_REG_A                      ; UNREGISTERED         ; Untyped                    ;
; ADDRESS_ACLR_A                     ; NONE                 ; Untyped                    ;
; OUTDATA_ACLR_A                     ; NONE                 ; Untyped                    ;
; WRCONTROL_ACLR_A                   ; NONE                 ; Untyped                    ;
; INDATA_ACLR_A                      ; NONE                 ; Untyped                    ;
; BYTEENA_ACLR_A                     ; NONE                 ; Untyped                    ;
; WIDTH_B                            ; 16                   ; Untyped                    ;
; WIDTHAD_B                          ; 7                    ; Untyped                    ;
; NUMWORDS_B                         ; 128                  ; Untyped                    ;
; INDATA_REG_B                       ; CLOCK1               ; Untyped                    ;
; WRCONTROL_WRADDRESS_REG_B          ; CLOCK1               ; Untyped                    ;
; RDCONTROL_REG_B                    ; CLOCK1               ; Untyped                    ;
; ADDRESS_REG_B                      ; CLOCK0               ; Untyped                    ;
; OUTDATA_REG_B                      ; UNREGISTERED         ; Untyped                    ;
; BYTEENA_REG_B                      ; CLOCK1               ; Untyped                    ;
; INDATA_ACLR_B                      ; NONE                 ; Untyped                    ;
; WRCONTROL_ACLR_B                   ; NONE                 ; Untyped                    ;
; ADDRESS_ACLR_B                     ; NONE                 ; Untyped                    ;
; OUTDATA_ACLR_B                     ; NONE                 ; Untyped                    ;
; RDCONTROL_ACLR_B                   ; NONE                 ; Untyped                    ;
; BYTEENA_ACLR_B                     ; NONE                 ; Untyped                    ;
; WIDTH_BYTEENA_A                    ; 1                    ; Untyped                    ;
; WIDTH_BYTEENA_B                    ; 1                    ; Untyped                    ;
; RAM_BLOCK_TYPE                     ; AUTO                 ; Untyped                    ;
; BYTE_SIZE                          ; 8                    ; Untyped                    ;
; READ_DURING_WRITE_MODE_MIXED_PORTS ; DONT_CARE            ; Untyped                    ;
; READ_DURING_WRITE_MODE_PORT_A      ; NEW_DATA_NO_NBE_READ ; Untyped                    ;
; READ_DURING_WRITE_MODE_PORT_B      ; NEW_DATA_NO_NBE_READ ; Untyped                    ;
; INIT_FILE                          ; UNUSED               ; Untyped                    ;
; INIT_FILE_LAYOUT                   ; PORT_A               ; Untyped                    ;
; MAXIMUM_DEPTH                      ; 0                    ; Untyped                    ;
; CLOCK_ENABLE_INPUT_A               ; NORMAL               ; Untyped                    ;
; CLOCK_ENABLE_INPUT_B               ; NORMAL               ; Untyped                    ;
; CLOCK_ENABLE_OUTPUT_A              ; NORMAL               ; Untyped                    ;
; CLOCK_ENABLE_OUTPUT_B              ; NORMAL               ; Untyped                    ;
; CLOCK_ENABLE_CORE_A                ; USE_INPUT_CLKEN      ; Untyped                    ;
; CLOCK_ENABLE_CORE_B                ; USE_INPUT_CLKEN      ; Untyped                    ;
; ENABLE_ECC                         ; FALSE                ; Untyped                    ;
; ECC_PIPELINE_STAGE_ENABLED         ; FALSE                ; Untyped                    ;
; WIDTH_ECCSTATUS                    ; 3                    ; Untyped                    ;
; DEVICE_FAMILY                      ; MAX 10               ; Untyped                    ;
; CBXI_PARAMETER                     ; altsyncram_0rb1      ; Untyped                    ;
+------------------------------------+----------------------+----------------------------+
Note: In order to hide this table in the UI and the text report file, please set the "Show Parameter Settings in Synthesis Report" option in "Analysis and Synthesis Settings -> More Settings" to "Off".


+--------------------------------------------------------------------------------------+
; Parameter Settings for Inferred Entity Instance: lcd_wave:u_lcd_wave|lpm_divide:Div0 ;
+------------------------+----------------+--------------------------------------------+
; Parameter Name         ; Value          ; Type                                       ;
+------------------------+----------------+--------------------------------------------+
; LPM_WIDTHN             ; 9              ; Untyped                                    ;
; LPM_WIDTHD             ; 3              ; Untyped                                    ;
; LPM_NREPRESENTATION    ; UNSIGNED       ; Untyped                                    ;
; LPM_DREPRESENTATION    ; UNSIGNED       ; Untyped                                    ;
; LPM_PIPELINE           ; 0              ; Untyped                                    ;
; LPM_REMAINDERPOSITIVE  ; TRUE           ; Untyped                                    ;
; MAXIMIZE_SPEED         ; 5              ; Untyped                                    ;
; CBXI_PARAMETER         ; lpm_divide_9sl ; Untyped                                    ;
; CARRY_CHAIN            ; MANUAL         ; Untyped                                    ;
; OPTIMIZE_FOR_SPEED     ; 5              ; Untyped                                    ;
; AUTO_CARRY_CHAINS      ; ON             ; AUTO_CARRY                                 ;
; IGNORE_CARRY_BUFFERS   ; OFF            ; IGNORE_CARRY                               ;
; AUTO_CASCADE_CHAINS    ; ON             ; AUTO_CASCADE                               ;
; IGNORE_CASCADE_BUFFERS ; OFF            ; IGNORE_CASCADE                             ;
+------------------------+----------------+--------------------------------------------+
Note: In order to hide this table in the UI and the text report file, please set the "Show Parameter Settings in Synthesis Report" option in "Analysis and Synthesis Settings -> More Settings" to "Off".


+-------------------------------------------------------------------------------------+
; Parameter Settings for Inferred Entity Instance: spectrum:u_spectrum|lpm_mult:Mult0 ;
+------------------------------------------------+----------+-------------------------+
; Parameter Name                                 ; Value    ; Type                    ;
+------------------------------------------------+----------+-------------------------+
; AUTO_CARRY_CHAINS                              ; ON       ; AUTO_CARRY              ;
; IGNORE_CARRY_BUFFERS                           ; OFF      ; IGNORE_CARRY            ;
; AUTO_CASCADE_CHAINS                            ; ON       ; AUTO_CASCADE            ;
; IGNORE_CASCADE_BUFFERS                         ; OFF      ; IGNORE_CASCADE          ;
; LPM_WIDTHA                                     ; 11       ; Untyped                 ;
; LPM_WIDTHB                                     ; 5        ; Untyped                 ;
; LPM_WIDTHP                                     ; 16       ; Untyped                 ;
; LPM_WIDTHR                                     ; 16       ; Untyped                 ;
; LPM_WIDTHS                                     ; 1        ; Untyped                 ;
; LPM_REPRESENTATION                             ; UNSIGNED ; Untyped                 ;
; LPM_PIPELINE                                   ; 0        ; Untyped                 ;
; LATENCY                                        ; 0        ; Untyped                 ;
; INPUT_A_IS_CONSTANT                            ; NO       ; Untyped                 ;
; INPUT_B_IS_CONSTANT                            ; YES      ; Untyped                 ;
; USE_EAB                                        ; OFF      ; Untyped                 ;
; MAXIMIZE_SPEED                                 ; 6        ; Untyped                 ;
; DEVICE_FAMILY                                  ; MAX 10   ; Untyped                 ;
; CARRY_CHAIN                                    ; MANUAL   ; Untyped                 ;
; APEX20K_TECHNOLOGY_MAPPER                      ; LUT      ; TECH_MAPPER_APEX20K     ;
; DEDICATED_MULTIPLIER_CIRCUITRY                 ; AUTO     ; Untyped                 ;
; DEDICATED_MULTIPLIER_MIN_INPUT_WIDTH_FOR_AUTO  ; 0        ; Untyped                 ;
; DEDICATED_MULTIPLIER_MIN_OUTPUT_WIDTH_FOR_AUTO ; 0        ; Untyped                 ;
; CBXI_PARAMETER                                 ; NOTHING  ; Untyped                 ;
; INPUT_A_FIXED_VALUE                            ; Bx       ; Untyped                 ;
; INPUT_B_FIXED_VALUE                            ; Bx       ; Untyped                 ;
; USE_AHDL_IMPLEMENTATION                        ; OFF      ; Untyped                 ;
+------------------------------------------------+----------+-------------------------+
Note: In order to hide this table in the UI and the text report file, please set the "Show Parameter Settings in Synthesis Report" option in "Analysis and Synthesis Settings -> More Settings" to "Off".


+---------------------------------------------------------------------------------+
; Parameter Settings for Inferred Entity Instance: fft128:u_fft128|lpm_mult:Mult0 ;
+------------------------------------------------+----------+---------------------+
; Parameter Name                                 ; Value    ; Type                ;
+------------------------------------------------+----------+---------------------+
; AUTO_CARRY_CHAINS                              ; ON       ; AUTO_CARRY          ;
; IGNORE_CARRY_BUFFERS                           ; OFF      ; IGNORE_CARRY        ;
; AUTO_CASCADE_CHAINS                            ; ON       ; AUTO_CASCADE        ;
; IGNORE_CASCADE_BUFFERS                         ; OFF      ; IGNORE_CASCADE      ;
; LPM_WIDTHA                                     ; 16       ; Untyped             ;
; LPM_WIDTHB                                     ; 16       ; Untyped             ;
; LPM_WIDTHP                                     ; 32       ; Untyped             ;
; LPM_WIDTHR                                     ; 32       ; Untyped             ;
; LPM_WIDTHS                                     ; 1        ; Untyped             ;
; LPM_REPRESENTATION                             ; SIGNED   ; Untyped             ;
; LPM_PIPELINE                                   ; 0        ; Untyped             ;
; LATENCY                                        ; 0        ; Untyped             ;
; INPUT_A_IS_CONSTANT                            ; NO       ; Untyped             ;
; INPUT_B_IS_CONSTANT                            ; NO       ; Untyped             ;
; USE_EAB                                        ; OFF      ; Untyped             ;
; MAXIMIZE_SPEED                                 ; 5        ; Untyped             ;
; DEVICE_FAMILY                                  ; MAX 10   ; Untyped             ;
; CARRY_CHAIN                                    ; MANUAL   ; Untyped             ;
; APEX20K_TECHNOLOGY_MAPPER                      ; LUT      ; TECH_MAPPER_APEX20K ;
; DEDICATED_MULTIPLIER_CIRCUITRY                 ; AUTO     ; Untyped             ;
; DEDICATED_MULTIPLIER_MIN_INPUT_WIDTH_FOR_AUTO  ; 0        ; Untyped             ;
; DEDICATED_MULTIPLIER_MIN_OUTPUT_WIDTH_FOR_AUTO ; 0        ; Untyped             ;
; CBXI_PARAMETER                                 ; mult_pgs ; Untyped             ;
; INPUT_A_FIXED_VALUE                            ; Bx       ; Untyped             ;
; INPUT_B_FIXED_VALUE                            ; Bx       ; Untyped             ;
; USE_AHDL_IMPLEMENTATION                        ; OFF      ; Untyped             ;
+------------------------------------------------+----------+---------------------+
Note: In order to hide this table in the UI and the text report file, please set the "Show Parameter Settings in Synthesis Report" option in "Analysis and Synthesis Settings -> More Settings" to "Off".


+-------------------------------------------------------------------------------------+
; Parameter Settings for Inferred Entity Instance: lcd_wave:u_lcd_wave|lpm_mult:Mult0 ;
+------------------------------------------------+----------+-------------------------+
; Parameter Name                                 ; Value    ; Type                    ;
+------------------------------------------------+----------+-------------------------+
; AUTO_CARRY_CHAINS                              ; ON       ; AUTO_CARRY              ;
; IGNORE_CARRY_BUFFERS                           ; OFF      ; IGNORE_CARRY            ;
; AUTO_CASCADE_CHAINS                            ; ON       ; AUTO_CASCADE            ;
; IGNORE_CASCADE_BUFFERS                         ; OFF      ; IGNORE_CASCADE          ;
; LPM_WIDTHA                                     ; 9        ; Untyped                 ;
; LPM_WIDTHB                                     ; 4        ; Untyped                 ;
; LPM_WIDTHP                                     ; 13       ; Untyped                 ;
; LPM_WIDTHR                                     ; 13       ; Untyped                 ;
; LPM_WIDTHS                                     ; 1        ; Untyped                 ;
; LPM_REPRESENTATION                             ; UNSIGNED ; Untyped                 ;
; LPM_PIPELINE                                   ; 0        ; Untyped                 ;
; LATENCY                                        ; 0        ; Untyped                 ;
; INPUT_A_IS_CONSTANT                            ; NO       ; Untyped                 ;
; INPUT_B_IS_CONSTANT                            ; NO       ; Untyped                 ;
; USE_EAB                                        ; OFF      ; Untyped                 ;
; MAXIMIZE_SPEED                                 ; 5        ; Untyped                 ;
; DEVICE_FAMILY                                  ; MAX 10   ; Untyped                 ;
; CARRY_CHAIN                                    ; MANUAL   ; Untyped                 ;
; APEX20K_TECHNOLOGY_MAPPER                      ; LUT      ; TECH_MAPPER_APEX20K     ;
; DEDICATED_MULTIPLIER_CIRCUITRY                 ; AUTO     ; Untyped                 ;
; DEDICATED_MULTIPLIER_MIN_INPUT_WIDTH_FOR_AUTO  ; 0        ; Untyped                 ;
; DEDICATED_MULTIPLIER_MIN_OUTPUT_WIDTH_FOR_AUTO ; 0        ; Untyped                 ;
; CBXI_PARAMETER                                 ; mult_qks ; Untyped                 ;
; INPUT_A_FIXED_VALUE                            ; Bx       ; Untyped                 ;
; INPUT_B_FIXED_VALUE                            ; Bx       ; Untyped                 ;
; USE_AHDL_IMPLEMENTATION                        ; OFF      ; Untyped                 ;
+------------------------------------------------+----------+-------------------------+
Note: In order to hide this table in the UI and the text report file, please set the "Show Parameter Settings in Synthesis Report" option in "Analysis and Synthesis Settings -> More Settings" to "Off".


+---------------------------------------------------------------------------------+
; Parameter Settings for Inferred Entity Instance: fft128:u_fft128|lpm_mult:Mult6 ;
+------------------------------------------------+----------+---------------------+
; Parameter Name                                 ; Value    ; Type                ;
+------------------------------------------------+----------+---------------------+
; AUTO_CARRY_CHAINS                              ; ON       ; AUTO_CARRY          ;
; IGNORE_CARRY_BUFFERS                           ; OFF      ; IGNORE_CARRY        ;
; AUTO_CASCADE_CHAINS                            ; ON       ; AUTO_CASCADE        ;
; IGNORE_CASCADE_BUFFERS                         ; OFF      ; IGNORE_CASCADE      ;
; LPM_WIDTHA                                     ; 16       ; Untyped             ;
; LPM_WIDTHB                                     ; 16       ; Untyped             ;
; LPM_WIDTHP                                     ; 32       ; Untyped             ;
; LPM_WIDTHR                                     ; 32       ; Untyped             ;
; LPM_WIDTHS                                     ; 1        ; Untyped             ;
; LPM_REPRESENTATION                             ; SIGNED   ; Untyped             ;
; LPM_PIPELINE                                   ; 0        ; Untyped             ;
; LATENCY                                        ; 0        ; Untyped             ;
; INPUT_A_IS_CONSTANT                            ; NO       ; Untyped             ;
; INPUT_B_IS_CONSTANT                            ; NO       ; Untyped             ;
; USE_EAB                                        ; OFF      ; Untyped             ;
; MAXIMIZE_SPEED                                 ; 5        ; Untyped             ;
; DEVICE_FAMILY                                  ; MAX 10   ; Untyped             ;
; CARRY_CHAIN                                    ; MANUAL   ; Untyped             ;
; APEX20K_TECHNOLOGY_MAPPER                      ; LUT      ; TECH_MAPPER_APEX20K ;
; DEDICATED_MULTIPLIER_CIRCUITRY                 ; AUTO     ; Untyped             ;
; DEDICATED_MULTIPLIER_MIN_INPUT_WIDTH_FOR_AUTO  ; 0        ; Untyped             ;
; DEDICATED_MULTIPLIER_MIN_OUTPUT_WIDTH_FOR_AUTO ; 0        ; Untyped             ;
; CBXI_PARAMETER                                 ; mult_pgs ; Untyped             ;
; INPUT_A_FIXED_VALUE                            ; Bx       ; Untyped             ;
; INPUT_B_FIXED_VALUE                            ; Bx       ; Untyped             ;
; USE_AHDL_IMPLEMENTATION                        ; OFF      ; Untyped             ;
+------------------------------------------------+----------+---------------------+
Note: In order to hide this table in the UI and the text report file, please set the "Show Parameter Settings in Synthesis Report" option in "Analysis and Synthesis Settings -> More Settings" to "Off".


+---------------------------------------------------------------------------------+
; Parameter Settings for Inferred Entity Instance: fft128:u_fft128|lpm_mult:Mult5 ;
+------------------------------------------------+----------+---------------------+
; Parameter Name                                 ; Value    ; Type                ;
+------------------------------------------------+----------+---------------------+
; AUTO_CARRY_CHAINS                              ; ON       ; AUTO_CARRY          ;
; IGNORE_CARRY_BUFFERS                           ; OFF      ; IGNORE_CARRY        ;
; AUTO_CASCADE_CHAINS                            ; ON       ; AUTO_CASCADE        ;
; IGNORE_CASCADE_BUFFERS                         ; OFF      ; IGNORE_CASCADE      ;
; LPM_WIDTHA                                     ; 16       ; Untyped             ;
; LPM_WIDTHB                                     ; 16       ; Untyped             ;
; LPM_WIDTHP                                     ; 32       ; Untyped             ;
; LPM_WIDTHR                                     ; 32       ; Untyped             ;
; LPM_WIDTHS                                     ; 1        ; Untyped             ;
; LPM_REPRESENTATION                             ; SIGNED   ; Untyped             ;
; LPM_PIPELINE                                   ; 0        ; Untyped             ;
; LATENCY                                        ; 0        ; Untyped             ;
; INPUT_A_IS_CONSTANT                            ; NO       ; Untyped             ;
; INPUT_B_IS_CONSTANT                            ; NO       ; Untyped             ;
; USE_EAB                                        ; OFF      ; Untyped             ;
; MAXIMIZE_SPEED                                 ; 5        ; Untyped             ;
; DEVICE_FAMILY                                  ; MAX 10   ; Untyped             ;
; CARRY_CHAIN                                    ; MANUAL   ; Untyped             ;
; APEX20K_TECHNOLOGY_MAPPER                      ; LUT      ; TECH_MAPPER_APEX20K ;
; DEDICATED_MULTIPLIER_CIRCUITRY                 ; AUTO     ; Untyped             ;
; DEDICATED_MULTIPLIER_MIN_INPUT_WIDTH_FOR_AUTO  ; 0        ; Untyped             ;
; DEDICATED_MULTIPLIER_MIN_OUTPUT_WIDTH_FOR_AUTO ; 0        ; Untyped             ;
; CBXI_PARAMETER                                 ; mult_pgs ; Untyped             ;
; INPUT_A_FIXED_VALUE                            ; Bx       ; Untyped             ;
; INPUT_B_FIXED_VALUE                            ; Bx       ; Untyped             ;
; USE_AHDL_IMPLEMENTATION                        ; OFF      ; Untyped             ;
+------------------------------------------------+----------+---------------------+
Note: In order to hide this table in the UI and the text report file, please set the "Show Parameter Settings in Synthesis Report" option in "Analysis and Synthesis Settings -> More Settings" to "Off".


+--------------------------------------------------------------------------------------+
; Parameter Settings for Inferred Entity Instance: lcd_wave:u_lcd_wave|lpm_divide:Mod0 ;
+------------------------+----------------+--------------------------------------------+
; Parameter Name         ; Value          ; Type                                       ;
+------------------------+----------------+--------------------------------------------+
; LPM_WIDTHN             ; 9              ; Untyped                                    ;
; LPM_WIDTHD             ; 3              ; Untyped                                    ;
; LPM_NREPRESENTATION    ; UNSIGNED       ; Untyped                                    ;
; LPM_DREPRESENTATION    ; UNSIGNED       ; Untyped                                    ;
; LPM_PIPELINE           ; 0              ; Untyped                                    ;
; LPM_REMAINDERPOSITIVE  ; TRUE           ; Untyped                                    ;
; MAXIMIZE_SPEED         ; 5              ; Untyped                                    ;
; CBXI_PARAMETER         ; lpm_divide_ckl ; Untyped                                    ;
; CARRY_CHAIN            ; MANUAL         ; Untyped                                    ;
; OPTIMIZE_FOR_SPEED     ; 5              ; Untyped                                    ;
; AUTO_CARRY_CHAINS      ; ON             ; AUTO_CARRY                                 ;
; IGNORE_CARRY_BUFFERS   ; OFF            ; IGNORE_CARRY                               ;
; AUTO_CASCADE_CHAINS    ; ON             ; AUTO_CASCADE                               ;
; IGNORE_CASCADE_BUFFERS ; OFF            ; IGNORE_CASCADE                             ;
+------------------------+----------------+--------------------------------------------+
Note: In order to hide this table in the UI and the text report file, please set the "Show Parameter Settings in Synthesis Report" option in "Analysis and Synthesis Settings -> More Settings" to "Off".


+---------------------------------------------------------------------------------+
; Parameter Settings for Inferred Entity Instance: fft128:u_fft128|lpm_mult:Mult4 ;
+------------------------------------------------+----------+---------------------+
; Parameter Name                                 ; Value    ; Type                ;
+------------------------------------------------+----------+---------------------+
; AUTO_CARRY_CHAINS                              ; ON       ; AUTO_CARRY          ;
; IGNORE_CARRY_BUFFERS                           ; OFF      ; IGNORE_CARRY        ;
; AUTO_CASCADE_CHAINS                            ; ON       ; AUTO_CASCADE        ;
; IGNORE_CASCADE_BUFFERS                         ; OFF      ; IGNORE_CASCADE      ;
; LPM_WIDTHA                                     ; 24       ; Untyped             ;
; LPM_WIDTHB                                     ; 16       ; Untyped             ;
; LPM_WIDTHP                                     ; 40       ; Untyped             ;
; LPM_WIDTHR                                     ; 40       ; Untyped             ;
; LPM_WIDTHS                                     ; 1        ; Untyped             ;
; LPM_REPRESENTATION                             ; SIGNED   ; Untyped             ;
; LPM_PIPELINE                                   ; 0        ; Untyped             ;
; LATENCY                                        ; 0        ; Untyped             ;
; INPUT_A_IS_CONSTANT                            ; NO       ; Untyped             ;
; INPUT_B_IS_CONSTANT                            ; NO       ; Untyped             ;
; USE_EAB                                        ; OFF      ; Untyped             ;
; MAXIMIZE_SPEED                                 ; 5        ; Untyped             ;
; DEVICE_FAMILY                                  ; MAX 10   ; Untyped             ;
; CARRY_CHAIN                                    ; MANUAL   ; Untyped             ;
; APEX20K_TECHNOLOGY_MAPPER                      ; LUT      ; TECH_MAPPER_APEX20K ;
; DEDICATED_MULTIPLIER_CIRCUITRY                 ; AUTO     ; Untyped             ;
; DEDICATED_MULTIPLIER_MIN_INPUT_WIDTH_FOR_AUTO  ; 0        ; Untyped             ;
; DEDICATED_MULTIPLIER_MIN_OUTPUT_WIDTH_FOR_AUTO ; 0        ; Untyped             ;
; CBXI_PARAMETER                                 ; mult_ngs ; Untyped             ;
; INPUT_A_FIXED_VALUE                            ; Bx       ; Untyped             ;
; INPUT_B_FIXED_VALUE                            ; Bx       ; Untyped             ;
; USE_AHDL_IMPLEMENTATION                        ; OFF      ; Untyped             ;
+------------------------------------------------+----------+---------------------+
Note: In order to hide this table in the UI and the text report file, please set the "Show Parameter Settings in Synthesis Report" option in "Analysis and Synthesis Settings -> More Settings" to "Off".


+---------------------------------------------------------------------------------+
; Parameter Settings for Inferred Entity Instance: fft128:u_fft128|lpm_mult:Mult3 ;
+------------------------------------------------+----------+---------------------+
; Parameter Name                                 ; Value    ; Type                ;
+------------------------------------------------+----------+---------------------+
; AUTO_CARRY_CHAINS                              ; ON       ; AUTO_CARRY          ;
; IGNORE_CARRY_BUFFERS                           ; OFF      ; IGNORE_CARRY        ;
; AUTO_CASCADE_CHAINS                            ; ON       ; AUTO_CASCADE        ;
; IGNORE_CASCADE_BUFFERS                         ; OFF      ; IGNORE_CASCADE      ;
; LPM_WIDTHA                                     ; 24       ; Untyped             ;
; LPM_WIDTHB                                     ; 15       ; Untyped             ;
; LPM_WIDTHP                                     ; 39       ; Untyped             ;
; LPM_WIDTHR                                     ; 39       ; Untyped             ;
; LPM_WIDTHS                                     ; 1        ; Untyped             ;
; LPM_REPRESENTATION                             ; SIGNED   ; Untyped             ;
; LPM_PIPELINE                                   ; 0        ; Untyped             ;
; LATENCY                                        ; 0        ; Untyped             ;
; INPUT_A_IS_CONSTANT                            ; NO       ; Untyped             ;
; INPUT_B_IS_CONSTANT                            ; NO       ; Untyped             ;
; USE_EAB                                        ; OFF      ; Untyped             ;
; MAXIMIZE_SPEED                                 ; 5        ; Untyped             ;
; DEVICE_FAMILY                                  ; MAX 10   ; Untyped             ;
; CARRY_CHAIN                                    ; MANUAL   ; Untyped             ;
; APEX20K_TECHNOLOGY_MAPPER                      ; LUT      ; TECH_MAPPER_APEX20K ;
; DEDICATED_MULTIPLIER_CIRCUITRY                 ; AUTO     ; Untyped             ;
; DEDICATED_MULTIPLIER_MIN_INPUT_WIDTH_FOR_AUTO  ; 0        ; Untyped             ;
; DEDICATED_MULTIPLIER_MIN_OUTPUT_WIDTH_FOR_AUTO ; 0        ; Untyped             ;
; CBXI_PARAMETER                                 ; mult_ugs ; Untyped             ;
; INPUT_A_FIXED_VALUE                            ; Bx       ; Untyped             ;
; INPUT_B_FIXED_VALUE                            ; Bx       ; Untyped             ;
; USE_AHDL_IMPLEMENTATION                        ; OFF      ; Untyped             ;
+------------------------------------------------+----------+---------------------+
Note: In order to hide this table in the UI and the text report file, please set the "Show Parameter Settings in Synthesis Report" option in "Analysis and Synthesis Settings -> More Settings" to "Off".


+---------------------------------------------------------------------------------+
; Parameter Settings for Inferred Entity Instance: fft128:u_fft128|lpm_mult:Mult2 ;
+------------------------------------------------+----------+---------------------+
; Parameter Name                                 ; Value    ; Type                ;
+------------------------------------------------+----------+---------------------+
; AUTO_CARRY_CHAINS                              ; ON       ; AUTO_CARRY          ;
; IGNORE_CARRY_BUFFERS                           ; OFF      ; IGNORE_CARRY        ;
; AUTO_CASCADE_CHAINS                            ; ON       ; AUTO_CASCADE        ;
; IGNORE_CASCADE_BUFFERS                         ; OFF      ; IGNORE_CASCADE      ;
; LPM_WIDTHA                                     ; 24       ; Untyped             ;
; LPM_WIDTHB                                     ; 15       ; Untyped             ;
; LPM_WIDTHP                                     ; 39       ; Untyped             ;
; LPM_WIDTHR                                     ; 39       ; Untyped             ;
; LPM_WIDTHS                                     ; 1        ; Untyped             ;
; LPM_REPRESENTATION                             ; SIGNED   ; Untyped             ;
; LPM_PIPELINE                                   ; 0        ; Untyped             ;
; LATENCY                                        ; 0        ; Untyped             ;
; INPUT_A_IS_CONSTANT                            ; NO       ; Untyped             ;
; INPUT_B_IS_CONSTANT                            ; NO       ; Untyped             ;
; USE_EAB                                        ; OFF      ; Untyped             ;
; MAXIMIZE_SPEED                                 ; 5        ; Untyped             ;
; DEVICE_FAMILY                                  ; MAX 10   ; Untyped             ;
; CARRY_CHAIN                                    ; MANUAL   ; Untyped             ;
; APEX20K_TECHNOLOGY_MAPPER                      ; LUT      ; TECH_MAPPER_APEX20K ;
; DEDICATED_MULTIPLIER_CIRCUITRY                 ; AUTO     ; Untyped             ;
; DEDICATED_MULTIPLIER_MIN_INPUT_WIDTH_FOR_AUTO  ; 0        ; Untyped             ;
; DEDICATED_MULTIPLIER_MIN_OUTPUT_WIDTH_FOR_AUTO ; 0        ; Untyped             ;
; CBXI_PARAMETER                                 ; mult_ugs ; Untyped             ;
; INPUT_A_FIXED_VALUE                            ; Bx       ; Untyped             ;
; INPUT_B_FIXED_VALUE                            ; Bx       ; Untyped             ;
; USE_AHDL_IMPLEMENTATION                        ; OFF      ; Untyped             ;
+------------------------------------------------+----------+---------------------+
Note: In order to hide this table in the UI and the text report file, please set the "Show Parameter Settings in Synthesis Report" option in "Analysis and Synthesis Settings -> More Settings" to "Off".


+---------------------------------------------------------------------------------+
; Parameter Settings for Inferred Entity Instance: fft128:u_fft128|lpm_mult:Mult1 ;
+------------------------------------------------+----------+---------------------+
; Parameter Name                                 ; Value    ; Type                ;
+------------------------------------------------+----------+---------------------+
; AUTO_CARRY_CHAINS                              ; ON       ; AUTO_CARRY          ;
; IGNORE_CARRY_BUFFERS                           ; OFF      ; IGNORE_CARRY        ;
; AUTO_CASCADE_CHAINS                            ; ON       ; AUTO_CASCADE        ;
; IGNORE_CASCADE_BUFFERS                         ; OFF      ; IGNORE_CASCADE      ;
; LPM_WIDTHA                                     ; 24       ; Untyped             ;
; LPM_WIDTHB                                     ; 16       ; Untyped             ;
; LPM_WIDTHP                                     ; 40       ; Untyped             ;
; LPM_WIDTHR                                     ; 40       ; Untyped             ;
; LPM_WIDTHS                                     ; 1        ; Untyped             ;
; LPM_REPRESENTATION                             ; SIGNED   ; Untyped             ;
; LPM_PIPELINE                                   ; 0        ; Untyped             ;
; LATENCY                                        ; 0        ; Untyped             ;
; INPUT_A_IS_CONSTANT                            ; NO       ; Untyped             ;
; INPUT_B_IS_CONSTANT                            ; NO       ; Untyped             ;
; USE_EAB                                        ; OFF      ; Untyped             ;
; MAXIMIZE_SPEED                                 ; 5        ; Untyped             ;
; DEVICE_FAMILY                                  ; MAX 10   ; Untyped             ;
; CARRY_CHAIN                                    ; MANUAL   ; Untyped             ;
; APEX20K_TECHNOLOGY_MAPPER                      ; LUT      ; TECH_MAPPER_APEX20K ;
; DEDICATED_MULTIPLIER_CIRCUITRY                 ; AUTO     ; Untyped             ;
; DEDICATED_MULTIPLIER_MIN_INPUT_WIDTH_FOR_AUTO  ; 0        ; Untyped             ;
; DEDICATED_MULTIPLIER_MIN_OUTPUT_WIDTH_FOR_AUTO ; 0        ; Untyped             ;
; CBXI_PARAMETER                                 ; mult_ngs ; Untyped             ;
; INPUT_A_FIXED_VALUE                            ; Bx       ; Untyped             ;
; INPUT_B_FIXED_VALUE                            ; Bx       ; Untyped             ;
; USE_AHDL_IMPLEMENTATION                        ; OFF      ; Untyped             ;
+------------------------------------------------+----------+---------------------+
Note: In order to hide this table in the UI and the text report file, please set the "Show Parameter Settings in Synthesis Report" option in "Analysis and Synthesis Settings -> More Settings" to "Off".


+-------------------------------------------------------------------------------------------+
; altsyncram Parameter Settings by Entity Instance                                          ;
+-------------------------------------------+-----------------------------------------------+
; Name                                      ; Value                                         ;
+-------------------------------------------+-----------------------------------------------+
; Number of entity instances                ; 10                                            ;
; Entity Instance                           ; lcd_wave:u_lcd_wave|altsyncram:bar_snap_rtl_0 ;
;     -- OPERATION_MODE                     ; DUAL_PORT                                     ;
;     -- WIDTH_A                            ; 8                                             ;
;     -- NUMWORDS_A                         ; 64                                            ;
;     -- OUTDATA_REG_A                      ; UNREGISTERED                                  ;
;     -- WIDTH_B                            ; 8                                             ;
;     -- NUMWORDS_B                         ; 64                                            ;
;     -- ADDRESS_REG_B                      ; CLOCK1                                        ;
;     -- OUTDATA_REG_B                      ; UNREGISTERED                                  ;
;     -- RAM_BLOCK_TYPE                     ; AUTO                                          ;
;     -- READ_DURING_WRITE_MODE_MIXED_PORTS ; DONT_CARE                                     ;
; Entity Instance                           ; audio_buf:u_audio_buf|altsyncram:mem_rtl_0    ;
;     -- OPERATION_MODE                     ; DUAL_PORT                                     ;
;     -- WIDTH_A                            ; 15                                            ;
;     -- NUMWORDS_A                         ; 4096                                          ;
;     -- OUTDATA_REG_A                      ; UNREGISTERED                                  ;
;     -- WIDTH_B                            ; 15                                            ;
;     -- NUMWORDS_B                         ; 4096                                          ;
;     -- ADDRESS_REG_B                      ; CLOCK0                                        ;
;     -- OUTDATA_REG_B                      ; UNREGISTERED                                  ;
;     -- RAM_BLOCK_TYPE                     ; AUTO                                          ;
;     -- READ_DURING_WRITE_MODE_MIXED_PORTS ; OLD_DATA                                      ;
; Entity Instance                           ; spectrum:u_spectrum|altsyncram:bar_ram_rtl_0  ;
;     -- OPERATION_MODE                     ; DUAL_PORT                                     ;
;     -- WIDTH_A                            ; 8                                             ;
;     -- NUMWORDS_A                         ; 64                                            ;
;     -- OUTDATA_REG_A                      ; UNREGISTERED                                  ;
;     -- WIDTH_B                            ; 8                                             ;
;     -- NUMWORDS_B                         ; 64                                            ;
;     -- ADDRESS_REG_B                      ; CLOCK0                                        ;
;     -- OUTDATA_REG_B                      ; UNREGISTERED                                  ;
;     -- RAM_BLOCK_TYPE                     ; AUTO                                          ;
;     -- READ_DURING_WRITE_MODE_MIXED_PORTS ; OLD_DATA                                      ;
; Entity Instance                           ; spectrum:u_spectrum|altsyncram:bar_ram_rtl_1  ;
;     -- OPERATION_MODE                     ; DUAL_PORT                                     ;
;     -- WIDTH_A                            ; 8                                             ;
;     -- NUMWORDS_A                         ; 64                                            ;
;     -- OUTDATA_REG_A                      ; UNREGISTERED                                  ;
;     -- WIDTH_B                            ; 8                                             ;
;     -- NUMWORDS_B                         ; 64                                            ;
;     -- ADDRESS_REG_B                      ; CLOCK0                                        ;
;     -- OUTDATA_REG_B                      ; UNREGISTERED                                  ;
;     -- RAM_BLOCK_TYPE                     ; AUTO                                          ;
;     -- READ_DURING_WRITE_MODE_MIXED_PORTS ; OLD_DATA                                      ;
; Entity Instance                           ; spectrum:u_spectrum|altsyncram:bar_life_rtl_0 ;
;     -- OPERATION_MODE                     ; DUAL_PORT                                     ;
;     -- WIDTH_A                            ; 16                                            ;
;     -- NUMWORDS_A                         ; 64                                            ;
;     -- OUTDATA_REG_A                      ; UNREGISTERED                                  ;
;     -- WIDTH_B                            ; 16                                            ;
;     -- NUMWORDS_B                         ; 64                                            ;
;     -- ADDRESS_REG_B                      ; CLOCK0                                        ;
;     -- OUTDATA_REG_B                      ; UNREGISTERED                                  ;
;     -- RAM_BLOCK_TYPE                     ; AUTO                                          ;
;     -- READ_DURING_WRITE_MODE_MIXED_PORTS ; OLD_DATA                                      ;
; Entity Instance                           ; fft128:u_fft128|altsyncram:mem_mag2_rtl_0     ;
;     -- OPERATION_MODE                     ; DUAL_PORT                                     ;
;     -- WIDTH_A                            ; 33                                            ;
;     -- NUMWORDS_A                         ; 64                                            ;
;     -- OUTDATA_REG_A                      ; UNREGISTERED                                  ;
;     -- WIDTH_B                            ; 33                                            ;
;     -- NUMWORDS_B                         ; 64                                            ;
;     -- ADDRESS_REG_B                      ; CLOCK0                                        ;
;     -- OUTDATA_REG_B                      ; UNREGISTERED                                  ;
;     -- RAM_BLOCK_TYPE                     ; AUTO                                          ;
;     -- READ_DURING_WRITE_MODE_MIXED_PORTS ; OLD_DATA                                      ;
; Entity Instance                           ; fft128:u_fft128|altsyncram:mem_im_rtl_0       ;
;     -- OPERATION_MODE                     ; DUAL_PORT                                     ;
;     -- WIDTH_A                            ; 24                                            ;
;     -- NUMWORDS_A                         ; 128                                           ;
;     -- OUTDATA_REG_A                      ; UNREGISTERED                                  ;
;     -- WIDTH_B                            ; 24                                            ;
;     -- NUMWORDS_B                         ; 128                                           ;
;     -- ADDRESS_REG_B                      ; CLOCK0                                        ;
;     -- OUTDATA_REG_B                      ; UNREGISTERED                                  ;
;     -- RAM_BLOCK_TYPE                     ; AUTO                                          ;
;     -- READ_DURING_WRITE_MODE_MIXED_PORTS ; OLD_DATA                                      ;
; Entity Instance                           ; fft128:u_fft128|altsyncram:mem_re_rtl_0       ;
;     -- OPERATION_MODE                     ; DUAL_PORT                                     ;
;     -- WIDTH_A                            ; 24                                            ;
;     -- NUMWORDS_A                         ; 128                                           ;
;     -- OUTDATA_REG_A                      ; UNREGISTERED                                  ;
;     -- WIDTH_B                            ; 24                                            ;
;     -- NUMWORDS_B                         ; 128                                           ;
;     -- ADDRESS_REG_B                      ; CLOCK0                                        ;
;     -- OUTDATA_REG_B                      ; UNREGISTERED                                  ;
;     -- RAM_BLOCK_TYPE                     ; AUTO                                          ;
;     -- READ_DURING_WRITE_MODE_MIXED_PORTS ; OLD_DATA                                      ;
; Entity Instance                           ; fft128:u_fft128|altsyncram:buf1_rtl_0         ;
;     -- OPERATION_MODE                     ; DUAL_PORT                                     ;
;     -- WIDTH_A                            ; 16                                            ;
;     -- NUMWORDS_A                         ; 128                                           ;
;     -- OUTDATA_REG_A                      ; UNREGISTERED                                  ;
;     -- WIDTH_B                            ; 16                                            ;
;     -- NUMWORDS_B                         ; 128                                           ;
;     -- ADDRESS_REG_B                      ; CLOCK0                                        ;
;     -- OUTDATA_REG_B                      ; UNREGISTERED                                  ;
;     -- RAM_BLOCK_TYPE                     ; AUTO                                          ;
;     -- READ_DURING_WRITE_MODE_MIXED_PORTS ; DONT_CARE                                     ;
; Entity Instance                           ; fft128:u_fft128|altsyncram:buf0_rtl_0         ;
;     -- OPERATION_MODE                     ; DUAL_PORT                                     ;
;     -- WIDTH_A                            ; 16                                            ;
;     -- NUMWORDS_A                         ; 128                                           ;
;     -- OUTDATA_REG_A                      ; UNREGISTERED                                  ;
;     -- WIDTH_B                            ; 16                                            ;
;     -- NUMWORDS_B                         ; 128                                           ;
;     -- ADDRESS_REG_B                      ; CLOCK0                                        ;
;     -- OUTDATA_REG_B                      ; UNREGISTERED                                  ;
;     -- RAM_BLOCK_TYPE                     ; AUTO                                          ;
;     -- READ_DURING_WRITE_MODE_MIXED_PORTS ; DONT_CARE                                     ;
+-------------------------------------------+-----------------------------------------------+


+----------------------------------------------------------------------------+
; lpm_mult Parameter Settings by Entity Instance                             ;
+---------------------------------------+------------------------------------+
; Name                                  ; Value                              ;
+---------------------------------------+------------------------------------+
; Number of entity instances            ; 9                                  ;
; Entity Instance                       ; spectrum:u_spectrum|lpm_mult:Mult0 ;
;     -- LPM_WIDTHA                     ; 11                                 ;
;     -- LPM_WIDTHB                     ; 5                                  ;
;     -- LPM_WIDTHP                     ; 16                                 ;
;     -- LPM_REPRESENTATION             ; UNSIGNED                           ;
;     -- INPUT_A_IS_CONSTANT            ; NO                                 ;
;     -- INPUT_B_IS_CONSTANT            ; YES                                ;
;     -- USE_EAB                        ; OFF                                ;
;     -- DEDICATED_MULTIPLIER_CIRCUITRY ; AUTO                               ;
;     -- INPUT_A_FIXED_VALUE            ; Bx                                 ;
;     -- INPUT_B_FIXED_VALUE            ; Bx                                 ;
; Entity Instance                       ; fft128:u_fft128|lpm_mult:Mult0     ;
;     -- LPM_WIDTHA                     ; 16                                 ;
;     -- LPM_WIDTHB                     ; 16                                 ;
;     -- LPM_WIDTHP                     ; 32                                 ;
;     -- LPM_REPRESENTATION             ; SIGNED                             ;
;     -- INPUT_A_IS_CONSTANT            ; NO                                 ;
;     -- INPUT_B_IS_CONSTANT            ; NO                                 ;
;     -- USE_EAB                        ; OFF                                ;
;     -- DEDICATED_MULTIPLIER_CIRCUITRY ; AUTO                               ;
;     -- INPUT_A_FIXED_VALUE            ; Bx                                 ;
;     -- INPUT_B_FIXED_VALUE            ; Bx                                 ;
; Entity Instance                       ; lcd_wave:u_lcd_wave|lpm_mult:Mult0 ;
;     -- LPM_WIDTHA                     ; 9                                  ;
;     -- LPM_WIDTHB                     ; 4                                  ;
;     -- LPM_WIDTHP                     ; 13                                 ;
;     -- LPM_REPRESENTATION             ; UNSIGNED                           ;
;     -- INPUT_A_IS_CONSTANT            ; NO                                 ;
;     -- INPUT_B_IS_CONSTANT            ; NO                                 ;
;     -- USE_EAB                        ; OFF                                ;
;     -- DEDICATED_MULTIPLIER_CIRCUITRY ; AUTO                               ;
;     -- INPUT_A_FIXED_VALUE            ; Bx                                 ;
;     -- INPUT_B_FIXED_VALUE            ; Bx                                 ;
; Entity Instance                       ; fft128:u_fft128|lpm_mult:Mult6     ;
;     -- LPM_WIDTHA                     ; 16                                 ;
;     -- LPM_WIDTHB                     ; 16                                 ;
;     -- LPM_WIDTHP                     ; 32                                 ;
;     -- LPM_REPRESENTATION             ; SIGNED                             ;
;     -- INPUT_A_IS_CONSTANT            ; NO                                 ;
;     -- INPUT_B_IS_CONSTANT            ; NO                                 ;
;     -- USE_EAB                        ; OFF                                ;
;     -- DEDICATED_MULTIPLIER_CIRCUITRY ; AUTO                               ;
;     -- INPUT_A_FIXED_VALUE            ; Bx                                 ;
;     -- INPUT_B_FIXED_VALUE            ; Bx                                 ;
; Entity Instance                       ; fft128:u_fft128|lpm_mult:Mult5     ;
;     -- LPM_WIDTHA                     ; 16                                 ;
;     -- LPM_WIDTHB                     ; 16                                 ;
;     -- LPM_WIDTHP                     ; 32                                 ;
;     -- LPM_REPRESENTATION             ; SIGNED                             ;
;     -- INPUT_A_IS_CONSTANT            ; NO                                 ;
;     -- INPUT_B_IS_CONSTANT            ; NO                                 ;
;     -- USE_EAB                        ; OFF                                ;
;     -- DEDICATED_MULTIPLIER_CIRCUITRY ; AUTO                               ;
;     -- INPUT_A_FIXED_VALUE            ; Bx                                 ;
;     -- INPUT_B_FIXED_VALUE            ; Bx                                 ;
; Entity Instance                       ; fft128:u_fft128|lpm_mult:Mult4     ;
;     -- LPM_WIDTHA                     ; 24                                 ;
;     -- LPM_WIDTHB                     ; 16                                 ;
;     -- LPM_WIDTHP                     ; 40                                 ;
;     -- LPM_REPRESENTATION             ; SIGNED                             ;
;     -- INPUT_A_IS_CONSTANT            ; NO                                 ;
;     -- INPUT_B_IS_CONSTANT            ; NO                                 ;
;     -- USE_EAB                        ; OFF                                ;
;     -- DEDICATED_MULTIPLIER_CIRCUITRY ; AUTO                               ;
;     -- INPUT_A_FIXED_VALUE            ; Bx                                 ;
;     -- INPUT_B_FIXED_VALUE            ; Bx                                 ;
; Entity Instance                       ; fft128:u_fft128|lpm_mult:Mult3     ;
;     -- LPM_WIDTHA                     ; 24                                 ;
;     -- LPM_WIDTHB                     ; 15                                 ;
;     -- LPM_WIDTHP                     ; 39                                 ;
;     -- LPM_REPRESENTATION             ; SIGNED                             ;
;     -- INPUT_A_IS_CONSTANT            ; NO                                 ;
;     -- INPUT_B_IS_CONSTANT            ; NO                                 ;
;     -- USE_EAB                        ; OFF                                ;
;     -- DEDICATED_MULTIPLIER_CIRCUITRY ; AUTO                               ;
;     -- INPUT_A_FIXED_VALUE            ; Bx                                 ;
;     -- INPUT_B_FIXED_VALUE            ; Bx                                 ;
; Entity Instance                       ; fft128:u_fft128|lpm_mult:Mult2     ;
;     -- LPM_WIDTHA                     ; 24                                 ;
;     -- LPM_WIDTHB                     ; 15                                 ;
;     -- LPM_WIDTHP                     ; 39                                 ;
;     -- LPM_REPRESENTATION             ; SIGNED                             ;
;     -- INPUT_A_IS_CONSTANT            ; NO                                 ;
;     -- INPUT_B_IS_CONSTANT            ; NO                                 ;
;     -- USE_EAB                        ; OFF                                ;
;     -- DEDICATED_MULTIPLIER_CIRCUITRY ; AUTO                               ;
;     -- INPUT_A_FIXED_VALUE            ; Bx                                 ;
;     -- INPUT_B_FIXED_VALUE            ; Bx                                 ;
; Entity Instance                       ; fft128:u_fft128|lpm_mult:Mult1     ;
;     -- LPM_WIDTHA                     ; 24                                 ;
;     -- LPM_WIDTHB                     ; 16                                 ;
;     -- LPM_WIDTHP                     ; 40                                 ;
;     -- LPM_REPRESENTATION             ; SIGNED                             ;
;     -- INPUT_A_IS_CONSTANT            ; NO                                 ;
;     -- INPUT_B_IS_CONSTANT            ; NO                                 ;
;     -- USE_EAB                        ; OFF                                ;
;     -- DEDICATED_MULTIPLIER_CIRCUITRY ; AUTO                               ;
;     -- INPUT_A_FIXED_VALUE            ; Bx                                 ;
;     -- INPUT_B_FIXED_VALUE            ; Bx                                 ;
+---------------------------------------+------------------------------------+


+----------------------------------------------------------------------------------------------------------------+
; Port Connectivity Checks: "spectrum:u_spectrum"                                                                ;
+------+--------+----------+-------------------------------------------------------------------------------------+
; Port ; Type   ; Severity ; Details                                                                             ;
+------+--------+----------+-------------------------------------------------------------------------------------+
; busy ; Output ; Info     ; Connected to dangling logic. Logic that only feeds a dangling port will be removed. ;
+------+--------+----------+-------------------------------------------------------------------------------------+


+-----------------------------------------------------------------------------------------------------------------------+
; Port Connectivity Checks: "fft128:u_fft128"                                                                           ;
+-------------+--------+----------+-------------------------------------------------------------------------------------+
; Port        ; Type   ; Severity ; Details                                                                             ;
+-------------+--------+----------+-------------------------------------------------------------------------------------+
; mag_we      ; Output ; Info     ; Connected to dangling logic. Logic that only feeds a dangling port will be removed. ;
; frame_index ; Output ; Info     ; Connected to dangling logic. Logic that only feeds a dangling port will be removed. ;
; busy        ; Output ; Info     ; Connected to dangling logic. Logic that only feeds a dangling port will be removed. ;
+-------------+--------+----------+-------------------------------------------------------------------------------------+


+----------------------------------------------------+
; Port Connectivity Checks: "sw_debounce:u_sw_dec"   ;
+-------+--------+----------+------------------------+
; Port  ; Type   ; Severity ; Details                ;
+-------+--------+----------+------------------------+
; level ; Output ; Info     ; Explicitly unconnected ;
+-------+--------+----------+------------------------+


+----------------------------------------------------+
; Port Connectivity Checks: "sw_debounce:u_sw_inc"   ;
+-------+--------+----------+------------------------+
; Port  ; Type   ; Severity ; Details                ;
+-------+--------+----------+------------------------+
; level ; Output ; Info     ; Explicitly unconnected ;
+-------+--------+----------+------------------------+


+-----------------------------------------------------+
; Post-Synthesis Netlist Statistics for Top Partition ;
+-----------------------+-----------------------------+
; Type                  ; Count                       ;
+-----------------------+-----------------------------+
; boundary_port         ; 16                          ;
; cycloneiii_ff         ; 1462                        ;
;     CLR               ; 130                         ;
;     CLR SCLR          ; 55                          ;
;     CLR SLD           ; 32                          ;
;     ENA               ; 210                         ;
;     ENA CLR           ; 815                         ;
;     ENA CLR SCLR      ; 91                          ;
;     ENA CLR SCLR SLD  ; 3                           ;
;     ENA CLR SLD       ; 36                          ;
;     plain             ; 90                          ;
; cycloneiii_lcell_comb ; 2427                        ;
;     arith             ; 848                         ;
;         2 data inputs ; 384                         ;
;         3 data inputs ; 464                         ;
;     normal            ; 1579                        ;
;         0 data inputs ; 19                          ;
;         1 data inputs ; 45                          ;
;         2 data inputs ; 236                         ;
;         3 data inputs ; 301                         ;
;         4 data inputs ; 978                         ;
; cycloneiii_mac_mult   ; 11                          ;
; cycloneiii_mac_out    ; 11                          ;
; cycloneiii_ram_block  ; 168                         ;
;                       ;                             ;
; Max LUT depth         ; 17.10                       ;
; Average LUT depth     ; 4.11                        ;
+-----------------------+-----------------------------+


+-------------------------------+
; Elapsed Time Per Partition    ;
+----------------+--------------+
; Partition Name ; Elapsed Time ;
+----------------+--------------+
; Top            ; 00:00:10     ;
+----------------+--------------+


+-------------------------------+
; Analysis & Synthesis Messages ;
+-------------------------------+
Info: *******************************************************************
Info: Running Quartus Prime Analysis & Synthesis
    Info: Version 25.1std.0 Build 1129 10/21/2025 SC Lite Edition
    Info: Processing started: Sat Sep 19 21:08:10 2026
Info: Command: quartus_map --read_settings_files=on --write_settings_files=off microphone -c microphone
Warning (18236): Number of processors has not been specified which may cause overloading on shared machines.  Set the global assignment NUM_PARALLEL_PROCESSORS in your QSF to an appropriate value for best performance.
Info (20030): Parallel compilation is enabled and will use 16 of the 16 processors detected
Info (12021): Found 1 design units, including 1 entities, in source file rtl/top.sv
    Info (12023): Found entity 1: top File: H:/git/PCB_CQmax10/CQmax10/sample/microphone/rtl/top.sv Line: 34
Info (12021): Found 1 design units, including 1 entities, in source file rtl/i2s_rx.sv
    Info (12023): Found entity 1: i2s_rx File: H:/git/PCB_CQmax10/CQmax10/sample/microphone/rtl/i2s_rx.sv Line: 22
Info (12021): Found 1 design units, including 1 entities, in source file rtl/moving_avg.sv
    Info (12023): Found entity 1: moving_avg File: H:/git/PCB_CQmax10/CQmax10/sample/microphone/rtl/moving_avg.sv Line: 15
Info (12021): Found 1 design units, including 1 entities, in source file rtl/audio_buf.sv
    Info (12023): Found entity 1: audio_buf File: H:/git/PCB_CQmax10/CQmax10/sample/microphone/rtl/audio_buf.sv Line: 17
Info (12021): Found 1 design units, including 1 entities, in source file rtl/fft128.sv
    Info (12023): Found entity 1: fft128 File: H:/git/PCB_CQmax10/CQmax10/sample/microphone/rtl/fft128.sv Line: 38
Info (12021): Found 1 design units, including 1 entities, in source file rtl/spectrum.sv
    Info (12023): Found entity 1: spectrum File: H:/git/PCB_CQmax10/CQmax10/sample/microphone/rtl/spectrum.sv Line: 78
Info (12021): Found 1 design units, including 1 entities, in source file rtl/sw_debounce.sv
    Info (12023): Found entity 1: sw_debounce File: H:/git/PCB_CQmax10/CQmax10/sample/microphone/rtl/sw_debounce.sv Line: 17
Info (12021): Found 1 design units, including 1 entities, in source file rtl/lcd_wave.sv
    Info (12023): Found entity 1: lcd_wave File: H:/git/PCB_CQmax10/CQmax10/sample/microphone/rtl/lcd_wave.sv Line: 46
Info (12127): Elaborating entity "top" for the top level hierarchy
Warning (10230): Verilog HDL assignment warning at top.sv(213): truncated value with size 32 to match size of target (3) File: H:/git/PCB_CQmax10/CQmax10/sample/microphone/rtl/top.sv Line: 213
Info (12128): Elaborating entity "sw_debounce" for hierarchy "sw_debounce:u_sw_inc" File: H:/git/PCB_CQmax10/CQmax10/sample/microphone/rtl/top.sv Line: 197
Info (12128): Elaborating entity "i2s_rx" for hierarchy "i2s_rx:u_i2s_rx" File: H:/git/PCB_CQmax10/CQmax10/sample/microphone/rtl/top.sv Line: 242
Info (12128): Elaborating entity "moving_avg" for hierarchy "moving_avg:u_moving_avg" File: H:/git/PCB_CQmax10/CQmax10/sample/microphone/rtl/top.sv Line: 262
Info (12128): Elaborating entity "audio_buf" for hierarchy "audio_buf:u_audio_buf" File: H:/git/PCB_CQmax10/CQmax10/sample/microphone/rtl/top.sv Line: 281
Info (12128): Elaborating entity "fft128" for hierarchy "fft128:u_fft128" File: H:/git/PCB_CQmax10/CQmax10/sample/microphone/rtl/top.sv Line: 312
Info (12128): Elaborating entity "spectrum" for hierarchy "spectrum:u_spectrum" File: H:/git/PCB_CQmax10/CQmax10/sample/microphone/rtl/top.sv Line: 340
Warning (10230): Verilog HDL assignment warning at spectrum.sv(116): truncated value with size 32 to match size of target (11) File: H:/git/PCB_CQmax10/CQmax10/sample/microphone/rtl/spectrum.sv Line: 116
Warning (10230): Verilog HDL assignment warning at spectrum.sv(117): truncated value with size 32 to match size of target (10) File: H:/git/PCB_CQmax10/CQmax10/sample/microphone/rtl/spectrum.sv Line: 117
Warning (10230): Verilog HDL assignment warning at spectrum.sv(118): truncated value with size 32 to match size of target (8) File: H:/git/PCB_CQmax10/CQmax10/sample/microphone/rtl/spectrum.sv Line: 118
Warning (10230): Verilog HDL assignment warning at spectrum.sv(121): truncated value with size 32 to match size of target (16) File: H:/git/PCB_CQmax10/CQmax10/sample/microphone/rtl/spectrum.sv Line: 121
Warning (10230): Verilog HDL assignment warning at spectrum.sv(122): truncated value with size 32 to match size of target (16) File: H:/git/PCB_CQmax10/CQmax10/sample/microphone/rtl/spectrum.sv Line: 122
Warning (10036): Verilog HDL or VHDL warning at spectrum.sv(168): object "h_r" assigned a value but never read File: H:/git/PCB_CQmax10/CQmax10/sample/microphone/rtl/spectrum.sv Line: 168
Warning (10230): Verilog HDL assignment warning at spectrum.sv(175): truncated value with size 32 to match size of target (18) File: H:/git/PCB_CQmax10/CQmax10/sample/microphone/rtl/spectrum.sv Line: 175
Info (12128): Elaborating entity "lcd_wave" for hierarchy "lcd_wave:u_lcd_wave" File: H:/git/PCB_CQmax10/CQmax10/sample/microphone/rtl/top.sv Line: 378
Warning (10230): Verilog HDL assignment warning at lcd_wave.sv(115): truncated value with size 32 to match size of target (24) File: H:/git/PCB_CQmax10/CQmax10/sample/microphone/rtl/lcd_wave.sv Line: 115
Warning (10230): Verilog HDL assignment warning at lcd_wave.sv(116): truncated value with size 32 to match size of target (24) File: H:/git/PCB_CQmax10/CQmax10/sample/microphone/rtl/lcd_wave.sv Line: 116
Warning (10230): Verilog HDL assignment warning at lcd_wave.sv(117): truncated value with size 32 to match size of target (24) File: H:/git/PCB_CQmax10/CQmax10/sample/microphone/rtl/lcd_wave.sv Line: 117
Warning (10230): Verilog HDL assignment warning at lcd_wave.sv(118): truncated value with size 32 to match size of target (24) File: H:/git/PCB_CQmax10/CQmax10/sample/microphone/rtl/lcd_wave.sv Line: 118
Warning (10230): Verilog HDL assignment warning at lcd_wave.sv(119): truncated value with size 32 to match size of target (9) File: H:/git/PCB_CQmax10/CQmax10/sample/microphone/rtl/lcd_wave.sv Line: 119
Warning (10230): Verilog HDL assignment warning at lcd_wave.sv(120): truncated value with size 32 to match size of target (8) File: H:/git/PCB_CQmax10/CQmax10/sample/microphone/rtl/lcd_wave.sv Line: 120
Warning (10230): Verilog HDL assignment warning at lcd_wave.sv(132): truncated value with size 32 to match size of target (9) File: H:/git/PCB_CQmax10/CQmax10/sample/microphone/rtl/lcd_wave.sv Line: 132
Warning (10230): Verilog HDL assignment warning at lcd_wave.sv(133): truncated value with size 32 to match size of target (9) File: H:/git/PCB_CQmax10/CQmax10/sample/microphone/rtl/lcd_wave.sv Line: 133
Warning (10230): Verilog HDL assignment warning at lcd_wave.sv(136): truncated value with size 32 to match size of target (6) File: H:/git/PCB_CQmax10/CQmax10/sample/microphone/rtl/lcd_wave.sv Line: 136
Warning (10230): Verilog HDL assignment warning at lcd_wave.sv(384): truncated value with size 32 to match size of target (8) File: H:/git/PCB_CQmax10/CQmax10/sample/microphone/rtl/lcd_wave.sv Line: 384
Warning (10230): Verilog HDL assignment warning at lcd_wave.sv(413): truncated value with size 32 to match size of target (16) File: H:/git/PCB_CQmax10/CQmax10/sample/microphone/rtl/lcd_wave.sv Line: 413
Info (10264): Verilog HDL Case Statement information at lcd_wave.sv(608): all case item expressions in this case statement are onehot File: H:/git/PCB_CQmax10/CQmax10/sample/microphone/rtl/lcd_wave.sv Line: 608
Warning (276027): Inferred dual-clock RAM node "lcd_wave:u_lcd_wave|bar_snap_rtl_0" from synchronous design logic.  The read-during-write behavior of a dual-clock RAM is undefined and may not match the behavior of the original design.
Warning (276020): Inferred RAM node "spectrum:u_spectrum|bar_ram_rtl_1" from synchronous design logic.  Pass-through logic has been added to match the read-during-write behavior of the original design.
Warning (276020): Inferred RAM node "spectrum:u_spectrum|bar_life_rtl_0" from synchronous design logic.  Pass-through logic has been added to match the read-during-write behavior of the original design.
Warning (276020): Inferred RAM node "fft128:u_fft128|buf1_rtl_0" from synchronous design logic.  Pass-through logic has been added to match the read-during-write behavior of the original design.
Warning (276020): Inferred RAM node "fft128:u_fft128|buf0_rtl_0" from synchronous design logic.  Pass-through logic has been added to match the read-during-write behavior of the original design.
Info (276014): Found 1 instances of uninferred RAM logic
    Info (276004): RAM logic "moving_avg:u_moving_avg|hist" is uninferred due to inappropriate RAM size File: H:/git/PCB_CQmax10/CQmax10/sample/microphone/rtl/moving_avg.sv Line: 35
Info (19000): Inferred 10 megafunctions from design logic
    Info (276029): Inferred altsyncram megafunction from the following design logic: "lcd_wave:u_lcd_wave|bar_snap_rtl_0" 
        Info (286033): Parameter OPERATION_MODE set to DUAL_PORT
        Info (286033): Parameter WIDTH_A set to 8
        Info (286033): Parameter WIDTHAD_A set to 6
        Info (286033): Parameter NUMWORDS_A set to 64
        Info (286033): Parameter WIDTH_B set to 8
        Info (286033): Parameter WIDTHAD_B set to 6
        Info (286033): Parameter NUMWORDS_B set to 64
        Info (286033): Parameter ADDRESS_ACLR_A set to NONE
        Info (286033): Parameter OUTDATA_REG_B set to UNREGISTERED
        Info (286033): Parameter ADDRESS_ACLR_B set to NONE
        Info (286033): Parameter OUTDATA_ACLR_B set to NONE
        Info (286033): Parameter ADDRESS_REG_B set to CLOCK1
        Info (286033): Parameter INDATA_ACLR_A set to NONE
        Info (286033): Parameter WRCONTROL_ACLR_A set to NONE
    Info (276029): Inferred altsyncram megafunction from the following design logic: "audio_buf:u_audio_buf|mem_rtl_0" 
        Info (286033): Parameter OPERATION_MODE set to DUAL_PORT
        Info (286033): Parameter WIDTH_A set to 15
        Info (286033): Parameter WIDTHAD_A set to 12
        Info (286033): Parameter NUMWORDS_A set to 4096
        Info (286033): Parameter WIDTH_B set to 15
        Info (286033): Parameter WIDTHAD_B set to 12
        Info (286033): Parameter NUMWORDS_B set to 4096
        Info (286033): Parameter ADDRESS_ACLR_A set to NONE
        Info (286033): Parameter OUTDATA_REG_B set to UNREGISTERED
        Info (286033): Parameter ADDRESS_ACLR_B set to NONE
        Info (286033): Parameter OUTDATA_ACLR_B set to NONE
        Info (286033): Parameter ADDRESS_REG_B set to CLOCK0
        Info (286033): Parameter INDATA_ACLR_A set to NONE
        Info (286033): Parameter WRCONTROL_ACLR_A set to NONE
        Info (286033): Parameter READ_DURING_WRITE_MODE_MIXED_PORTS set to OLD_DATA
    Info (276029): Inferred altsyncram megafunction from the following design logic: "spectrum:u_spectrum|bar_ram_rtl_0" 
        Info (286033): Parameter OPERATION_MODE set to DUAL_PORT
        Info (286033): Parameter WIDTH_A set to 8
        Info (286033): Parameter WIDTHAD_A set to 6
        Info (286033): Parameter NUMWORDS_A set to 64
        Info (286033): Parameter WIDTH_B set to 8
        Info (286033): Parameter WIDTHAD_B set to 6
        Info (286033): Parameter NUMWORDS_B set to 64
        Info (286033): Parameter ADDRESS_ACLR_A set to NONE
        Info (286033): Parameter OUTDATA_REG_B set to UNREGISTERED
        Info (286033): Parameter ADDRESS_ACLR_B set to NONE
        Info (286033): Parameter OUTDATA_ACLR_B set to NONE
        Info (286033): Parameter ADDRESS_REG_B set to CLOCK0
        Info (286033): Parameter INDATA_ACLR_A set to NONE
        Info (286033): Parameter WRCONTROL_ACLR_A set to NONE
        Info (286033): Parameter READ_DURING_WRITE_MODE_MIXED_PORTS set to OLD_DATA
    Info (276029): Inferred altsyncram megafunction from the following design logic: "spectrum:u_spectrum|bar_ram_rtl_1" 
        Info (286033): Parameter OPERATION_MODE set to DUAL_PORT
        Info (286033): Parameter WIDTH_A set to 8
        Info (286033): Parameter WIDTHAD_A set to 6
        Info (286033): Parameter NUMWORDS_A set to 64
        Info (286033): Parameter WIDTH_B set to 8
        Info (286033): Parameter WIDTHAD_B set to 6
        Info (286033): Parameter NUMWORDS_B set to 64
        Info (286033): Parameter ADDRESS_ACLR_A set to NONE
        Info (286033): Parameter OUTDATA_REG_B set to UNREGISTERED
        Info (286033): Parameter ADDRESS_ACLR_B set to NONE
        Info (286033): Parameter OUTDATA_ACLR_B set to NONE
        Info (286033): Parameter ADDRESS_REG_B set to CLOCK0
        Info (286033): Parameter INDATA_ACLR_A set to NONE
        Info (286033): Parameter WRCONTROL_ACLR_A set to NONE
        Info (286033): Parameter READ_DURING_WRITE_MODE_MIXED_PORTS set to OLD_DATA
    Info (276029): Inferred altsyncram megafunction from the following design logic: "spectrum:u_spectrum|bar_life_rtl_0" 
        Info (286033): Parameter OPERATION_MODE set to DUAL_PORT
        Info (286033): Parameter WIDTH_A set to 16
        Info (286033): Parameter WIDTHAD_A set to 6
        Info (286033): Parameter NUMWORDS_A set to 64
        Info (286033): Parameter WIDTH_B set to 16
        Info (286033): Parameter WIDTHAD_B set to 6
        Info (286033): Parameter NUMWORDS_B set to 64
        Info (286033): Parameter ADDRESS_ACLR_A set to NONE
        Info (286033): Parameter OUTDATA_REG_B set to UNREGISTERED
        Info (286033): Parameter ADDRESS_ACLR_B set to NONE
        Info (286033): Parameter OUTDATA_ACLR_B set to NONE
        Info (286033): Parameter ADDRESS_REG_B set to CLOCK0
        Info (286033): Parameter INDATA_ACLR_A set to NONE
        Info (286033): Parameter WRCONTROL_ACLR_A set to NONE
        Info (286033): Parameter READ_DURING_WRITE_MODE_MIXED_PORTS set to OLD_DATA
    Info (276029): Inferred altsyncram megafunction from the following design logic: "fft128:u_fft128|mem_mag2_rtl_0" 
        Info (286033): Parameter OPERATION_MODE set to DUAL_PORT
        Info (286033): Parameter WIDTH_A set to 33
        Info (286033): Parameter WIDTHAD_A set to 6
        Info (286033): Parameter NUMWORDS_A set to 64
        Info (286033): Parameter WIDTH_B set to 33
        Info (286033): Parameter WIDTHAD_B set to 6
        Info (286033): Parameter NUMWORDS_B set to 64
        Info (286033): Parameter ADDRESS_ACLR_A set to NONE
        Info (286033): Parameter OUTDATA_REG_B set to UNREGISTERED
        Info (286033): Parameter ADDRESS_ACLR_B set to NONE
        Info (286033): Parameter OUTDATA_ACLR_B set to NONE
        Info (286033): Parameter ADDRESS_REG_B set to CLOCK0
        Info (286033): Parameter INDATA_ACLR_A set to NONE
        Info (286033): Parameter WRCONTROL_ACLR_A set to NONE
        Info (286033): Parameter READ_DURING_WRITE_MODE_MIXED_PORTS set to OLD_DATA
    Info (276029): Inferred altsyncram megafunction from the following design logic: "fft128:u_fft128|mem_im_rtl_0" 
        Info (286033): Parameter OPERATION_MODE set to DUAL_PORT
        Info (286033): Parameter WIDTH_A set to 24
        Info (286033): Parameter WIDTHAD_A set to 7
        Info (286033): Parameter NUMWORDS_A set to 128
        Info (286033): Parameter WIDTH_B set to 24
        Info (286033): Parameter WIDTHAD_B set to 7
        Info (286033): Parameter NUMWORDS_B set to 128
        Info (286033): Parameter ADDRESS_ACLR_A set to NONE
        Info (286033): Parameter OUTDATA_REG_B set to UNREGISTERED
        Info (286033): Parameter ADDRESS_ACLR_B set to NONE
        Info (286033): Parameter OUTDATA_ACLR_B set to NONE
        Info (286033): Parameter ADDRESS_REG_B set to CLOCK0
        Info (286033): Parameter INDATA_ACLR_A set to NONE
        Info (286033): Parameter WRCONTROL_ACLR_A set to NONE
        Info (286033): Parameter READ_DURING_WRITE_MODE_MIXED_PORTS set to OLD_DATA
    Info (276029): Inferred altsyncram megafunction from the following design logic: "fft128:u_fft128|mem_re_rtl_0" 
        Info (286033): Parameter OPERATION_MODE set to DUAL_PORT
        Info (286033): Parameter WIDTH_A set to 24
        Info (286033): Parameter WIDTHAD_A set to 7
        Info (286033): Parameter NUMWORDS_A set to 128
        Info (286033): Parameter WIDTH_B set to 24
        Info (286033): Parameter WIDTHAD_B set to 7
        Info (286033): Parameter NUMWORDS_B set to 128
        Info (286033): Parameter ADDRESS_ACLR_A set to NONE
        Info (286033): Parameter OUTDATA_REG_B set to UNREGISTERED
        Info (286033): Parameter ADDRESS_ACLR_B set to NONE
        Info (286033): Parameter OUTDATA_ACLR_B set to NONE
        Info (286033): Parameter ADDRESS_REG_B set to CLOCK0
        Info (286033): Parameter INDATA_ACLR_A set to NONE
        Info (286033): Parameter WRCONTROL_ACLR_A set to NONE
        Info (286033): Parameter READ_DURING_WRITE_MODE_MIXED_PORTS set to OLD_DATA
    Info (276029): Inferred altsyncram megafunction from the following design logic: "fft128:u_fft128|buf1_rtl_0" 
        Info (286033): Parameter OPERATION_MODE set to DUAL_PORT
        Info (286033): Parameter WIDTH_A set to 16
        Info (286033): Parameter WIDTHAD_A set to 7
        Info (286033): Parameter NUMWORDS_A set to 128
        Info (286033): Parameter WIDTH_B set to 16
        Info (286033): Parameter WIDTHAD_B set to 7
        Info (286033): Parameter NUMWORDS_B set to 128
        Info (286033): Parameter ADDRESS_ACLR_A set to NONE
        Info (286033): Parameter OUTDATA_REG_B set to UNREGISTERED
        Info (286033): Parameter ADDRESS_ACLR_B set to NONE
        Info (286033): Parameter OUTDATA_ACLR_B set to NONE
        Info (286033): Parameter ADDRESS_REG_B set to CLOCK0
        Info (286033): Parameter INDATA_ACLR_A set to NONE
        Info (286033): Parameter WRCONTROL_ACLR_A set to NONE
    Info (276029): Inferred altsyncram megafunction from the following design logic: "fft128:u_fft128|buf0_rtl_0" 
        Info (286033): Parameter OPERATION_MODE set to DUAL_PORT
        Info (286033): Parameter WIDTH_A set to 16
        Info (286033): Parameter WIDTHAD_A set to 7
        Info (286033): Parameter NUMWORDS_A set to 128
        Info (286033): Parameter WIDTH_B set to 16
        Info (286033): Parameter WIDTHAD_B set to 7
        Info (286033): Parameter NUMWORDS_B set to 128
        Info (286033): Parameter ADDRESS_ACLR_A set to NONE
        Info (286033): Parameter OUTDATA_REG_B set to UNREGISTERED
        Info (286033): Parameter ADDRESS_ACLR_B set to NONE
        Info (286033): Parameter OUTDATA_ACLR_B set to NONE
        Info (286033): Parameter ADDRESS_REG_B set to CLOCK0
        Info (286033): Parameter INDATA_ACLR_A set to NONE
        Info (286033): Parameter WRCONTROL_ACLR_A set to NONE
Info (278001): Inferred 11 megafunctions from design logic
    Info (278004): Inferred divider/modulo megafunction ("lpm_divide") from the following logic: "lcd_wave:u_lcd_wave|Div0" File: H:/git/PCB_CQmax10/CQmax10/sample/microphone/rtl/lcd_wave.sv Line: 428
    Info (278003): Inferred multiplier megafunction ("lpm_mult") from the following logic: "spectrum:u_spectrum|Mult0" File: H:/git/PCB_CQmax10/CQmax10/sample/microphone/rtl/spectrum.sv Line: 175
    Info (278003): Inferred multiplier megafunction ("lpm_mult") from the following logic: "fft128:u_fft128|Mult0" File: H:/git/PCB_CQmax10/CQmax10/sample/microphone/rtl/fft128.sv Line: 123
    Info (278003): Inferred multiplier megafunction ("lpm_mult") from the following logic: "lcd_wave:u_lcd_wave|Mult0" File: H:/git/PCB_CQmax10/CQmax10/sample/microphone/rtl/lcd_wave.sv Line: 414
    Info (278003): Inferred multiplier megafunction ("lpm_mult") from the following logic: "fft128:u_fft128|Mult6" File: H:/git/PCB_CQmax10/CQmax10/sample/microphone/rtl/fft128.sv Line: 425
    Info (278003): Inferred multiplier megafunction ("lpm_mult") from the following logic: "fft128:u_fft128|Mult5" File: H:/git/PCB_CQmax10/CQmax10/sample/microphone/rtl/fft128.sv Line: 424
    Info (278004): Inferred divider/modulo megafunction ("lpm_divide") from the following logic: "lcd_wave:u_lcd_wave|Mod0" File: H:/git/PCB_CQmax10/CQmax10/sample/microphone/rtl/lcd_wave.sv Line: 427
    Info (278003): Inferred multiplier megafunction ("lpm_mult") from the following logic: "fft128:u_fft128|Mult4" File: H:/git/PCB_CQmax10/CQmax10/sample/microphone/rtl/fft128.sv Line: 377
    Info (278003): Inferred multiplier megafunction ("lpm_mult") from the following logic: "fft128:u_fft128|Mult3" File: H:/git/PCB_CQmax10/CQmax10/sample/microphone/rtl/fft128.sv Line: 376
    Info (278003): Inferred multiplier megafunction ("lpm_mult") from the following logic: "fft128:u_fft128|Mult2" File: H:/git/PCB_CQmax10/CQmax10/sample/microphone/rtl/fft128.sv Line: 371
    Info (278003): Inferred multiplier megafunction ("lpm_mult") from the following logic: "fft128:u_fft128|Mult1" File: H:/git/PCB_CQmax10/CQmax10/sample/microphone/rtl/fft128.sv Line: 370
Info (12130): Elaborated megafunction instantiation "lcd_wave:u_lcd_wave|altsyncram:bar_snap_rtl_0"
Info (12133): Instantiated megafunction "lcd_wave:u_lcd_wave|altsyncram:bar_snap_rtl_0" with the following parameter:
    Info (12134): Parameter "OPERATION_MODE" = "DUAL_PORT"
    Info (12134): Parameter "WIDTH_A" = "8"
    Info (12134): Parameter "WIDTHAD_A" = "6"
    Info (12134): Parameter "NUMWORDS_A" = "64"
    Info (12134): Parameter "WIDTH_B" = "8"
    Info (12134): Parameter "WIDTHAD_B" = "6"
    Info (12134): Parameter "NUMWORDS_B" = "64"
    Info (12134): Parameter "ADDRESS_ACLR_A" = "NONE"
    Info (12134): Parameter "OUTDATA_REG_B" = "UNREGISTERED"
    Info (12134): Parameter "ADDRESS_ACLR_B" = "NONE"
    Info (12134): Parameter "OUTDATA_ACLR_B" = "NONE"
    Info (12134): Parameter "ADDRESS_REG_B" = "CLOCK1"
    Info (12134): Parameter "INDATA_ACLR_A" = "NONE"
    Info (12134): Parameter "WRCONTROL_ACLR_A" = "NONE"
Info (12021): Found 1 design units, including 1 entities, in source file db/altsyncram_c1d1.tdf
    Info (12023): Found entity 1: altsyncram_c1d1 File: H:/git/PCB_CQmax10/CQmax10/sample/microphone/db/altsyncram_c1d1.tdf Line: 28
Info (12130): Elaborated megafunction instantiation "audio_buf:u_audio_buf|altsyncram:mem_rtl_0"
Info (12133): Instantiated megafunction "audio_buf:u_audio_buf|altsyncram:mem_rtl_0" with the following parameter:
    Info (12134): Parameter "OPERATION_MODE" = "DUAL_PORT"
    Info (12134): Parameter "WIDTH_A" = "15"
    Info (12134): Parameter "WIDTHAD_A" = "12"
    Info (12134): Parameter "NUMWORDS_A" = "4096"
    Info (12134): Parameter "WIDTH_B" = "15"
    Info (12134): Parameter "WIDTHAD_B" = "12"
    Info (12134): Parameter "NUMWORDS_B" = "4096"
    Info (12134): Parameter "ADDRESS_ACLR_A" = "NONE"
    Info (12134): Parameter "OUTDATA_REG_B" = "UNREGISTERED"
    Info (12134): Parameter "ADDRESS_ACLR_B" = "NONE"
    Info (12134): Parameter "OUTDATA_ACLR_B" = "NONE"
    Info (12134): Parameter "ADDRESS_REG_B" = "CLOCK0"
    Info (12134): Parameter "INDATA_ACLR_A" = "NONE"
    Info (12134): Parameter "WRCONTROL_ACLR_A" = "NONE"
    Info (12134): Parameter "READ_DURING_WRITE_MODE_MIXED_PORTS" = "OLD_DATA"
Info (12021): Found 1 design units, including 1 entities, in source file db/altsyncram_ugg1.tdf
    Info (12023): Found entity 1: altsyncram_ugg1 File: H:/git/PCB_CQmax10/CQmax10/sample/microphone/db/altsyncram_ugg1.tdf Line: 28
Info (12130): Elaborated megafunction instantiation "spectrum:u_spectrum|altsyncram:bar_ram_rtl_0"
Info (12133): Instantiated megafunction "spectrum:u_spectrum|altsyncram:bar_ram_rtl_0" with the following parameter:
    Info (12134): Parameter "OPERATION_MODE" = "DUAL_PORT"
    Info (12134): Parameter "WIDTH_A" = "8"
    Info (12134): Parameter "WIDTHAD_A" = "6"
    Info (12134): Parameter "NUMWORDS_A" = "64"
    Info (12134): Parameter "WIDTH_B" = "8"
    Info (12134): Parameter "WIDTHAD_B" = "6"
    Info (12134): Parameter "NUMWORDS_B" = "64"
    Info (12134): Parameter "ADDRESS_ACLR_A" = "NONE"
    Info (12134): Parameter "OUTDATA_REG_B" = "UNREGISTERED"
    Info (12134): Parameter "ADDRESS_ACLR_B" = "NONE"
    Info (12134): Parameter "OUTDATA_ACLR_B" = "NONE"
    Info (12134): Parameter "ADDRESS_REG_B" = "CLOCK0"
    Info (12134): Parameter "INDATA_ACLR_A" = "NONE"
    Info (12134): Parameter "WRCONTROL_ACLR_A" = "NONE"
    Info (12134): Parameter "READ_DURING_WRITE_MODE_MIXED_PORTS" = "OLD_DATA"
Info (12021): Found 1 design units, including 1 entities, in source file db/altsyncram_m4g1.tdf
    Info (12023): Found entity 1: altsyncram_m4g1 File: H:/git/PCB_CQmax10/CQmax10/sample/microphone/db/altsyncram_m4g1.tdf Line: 28
Info (12130): Elaborated megafunction instantiation "spectrum:u_spectrum|altsyncram:bar_life_rtl_0"
Info (12133): Instantiated megafunction "spectrum:u_spectrum|altsyncram:bar_life_rtl_0" with the following parameter:
    Info (12134): Parameter "OPERATION_MODE" = "DUAL_PORT"
    Info (12134): Parameter "WIDTH_A" = "16"
    Info (12134): Parameter "WIDTHAD_A" = "6"
    Info (12134): Parameter "NUMWORDS_A" = "64"
    Info (12134): Parameter "WIDTH_B" = "16"
    Info (12134): Parameter "WIDTHAD_B" = "6"
    Info (12134): Parameter "NUMWORDS_B" = "64"
    Info (12134): Parameter "ADDRESS_ACLR_A" = "NONE"
    Info (12134): Parameter "OUTDATA_REG_B" = "UNREGISTERED"
    Info (12134): Parameter "ADDRESS_ACLR_B" = "NONE"
    Info (12134): Parameter "OUTDATA_ACLR_B" = "NONE"
    Info (12134): Parameter "ADDRESS_REG_B" = "CLOCK0"
    Info (12134): Parameter "INDATA_ACLR_A" = "NONE"
    Info (12134): Parameter "WRCONTROL_ACLR_A" = "NONE"
    Info (12134): Parameter "READ_DURING_WRITE_MODE_MIXED_PORTS" = "OLD_DATA"
Info (12021): Found 1 design units, including 1 entities, in source file db/altsyncram_k7g1.tdf
    Info (12023): Found entity 1: altsyncram_k7g1 File: H:/git/PCB_CQmax10/CQmax10/sample/microphone/db/altsyncram_k7g1.tdf Line: 28
Info (12130): Elaborated megafunction instantiation "fft128:u_fft128|altsyncram:mem_mag2_rtl_0"
Info (12133): Instantiated megafunction "fft128:u_fft128|altsyncram:mem_mag2_rtl_0" with the following parameter:
    Info (12134): Parameter "OPERATION_MODE" = "DUAL_PORT"
    Info (12134): Parameter "WIDTH_A" = "33"
    Info (12134): Parameter "WIDTHAD_A" = "6"
    Info (12134): Parameter "NUMWORDS_A" = "64"
    Info (12134): Parameter "WIDTH_B" = "33"
    Info (12134): Parameter "WIDTHAD_B" = "6"
    Info (12134): Parameter "NUMWORDS_B" = "64"
    Info (12134): Parameter "ADDRESS_ACLR_A" = "NONE"
    Info (12134): Parameter "OUTDATA_REG_B" = "UNREGISTERED"
    Info (12134): Parameter "ADDRESS_ACLR_B" = "NONE"
    Info (12134): Parameter "OUTDATA_ACLR_B" = "NONE"
    Info (12134): Parameter "ADDRESS_REG_B" = "CLOCK0"
    Info (12134): Parameter "INDATA_ACLR_A" = "NONE"
    Info (12134): Parameter "WRCONTROL_ACLR_A" = "NONE"
    Info (12134): Parameter "READ_DURING_WRITE_MODE_MIXED_PORTS" = "OLD_DATA"
Info (12021): Found 1 design units, including 1 entities, in source file db/altsyncram_i7g1.tdf
    Info (12023): Found entity 1: altsyncram_i7g1 File: H:/git/PCB_CQmax10/CQmax10/sample/microphone/db/altsyncram_i7g1.tdf Line: 28
Info (12130): Elaborated megafunction instantiation "fft128:u_fft128|altsyncram:mem_im_rtl_0"
Info (12133): Instantiated megafunction "fft128:u_fft128|altsyncram:mem_im_rtl_0" with the following parameter:
    Info (12134): Parameter "OPERATION_MODE" = "DUAL_PORT"
    Info (12134): Parameter "WIDTH_A" = "24"
    Info (12134): Parameter "WIDTHAD_A" = "7"
    Info (12134): Parameter "NUMWORDS_A" = "128"
    Info (12134): Parameter "WIDTH_B" = "24"
    Info (12134): Parameter "WIDTHAD_B" = "7"
    Info (12134): Parameter "NUMWORDS_B" = "128"
    Info (12134): Parameter "ADDRESS_ACLR_A" = "NONE"
    Info (12134): Parameter "OUTDATA_REG_B" = "UNREGISTERED"
    Info (12134): Parameter "ADDRESS_ACLR_B" = "NONE"
    Info (12134): Parameter "OUTDATA_ACLR_B" = "NONE"
    Info (12134): Parameter "ADDRESS_REG_B" = "CLOCK0"
    Info (12134): Parameter "INDATA_ACLR_A" = "NONE"
    Info (12134): Parameter "WRCONTROL_ACLR_A" = "NONE"
    Info (12134): Parameter "READ_DURING_WRITE_MODE_MIXED_PORTS" = "OLD_DATA"
Info (12021): Found 1 design units, including 1 entities, in source file db/altsyncram_mag1.tdf
    Info (12023): Found entity 1: altsyncram_mag1 File: H:/git/PCB_CQmax10/CQmax10/sample/microphone/db/altsyncram_mag1.tdf Line: 28
Info (12130): Elaborated megafunction instantiation "fft128:u_fft128|altsyncram:buf1_rtl_0"
Info (12133): Instantiated megafunction "fft128:u_fft128|altsyncram:buf1_rtl_0" with the following parameter:
    Info (12134): Parameter "OPERATION_MODE" = "DUAL_PORT"
    Info (12134): Parameter "WIDTH_A" = "16"
    Info (12134): Parameter "WIDTHAD_A" = "7"
    Info (12134): Parameter "NUMWORDS_A" = "128"
    Info (12134): Parameter "WIDTH_B" = "16"
    Info (12134): Parameter "WIDTHAD_B" = "7"
    Info (12134): Parameter "NUMWORDS_B" = "128"
    Info (12134): Parameter "ADDRESS_ACLR_A" = "NONE"
    Info (12134): Parameter "OUTDATA_REG_B" = "UNREGISTERED"
    Info (12134): Parameter "ADDRESS_ACLR_B" = "NONE"
    Info (12134): Parameter "OUTDATA_ACLR_B" = "NONE"
    Info (12134): Parameter "ADDRESS_REG_B" = "CLOCK0"
    Info (12134): Parameter "INDATA_ACLR_A" = "NONE"
    Info (12134): Parameter "WRCONTROL_ACLR_A" = "NONE"
Info (12021): Found 1 design units, including 1 entities, in source file db/altsyncram_0rb1.tdf
    Info (12023): Found entity 1: altsyncram_0rb1 File: H:/git/PCB_CQmax10/CQmax10/sample/microphone/db/altsyncram_0rb1.tdf Line: 28
Info (12130): Elaborated megafunction instantiation "lcd_wave:u_lcd_wave|lpm_divide:Div0" File: H:/git/PCB_CQmax10/CQmax10/sample/microphone/rtl/lcd_wave.sv Line: 428
Info (12133): Instantiated megafunction "lcd_wave:u_lcd_wave|lpm_divide:Div0" with the following parameter: File: H:/git/PCB_CQmax10/CQmax10/sample/microphone/rtl/lcd_wave.sv Line: 428
    Info (12134): Parameter "LPM_WIDTHN" = "9"
    Info (12134): Parameter "LPM_WIDTHD" = "3"
    Info (12134): Parameter "LPM_NREPRESENTATION" = "UNSIGNED"
    Info (12134): Parameter "LPM_DREPRESENTATION" = "UNSIGNED"
Info (12021): Found 1 design units, including 1 entities, in source file db/lpm_divide_9sl.tdf
    Info (12023): Found entity 1: lpm_divide_9sl File: H:/git/PCB_CQmax10/CQmax10/sample/microphone/db/lpm_divide_9sl.tdf Line: 25
Info (12021): Found 1 design units, including 1 entities, in source file db/sign_div_unsign_bkh.tdf
    Info (12023): Found entity 1: sign_div_unsign_bkh File: H:/git/PCB_CQmax10/CQmax10/sample/microphone/db/sign_div_unsign_bkh.tdf Line: 25
Info (12021): Found 1 design units, including 1 entities, in source file db/alt_u_div_0fe.tdf
    Info (12023): Found entity 1: alt_u_div_0fe File: H:/git/PCB_CQmax10/CQmax10/sample/microphone/db/alt_u_div_0fe.tdf Line: 27
Info (12021): Found 1 design units, including 1 entities, in source file db/add_sub_t3c.tdf
    Info (12023): Found entity 1: add_sub_t3c File: H:/git/PCB_CQmax10/CQmax10/sample/microphone/db/add_sub_t3c.tdf Line: 23
Info (12021): Found 1 design units, including 1 entities, in source file db/add_sub_u3c.tdf
    Info (12023): Found entity 1: add_sub_u3c File: H:/git/PCB_CQmax10/CQmax10/sample/microphone/db/add_sub_u3c.tdf Line: 23
Info (12130): Elaborated megafunction instantiation "spectrum:u_spectrum|lpm_mult:Mult0" File: H:/git/PCB_CQmax10/CQmax10/sample/microphone/rtl/spectrum.sv Line: 175
Info (12133): Instantiated megafunction "spectrum:u_spectrum|lpm_mult:Mult0" with the following parameter: File: H:/git/PCB_CQmax10/CQmax10/sample/microphone/rtl/spectrum.sv Line: 175
    Info (12134): Parameter "LPM_WIDTHA" = "11"
    Info (12134): Parameter "LPM_WIDTHB" = "5"
    Info (12134): Parameter "LPM_WIDTHP" = "16"
    Info (12134): Parameter "LPM_WIDTHR" = "16"
    Info (12134): Parameter "LPM_WIDTHS" = "1"
    Info (12134): Parameter "LPM_REPRESENTATION" = "UNSIGNED"
    Info (12134): Parameter "INPUT_A_IS_CONSTANT" = "NO"
    Info (12134): Parameter "INPUT_B_IS_CONSTANT" = "YES"
    Info (12134): Parameter "MAXIMIZE_SPEED" = "6"
Info (12131): Elaborated megafunction instantiation "spectrum:u_spectrum|lpm_mult:Mult0|multcore:mult_core", which is child of megafunction instantiation "spectrum:u_spectrum|lpm_mult:Mult0" File: h:/altera_lite/25.1std/quartus/libraries/megafunctions/lpm_mult.tdf Line: 309
Info (12131): Elaborated megafunction instantiation "spectrum:u_spectrum|lpm_mult:Mult0|multcore:mult_core|mpar_add:padder", which is child of megafunction instantiation "spectrum:u_spectrum|lpm_mult:Mult0" File: h:/altera_lite/25.1std/quartus/libraries/megafunctions/multcore.tdf Line: 229
Info (12131): Elaborated megafunction instantiation "spectrum:u_spectrum|lpm_mult:Mult0|multcore:mult_core|mpar_add:padder|lpm_add_sub:adder[0]", which is child of megafunction instantiation "spectrum:u_spectrum|lpm_mult:Mult0" File: h:/altera_lite/25.1std/quartus/libraries/megafunctions/mpar_add.tdf Line: 78
Info (12021): Found 1 design units, including 1 entities, in source file db/add_sub_1qg.tdf
    Info (12023): Found entity 1: add_sub_1qg File: H:/git/PCB_CQmax10/CQmax10/sample/microphone/db/add_sub_1qg.tdf Line: 23
Info (12131): Elaborated megafunction instantiation "spectrum:u_spectrum|lpm_mult:Mult0|multcore:mult_core|mpar_add:padder|mpar_add:sub_par_add", which is child of megafunction instantiation "spectrum:u_spectrum|lpm_mult:Mult0" File: h:/altera_lite/25.1std/quartus/libraries/megafunctions/mpar_add.tdf Line: 138
Info (12131): Elaborated megafunction instantiation "spectrum:u_spectrum|lpm_mult:Mult0|multcore:mult_core|mpar_add:padder|mpar_add:sub_par_add|lpm_add_sub:adder[0]", which is child of megafunction instantiation "spectrum:u_spectrum|lpm_mult:Mult0" File: h:/altera_lite/25.1std/quartus/libraries/megafunctions/mpar_add.tdf Line: 78
Info (12021): Found 1 design units, including 1 entities, in source file db/add_sub_crg.tdf
    Info (12023): Found entity 1: add_sub_crg File: H:/git/PCB_CQmax10/CQmax10/sample/microphone/db/add_sub_crg.tdf Line: 23
Info (12131): Elaborated megafunction instantiation "spectrum:u_spectrum|lpm_mult:Mult0|altshift:external_latency_ffs", which is child of megafunction instantiation "spectrum:u_spectrum|lpm_mult:Mult0" File: h:/altera_lite/25.1std/quartus/libraries/megafunctions/lpm_mult.tdf Line: 352
Info (12130): Elaborated megafunction instantiation "fft128:u_fft128|lpm_mult:Mult0" File: H:/git/PCB_CQmax10/CQmax10/sample/microphone/rtl/fft128.sv Line: 123
Info (12133): Instantiated megafunction "fft128:u_fft128|lpm_mult:Mult0" with the following parameter: File: H:/git/PCB_CQmax10/CQmax10/sample/microphone/rtl/fft128.sv Line: 123
    Info (12134): Parameter "LPM_WIDTHA" = "16"
    Info (12134): Parameter "LPM_WIDTHB" = "16"
    Info (12134): Parameter "LPM_WIDTHP" = "32"
    Info (12134): Parameter "LPM_WIDTHR" = "32"
    Info (12134): Parameter "LPM_WIDTHS" = "1"
    Info (12134): Parameter "LPM_REPRESENTATION" = "SIGNED"
    Info (12134): Parameter "INPUT_A_IS_CONSTANT" = "NO"
    Info (12134): Parameter "INPUT_B_IS_CONSTANT" = "NO"
    Info (12134): Parameter "MAXIMIZE_SPEED" = "5"
Info (12021): Found 1 design units, including 1 entities, in source file db/mult_pgs.tdf
    Info (12023): Found entity 1: mult_pgs File: H:/git/PCB_CQmax10/CQmax10/sample/microphone/db/mult_pgs.tdf Line: 29
Info (12130): Elaborated megafunction instantiation "lcd_wave:u_lcd_wave|lpm_mult:Mult0" File: H:/git/PCB_CQmax10/CQmax10/sample/microphone/rtl/lcd_wave.sv Line: 414
Info (12133): Instantiated megafunction "lcd_wave:u_lcd_wave|lpm_mult:Mult0" with the following parameter: File: H:/git/PCB_CQmax10/CQmax10/sample/microphone/rtl/lcd_wave.sv Line: 414
    Info (12134): Parameter "LPM_WIDTHA" = "9"
    Info (12134): Parameter "LPM_WIDTHB" = "4"
    Info (12134): Parameter "LPM_WIDTHP" = "13"
    Info (12134): Parameter "LPM_WIDTHR" = "13"
    Info (12134): Parameter "LPM_WIDTHS" = "1"
    Info (12134): Parameter "LPM_REPRESENTATION" = "UNSIGNED"
    Info (12134): Parameter "INPUT_A_IS_CONSTANT" = "NO"
    Info (12134): Parameter "INPUT_B_IS_CONSTANT" = "NO"
    Info (12134): Parameter "MAXIMIZE_SPEED" = "5"
Info (12021): Found 1 design units, including 1 entities, in source file db/mult_qks.tdf
    Info (12023): Found entity 1: mult_qks File: H:/git/PCB_CQmax10/CQmax10/sample/microphone/db/mult_qks.tdf Line: 29
Info (12130): Elaborated megafunction instantiation "fft128:u_fft128|lpm_mult:Mult6" File: H:/git/PCB_CQmax10/CQmax10/sample/microphone/rtl/fft128.sv Line: 425
Info (12133): Instantiated megafunction "fft128:u_fft128|lpm_mult:Mult6" with the following parameter: File: H:/git/PCB_CQmax10/CQmax10/sample/microphone/rtl/fft128.sv Line: 425
    Info (12134): Parameter "LPM_WIDTHA" = "16"
    Info (12134): Parameter "LPM_WIDTHB" = "16"
    Info (12134): Parameter "LPM_WIDTHP" = "32"
    Info (12134): Parameter "LPM_WIDTHR" = "32"
    Info (12134): Parameter "LPM_WIDTHS" = "1"
    Info (12134): Parameter "LPM_REPRESENTATION" = "SIGNED"
    Info (12134): Parameter "INPUT_A_IS_CONSTANT" = "NO"
    Info (12134): Parameter "INPUT_B_IS_CONSTANT" = "NO"
    Info (12134): Parameter "MAXIMIZE_SPEED" = "5"
Info (12130): Elaborated megafunction instantiation "lcd_wave:u_lcd_wave|lpm_divide:Mod0" File: H:/git/PCB_CQmax10/CQmax10/sample/microphone/rtl/lcd_wave.sv Line: 427
Info (12133): Instantiated megafunction "lcd_wave:u_lcd_wave|lpm_divide:Mod0" with the following parameter: File: H:/git/PCB_CQmax10/CQmax10/sample/microphone/rtl/lcd_wave.sv Line: 427
    Info (12134): Parameter "LPM_WIDTHN" = "9"
    Info (12134): Parameter "LPM_WIDTHD" = "3"
    Info (12134): Parameter "LPM_NREPRESENTATION" = "UNSIGNED"
    Info (12134): Parameter "LPM_DREPRESENTATION" = "UNSIGNED"
Info (12021): Found 1 design units, including 1 entities, in source file db/lpm_divide_ckl.tdf
    Info (12023): Found entity 1: lpm_divide_ckl File: H:/git/PCB_CQmax10/CQmax10/sample/microphone/db/lpm_divide_ckl.tdf Line: 25
Info (12130): Elaborated megafunction instantiation "fft128:u_fft128|lpm_mult:Mult4" File: H:/git/PCB_CQmax10/CQmax10/sample/microphone/rtl/fft128.sv Line: 377
Info (12133): Instantiated megafunction "fft128:u_fft128|lpm_mult:Mult4" with the following parameter: File: H:/git/PCB_CQmax10/CQmax10/sample/microphone/rtl/fft128.sv Line: 377
    Info (12134): Parameter "LPM_WIDTHA" = "24"
    Info (12134): Parameter "LPM_WIDTHB" = "16"
    Info (12134): Parameter "LPM_WIDTHP" = "40"
    Info (12134): Parameter "LPM_WIDTHR" = "40"
    Info (12134): Parameter "LPM_WIDTHS" = "1"
    Info (12134): Parameter "LPM_REPRESENTATION" = "SIGNED"
    Info (12134): Parameter "INPUT_A_IS_CONSTANT" = "NO"
    Info (12134): Parameter "INPUT_B_IS_CONSTANT" = "NO"
    Info (12134): Parameter "MAXIMIZE_SPEED" = "5"
Info (12021): Found 1 design units, including 1 entities, in source file db/mult_ngs.tdf
    Info (12023): Found entity 1: mult_ngs File: H:/git/PCB_CQmax10/CQmax10/sample/microphone/db/mult_ngs.tdf Line: 31
Info (12130): Elaborated megafunction instantiation "fft128:u_fft128|lpm_mult:Mult3" File: H:/git/PCB_CQmax10/CQmax10/sample/microphone/rtl/fft128.sv Line: 376
Info (12133): Instantiated megafunction "fft128:u_fft128|lpm_mult:Mult3" with the following parameter: File: H:/git/PCB_CQmax10/CQmax10/sample/microphone/rtl/fft128.sv Line: 376
    Info (12134): Parameter "LPM_WIDTHA" = "24"
    Info (12134): Parameter "LPM_WIDTHB" = "15"
    Info (12134): Parameter "LPM_WIDTHP" = "39"
    Info (12134): Parameter "LPM_WIDTHR" = "39"
    Info (12134): Parameter "LPM_WIDTHS" = "1"
    Info (12134): Parameter "LPM_REPRESENTATION" = "SIGNED"
    Info (12134): Parameter "INPUT_A_IS_CONSTANT" = "NO"
    Info (12134): Parameter "INPUT_B_IS_CONSTANT" = "NO"
    Info (12134): Parameter "MAXIMIZE_SPEED" = "5"
Info (12021): Found 1 design units, including 1 entities, in source file db/mult_ugs.tdf
    Info (12023): Found entity 1: mult_ugs File: H:/git/PCB_CQmax10/CQmax10/sample/microphone/db/mult_ugs.tdf Line: 31
Warning (14284): Synthesized away the following node(s):
    Warning (14285): Synthesized away the following LCELL buffer node(s):
        Warning (14320): Synthesized away node "lcd_wave:u_lcd_wave|lpm_mult:Mult0|mult_qks:auto_generated|le5a[9]" File: H:/git/PCB_CQmax10/CQmax10/sample/microphone/db/mult_qks.tdf Line: 43
Warning (14284): Synthesized away the following node(s):
    Warning (14285): Synthesized away the following LCELL buffer node(s):
        Warning (14320): Synthesized away node "lcd_wave:u_lcd_wave|lpm_mult:Mult0|mult_qks:auto_generated|le4a[10]" File: H:/git/PCB_CQmax10/CQmax10/sample/microphone/db/mult_qks.tdf Line: 42
        Warning (14320): Synthesized away node "lcd_wave:u_lcd_wave|lpm_mult:Mult0|mult_qks:auto_generated|le5a[8]" File: H:/git/PCB_CQmax10/CQmax10/sample/microphone/db/mult_qks.tdf Line: 43
Info (13014): Ignored 257 buffer(s)
    Info (13016): Ignored 4 CARRY_SUM buffer(s)
    Info (13019): Ignored 253 SOFT buffer(s)
Info (13000): Registers with preset signals will power-up high File: H:/git/PCB_CQmax10/CQmax10/sample/microphone/rtl/lcd_wave.sv Line: 74
Info (13003): DEV_CLRn pin will set, and not reset, register with preset signal due to NOT Gate Push-Back
Info (286030): Timing-Driven Synthesis is running
Info (17049): 21 registers lost all their fanouts during netlist optimizations.
Info (144001): Generated suppressed messages file H:/git/PCB_CQmax10/CQmax10/sample/microphone/output_files/microphone.map.smsg
Info (16010): Generating hard_block partition "hard_block:auto_generated_inst"
    Info (16011): Adding 0 node(s), including 0 DDIO, 0 PLL, 0 transceiver and 0 LCELL
Info (21057): Implemented 3344 device resources after synthesis - the final resource count might be different
    Info (21058): Implemented 5 input pins
    Info (21059): Implemented 11 output pins
    Info (21061): Implemented 3138 logic cells
    Info (21064): Implemented 168 RAM segments
    Info (21062): Implemented 22 DSP elements
Info: Quartus Prime Analysis & Synthesis was successful. 0 errors, 32 warnings
    Info: Peak virtual memory: 4893 megabytes
    Info: Processing ended: Sat Sep 19 21:08:30 2026
    Info: Elapsed time: 00:00:20
    Info: Total CPU time (on all processors): 00:00:36


+------------------------------------------+
; Analysis & Synthesis Suppressed Messages ;
+------------------------------------------+
The suppressed messages can be found in H:/git/PCB_CQmax10/CQmax10/sample/microphone/output_files/microphone.map.smsg.


