Fitter report for lcd_game
Sat Sep 26 15:40:17 2026
Quartus Prime Version 25.1std.0 Build 1129 10/21/2025 SC Lite Edition


---------------------
; Table of Contents ;
---------------------
  1. Legal Notice
  2. Fitter Summary
  3. Fitter Settings
  4. Parallel Compilation
  5. Incremental Compilation Preservation Summary
  6. Incremental Compilation Partition Settings
  7. Incremental Compilation Placement Preservation
  8. Pin-Out File
  9. Fitter Resource Usage Summary
 10. Fitter Partition Statistics
 11. Input Pins
 12. Output Pins
 13. Dual Purpose and Dedicated Pins
 14. I/O Bank Usage
 15. All Package Pins
 16. I/O Assignment Warnings
 17. Fitter Resource Utilization by Entity
 18. Delay Chain Summary
 19. Pad To Core Delay Chain Fanout
 20. Control Signals
 21. Global & Other Fast Signals
 22. Non-Global High Fan-Out Signals
 23. Fitter RAM Summary
 24. Fitter DSP Block Usage Summary
 25. DSP Block Details
 26. Routing Usage Summary
 27. LAB Logic Elements
 28. LAB-wide Signals
 29. LAB Signals Sourced
 30. LAB Signals Sourced Out
 31. LAB Distinct Inputs
 32. I/O Rules Summary
 33. I/O Rules Details
 34. I/O Rules Matrix
 35. Fitter Device Options
 36. Operating Settings and Conditions
 37. Estimated Delay Added for Hold Timing Summary
 38. Estimated Delay Added for Hold Timing Details
 39. Fitter Messages
 40. Fitter Suppressed Messages



----------------
; Legal Notice ;
----------------
Copyright (C) 2025  Altera Corporation. All rights reserved.
Your use of Altera Corporation's design tools, logic functions 
and other software and tools, and any partner logic 
functions, and any output files from any of the foregoing 
(including device programming or simulation files), and any 
associated documentation or information are expressly subject 
to the terms and conditions of the Altera Program License 
Subscription Agreement, the Altera Quartus Prime License Agreement,
the Altera IP License Agreement, or other applicable license
agreement, including, without limitation, that your use is for
the sole purpose of programming logic devices manufactured by
Altera and sold by Altera or its authorized distributors.  Please
refer to the Altera Software License Subscription Agreements 
on the Quartus Prime software download page.



+--------------------------------------------------------------------------------------+
; Fitter Summary                                                                       ;
+------------------------------------+-------------------------------------------------+
; Fitter Status                      ; Successful - Sat Sep 26 15:40:17 2026           ;
; Quartus Prime Version              ; 25.1std.0 Build 1129 10/21/2025 SC Lite Edition ;
; Revision Name                      ; lcd_game                                        ;
; Top-level Entity Name              ; samegame_top                                    ;
; Family                             ; MAX 10                                          ;
; Device                             ; 10M08SCE144C8G                                  ;
; Timing Models                      ; Final                                           ;
; Total logic elements               ; 7,066 / 8,064 ( 88 % )                          ;
;     Total combinational functions  ; 5,988 / 8,064 ( 74 % )                          ;
;     Dedicated logic registers      ; 3,412 / 8,064 ( 42 % )                          ;
; Total registers                    ; 3412                                            ;
; Total pins                         ; 25 / 101 ( 25 % )                               ;
; Total virtual pins                 ; 0                                               ;
; Total memory bits                  ; 34,816 / 387,072 ( 9 % )                        ;
; Embedded Multiplier 9-bit elements ; 8 / 48 ( 17 % )                                 ;
; Total PLLs                         ; 0 / 1 ( 0 % )                                   ;
; UFM blocks                         ; 1 / 1 ( 100 % )                                 ;
; ADC blocks                         ; 0                                               ;
+------------------------------------+-------------------------------------------------+


+----------------------------------------------------------------------------------------------------------------------------------------------------+
; Fitter Settings                                                                                                                                    ;
+--------------------------------------------------------------------+---------------------------------------+---------------------------------------+
; Option                                                             ; Setting                               ; Default Value                         ;
+--------------------------------------------------------------------+---------------------------------------+---------------------------------------+
; Device                                                             ; 10M08SCE144C8G                        ;                                       ;
; Maximum processors allowed for parallel compilation                ; All                                   ;                                       ;
; Minimum Core Junction Temperature                                  ; 0                                     ;                                       ;
; Maximum Core Junction Temperature                                  ; 85                                    ;                                       ;
; Fit Attempts to Skip                                               ; 0                                     ; 0.0                                   ;
; Use smart compilation                                              ; Off                                   ; Off                                   ;
; Enable parallel Assembler and Timing Analyzer during compilation   ; On                                    ; On                                    ;
; Enable compact report table                                        ; Off                                   ; Off                                   ;
; Auto Merge PLLs                                                    ; On                                    ; On                                    ;
; Router Timing Optimization Level                                   ; Normal                                ; Normal                                ;
; Perform Clocking Topology Analysis During Routing                  ; Off                                   ; Off                                   ;
; Placement Effort Multiplier                                        ; 1.0                                   ; 1.0                                   ;
; Router Effort Multiplier                                           ; 1.0                                   ; 1.0                                   ;
; Optimize Hold Timing                                               ; All Paths                             ; All Paths                             ;
; Optimize Multi-Corner Timing                                       ; On                                    ; On                                    ;
; Power Optimization During Fitting                                  ; Normal compilation                    ; Normal compilation                    ;
; SSN Optimization                                                   ; Off                                   ; Off                                   ;
; Optimize Timing                                                    ; Normal compilation                    ; Normal compilation                    ;
; Optimize Timing for ECOs                                           ; Off                                   ; Off                                   ;
; Regenerate Full Fit Report During ECO Compiles                     ; Off                                   ; Off                                   ;
; Optimize IOC Register Placement for Timing                         ; Normal                                ; Normal                                ;
; Final Placement Optimizations                                      ; Automatically                         ; Automatically                         ;
; Fitter Initial Placement Seed                                      ; 1                                     ; 1                                     ;
; Periphery to Core Placement and Routing Optimization               ; Off                                   ; Off                                   ;
; PCI I/O                                                            ; Off                                   ; Off                                   ;
; Weak Pull-Up Resistor                                              ; Off                                   ; Off                                   ;
; Enable Bus-Hold Circuitry                                          ; Off                                   ; Off                                   ;
; Auto Packed Registers                                              ; Auto                                  ; Auto                                  ;
; Auto Delay Chains                                                  ; On                                    ; On                                    ;
; Auto Delay Chains for High Fanout Input Pins                       ; Off                                   ; Off                                   ;
; Allow Single-ended Buffer for Differential-XSTL Input              ; Off                                   ; Off                                   ;
; Treat Bidirectional Pin as Output Pin                              ; Off                                   ; Off                                   ;
; Perform Physical Synthesis for Combinational Logic for Fitting     ; Off                                   ; Off                                   ;
; Perform Physical Synthesis for Combinational Logic for Performance ; Off                                   ; Off                                   ;
; Perform Register Duplication for Performance                       ; Off                                   ; Off                                   ;
; Perform Logic to Memory Mapping for Fitting                        ; Off                                   ; Off                                   ;
; Perform Register Retiming for Performance                          ; Off                                   ; Off                                   ;
; Perform Asynchronous Signal Pipelining                             ; Off                                   ; Off                                   ;
; Fitter Effort                                                      ; Auto Fit                              ; Auto Fit                              ;
; Physical Synthesis Effort Level                                    ; Normal                                ; Normal                                ;
; Logic Cell Insertion - Logic Duplication                           ; Auto                                  ; Auto                                  ;
; Auto Register Duplication                                          ; Auto                                  ; Auto                                  ;
; Auto Global Clock                                                  ; On                                    ; On                                    ;
; Auto Global Register Control Signals                               ; On                                    ; On                                    ;
; Reserve all unused pins                                            ; As input tri-stated with weak pull-up ; As input tri-stated with weak pull-up ;
; Synchronizer Identification                                        ; Auto                                  ; Auto                                  ;
; Enable Beneficial Skew Optimization                                ; On                                    ; On                                    ;
; Optimize Design for Metastability                                  ; On                                    ; On                                    ;
; Force Fitter to Avoid Periphery Placement Warnings                 ; Off                                   ; Off                                   ;
; Enable input tri-state on active configuration pins in user mode   ; Off                                   ; Off                                   ;
+--------------------------------------------------------------------+---------------------------------------+---------------------------------------+


+------------------------------------------+
; Parallel Compilation                     ;
+----------------------------+-------------+
; Processors                 ; Number      ;
+----------------------------+-------------+
; Number detected on machine ; 36          ;
; Maximum allowed            ; 16          ;
;                            ;             ;
; Average used               ; 1.95        ;
; Maximum used               ; 16          ;
;                            ;             ;
; Usage by Processor         ; % Time Used ;
;     Processor 1            ; 100.0%      ;
;     Processor 2            ;   9.7%      ;
;     Processor 3            ;   6.5%      ;
;     Processor 4            ;   6.4%      ;
;     Processor 5            ;   6.4%      ;
;     Processor 6            ;   6.3%      ;
;     Processor 7            ;   6.3%      ;
;     Processor 8            ;   6.2%      ;
;     Processors 9-16        ;   5.9%      ;
+----------------------------+-------------+


+---------------------------------------------------------------------------------------------------+
; Incremental Compilation Preservation Summary                                                      ;
+---------------------+---------------------+----------------------------+--------------------------+
; Type                ; Total [A + B]       ; From Design Partitions [A] ; From Rapid Recompile [B] ;
+---------------------+---------------------+----------------------------+--------------------------+
; Placement (by node) ;                     ;                            ;                          ;
;     -- Requested    ; 0.00 % ( 0 / 9497 ) ; 0.00 % ( 0 / 9497 )        ; 0.00 % ( 0 / 9497 )      ;
;     -- Achieved     ; 0.00 % ( 0 / 9497 ) ; 0.00 % ( 0 / 9497 )        ; 0.00 % ( 0 / 9497 )      ;
;                     ;                     ;                            ;                          ;
; Routing (by net)    ;                     ;                            ;                          ;
;     -- Requested    ; 0.00 % ( 0 / 0 )    ; 0.00 % ( 0 / 0 )           ; 0.00 % ( 0 / 0 )         ;
;     -- Achieved     ; 0.00 % ( 0 / 0 )    ; 0.00 % ( 0 / 0 )           ; 0.00 % ( 0 / 0 )         ;
+---------------------+---------------------+----------------------------+--------------------------+


+----------------------------------------------------------------------------------------------------------------------------------------------------------------------------------------+
; Incremental Compilation Partition Settings                                                                                                                                             ;
+--------------------------------+----------------+-------------------+-------------------------+------------------------+------------------------------+--------------------------------+
; Partition Name                 ; Partition Type ; Netlist Type Used ; Preservation Level Used ; Netlist Type Requested ; Preservation Level Requested ; Contents                       ;
+--------------------------------+----------------+-------------------+-------------------------+------------------------+------------------------------+--------------------------------+
; Top                            ; User-created   ; Source File       ; N/A                     ; Source File            ; N/A                          ;                                ;
; hard_block:auto_generated_inst ; Auto-generated ; Source File       ; N/A                     ; Source File            ; N/A                          ; hard_block:auto_generated_inst ;
+--------------------------------+----------------+-------------------+-------------------------+------------------------+------------------------------+--------------------------------+


+------------------------------------------------------------------------------------------------------------------------------------+
; Incremental Compilation Placement Preservation                                                                                     ;
+--------------------------------+-----------------------+-------------------------+-------------------+---------------------+-------+
; Partition Name                 ; Preservation Achieved ; Preservation Level Used ; Netlist Type Used ; Preservation Method ; Notes ;
+--------------------------------+-----------------------+-------------------------+-------------------+---------------------+-------+
; Top                            ; 0.00 % ( 0 / 9483 )   ; N/A                     ; Source File       ; N/A                 ;       ;
; hard_block:auto_generated_inst ; 0.00 % ( 0 / 14 )     ; N/A                     ; Source File       ; N/A                 ;       ;
+--------------------------------+-----------------------+-------------------------+-------------------+---------------------+-------+


+--------------+
; Pin-Out File ;
+--------------+
The pin-out file can be found in H:/git/PCB_CQmax10/CQmax10/sample/lcd_samegame/output_files/lcd_game.pin.


+-------------------------------------------------------------------------+
; Fitter Resource Usage Summary                                           ;
+---------------------------------------------+---------------------------+
; Resource                                    ; Usage                     ;
+---------------------------------------------+---------------------------+
; Total logic elements                        ; 7,066 / 8,064 ( 88 % )    ;
;     -- Combinational with no register       ; 3654                      ;
;     -- Register only                        ; 1078                      ;
;     -- Combinational with a register        ; 2334                      ;
;                                             ;                           ;
; Logic element usage by number of LUT inputs ;                           ;
;     -- 4 input functions                    ; 4293                      ;
;     -- 3 input functions                    ; 1007                      ;
;     -- <=2 input functions                  ; 688                       ;
;     -- Register only                        ; 1078                      ;
;                                             ;                           ;
; Logic elements by mode                      ;                           ;
;     -- normal mode                          ; 5400                      ;
;     -- arithmetic mode                      ; 588                       ;
;                                             ;                           ;
; Total registers*                            ; 3,412 / 8,542 ( 40 % )    ;
;     -- Dedicated logic registers            ; 3,412 / 8,064 ( 42 % )    ;
;     -- I/O registers                        ; 0 / 478 ( 0 % )           ;
;                                             ;                           ;
; Total LABs:  partially or completely used   ; 498 / 504 ( 99 % )        ;
; Virtual pins                                ; 0                         ;
; I/O pins                                    ; 25 / 101 ( 25 % )         ;
;     -- Clock pins                           ; 1 / 4 ( 25 % )            ;
;     -- Dedicated input pins                 ; 1 / 1 ( 100 % )           ;
;                                             ;                           ;
; M9Ks                                        ; 5 / 42 ( 12 % )           ;
; UFM blocks                                  ; 1 / 1 ( 100 % )           ;
; Total block memory bits                     ; 34,816 / 387,072 ( 9 % )  ;
; Total block memory implementation bits      ; 46,080 / 387,072 ( 12 % ) ;
; Embedded Multiplier 9-bit elements          ; 8 / 48 ( 17 % )           ;
; PLLs                                        ; 0 / 1 ( 0 % )             ;
; Global signals                              ; 1                         ;
;     -- Global clocks                        ; 1 / 10 ( 10 % )           ;
; JTAGs                                       ; 0 / 1 ( 0 % )             ;
; CRC blocks                                  ; 0 / 1 ( 0 % )             ;
; Remote update blocks                        ; 0 / 1 ( 0 % )             ;
; Oscillator blocks                           ; 0 / 1 ( 0 % )             ;
; Average interconnect usage (total/H/V)      ; 24.2% / 21.5% / 27.9%     ;
; Peak interconnect usage (total/H/V)         ; 38.7% / 34.6% / 44.9%     ;
; Maximum fan-out                             ; 3413                      ;
; Highest non-global fan-out                  ; 654                       ;
; Total fan-out                               ; 32696                     ;
; Average fan-out                             ; 3.27                      ;
+---------------------------------------------+---------------------------+
*  Register count does not include registers inside RAM blocks or DSP blocks.



+-----------------------------------------------------------------------------------------------------+
; Fitter Partition Statistics                                                                         ;
+---------------------------------------------+----------------------+--------------------------------+
; Statistic                                   ; Top                  ; hard_block:auto_generated_inst ;
+---------------------------------------------+----------------------+--------------------------------+
; Difficulty Clustering Region                ; Low                  ; Low                            ;
;                                             ;                      ;                                ;
; Total logic elements                        ; 7066 / 8064 ( 88 % ) ; 0 / 8064 ( 0 % )               ;
;     -- Combinational with no register       ; 3654                 ; 0                              ;
;     -- Register only                        ; 1078                 ; 0                              ;
;     -- Combinational with a register        ; 2334                 ; 0                              ;
;                                             ;                      ;                                ;
; Logic element usage by number of LUT inputs ;                      ;                                ;
;     -- 4 input functions                    ; 4293                 ; 0                              ;
;     -- 3 input functions                    ; 1007                 ; 0                              ;
;     -- <=2 input functions                  ; 688                  ; 0                              ;
;     -- Register only                        ; 1078                 ; 0                              ;
;                                             ;                      ;                                ;
; Logic elements by mode                      ;                      ;                                ;
;     -- normal mode                          ; 5400                 ; 0                              ;
;     -- arithmetic mode                      ; 588                  ; 0                              ;
;                                             ;                      ;                                ;
; Total registers                             ; 3412                 ; 0                              ;
;     -- Dedicated logic registers            ; 3412 / 8064 ( 42 % ) ; 0 / 8064 ( 0 % )               ;
;     -- I/O registers                        ; 0                    ; 0                              ;
;                                             ;                      ;                                ;
; Total LABs:  partially or completely used   ; 498 / 504 ( 99 % )   ; 0 / 504 ( 0 % )                ;
;                                             ;                      ;                                ;
; Virtual pins                                ; 0                    ; 0                              ;
; I/O pins                                    ; 25                   ; 0                              ;
; Embedded Multiplier 9-bit elements          ; 8 / 48 ( 17 % )      ; 0 / 48 ( 0 % )                 ;
; Total memory bits                           ; 34816                ; 0                              ;
; Total RAM block bits                        ; 46080                ; 0                              ;
; M9K                                         ; 5 / 42 ( 11 % )      ; 0 / 42 ( 0 % )                 ;
; Clock control block                         ; 1 / 12 ( 8 % )       ; 0 / 12 ( 0 % )                 ;
; User Flash Memory                           ; 1 / 1 ( 100 % )      ; 0 / 1 ( 0 % )                  ;
; Analog-to-Digital Converter                 ; 1 / 1 ( 100 % )      ; 0 / 1 ( 0 % )                  ;
;                                             ;                      ;                                ;
; Connections                                 ;                      ;                                ;
;     -- Input Connections                    ; 0                    ; 0                              ;
;     -- Registered Input Connections         ; 0                    ; 0                              ;
;     -- Output Connections                   ; 0                    ; 0                              ;
;     -- Registered Output Connections        ; 0                    ; 0                              ;
;                                             ;                      ;                                ;
; Internal Connections                        ;                      ;                                ;
;     -- Total Connections                    ; 32869                ; 7                              ;
;     -- Registered Connections               ; 11706                ; 0                              ;
;                                             ;                      ;                                ;
; External Connections                        ;                      ;                                ;
;     -- Top                                  ; 0                    ; 0                              ;
;     -- hard_block:auto_generated_inst       ; 0                    ; 0                              ;
;                                             ;                      ;                                ;
; Partition Interface                         ;                      ;                                ;
;     -- Input Ports                          ; 7                    ; 0                              ;
;     -- Output Ports                         ; 18                   ; 0                              ;
;     -- Bidir Ports                          ; 0                    ; 0                              ;
;                                             ;                      ;                                ;
; Registered Ports                            ;                      ;                                ;
;     -- Registered Input Ports               ; 0                    ; 0                              ;
;     -- Registered Output Ports              ; 0                    ; 0                              ;
;                                             ;                      ;                                ;
; Port Connectivity                           ;                      ;                                ;
;     -- Input Ports driven by GND            ; 0                    ; 0                              ;
;     -- Output Ports driven by GND           ; 0                    ; 0                              ;
;     -- Input Ports driven by VCC            ; 0                    ; 0                              ;
;     -- Output Ports driven by VCC           ; 0                    ; 0                              ;
;     -- Input Ports with no Source           ; 0                    ; 0                              ;
;     -- Output Ports with no Source          ; 0                    ; 0                              ;
;     -- Input Ports with no Fanout           ; 0                    ; 0                              ;
;     -- Output Ports with no Fanout          ; 0                    ; 0                              ;
+---------------------------------------------+----------------------+--------------------------------+


+-------------------------------------------------------------------------------------------------------------------------------------------------------------------------------------------------------------------------------------------------------------------------------------------------+
; Input Pins                                                                                                                                                                                                                                                                                      ;
+----------------+-------+----------+--------------+--------------+--------------+-----------------------+--------------------+--------+----------------+---------------+-----------------+----------+--------------+--------------+---------------------------+----------------------+-----------+
; Name           ; Pin # ; I/O Bank ; X coordinate ; Y coordinate ; Z coordinate ; Combinational Fan-Out ; Registered Fan-Out ; Global ; Input Register ; Power Up High ; PCI I/O Enabled ; Bus Hold ; Weak Pull Up ; I/O Standard ; Termination Control Block ; Location assigned by ; Slew Rate ;
+----------------+-------+----------+--------------+--------------+--------------+-----------------------+--------------------+--------+----------------+---------------+-----------------+----------+--------------+--------------+---------------------------+----------------------+-----------+
; btn_rst        ; 17    ; 1B       ; 10           ; 17           ; 0            ; 3                     ; 0                  ; no     ; no             ; no            ; yes             ; no       ; Off          ; 3.3-V LVCMOS ; --                        ; User                 ; 0         ;
; clk            ; 88    ; 6        ; 31           ; 9            ; 21           ; 3420                  ; 0                  ; yes    ; no             ; no            ; yes             ; no       ; Off          ; 3.3-V LVCMOS ; --                        ; User                 ; 0         ;
; sw1            ; 62    ; 4        ; 22           ; 0            ; 7            ; 0                     ; 0                  ; no     ; no             ; no            ; yes             ; no       ; Off          ; 3.3-V LVCMOS ; --                        ; User                 ; 0         ;
; sw2            ; 48    ; 3        ; 11           ; 0            ; 21           ; 0                     ; 0                  ; no     ; no             ; no            ; yes             ; no       ; Off          ; 3.3-V LVCMOS ; --                        ; User                 ; 0         ;
; touch_miso     ; 132   ; 8        ; 6            ; 10           ; 21           ; 2                     ; 0                  ; no     ; no             ; no            ; yes             ; no       ; Off          ; 3.3-V LVCMOS ; --                        ; User                 ; 0         ;
; touch_miso_alt ; 55    ; 3        ; 15           ; 0            ; 21           ; 2                     ; 0                  ; no     ; no             ; no            ; yes             ; no       ; Off          ; 3.3-V LVCMOS ; --                        ; User                 ; 0         ;
; touch_miso_fr  ; 96    ; 6        ; 31           ; 17           ; 21           ; 2                     ; 0                  ; no     ; no             ; no            ; yes             ; no       ; Off          ; 3.3-V LVCMOS ; --                        ; User                 ; 0         ;
+----------------+-------+----------+--------------+--------------+--------------+-----------------------+--------------------+--------+----------------+---------------+-----------------+----------+--------------+--------------+---------------------------+----------------------+-----------+


+---------------------------------------------------------------------------------------------------------------------------------------------------------------------------------------------------------------------------------------------------------------------------------------------------------------------------------------------------------------------------------------------------------------------------------------+
; Output Pins                                                                                                                                                                                                                                                                                                                                                                                                                           ;
+------------+-------+----------+--------------+--------------+--------------+-----------------+------------------------+---------------+-----------+-----------------+------------+---------------+----------+--------------+--------------+------------------+-------------+---------------------------+----------------------------+-----------------------------+----------------------+----------------------+---------------------+
; Name       ; Pin # ; I/O Bank ; X coordinate ; Y coordinate ; Z coordinate ; Output Register ; Output Enable Register ; Power Up High ; Slew Rate ; PCI I/O Enabled ; Open Drain ; TRI Primitive ; Bus Hold ; Weak Pull Up ; I/O Standard ; Current Strength ; Termination ; Termination Control Block ; Output Buffer Pre-emphasis ; Voltage Output Differential ; Location assigned by ; Output Enable Source ; Output Enable Group ;
+------------+-------+----------+--------------+--------------+--------------+-----------------+------------------------+---------------+-----------+-----------------+------------+---------------+----------+--------------+--------------+------------------+-------------+---------------------------+----------------------------+-----------------------------+----------------------+----------------------+---------------------+
; alt_cs     ; 59    ; 3        ; 17           ; 0            ; 0            ; no              ; no                     ; no            ; 2         ; no              ; no         ; no            ; no       ; Off          ; 3.3-V LVCMOS ; 2mA              ; Off         ; --                        ; no                         ; no                          ; User                 ; -                    ; -                   ;
; alt_mosi   ; 57    ; 3        ; 17           ; 0            ; 28           ; no              ; no                     ; no            ; 2         ; no              ; no         ; no            ; no       ; Off          ; 3.3-V LVCMOS ; 2mA              ; Off         ; --                        ; no                         ; no                          ; User                 ; -                    ; -                   ;
; alt_sck    ; 52    ; 3        ; 11           ; 0            ; 0            ; no              ; no                     ; no            ; 2         ; no              ; no         ; no            ; no       ; Off          ; 3.3-V LVCMOS ; 2mA              ; Off         ; --                        ; no                         ; no                          ; User                 ; -                    ; -                   ;
; fr_cs      ; 98    ; 6        ; 31           ; 17           ; 14           ; no              ; no                     ; no            ; 2         ; no              ; no         ; no            ; no       ; Off          ; 3.3-V LVCMOS ; 2mA              ; Off         ; --                        ; no                         ; no                          ; User                 ; -                    ; -                   ;
; fr_mosi    ; 99    ; 6        ; 31           ; 19           ; 21           ; no              ; no                     ; no            ; 2         ; no              ; no         ; no            ; no       ; Off          ; 3.3-V LVCMOS ; 2mA              ; Off         ; --                        ; no                         ; no                          ; User                 ; -                    ; -                   ;
; fr_sck     ; 97    ; 6        ; 31           ; 17           ; 7            ; no              ; no                     ; no            ; 2         ; no              ; no         ; no            ; no       ; Off          ; 3.3-V LVCMOS ; 2mA              ; Off         ; --                        ; no                         ; no                          ; User                 ; -                    ; -                   ;
; lcd_cs     ; 81    ; 5        ; 31           ; 4            ; 14           ; no              ; no                     ; no            ; 2         ; no              ; no         ; no            ; no       ; Off          ; 3.3-V LVCMOS ; 2mA              ; Off         ; --                        ; no                         ; no                          ; User                 ; -                    ; -                   ;
; lcd_dc     ; 77    ; 5        ; 31           ; 1            ; 14           ; no              ; no                     ; no            ; 2         ; no              ; no         ; no            ; no       ; Off          ; 3.3-V LVCMOS ; 2mA              ; Off         ; --                        ; no                         ; no                          ; User                 ; -                    ; -                   ;
; lcd_mosi   ; 78    ; 5        ; 31           ; 4            ; 7            ; no              ; no                     ; no            ; 2         ; no              ; no         ; no            ; no       ; Off          ; 3.3-V LVCMOS ; 2mA              ; Off         ; --                        ; no                         ; no                          ; User                 ; -                    ; -                   ;
; lcd_sck    ; 75    ; 5        ; 31           ; 1            ; 21           ; no              ; no                     ; no            ; 2         ; no              ; no         ; no            ; no       ; Off          ; 3.3-V LVCMOS ; 2mA              ; Off         ; --                        ; no                         ; no                          ; User                 ; -                    ; -                   ;
; led        ; 85    ; 5        ; 31           ; 6            ; 21           ; no              ; no                     ; no            ; 2         ; no              ; no         ; no            ; no       ; Off          ; 3.3-V LVCMOS ; 2mA              ; Off         ; --                        ; no                         ; no                          ; User                 ; -                    ; -                   ;
; led0       ; 122   ; 8        ; 13           ; 25           ; 7            ; no              ; no                     ; no            ; 2         ; no              ; no         ; no            ; no       ; Off          ; 3.3-V LVCMOS ; 2mA              ; Off         ; --                        ; no                         ; no                          ; User                 ; -                    ; -                   ;
; led1       ; 123   ; 8        ; 13           ; 25           ; 28           ; no              ; no                     ; no            ; 2         ; no              ; no         ; no            ; no       ; Off          ; 3.3-V LVCMOS ; 2mA              ; Off         ; --                        ; no                         ; no                          ; User                 ; -                    ; -                   ;
; led2       ; 120   ; 8        ; 15           ; 25           ; 14           ; no              ; no                     ; no            ; 2         ; no              ; no         ; no            ; no       ; Off          ; 3.3-V LVCMOS ; 2mA              ; Off         ; --                        ; no                         ; no                          ; User                 ; -                    ; -                   ;
; led3       ; 121   ; 8        ; 15           ; 25           ; 21           ; no              ; no                     ; no            ; 2         ; no              ; no         ; no            ; no       ; Off          ; 3.3-V LVCMOS ; 2mA              ; Off         ; --                        ; no                         ; no                          ; User                 ; -                    ; -                   ;
; touch_cs   ; 134   ; 8        ; 6            ; 10           ; 28           ; no              ; no                     ; no            ; 2         ; no              ; no         ; no            ; no       ; Off          ; 3.3-V LVCMOS ; 2mA              ; Off         ; --                        ; no                         ; no                          ; User                 ; -                    ; -                   ;
; touch_mosi ; 135   ; 8        ; 3            ; 10           ; 7            ; no              ; no                     ; no            ; 2         ; no              ; no         ; no            ; no       ; Off          ; 3.3-V LVCMOS ; 2mA              ; Off         ; --                        ; no                         ; no                          ; User                 ; -                    ; -                   ;
; touch_sck  ; 130   ; 8        ; 11           ; 25           ; 28           ; no              ; no                     ; no            ; 2         ; no              ; no         ; no            ; no       ; Off          ; 3.3-V LVCMOS ; 2mA              ; Off         ; --                        ; no                         ; no                          ; User                 ; -                    ; -                   ;
+------------+-------+----------+--------------+--------------+--------------+-----------------+------------------------+---------------+-----------+-----------------+------------+---------------+----------+--------------+--------------+------------------+-------------+---------------------------+----------------------------+-----------------------------+----------------------+----------------------+---------------------+


+----------------------------------------------------------------------------------------------------------------------------------------+
; Dual Purpose and Dedicated Pins                                                                                                        ;
+----------+----------------------------------------------------+--------------------------------+--------------------+------------------+
; Location ; Pin Name                                           ; Reserved As                    ; User Signal Name   ; Pin Type         ;
+----------+----------------------------------------------------+--------------------------------+--------------------+------------------+
; 16       ; DIFFIO_RX_L11n, DIFFOUT_L11n, TMS, Low_Speed       ; Reserved as secondary function ; ~ALTERA_TMS~       ; Dual Purpose Pin ;
; 18       ; DIFFIO_RX_L11p, DIFFOUT_L11p, TCK, Low_Speed       ; Reserved as secondary function ; ~ALTERA_TCK~       ; Dual Purpose Pin ;
; 19       ; DIFFIO_RX_L12n, DIFFOUT_L12n, TDI, Low_Speed       ; Reserved as secondary function ; ~ALTERA_TDI~       ; Dual Purpose Pin ;
; 20       ; DIFFIO_RX_L12p, DIFFOUT_L12p, TDO, Low_Speed       ; Reserved as secondary function ; ~ALTERA_TDO~       ; Dual Purpose Pin ;
; 121      ; DIFFIO_RX_T16n, DIFFOUT_T16n, DEV_CLRn, Low_Speed  ; Use as regular IO              ; led3               ; Dual Purpose Pin ;
; 122      ; DEV_OE, Low_Speed                                  ; Use as regular IO              ; led0               ; Dual Purpose Pin ;
; 129      ; nCONFIG, Low_Speed                                 ; Reserved as secondary function ; ~ALTERA_nCONFIG~   ; Dual Purpose Pin ;
; 134      ; DIFFIO_RX_T22n, DIFFOUT_T22n, CRC_ERROR, Low_Speed ; Use as regular IO              ; touch_cs           ; Dual Purpose Pin ;
; 136      ; DIFFIO_RX_T24p, DIFFOUT_T24p, nSTATUS, Low_Speed   ; Reserved as secondary function ; ~ALTERA_nSTATUS~   ; Dual Purpose Pin ;
; 138      ; DIFFIO_RX_T24n, DIFFOUT_T24n, CONF_DONE, Low_Speed ; Reserved as secondary function ; ~ALTERA_CONF_DONE~ ; Dual Purpose Pin ;
+----------+----------------------------------------------------+--------------------------------+--------------------+------------------+


+------------------------------------------------------------+
; I/O Bank Usage                                             ;
+----------+------------------+---------------+--------------+
; I/O Bank ; Usage            ; VCCIO Voltage ; VREF Voltage ;
+----------+------------------+---------------+--------------+
; 1A       ; 0 / 8 ( 0 % )    ; 2.5V          ; --           ;
; 1B       ; 5 / 10 ( 50 % )  ; 3.3V          ; --           ;
; 2        ; 0 / 7 ( 0 % )    ; 2.5V          ; --           ;
; 3        ; 5 / 18 ( 28 % )  ; 3.3V          ; --           ;
; 4        ; 1 / 7 ( 14 % )   ; 3.3V          ; --           ;
; 5        ; 5 / 12 ( 42 % )  ; 3.3V          ; --           ;
; 6        ; 5 / 15 ( 33 % )  ; 3.3V          ; --           ;
; 7        ; 0 / 7 ( 0 % )    ; 2.5V          ; --           ;
; 8        ; 11 / 17 ( 65 % ) ; 3.3V          ; --           ;
+----------+------------------+---------------+--------------+


+-----------------------------------------------------------------------------------------------------------------------------------------------------------------------------------------+
; All Package Pins                                                                                                                                                                        ;
+----------+------------+----------+------------------------------------------------+--------+-----------------------+-----------+------------+-----------------+----------+--------------+
; Location ; Pad Number ; I/O Bank ; Pin Name/Usage                                 ; Dir.   ; I/O Standard          ; Voltage   ; I/O Type   ; User Assignment ; Bus Hold ; Weak Pull Up ;
+----------+------------+----------+------------------------------------------------+--------+-----------------------+-----------+------------+-----------------+----------+--------------+
; 1        ;            ; --       ; VCC_ONE                                        ; power  ;                       ; 3.0V/3.3V ; --         ;                 ; --       ; --           ;
; 2        ;            ; --       ; VCCA6                                          ; power  ;                       ; 3.0V/3.3V ; --         ;                 ; --       ; --           ;
; 3        ;            ;          ; GND                                            ; gnd    ;                       ;           ; --         ;                 ; --       ; --           ;
; 4        ;            ;          ; GND                                            ; gnd    ;                       ;           ; --         ;                 ; --       ; --           ;
; 5        ;            ; --       ; VCCA3                                          ; power  ;                       ; 3.0V/3.3V ; --         ;                 ; --       ; --           ;
; 6        ; 0          ; 1A       ; RESERVED_INPUT_WITH_WEAK_PULLUP                ;        ;                       ;           ; Row I/O    ;                 ; no       ; On           ;
; 7        ; 2          ; 1A       ; RESERVED_INPUT_WITH_WEAK_PULLUP                ;        ;                       ;           ; Row I/O    ;                 ; no       ; On           ;
; 8        ; 4          ; 1A       ; RESERVED_INPUT_WITH_WEAK_PULLUP                ;        ;                       ;           ; Row I/O    ;                 ; no       ; On           ;
; 9        ;            ; 1A       ; VCCIO1A                                        ; power  ;                       ; 2.5V      ; --         ;                 ; --       ; --           ;
; 10       ; 6          ; 1A       ; RESERVED_INPUT_WITH_WEAK_PULLUP                ;        ;                       ;           ; Row I/O    ;                 ; no       ; On           ;
; 11       ; 8          ; 1A       ; RESERVED_INPUT_WITH_WEAK_PULLUP                ;        ;                       ;           ; Row I/O    ;                 ; no       ; On           ;
; 12       ; 10         ; 1A       ; RESERVED_INPUT_WITH_WEAK_PULLUP                ;        ;                       ;           ; Row I/O    ;                 ; no       ; On           ;
; 13       ; 12         ; 1A       ; RESERVED_INPUT_WITH_WEAK_PULLUP                ;        ;                       ;           ; Row I/O    ;                 ; no       ; On           ;
; 14       ; 14         ; 1A       ; RESERVED_INPUT_WITH_WEAK_PULLUP                ;        ;                       ;           ; Row I/O    ;                 ; no       ; On           ;
; 15       ; 18         ; 1B       ; RESERVED_INPUT_WITH_WEAK_PULLUP                ;        ;                       ;           ; Row I/O    ;                 ; no       ; On           ;
; 16       ; 20         ; 1B       ; ~ALTERA_TMS~ / RESERVED_INPUT_WITH_WEAK_PULLUP ; input  ; 3.3 V Schmitt Trigger ;           ; Row I/O    ; N               ; no       ; On           ;
; 17       ; 21         ; 1B       ; btn_rst                                        ; input  ; 3.3-V LVCMOS          ;           ; Row I/O    ; Y               ; no       ; Off          ;
; 18       ; 22         ; 1B       ; ~ALTERA_TCK~ / RESERVED_INPUT                  ; input  ; 3.3 V Schmitt Trigger ;           ; Row I/O    ; N               ; no       ; Off          ;
; 19       ; 24         ; 1B       ; ~ALTERA_TDI~ / RESERVED_INPUT_WITH_WEAK_PULLUP ; input  ; 3.3 V Schmitt Trigger ;           ; Row I/O    ; N               ; no       ; On           ;
; 20       ; 26         ; 1B       ; ~ALTERA_TDO~                                   ; output ; 3.3-V LVTTL           ;           ; Row I/O    ; N               ; no       ; Off          ;
; 21       ; 28         ; 1B       ; RESERVED_INPUT_WITH_WEAK_PULLUP                ;        ;                       ;           ; Row I/O    ;                 ; no       ; On           ;
; 22       ; 30         ; 1B       ; RESERVED_INPUT_WITH_WEAK_PULLUP                ;        ;                       ;           ; Row I/O    ;                 ; no       ; On           ;
; 23       ;            ; 1B       ; VCCIO1B                                        ; power  ;                       ; 3.3V      ; --         ;                 ; --       ; --           ;
; 24       ; 32         ; 1B       ; RESERVED_INPUT_WITH_WEAK_PULLUP                ;        ;                       ;           ; Row I/O    ;                 ; no       ; On           ;
; 25       ; 34         ; 1B       ; RESERVED_INPUT_WITH_WEAK_PULLUP                ;        ;                       ;           ; Row I/O    ;                 ; no       ; On           ;
; 26       ; 36         ; 2        ; RESERVED_INPUT_WITH_WEAK_PULLUP                ;        ;                       ;           ; Row I/O    ;                 ; no       ; On           ;
; 27       ; 38         ; 2        ; RESERVED_INPUT_WITH_WEAK_PULLUP                ;        ;                       ;           ; Row I/O    ;                 ; no       ; On           ;
; 28       ; 40         ; 2        ; RESERVED_INPUT_WITH_WEAK_PULLUP                ;        ;                       ;           ; Row I/O    ;                 ; no       ; On           ;
; 29       ; 42         ; 2        ; RESERVED_INPUT_WITH_WEAK_PULLUP                ;        ;                       ;           ; Row I/O    ;                 ; no       ; On           ;
; 30       ; 45         ; 2        ; RESERVED_INPUT_WITH_WEAK_PULLUP                ;        ;                       ;           ; Row I/O    ;                 ; --       ; --           ;
; 31       ;            ; 2        ; VCCIO2                                         ; power  ;                       ; 2.5V      ; --         ;                 ; --       ; --           ;
; 32       ; 56         ; 2        ; RESERVED_INPUT_WITH_WEAK_PULLUP                ;        ;                       ;           ; Row I/O    ;                 ; no       ; On           ;
; 33       ; 58         ; 2        ; RESERVED_INPUT_WITH_WEAK_PULLUP                ;        ;                       ;           ; Row I/O    ;                 ; no       ; On           ;
; 34       ;            ; --       ; VCCA2                                          ; power  ;                       ; 3.0V/3.3V ; --         ;                 ; --       ; --           ;
; 35       ;            ; --       ; VCCA1                                          ; power  ;                       ; 3.0V/3.3V ; --         ;                 ; --       ; --           ;
; 36       ;            ; --       ; VCC_ONE                                        ; power  ;                       ; 3.0V/3.3V ; --         ;                 ; --       ; --           ;
; 37       ;            ; --       ; VCC_ONE                                        ; power  ;                       ; 3.0V/3.3V ; --         ;                 ; --       ; --           ;
; 38       ; 60         ; 3        ; RESERVED_INPUT_WITH_WEAK_PULLUP                ;        ;                       ;           ; Column I/O ;                 ; no       ; On           ;
; 39       ; 62         ; 3        ; RESERVED_INPUT_WITH_WEAK_PULLUP                ;        ;                       ;           ; Column I/O ;                 ; no       ; On           ;
; 40       ;            ; 3        ; VCCIO3                                         ; power  ;                       ; 3.3V      ; --         ;                 ; --       ; --           ;
; 41       ; 64         ; 3        ; RESERVED_INPUT_WITH_WEAK_PULLUP                ;        ;                       ;           ; Column I/O ;                 ; no       ; On           ;
; 42       ;            ;          ; GND                                            ; gnd    ;                       ;           ; --         ;                 ; --       ; --           ;
; 43       ; 66         ; 3        ; RESERVED_INPUT_WITH_WEAK_PULLUP                ;        ;                       ;           ; Column I/O ;                 ; no       ; On           ;
; 44       ; 68         ; 3        ; RESERVED_INPUT_WITH_WEAK_PULLUP                ;        ;                       ;           ; Column I/O ;                 ; no       ; On           ;
; 45       ; 70         ; 3        ; RESERVED_INPUT_WITH_WEAK_PULLUP                ;        ;                       ;           ; Column I/O ;                 ; no       ; On           ;
; 46       ; 72         ; 3        ; RESERVED_INPUT_WITH_WEAK_PULLUP                ;        ;                       ;           ; Column I/O ;                 ; no       ; On           ;
; 47       ; 74         ; 3        ; RESERVED_INPUT_WITH_WEAK_PULLUP                ;        ;                       ;           ; Column I/O ;                 ; no       ; On           ;
; 48       ; 77         ; 3        ; sw2                                            ; input  ; 3.3-V LVCMOS          ;           ; Column I/O ; Y               ; no       ; Off          ;
; 49       ;            ; 3        ; VCCIO3                                         ; power  ;                       ; 3.3V      ; --         ;                 ; --       ; --           ;
; 50       ; 76         ; 3        ; RESERVED_INPUT_WITH_WEAK_PULLUP                ;        ;                       ;           ; Column I/O ;                 ; no       ; On           ;
; 51       ;            ; --       ; VCC_ONE                                        ; power  ;                       ; 3.0V/3.3V ; --         ;                 ; --       ; --           ;
; 52       ; 78         ; 3        ; alt_sck                                        ; output ; 3.3-V LVCMOS          ;           ; Column I/O ; Y               ; no       ; Off          ;
; 53       ;            ;          ; GND                                            ; gnd    ;                       ;           ; --         ;                 ; --       ; --           ;
; 54       ; 80         ; 3        ; RESERVED_INPUT_WITH_WEAK_PULLUP                ;        ;                       ;           ; Column I/O ;                 ; no       ; On           ;
; 55       ; 84         ; 3        ; touch_miso_alt                                 ; input  ; 3.3-V LVCMOS          ;           ; Column I/O ; Y               ; no       ; Off          ;
; 56       ; 86         ; 3        ; RESERVED_INPUT_WITH_WEAK_PULLUP                ;        ;                       ;           ; Column I/O ;                 ; no       ; On           ;
; 57       ; 88         ; 3        ; alt_mosi                                       ; output ; 3.3-V LVCMOS          ;           ; Column I/O ; Y               ; no       ; Off          ;
; 58       ; 90         ; 3        ; RESERVED_INPUT_WITH_WEAK_PULLUP                ;        ;                       ;           ; Column I/O ;                 ; no       ; On           ;
; 59       ; 92         ; 3        ; alt_cs                                         ; output ; 3.3-V LVCMOS          ;           ; Column I/O ; Y               ; no       ; Off          ;
; 60       ; 94         ; 3        ; RESERVED_INPUT_WITH_WEAK_PULLUP                ;        ;                       ;           ; Column I/O ;                 ; no       ; On           ;
; 61       ; 101        ; 4        ; RESERVED_INPUT_WITH_WEAK_PULLUP                ;        ;                       ;           ; Column I/O ;                 ; --       ; --           ;
; 62       ; 102        ; 4        ; sw1                                            ; input  ; 3.3-V LVCMOS          ;           ; Column I/O ; Y               ; no       ; Off          ;
; 63       ;            ;          ; GND                                            ; gnd    ;                       ;           ; --         ;                 ; --       ; --           ;
; 64       ; 108        ; 4        ; RESERVED_INPUT_WITH_WEAK_PULLUP                ;        ;                       ;           ; Column I/O ;                 ; no       ; On           ;
; 65       ; 110        ; 4        ; RESERVED_INPUT_WITH_WEAK_PULLUP                ;        ;                       ;           ; Column I/O ;                 ; no       ; On           ;
; 66       ; 112        ; 4        ; RESERVED_INPUT_WITH_WEAK_PULLUP                ;        ;                       ;           ; Column I/O ;                 ; no       ; On           ;
; 67       ;            ; 4        ; VCCIO4                                         ; power  ;                       ; 3.3V      ; --         ;                 ; --       ; --           ;
; 68       ;            ;          ; GND                                            ; gnd    ;                       ;           ; --         ;                 ; --       ; --           ;
; 69       ; 116        ; 4        ; RESERVED_INPUT_WITH_WEAK_PULLUP                ;        ;                       ;           ; Column I/O ;                 ; no       ; On           ;
; 70       ; 118        ; 4        ; RESERVED_INPUT_WITH_WEAK_PULLUP                ;        ;                       ;           ; Column I/O ;                 ; no       ; On           ;
; 71       ;            ; --       ; VCCA5                                          ; power  ;                       ; 3.0V/3.3V ; --         ;                 ; --       ; --           ;
; 72       ;            ; --       ; VCC_ONE                                        ; power  ;                       ; 3.0V/3.3V ; --         ;                 ; --       ; --           ;
; 73       ;            ; --       ; VCC_ONE                                        ; power  ;                       ; 3.0V/3.3V ; --         ;                 ; --       ; --           ;
; 74       ; 121        ; 5        ; RESERVED_INPUT_WITH_WEAK_PULLUP                ;        ;                       ;           ; Row I/O    ;                 ; no       ; On           ;
; 75       ; 120        ; 5        ; lcd_sck                                        ; output ; 3.3-V LVCMOS          ;           ; Row I/O    ; Y               ; no       ; Off          ;
; 76       ; 123        ; 5        ; RESERVED_INPUT_WITH_WEAK_PULLUP                ;        ;                       ;           ; Row I/O    ;                 ; no       ; On           ;
; 77       ; 122        ; 5        ; lcd_dc                                         ; output ; 3.3-V LVCMOS          ;           ; Row I/O    ; Y               ; no       ; Off          ;
; 78       ; 133        ; 5        ; lcd_mosi                                       ; output ; 3.3-V LVCMOS          ;           ; Row I/O    ; Y               ; no       ; Off          ;
; 79       ; 132        ; 5        ; RESERVED_INPUT_WITH_WEAK_PULLUP                ;        ;                       ;           ; Row I/O    ;                 ; no       ; On           ;
; 80       ; 135        ; 5        ; RESERVED_INPUT_WITH_WEAK_PULLUP                ;        ;                       ;           ; Row I/O    ;                 ; --       ; --           ;
; 81       ; 134        ; 5        ; lcd_cs                                         ; output ; 3.3-V LVCMOS          ;           ; Row I/O    ; Y               ; no       ; Off          ;
; 82       ;            ; 5        ; VCCIO5                                         ; power  ;                       ; 3.3V      ; --         ;                 ; --       ; --           ;
; 83       ;            ;          ; GND                                            ; gnd    ;                       ;           ; --         ;                 ; --       ; --           ;
; 84       ; 141        ; 5        ; RESERVED_INPUT_WITH_WEAK_PULLUP                ;        ;                       ;           ; Row I/O    ;                 ; no       ; On           ;
; 85       ; 140        ; 5        ; led                                            ; output ; 3.3-V LVCMOS          ;           ; Row I/O    ; Y               ; no       ; Off          ;
; 86       ; 143        ; 5        ; RESERVED_INPUT_WITH_WEAK_PULLUP                ;        ;                       ;           ; Row I/O    ;                 ; no       ; On           ;
; 87       ; 142        ; 5        ; RESERVED_INPUT_WITH_WEAK_PULLUP                ;        ;                       ;           ; Row I/O    ;                 ; no       ; On           ;
; 88       ; 148        ; 6        ; clk                                            ; input  ; 3.3-V LVCMOS          ;           ; Row I/O    ; Y               ; no       ; Off          ;
; 89       ; 150        ; 6        ; RESERVED_INPUT_WITH_WEAK_PULLUP                ;        ;                       ;           ; Row I/O    ;                 ; no       ; On           ;
; 90       ; 152        ; 6        ; RESERVED_INPUT_WITH_WEAK_PULLUP                ;        ;                       ;           ; Row I/O    ;                 ; no       ; On           ;
; 91       ; 154        ; 6        ; RESERVED_INPUT_WITH_WEAK_PULLUP                ;        ;                       ;           ; Row I/O    ;                 ; no       ; On           ;
; 92       ; 156        ; 6        ; RESERVED_INPUT_WITH_WEAK_PULLUP                ;        ;                       ;           ; Row I/O    ;                 ; no       ; On           ;
; 93       ; 158        ; 6        ; RESERVED_INPUT_WITH_WEAK_PULLUP                ;        ;                       ;           ; Row I/O    ;                 ; no       ; On           ;
; 94       ;            ; 6        ; VCCIO6                                         ; power  ;                       ; 3.3V      ; --         ;                 ; --       ; --           ;
; 95       ;            ;          ; GND                                            ; gnd    ;                       ;           ; --         ;                 ; --       ; --           ;
; 96       ; 172        ; 6        ; touch_miso_fr                                  ; input  ; 3.3-V LVCMOS          ;           ; Row I/O    ; Y               ; no       ; Off          ;
; 97       ; 173        ; 6        ; fr_sck                                         ; output ; 3.3-V LVCMOS          ;           ; Row I/O    ; Y               ; no       ; Off          ;
; 98       ; 174        ; 6        ; fr_cs                                          ; output ; 3.3-V LVCMOS          ;           ; Row I/O    ; Y               ; no       ; Off          ;
; 99       ; 176        ; 6        ; fr_mosi                                        ; output ; 3.3-V LVCMOS          ;           ; Row I/O    ; Y               ; no       ; Off          ;
; 100      ; 177        ; 6        ; RESERVED_INPUT_WITH_WEAK_PULLUP                ;        ;                       ;           ; Row I/O    ;                 ; no       ; On           ;
; 101      ; 178        ; 6        ; RESERVED_INPUT_WITH_WEAK_PULLUP                ;        ;                       ;           ; Row I/O    ;                 ; no       ; On           ;
; 102      ; 179        ; 6        ; RESERVED_INPUT_WITH_WEAK_PULLUP                ;        ;                       ;           ; Row I/O    ;                 ; no       ; On           ;
; 103      ;            ; 6        ; VCCIO6                                         ; power  ;                       ; 3.3V      ; --         ;                 ; --       ; --           ;
; 104      ;            ;          ; GND                                            ; gnd    ;                       ;           ; --         ;                 ; --       ; --           ;
; 105      ; 188        ; 6        ; RESERVED_INPUT_WITH_WEAK_PULLUP                ;        ;                       ;           ; Row I/O    ;                 ; no       ; On           ;
; 106      ; 190        ; 6        ; RESERVED_INPUT_WITH_WEAK_PULLUP                ;        ;                       ;           ; Row I/O    ;                 ; no       ; On           ;
; 107      ;            ; --       ; VCCA3                                          ; power  ;                       ; 3.0V/3.3V ; --         ;                 ; --       ; --           ;
; 108      ;            ; --       ; VCC_ONE                                        ; power  ;                       ; 3.0V/3.3V ; --         ;                 ; --       ; --           ;
; 109      ;            ; --       ; VCC_ONE                                        ; power  ;                       ; 3.0V/3.3V ; --         ;                 ; --       ; --           ;
; 110      ; 192        ; 7        ; RESERVED_INPUT_WITH_WEAK_PULLUP                ;        ;                       ;           ; Column I/O ;                 ; no       ; On           ;
; 111      ; 194        ; 7        ; RESERVED_INPUT_WITH_WEAK_PULLUP                ;        ;                       ;           ; Column I/O ;                 ; no       ; On           ;
; 112      ; 199        ; 7        ; RESERVED_INPUT_WITH_WEAK_PULLUP                ;        ;                       ;           ; Column I/O ;                 ; --       ; --           ;
; 113      ; 202        ; 7        ; RESERVED_INPUT_WITH_WEAK_PULLUP                ;        ;                       ;           ; Column I/O ;                 ; no       ; On           ;
; 114      ; 204        ; 7        ; RESERVED_INPUT_WITH_WEAK_PULLUP                ;        ;                       ;           ; Column I/O ;                 ; no       ; On           ;
; 115      ;            ; --       ; VCC_ONE                                        ; power  ;                       ; 3.0V/3.3V ; --         ;                 ; --       ; --           ;
; 116      ;            ;          ; GND                                            ; gnd    ;                       ;           ; --         ;                 ; --       ; --           ;
; 117      ;            ; 7        ; VCCIO7                                         ; power  ;                       ; 2.5V      ; --         ;                 ; --       ; --           ;
; 118      ; 212        ; 7        ; RESERVED_INPUT_WITH_WEAK_PULLUP                ;        ;                       ;           ; Column I/O ;                 ; no       ; On           ;
; 119      ; 214        ; 7        ; RESERVED_INPUT_WITH_WEAK_PULLUP                ;        ;                       ;           ; Column I/O ;                 ; no       ; On           ;
; 120      ; 224        ; 8        ; led2                                           ; output ; 3.3-V LVCMOS          ;           ; Column I/O ; Y               ; no       ; Off          ;
; 121      ; 226        ; 8        ; led3                                           ; output ; 3.3-V LVCMOS          ;           ; Column I/O ; Y               ; no       ; Off          ;
; 122      ; 228        ; 8        ; led0                                           ; output ; 3.3-V LVCMOS          ;           ; Column I/O ; Y               ; no       ; Off          ;
; 123      ; 231        ; 8        ; led1                                           ; output ; 3.3-V LVCMOS          ;           ; Column I/O ; Y               ; no       ; Off          ;
; 124      ; 233        ; 8        ; RESERVED_INPUT_WITH_WEAK_PULLUP                ;        ;                       ;           ; Column I/O ;                 ; no       ; On           ;
; 125      ;            ;          ; GND                                            ; gnd    ;                       ;           ; --         ;                 ; --       ; --           ;
; 126      ; 232        ; 8        ; RESERVED_INPUT_WITH_WEAK_PULLUP                ;        ;                       ;           ; Column I/O ;                 ; no       ; On           ;
; 127      ; 235        ; 8        ; RESERVED_INPUT_WITH_WEAK_PULLUP                ;        ;                       ;           ; Column I/O ;                 ; no       ; On           ;
; 128      ;            ; 8        ; VCCIO8                                         ; power  ;                       ; 3.3V      ; --         ;                 ; --       ; --           ;
; 129      ; 234        ; 8        ; ~ALTERA_nCONFIG~ / RESERVED_INPUT              ; input  ; 3.3 V Schmitt Trigger ;           ; Column I/O ; N               ; no       ; Off          ;
; 130      ; 236        ; 8        ; touch_sck                                      ; output ; 3.3-V LVCMOS          ;           ; Column I/O ; Y               ; no       ; Off          ;
; 131      ; 238        ; 8        ; RESERVED_INPUT_WITH_WEAK_PULLUP                ;        ;                       ;           ; Column I/O ;                 ; no       ; On           ;
; 132      ; 240        ; 8        ; touch_miso                                     ; input  ; 3.3-V LVCMOS          ;           ; Column I/O ; Y               ; no       ; Off          ;
; 133      ;            ;          ; GND                                            ; gnd    ;                       ;           ; --         ;                 ; --       ; --           ;
; 134      ; 242        ; 8        ; touch_cs                                       ; output ; 3.3-V LVCMOS          ;           ; Column I/O ; Y               ; no       ; Off          ;
; 135      ; 243        ; 8        ; touch_mosi                                     ; output ; 3.3-V LVCMOS          ;           ; Column I/O ; Y               ; no       ; Off          ;
; 136      ; 244        ; 8        ; ~ALTERA_nSTATUS~ / RESERVED_INPUT              ; input  ; 3.3 V Schmitt Trigger ;           ; Column I/O ; N               ; no       ; Off          ;
; 137      ;            ;          ; GND                                            ; gnd    ;                       ;           ; --         ;                 ; --       ; --           ;
; 138      ; 246        ; 8        ; ~ALTERA_CONF_DONE~ / RESERVED_INPUT            ; input  ; 3.3 V Schmitt Trigger ;           ; Column I/O ; N               ; no       ; Off          ;
; 139      ;            ; 8        ; VCCIO8                                         ; power  ;                       ; 3.3V      ; --         ;                 ; --       ; --           ;
; 140      ; 248        ; 8        ; RESERVED_INPUT_WITH_WEAK_PULLUP                ;        ;                       ;           ; Column I/O ;                 ; no       ; On           ;
; 141      ; 250        ; 8        ; RESERVED_INPUT_WITH_WEAK_PULLUP                ;        ;                       ;           ; Column I/O ;                 ; no       ; On           ;
; 142      ;            ;          ; GND                                            ; gnd    ;                       ;           ; --         ;                 ; --       ; --           ;
; 143      ;            ; --       ; VCCA4                                          ; power  ;                       ; 3.0V/3.3V ; --         ;                 ; --       ; --           ;
; 144      ;            ; --       ; VCC_ONE                                        ; power  ;                       ; 3.0V/3.3V ; --         ;                 ; --       ; --           ;
; EPAD     ;            ;          ; GND                                            ;        ;                       ;           ; --         ;                 ; --       ; --           ;
+----------+------------+----------+------------------------------------------------+--------+-----------------------+-----------+------------+-----------------+----------+--------------+
Note: Pin directions (input, output or bidir) are based on device operating in user mode.


+-------------------------------------+
; I/O Assignment Warnings             ;
+------------+------------------------+
; Pin Name   ; Reason                 ;
+------------+------------------------+
; lcd_cs     ; Missing drive strength ;
; lcd_mosi   ; Missing drive strength ;
; lcd_sck    ; Missing drive strength ;
; lcd_dc     ; Missing drive strength ;
; touch_cs   ; Missing drive strength ;
; touch_mosi ; Missing drive strength ;
; touch_sck  ; Missing drive strength ;
; alt_cs     ; Missing drive strength ;
; alt_mosi   ; Missing drive strength ;
; alt_sck    ; Missing drive strength ;
; fr_cs      ; Missing drive strength ;
; fr_mosi    ; Missing drive strength ;
; fr_sck     ; Missing drive strength ;
; led        ; Missing drive strength ;
; led0       ; Missing drive strength ;
; led1       ; Missing drive strength ;
; led2       ; Missing drive strength ;
; led3       ; Missing drive strength ;
+------------+------------------------+


+-------------------------------------------------------------------------------------------------------------------------------------------------------------------------------------------------------------------------------------------------------------------------------------------------------------------------------------------------------------------------------------------------------------------------------------------------------------------------------------------------------------------------------------------+
; Fitter Resource Utilization by Entity                                                                                                                                                                                                                                                                                                                                                                                                                                                                                                     ;
+--------------------------------------------------------------------------+-------------+---------------------------+---------------+-------------+------+------------+--------------+---------+-----------+------+--------------+--------------+-------------------+------------------+------------+----------------------------------------------------------------------------------------------------------------------------------------------------------------------------+------------------------------------------+--------------+
; Compilation Hierarchy Node                                               ; Logic Cells ; Dedicated Logic Registers ; I/O Registers ; Memory Bits ; M9Ks ; UFM Blocks ; DSP Elements ; DSP 9x9 ; DSP 18x18 ; Pins ; Virtual Pins ; LUT-Only LCs ; Register-Only LCs ; LUT/Register LCs ; ADC blocks ; Full Hierarchy Name                                                                                                                                                        ; Entity Name                              ; Library Name ;
+--------------------------------------------------------------------------+-------------+---------------------------+---------------+-------------+------+------------+--------------+---------+-----------+------+--------------+--------------+-------------------+------------------+------------+----------------------------------------------------------------------------------------------------------------------------------------------------------------------------+------------------------------------------+--------------+
; |samegame_top                                                            ; 7066 (4)    ; 3412 (1)                  ; 0 (0)         ; 34816       ; 5    ; 1          ; 8            ; 0       ; 4         ; 25   ; 0            ; 3654 (3)     ; 1078 (0)          ; 2334 (1)         ; 0          ; |samegame_top                                                                                                                                                              ; samegame_top                             ; work         ;
;    |board_memory:u_board|                                                ; 1801 (1801) ; 585 (585)                 ; 0 (0)         ; 0           ; 0    ; 0          ; 0            ; 0       ; 0         ; 0    ; 0            ; 1197 (1197)  ; 295 (295)         ; 309 (309)        ; 0          ; |samegame_top|board_memory:u_board                                                                                                                                         ; board_memory                             ; work         ;
;    |frame_seq:u_fseq|                                                    ; 52 (52)     ; 36 (36)                   ; 0 (0)         ; 0           ; 0    ; 0          ; 0            ; 0       ; 0         ; 0    ; 0            ; 16 (16)      ; 0 (0)             ; 36 (36)          ; 0          ; |samegame_top|frame_seq:u_fseq                                                                                                                                             ; frame_seq                                ; work         ;
;    |game_fsm:u_game|                                                     ; 3446 (137)  ; 2129 (58)                 ; 0 (0)         ; 2048        ; 1    ; 0          ; 0            ; 0       ; 0         ; 0    ; 0            ; 1316 (77)    ; 730 (7)           ; 1400 (64)        ; 0          ; |samegame_top|game_fsm:u_game                                                                                                                                              ; game_fsm                                 ; work         ;
;       |column_shift_engine:u_shift|                                      ; 1029 (1029) ; 750 (750)                 ; 0 (0)         ; 0           ; 0    ; 0          ; 0            ; 0       ; 0         ; 0    ; 0            ; 279 (279)    ; 335 (335)         ; 415 (415)        ; 0          ; |samegame_top|game_fsm:u_game|column_shift_engine:u_shift                                                                                                                  ; column_shift_engine                      ; work         ;
;       |erase_engine:u_erase|                                             ; 360 (360)   ; 218 (218)                 ; 0 (0)         ; 0           ; 0    ; 0          ; 0            ; 0       ; 0         ; 0    ; 0            ; 142 (142)    ; 0 (0)             ; 218 (218)        ; 0          ; |samegame_top|game_fsm:u_game|erase_engine:u_erase                                                                                                                         ; erase_engine                             ; work         ;
;       |floodfill_engine:u_ff|                                            ; 787 (787)   ; 253 (253)                 ; 0 (0)         ; 2048        ; 1    ; 0          ; 0            ; 0       ; 0         ; 0    ; 0            ; 534 (534)    ; 8 (8)             ; 245 (245)        ; 0          ; |samegame_top|game_fsm:u_game|floodfill_engine:u_ff                                                                                                                        ; floodfill_engine                         ; work         ;
;          |altsyncram:fifo_mem_rtl_0|                                     ; 0 (0)       ; 0 (0)                     ; 0 (0)         ; 2048        ; 1    ; 0          ; 0            ; 0       ; 0         ; 0    ; 0            ; 0 (0)        ; 0 (0)             ; 0 (0)            ; 0          ; |samegame_top|game_fsm:u_game|floodfill_engine:u_ff|altsyncram:fifo_mem_rtl_0                                                                                              ; altsyncram                               ; work         ;
;             |altsyncram_8ob1:auto_generated|                             ; 0 (0)       ; 0 (0)                     ; 0 (0)         ; 2048        ; 1    ; 0          ; 0            ; 0       ; 0         ; 0    ; 0            ; 0 (0)        ; 0 (0)             ; 0 (0)            ; 0          ; |samegame_top|game_fsm:u_game|floodfill_engine:u_ff|altsyncram:fifo_mem_rtl_0|altsyncram_8ob1:auto_generated                                                               ; altsyncram_8ob1                          ; work         ;
;       |gravity_engine:u_grav|                                            ; 1117 (1117) ; 834 (834)                 ; 0 (0)         ; 0           ; 0    ; 0          ; 0            ; 0       ; 0         ; 0    ; 0            ; 282 (282)    ; 379 (379)         ; 456 (456)        ; 0          ; |samegame_top|game_fsm:u_game|gravity_engine:u_grav                                                                                                                        ; gravity_engine                           ; work         ;
;       |rng_generator:u_rng|                                              ; 18 (18)     ; 16 (16)                   ; 0 (0)         ; 0           ; 0    ; 0          ; 0            ; 0       ; 0         ; 0    ; 0            ; 2 (2)        ; 1 (1)             ; 15 (15)          ; 0          ; |samegame_top|game_fsm:u_game|rng_generator:u_rng                                                                                                                          ; rng_generator                            ; work         ;
;    |lcd_ili9341_ctrl:u_lcd|                                              ; 408 (337)   ; 164 (145)                 ; 0 (0)         ; 0           ; 0    ; 0          ; 0            ; 0       ; 0         ; 0    ; 0            ; 244 (192)    ; 2 (2)             ; 162 (127)        ; 0          ; |samegame_top|lcd_ili9341_ctrl:u_lcd                                                                                                                                       ; lcd_ili9341_ctrl                         ; work         ;
;       |lpm_mult:Mult0|                                                   ; 57 (0)      ; 0 (0)                     ; 0 (0)         ; 0           ; 0    ; 0          ; 0            ; 0       ; 0         ; 0    ; 0            ; 41 (0)       ; 0 (0)             ; 16 (0)           ; 0          ; |samegame_top|lcd_ili9341_ctrl:u_lcd|lpm_mult:Mult0                                                                                                                        ; lpm_mult                                 ; work         ;
;          |multcore:mult_core|                                            ; 57 (25)     ; 0 (0)                     ; 0 (0)         ; 0           ; 0    ; 0          ; 0            ; 0       ; 0         ; 0    ; 0            ; 41 (25)      ; 0 (0)             ; 16 (0)           ; 0          ; |samegame_top|lcd_ili9341_ctrl:u_lcd|lpm_mult:Mult0|multcore:mult_core                                                                                                     ; multcore                                 ; work         ;
;             |mpar_add:padder|                                            ; 32 (0)      ; 0 (0)                     ; 0 (0)         ; 0           ; 0    ; 0          ; 0            ; 0       ; 0         ; 0    ; 0            ; 16 (0)       ; 0 (0)             ; 16 (0)           ; 0          ; |samegame_top|lcd_ili9341_ctrl:u_lcd|lpm_mult:Mult0|multcore:mult_core|mpar_add:padder                                                                                     ; mpar_add                                 ; work         ;
;                |lpm_add_sub:adder[0]|                                    ; 32 (0)      ; 0 (0)                     ; 0 (0)         ; 0           ; 0    ; 0          ; 0            ; 0       ; 0         ; 0    ; 0            ; 16 (0)       ; 0 (0)             ; 16 (0)           ; 0          ; |samegame_top|lcd_ili9341_ctrl:u_lcd|lpm_mult:Mult0|multcore:mult_core|mpar_add:padder|lpm_add_sub:adder[0]                                                                ; lpm_add_sub                              ; work         ;
;                   |add_sub_arg:auto_generated|                           ; 32 (32)     ; 0 (0)                     ; 0 (0)         ; 0           ; 0    ; 0          ; 0            ; 0       ; 0         ; 0    ; 0            ; 16 (16)      ; 0 (0)             ; 16 (16)          ; 0          ; |samegame_top|lcd_ili9341_ctrl:u_lcd|lpm_mult:Mult0|multcore:mult_core|mpar_add:padder|lpm_add_sub:adder[0]|add_sub_arg:auto_generated                                     ; add_sub_arg                              ; work         ;
;       |spi_byte_master:u_spi|                                            ; 30 (30)     ; 19 (19)                   ; 0 (0)         ; 0           ; 0    ; 0          ; 0            ; 0       ; 0         ; 0    ; 0            ; 11 (11)      ; 0 (0)             ; 19 (19)          ; 0          ; |samegame_top|lcd_ili9341_ctrl:u_lcd|spi_byte_master:u_spi                                                                                                                 ; spi_byte_master                          ; work         ;
;    |lcd_renderer:u_render|                                               ; 1062 (999)  ; 112 (112)                 ; 0 (0)         ; 0           ; 0    ; 0          ; 0            ; 0       ; 0         ; 0    ; 0            ; 528 (465)    ; 7 (7)             ; 527 (527)        ; 0          ; |samegame_top|lcd_renderer:u_render                                                                                                                                        ; lcd_renderer                             ; work         ;
;       |lpm_mult:Mult0|                                                   ; 34 (0)      ; 0 (0)                     ; 0 (0)         ; 0           ; 0    ; 0          ; 0            ; 0       ; 0         ; 0    ; 0            ; 34 (0)       ; 0 (0)             ; 0 (0)            ; 0          ; |samegame_top|lcd_renderer:u_render|lpm_mult:Mult0                                                                                                                         ; lpm_mult                                 ; work         ;
;          |multcore:mult_core|                                            ; 34 (14)     ; 0 (0)                     ; 0 (0)         ; 0           ; 0    ; 0          ; 0            ; 0       ; 0         ; 0    ; 0            ; 34 (14)      ; 0 (0)             ; 0 (0)            ; 0          ; |samegame_top|lcd_renderer:u_render|lpm_mult:Mult0|multcore:mult_core                                                                                                      ; multcore                                 ; work         ;
;             |mpar_add:padder|                                            ; 20 (0)      ; 0 (0)                     ; 0 (0)         ; 0           ; 0    ; 0          ; 0            ; 0       ; 0         ; 0    ; 0            ; 20 (0)       ; 0 (0)             ; 0 (0)            ; 0          ; |samegame_top|lcd_renderer:u_render|lpm_mult:Mult0|multcore:mult_core|mpar_add:padder                                                                                      ; mpar_add                                 ; work         ;
;                |lpm_add_sub:adder[0]|                                    ; 12 (0)      ; 0 (0)                     ; 0 (0)         ; 0           ; 0    ; 0          ; 0            ; 0       ; 0         ; 0    ; 0            ; 12 (0)       ; 0 (0)             ; 0 (0)            ; 0          ; |samegame_top|lcd_renderer:u_render|lpm_mult:Mult0|multcore:mult_core|mpar_add:padder|lpm_add_sub:adder[0]                                                                 ; lpm_add_sub                              ; work         ;
;                   |add_sub_crg:auto_generated|                           ; 12 (12)     ; 0 (0)                     ; 0 (0)         ; 0           ; 0    ; 0          ; 0            ; 0       ; 0         ; 0    ; 0            ; 12 (12)      ; 0 (0)             ; 0 (0)            ; 0          ; |samegame_top|lcd_renderer:u_render|lpm_mult:Mult0|multcore:mult_core|mpar_add:padder|lpm_add_sub:adder[0]|add_sub_crg:auto_generated                                      ; add_sub_crg                              ; work         ;
;                |mpar_add:sub_par_add|                                    ; 8 (0)       ; 0 (0)                     ; 0 (0)         ; 0           ; 0    ; 0          ; 0            ; 0       ; 0         ; 0    ; 0            ; 8 (0)        ; 0 (0)             ; 0 (0)            ; 0          ; |samegame_top|lcd_renderer:u_render|lpm_mult:Mult0|multcore:mult_core|mpar_add:padder|mpar_add:sub_par_add                                                                 ; mpar_add                                 ; work         ;
;                   |lpm_add_sub:adder[0]|                                 ; 8 (0)       ; 0 (0)                     ; 0 (0)         ; 0           ; 0    ; 0          ; 0            ; 0       ; 0         ; 0    ; 0            ; 8 (0)        ; 0 (0)             ; 0 (0)            ; 0          ; |samegame_top|lcd_renderer:u_render|lpm_mult:Mult0|multcore:mult_core|mpar_add:padder|mpar_add:sub_par_add|lpm_add_sub:adder[0]                                            ; lpm_add_sub                              ; work         ;
;                      |add_sub_grg:auto_generated|                        ; 8 (8)       ; 0 (0)                     ; 0 (0)         ; 0           ; 0    ; 0          ; 0            ; 0       ; 0         ; 0    ; 0            ; 8 (8)        ; 0 (0)             ; 0 (0)            ; 0          ; |samegame_top|lcd_renderer:u_render|lpm_mult:Mult0|multcore:mult_core|mpar_add:padder|mpar_add:sub_par_add|lpm_add_sub:adder[0]|add_sub_grg:auto_generated                 ; add_sub_grg                              ; work         ;
;       |lpm_mult:Mult1|                                                   ; 26 (0)      ; 0 (0)                     ; 0 (0)         ; 0           ; 0    ; 0          ; 0            ; 0       ; 0         ; 0    ; 0            ; 26 (0)       ; 0 (0)             ; 0 (0)            ; 0          ; |samegame_top|lcd_renderer:u_render|lpm_mult:Mult1                                                                                                                         ; lpm_mult                                 ; work         ;
;          |multcore:mult_core|                                            ; 26 (14)     ; 0 (0)                     ; 0 (0)         ; 0           ; 0    ; 0          ; 0            ; 0       ; 0         ; 0    ; 0            ; 26 (14)      ; 0 (0)             ; 0 (0)            ; 0          ; |samegame_top|lcd_renderer:u_render|lpm_mult:Mult1|multcore:mult_core                                                                                                      ; multcore                                 ; work         ;
;             |mpar_add:padder|                                            ; 12 (0)      ; 0 (0)                     ; 0 (0)         ; 0           ; 0    ; 0          ; 0            ; 0       ; 0         ; 0    ; 0            ; 12 (0)       ; 0 (0)             ; 0 (0)            ; 0          ; |samegame_top|lcd_renderer:u_render|lpm_mult:Mult1|multcore:mult_core|mpar_add:padder                                                                                      ; mpar_add                                 ; work         ;
;                |lpm_add_sub:adder[0]|                                    ; 12 (0)      ; 0 (0)                     ; 0 (0)         ; 0           ; 0    ; 0          ; 0            ; 0       ; 0         ; 0    ; 0            ; 12 (0)       ; 0 (0)             ; 0 (0)            ; 0          ; |samegame_top|lcd_renderer:u_render|lpm_mult:Mult1|multcore:mult_core|mpar_add:padder|lpm_add_sub:adder[0]                                                                 ; lpm_add_sub                              ; work         ;
;                   |add_sub_crg:auto_generated|                           ; 12 (12)     ; 0 (0)                     ; 0 (0)         ; 0           ; 0    ; 0          ; 0            ; 0       ; 0         ; 0    ; 0            ; 12 (12)      ; 0 (0)             ; 0 (0)            ; 0          ; |samegame_top|lcd_renderer:u_render|lpm_mult:Mult1|multcore:mult_core|mpar_add:padder|lpm_add_sub:adder[0]|add_sub_crg:auto_generated                                      ; add_sub_crg                              ; work         ;
;       |lpm_mult:Mult2|                                                   ; 3 (0)       ; 0 (0)                     ; 0 (0)         ; 0           ; 0    ; 0          ; 0            ; 0       ; 0         ; 0    ; 0            ; 3 (0)        ; 0 (0)             ; 0 (0)            ; 0          ; |samegame_top|lcd_renderer:u_render|lpm_mult:Mult2                                                                                                                         ; lpm_mult                                 ; work         ;
;          |multcore:mult_core|                                            ; 3 (3)       ; 0 (0)                     ; 0 (0)         ; 0           ; 0    ; 0          ; 0            ; 0       ; 0         ; 0    ; 0            ; 3 (3)        ; 0 (0)             ; 0 (0)            ; 0          ; |samegame_top|lcd_renderer:u_render|lpm_mult:Mult2|multcore:mult_core                                                                                                      ; multcore                                 ; work         ;
;    |logo_flash:u_ufm|                                                    ; 149 (0)     ; 99 (0)                    ; 0 (0)         ; 0           ; 0    ; 1          ; 0            ; 0       ; 0         ; 0    ; 0            ; 48 (0)       ; 2 (0)             ; 99 (0)           ; 0          ; |samegame_top|logo_flash:u_ufm                                                                                                                                             ; logo_flash                               ; logo_flash   ;
;       |altera_onchip_flash:ufm|                                          ; 149 (0)     ; 99 (0)                    ; 0 (0)         ; 0           ; 0    ; 1          ; 0            ; 0       ; 0         ; 0    ; 0            ; 48 (0)       ; 2 (0)             ; 99 (0)           ; 0          ; |samegame_top|logo_flash:u_ufm|altera_onchip_flash:ufm                                                                                                                     ; altera_onchip_flash                      ; logo_flash   ;
;          |altera_onchip_flash_avmm_csr_controller:avmm_csr_controller|   ; 2 (2)       ; 2 (2)                     ; 0 (0)         ; 0           ; 0    ; 0          ; 0            ; 0       ; 0         ; 0    ; 0            ; 0 (0)        ; 1 (1)             ; 1 (1)            ; 0          ; |samegame_top|logo_flash:u_ufm|altera_onchip_flash:ufm|altera_onchip_flash_avmm_csr_controller:avmm_csr_controller                                                         ; altera_onchip_flash_avmm_csr_controller  ; logo_flash   ;
;          |altera_onchip_flash_avmm_data_controller:avmm_data_controller| ; 147 (147)   ; 97 (97)                   ; 0 (0)         ; 0           ; 0    ; 0          ; 0            ; 0       ; 0         ; 0    ; 0            ; 48 (48)      ; 1 (1)             ; 98 (93)          ; 0          ; |samegame_top|logo_flash:u_ufm|altera_onchip_flash:ufm|altera_onchip_flash_avmm_data_controller:avmm_data_controller                                                       ; altera_onchip_flash_avmm_data_controller ; logo_flash   ;
;             |altera_onchip_flash_convert_address:address_convertor|      ; 5 (5)       ; 0 (0)                     ; 0 (0)         ; 0           ; 0    ; 0          ; 0            ; 0       ; 0         ; 0    ; 0            ; 0 (0)        ; 0 (0)             ; 5 (5)            ; 0          ; |samegame_top|logo_flash:u_ufm|altera_onchip_flash:ufm|altera_onchip_flash_avmm_data_controller:avmm_data_controller|altera_onchip_flash_convert_address:address_convertor ; altera_onchip_flash_convert_address      ; logo_flash   ;
;          |altera_onchip_flash_block:altera_onchip_flash_block|           ; 0 (0)       ; 0 (0)                     ; 0 (0)         ; 0           ; 0    ; 1          ; 0            ; 0       ; 0         ; 0    ; 0            ; 0 (0)        ; 0 (0)             ; 0 (0)            ; 0          ; |samegame_top|logo_flash:u_ufm|altera_onchip_flash:ufm|altera_onchip_flash_block:altera_onchip_flash_block                                                                 ; altera_onchip_flash_block                ; logo_flash   ;
;    |logo_ram:u_ram|                                                      ; 0 (0)       ; 0 (0)                     ; 0 (0)         ; 32768       ; 4    ; 0          ; 0            ; 0       ; 0         ; 0    ; 0            ; 0 (0)        ; 0 (0)             ; 0 (0)            ; 0          ; |samegame_top|logo_ram:u_ram                                                                                                                                               ; logo_ram                                 ; work         ;
;       |altsyncram:mem_rtl_0|                                             ; 0 (0)       ; 0 (0)                     ; 0 (0)         ; 32768       ; 4    ; 0          ; 0            ; 0       ; 0         ; 0    ; 0            ; 0 (0)        ; 0 (0)             ; 0 (0)            ; 0          ; |samegame_top|logo_ram:u_ram|altsyncram:mem_rtl_0                                                                                                                          ; altsyncram                               ; work         ;
;          |altsyncram_kgg1:auto_generated|                                ; 0 (0)       ; 0 (0)                     ; 0 (0)         ; 32768       ; 4    ; 0          ; 0            ; 0       ; 0         ; 0    ; 0            ; 0 (0)        ; 0 (0)             ; 0 (0)            ; 0          ; |samegame_top|logo_ram:u_ram|altsyncram:mem_rtl_0|altsyncram_kgg1:auto_generated                                                                                           ; altsyncram_kgg1                          ; work         ;
;    |reset_sync:u_reset|                                                  ; 3 (3)       ; 3 (3)                     ; 0 (0)         ; 0           ; 0    ; 0          ; 0            ; 0       ; 0         ; 0    ; 0            ; 0 (0)        ; 2 (2)             ; 1 (1)            ; 0          ; |samegame_top|reset_sync:u_reset                                                                                                                                           ; reset_sync                               ; work         ;
;    |touch_controller:u_touch|                                            ; 480 (467)   ; 208 (208)                 ; 0 (0)         ; 0           ; 0    ; 0          ; 8            ; 0       ; 4         ; 0    ; 0            ; 269 (256)    ; 31 (31)           ; 180 (180)        ; 0          ; |samegame_top|touch_controller:u_touch                                                                                                                                     ; touch_controller                         ; work         ;
;       |lpm_mult:Mult0|                                                   ; 7 (0)       ; 0 (0)                     ; 0 (0)         ; 0           ; 0    ; 0          ; 4            ; 0       ; 2         ; 0    ; 0            ; 7 (0)        ; 0 (0)             ; 0 (0)            ; 0          ; |samegame_top|touch_controller:u_touch|lpm_mult:Mult0                                                                                                                      ; lpm_mult                                 ; work         ;
;          |mult_jrs:auto_generated|                                       ; 7 (7)       ; 0 (0)                     ; 0 (0)         ; 0           ; 0    ; 0          ; 4            ; 0       ; 2         ; 0    ; 0            ; 7 (7)        ; 0 (0)             ; 0 (0)            ; 0          ; |samegame_top|touch_controller:u_touch|lpm_mult:Mult0|mult_jrs:auto_generated                                                                                              ; mult_jrs                                 ; work         ;
;       |lpm_mult:Mult1|                                                   ; 6 (0)       ; 0 (0)                     ; 0 (0)         ; 0           ; 0    ; 0          ; 4            ; 0       ; 2         ; 0    ; 0            ; 6 (0)        ; 0 (0)             ; 0 (0)            ; 0          ; |samegame_top|touch_controller:u_touch|lpm_mult:Mult1                                                                                                                      ; lpm_mult                                 ; work         ;
;          |mult_hrs:auto_generated|                                       ; 6 (6)       ; 0 (0)                     ; 0 (0)         ; 0           ; 0    ; 0          ; 4            ; 0       ; 2         ; 0    ; 0            ; 6 (6)        ; 0 (0)             ; 0 (0)            ; 0          ; |samegame_top|touch_controller:u_touch|lpm_mult:Mult1|mult_hrs:auto_generated                                                                                              ; mult_hrs                                 ; work         ;
;    |ufm_bootloader:u_boot|                                               ; 108 (108)   ; 75 (75)                   ; 0 (0)         ; 0           ; 0    ; 0          ; 0            ; 0       ; 0         ; 0    ; 0            ; 33 (33)      ; 9 (9)             ; 66 (66)          ; 0          ; |samegame_top|ufm_bootloader:u_boot                                                                                                                                        ; ufm_bootloader                           ; work         ;
+--------------------------------------------------------------------------+-------------+---------------------------+---------------+-------------+------+------------+--------------+---------+-----------+------+--------------+--------------+-------------------+------------------+------------+----------------------------------------------------------------------------------------------------------------------------------------------------------------------------+------------------------------------------+--------------+
Note: For table entries with two numbers listed, the numbers in parentheses indicate the number of resources of the given type used by the specific entity alone. The numbers listed outside of parentheses indicate the total resources of the given type used by the specific entity and all of its sub-entities in the hierarchy.


+------------------------------------------------------------------------------------------------+
; Delay Chain Summary                                                                            ;
+----------------+----------+---------------+---------------+-----------------------+-----+------+
; Name           ; Pin Type ; Pad to Core 0 ; Pad to Core 1 ; Pad to Input Register ; TCO ; TCOE ;
+----------------+----------+---------------+---------------+-----------------------+-----+------+
; sw1            ; Input    ; --            ; --            ; --                    ; --  ; --   ;
; sw2            ; Input    ; --            ; --            ; --                    ; --  ; --   ;
; lcd_cs         ; Output   ; --            ; --            ; --                    ; --  ; --   ;
; lcd_mosi       ; Output   ; --            ; --            ; --                    ; --  ; --   ;
; lcd_sck        ; Output   ; --            ; --            ; --                    ; --  ; --   ;
; lcd_dc         ; Output   ; --            ; --            ; --                    ; --  ; --   ;
; touch_cs       ; Output   ; --            ; --            ; --                    ; --  ; --   ;
; touch_mosi     ; Output   ; --            ; --            ; --                    ; --  ; --   ;
; touch_sck      ; Output   ; --            ; --            ; --                    ; --  ; --   ;
; alt_cs         ; Output   ; --            ; --            ; --                    ; --  ; --   ;
; alt_mosi       ; Output   ; --            ; --            ; --                    ; --  ; --   ;
; alt_sck        ; Output   ; --            ; --            ; --                    ; --  ; --   ;
; fr_cs          ; Output   ; --            ; --            ; --                    ; --  ; --   ;
; fr_mosi        ; Output   ; --            ; --            ; --                    ; --  ; --   ;
; fr_sck         ; Output   ; --            ; --            ; --                    ; --  ; --   ;
; led            ; Output   ; --            ; --            ; --                    ; --  ; --   ;
; led0           ; Output   ; --            ; --            ; --                    ; --  ; --   ;
; led1           ; Output   ; --            ; --            ; --                    ; --  ; --   ;
; led2           ; Output   ; --            ; --            ; --                    ; --  ; --   ;
; led3           ; Output   ; --            ; --            ; --                    ; --  ; --   ;
; clk            ; Input    ; (0) 0 ps      ; (0) 0 ps      ; --                    ; --  ; --   ;
; touch_miso     ; Input    ; (6) 868 ps    ; --            ; --                    ; --  ; --   ;
; touch_miso_fr  ; Input    ; (6) 873 ps    ; --            ; --                    ; --  ; --   ;
; touch_miso_alt ; Input    ; (6) 868 ps    ; --            ; --                    ; --  ; --   ;
; btn_rst        ; Input    ; (6) 873 ps    ; --            ; --                    ; --  ; --   ;
+----------------+----------+---------------+---------------+-----------------------+-----+------+


+----------------------------------------------------------------------------------------------------------------------------------------------------------------------+
; Pad To Core Delay Chain Fanout                                                                                                                                       ;
+----------------------------------------------------------------------------------------------------------------------------------------+-------------------+---------+
; Source Pin / Fanout                                                                                                                    ; Pad To Core Index ; Setting ;
+----------------------------------------------------------------------------------------------------------------------------------------+-------------------+---------+
; sw1                                                                                                                                    ;                   ;         ;
; sw2                                                                                                                                    ;                   ;         ;
; clk                                                                                                                                    ;                   ;         ;
;      - logo_flash:u_ufm|altera_onchip_flash:ufm|altera_onchip_flash_avmm_data_controller:avmm_data_controller|enable_drclk_neg_pos_reg ; 1                 ; 0       ;
; touch_miso                                                                                                                             ;                   ;         ;
;      - touch_controller:u_touch|pri_seen_low~0                                                                                         ; 0                 ; 6       ;
;      - touch_controller:u_touch|shift_in~5                                                                                             ; 0                 ; 6       ;
; touch_miso_fr                                                                                                                          ;                   ;         ;
;      - touch_controller:u_touch|fr_seen_low~0                                                                                          ; 0                 ; 6       ;
;      - touch_controller:u_touch|shift_in~4                                                                                             ; 0                 ; 6       ;
; touch_miso_alt                                                                                                                         ;                   ;         ;
;      - touch_controller:u_touch|alt_seen_low~0                                                                                         ; 0                 ; 6       ;
;      - touch_controller:u_touch|shift_in~4                                                                                             ; 0                 ; 6       ;
; btn_rst                                                                                                                                ;                   ;         ;
;      - reset_sync:u_reset|sync_ff[1]                                                                                                   ; 0                 ; 6       ;
;      - reset_sync:u_reset|sync_ff[2]                                                                                                   ; 0                 ; 6       ;
;      - reset_sync:u_reset|sync_ff[0]                                                                                                   ; 0                 ; 6       ;
+----------------------------------------------------------------------------------------------------------------------------------------+-------------------+---------+


+------------------------------------------------------------------------------------------------------------------------------------------------------------------------------------------------------------------------------------------------------------------------------------------+
; Control Signals                                                                                                                                                                                                                                                                          ;
+------------------------------------------------------------------------------------------------------------------------------------+--------------------+---------+---------------------------------------+--------+----------------------+------------------+---------------------------+
; Name                                                                                                                               ; Location           ; Fan-Out ; Usage                                 ; Global ; Global Resource Used ; Global Line Name ; Enable Signal Source Name ;
+------------------------------------------------------------------------------------------------------------------------------------+--------------------+---------+---------------------------------------+--------+----------------------+------------------+---------------------------+
; board_memory:u_board|cells~100                                                                                                     ; LCCOMB_X25_Y6_N18  ; 3       ; Clock enable                          ; no     ; --                   ; --               ; --                        ;
; board_memory:u_board|cells~101                                                                                                     ; LCCOMB_X22_Y9_N8   ; 3       ; Clock enable                          ; no     ; --                   ; --               ; --                        ;
; board_memory:u_board|cells~103                                                                                                     ; LCCOMB_X22_Y6_N0   ; 3       ; Clock enable                          ; no     ; --                   ; --               ; --                        ;
; board_memory:u_board|cells~104                                                                                                     ; LCCOMB_X22_Y7_N28  ; 3       ; Clock enable                          ; no     ; --                   ; --               ; --                        ;
; board_memory:u_board|cells~105                                                                                                     ; LCCOMB_X25_Y7_N4   ; 3       ; Clock enable                          ; no     ; --                   ; --               ; --                        ;
; board_memory:u_board|cells~109                                                                                                     ; LCCOMB_X22_Y8_N12  ; 3       ; Clock enable                          ; no     ; --                   ; --               ; --                        ;
; board_memory:u_board|cells~111                                                                                                     ; LCCOMB_X23_Y2_N2   ; 3       ; Clock enable                          ; no     ; --                   ; --               ; --                        ;
; board_memory:u_board|cells~112                                                                                                     ; LCCOMB_X23_Y9_N8   ; 3       ; Clock enable                          ; no     ; --                   ; --               ; --                        ;
; board_memory:u_board|cells~113                                                                                                     ; LCCOMB_X22_Y9_N26  ; 3       ; Clock enable                          ; no     ; --                   ; --               ; --                        ;
; board_memory:u_board|cells~115                                                                                                     ; LCCOMB_X22_Y9_N6   ; 3       ; Clock enable                          ; no     ; --                   ; --               ; --                        ;
; board_memory:u_board|cells~116                                                                                                     ; LCCOMB_X22_Y8_N26  ; 3       ; Clock enable                          ; no     ; --                   ; --               ; --                        ;
; board_memory:u_board|cells~117                                                                                                     ; LCCOMB_X22_Y9_N20  ; 3       ; Clock enable                          ; no     ; --                   ; --               ; --                        ;
; board_memory:u_board|cells~118                                                                                                     ; LCCOMB_X22_Y9_N14  ; 3       ; Clock enable                          ; no     ; --                   ; --               ; --                        ;
; board_memory:u_board|cells~119                                                                                                     ; LCCOMB_X22_Y8_N24  ; 3       ; Clock enable                          ; no     ; --                   ; --               ; --                        ;
; board_memory:u_board|cells~121                                                                                                     ; LCCOMB_X22_Y8_N10  ; 3       ; Clock enable                          ; no     ; --                   ; --               ; --                        ;
; board_memory:u_board|cells~122                                                                                                     ; LCCOMB_X22_Y8_N16  ; 3       ; Clock enable                          ; no     ; --                   ; --               ; --                        ;
; board_memory:u_board|cells~123                                                                                                     ; LCCOMB_X22_Y8_N30  ; 3       ; Clock enable                          ; no     ; --                   ; --               ; --                        ;
; board_memory:u_board|cells~124                                                                                                     ; LCCOMB_X27_Y6_N12  ; 3       ; Clock enable                          ; no     ; --                   ; --               ; --                        ;
; board_memory:u_board|cells~125                                                                                                     ; LCCOMB_X24_Y9_N22  ; 3       ; Clock enable                          ; no     ; --                   ; --               ; --                        ;
; board_memory:u_board|cells~126                                                                                                     ; LCCOMB_X27_Y6_N26  ; 3       ; Clock enable                          ; no     ; --                   ; --               ; --                        ;
; board_memory:u_board|cells~127                                                                                                     ; LCCOMB_X27_Y6_N16  ; 3       ; Clock enable                          ; no     ; --                   ; --               ; --                        ;
; board_memory:u_board|cells~131                                                                                                     ; LCCOMB_X27_Y9_N8   ; 3       ; Clock enable                          ; no     ; --                   ; --               ; --                        ;
; board_memory:u_board|cells~133                                                                                                     ; LCCOMB_X22_Y8_N28  ; 3       ; Clock enable                          ; no     ; --                   ; --               ; --                        ;
; board_memory:u_board|cells~134                                                                                                     ; LCCOMB_X25_Y7_N2   ; 3       ; Clock enable                          ; no     ; --                   ; --               ; --                        ;
; board_memory:u_board|cells~135                                                                                                     ; LCCOMB_X22_Y6_N20  ; 3       ; Clock enable                          ; no     ; --                   ; --               ; --                        ;
; board_memory:u_board|cells~136                                                                                                     ; LCCOMB_X25_Y4_N0   ; 3       ; Clock enable                          ; no     ; --                   ; --               ; --                        ;
; board_memory:u_board|cells~138                                                                                                     ; LCCOMB_X27_Y6_N22  ; 3       ; Clock enable                          ; no     ; --                   ; --               ; --                        ;
; board_memory:u_board|cells~139                                                                                                     ; LCCOMB_X27_Y6_N20  ; 3       ; Clock enable                          ; no     ; --                   ; --               ; --                        ;
; board_memory:u_board|cells~141                                                                                                     ; LCCOMB_X24_Y3_N18  ; 3       ; Clock enable                          ; no     ; --                   ; --               ; --                        ;
; board_memory:u_board|cells~143                                                                                                     ; LCCOMB_X25_Y3_N20  ; 3       ; Clock enable                          ; no     ; --                   ; --               ; --                        ;
; board_memory:u_board|cells~144                                                                                                     ; LCCOMB_X25_Y3_N26  ; 3       ; Clock enable                          ; no     ; --                   ; --               ; --                        ;
; board_memory:u_board|cells~145                                                                                                     ; LCCOMB_X25_Y3_N8   ; 3       ; Clock enable                          ; no     ; --                   ; --               ; --                        ;
; board_memory:u_board|cells~146                                                                                                     ; LCCOMB_X24_Y4_N2   ; 3       ; Clock enable                          ; no     ; --                   ; --               ; --                        ;
; board_memory:u_board|cells~147                                                                                                     ; LCCOMB_X25_Y4_N28  ; 3       ; Clock enable                          ; no     ; --                   ; --               ; --                        ;
; board_memory:u_board|cells~148                                                                                                     ; LCCOMB_X27_Y6_N14  ; 3       ; Clock enable                          ; no     ; --                   ; --               ; --                        ;
; board_memory:u_board|cells~149                                                                                                     ; LCCOMB_X27_Y6_N4   ; 3       ; Clock enable                          ; no     ; --                   ; --               ; --                        ;
; board_memory:u_board|cells~150                                                                                                     ; LCCOMB_X25_Y7_N0   ; 3       ; Clock enable                          ; no     ; --                   ; --               ; --                        ;
; board_memory:u_board|cells~154                                                                                                     ; LCCOMB_X19_Y4_N2   ; 3       ; Clock enable                          ; no     ; --                   ; --               ; --                        ;
; board_memory:u_board|cells~157                                                                                                     ; LCCOMB_X29_Y9_N4   ; 3       ; Clock enable                          ; no     ; --                   ; --               ; --                        ;
; board_memory:u_board|cells~159                                                                                                     ; LCCOMB_X30_Y9_N20  ; 3       ; Clock enable                          ; no     ; --                   ; --               ; --                        ;
; board_memory:u_board|cells~161                                                                                                     ; LCCOMB_X30_Y9_N30  ; 3       ; Clock enable                          ; no     ; --                   ; --               ; --                        ;
; board_memory:u_board|cells~164                                                                                                     ; LCCOMB_X30_Y3_N30  ; 3       ; Clock enable                          ; no     ; --                   ; --               ; --                        ;
; board_memory:u_board|cells~166                                                                                                     ; LCCOMB_X29_Y5_N4   ; 3       ; Clock enable                          ; no     ; --                   ; --               ; --                        ;
; board_memory:u_board|cells~167                                                                                                     ; LCCOMB_X30_Y3_N8   ; 3       ; Clock enable                          ; no     ; --                   ; --               ; --                        ;
; board_memory:u_board|cells~168                                                                                                     ; LCCOMB_X30_Y3_N14  ; 3       ; Clock enable                          ; no     ; --                   ; --               ; --                        ;
; board_memory:u_board|cells~170                                                                                                     ; LCCOMB_X29_Y2_N30  ; 3       ; Clock enable                          ; no     ; --                   ; --               ; --                        ;
; board_memory:u_board|cells~172                                                                                                     ; LCCOMB_X30_Y2_N8   ; 3       ; Clock enable                          ; no     ; --                   ; --               ; --                        ;
; board_memory:u_board|cells~173                                                                                                     ; LCCOMB_X29_Y2_N0   ; 3       ; Clock enable                          ; no     ; --                   ; --               ; --                        ;
; board_memory:u_board|cells~174                                                                                                     ; LCCOMB_X29_Y2_N14  ; 3       ; Clock enable                          ; no     ; --                   ; --               ; --                        ;
; board_memory:u_board|cells~176                                                                                                     ; LCCOMB_X29_Y2_N6   ; 3       ; Clock enable                          ; no     ; --                   ; --               ; --                        ;
; board_memory:u_board|cells~177                                                                                                     ; LCCOMB_X28_Y2_N0   ; 3       ; Clock enable                          ; no     ; --                   ; --               ; --                        ;
; board_memory:u_board|cells~178                                                                                                     ; LCCOMB_X30_Y9_N4   ; 3       ; Clock enable                          ; no     ; --                   ; --               ; --                        ;
; board_memory:u_board|cells~179                                                                                                     ; LCCOMB_X20_Y9_N0   ; 3       ; Clock enable                          ; no     ; --                   ; --               ; --                        ;
; board_memory:u_board|cells~181                                                                                                     ; LCCOMB_X29_Y4_N28  ; 3       ; Clock enable                          ; no     ; --                   ; --               ; --                        ;
; board_memory:u_board|cells~182                                                                                                     ; LCCOMB_X29_Y4_N26  ; 3       ; Clock enable                          ; no     ; --                   ; --               ; --                        ;
; board_memory:u_board|cells~183                                                                                                     ; LCCOMB_X23_Y2_N20  ; 3       ; Clock enable                          ; no     ; --                   ; --               ; --                        ;
; board_memory:u_board|cells~184                                                                                                     ; LCCOMB_X30_Y4_N22  ; 3       ; Clock enable                          ; no     ; --                   ; --               ; --                        ;
; board_memory:u_board|cells~187                                                                                                     ; LCCOMB_X29_Y6_N0   ; 3       ; Clock enable                          ; no     ; --                   ; --               ; --                        ;
; board_memory:u_board|cells~189                                                                                                     ; LCCOMB_X28_Y7_N16  ; 3       ; Clock enable                          ; no     ; --                   ; --               ; --                        ;
; board_memory:u_board|cells~192                                                                                                     ; LCCOMB_X27_Y7_N22  ; 3       ; Clock enable                          ; no     ; --                   ; --               ; --                        ;
; board_memory:u_board|cells~194                                                                                                     ; LCCOMB_X27_Y7_N6   ; 3       ; Clock enable                          ; no     ; --                   ; --               ; --                        ;
; board_memory:u_board|cells~196                                                                                                     ; LCCOMB_X29_Y6_N10  ; 3       ; Clock enable                          ; no     ; --                   ; --               ; --                        ;
; board_memory:u_board|cells~199                                                                                                     ; LCCOMB_X29_Y6_N8   ; 3       ; Clock enable                          ; no     ; --                   ; --               ; --                        ;
; board_memory:u_board|cells~201                                                                                                     ; LCCOMB_X30_Y6_N6   ; 3       ; Clock enable                          ; no     ; --                   ; --               ; --                        ;
; board_memory:u_board|cells~203                                                                                                     ; LCCOMB_X30_Y6_N2   ; 3       ; Clock enable                          ; no     ; --                   ; --               ; --                        ;
; board_memory:u_board|cells~207                                                                                                     ; LCCOMB_X25_Y2_N20  ; 3       ; Clock enable                          ; no     ; --                   ; --               ; --                        ;
; board_memory:u_board|cells~208                                                                                                     ; LCCOMB_X24_Y2_N0   ; 3       ; Clock enable                          ; no     ; --                   ; --               ; --                        ;
; board_memory:u_board|cells~210                                                                                                     ; LCCOMB_X25_Y2_N2   ; 3       ; Clock enable                          ; no     ; --                   ; --               ; --                        ;
; board_memory:u_board|cells~212                                                                                                     ; LCCOMB_X25_Y2_N10  ; 3       ; Clock enable                          ; no     ; --                   ; --               ; --                        ;
; board_memory:u_board|cells~214                                                                                                     ; LCCOMB_X28_Y3_N28  ; 3       ; Clock enable                          ; no     ; --                   ; --               ; --                        ;
; board_memory:u_board|cells~216                                                                                                     ; LCCOMB_X22_Y8_N22  ; 3       ; Clock enable                          ; no     ; --                   ; --               ; --                        ;
; board_memory:u_board|cells~217                                                                                                     ; LCCOMB_X28_Y3_N14  ; 3       ; Clock enable                          ; no     ; --                   ; --               ; --                        ;
; board_memory:u_board|cells~218                                                                                                     ; LCCOMB_X28_Y3_N4   ; 3       ; Clock enable                          ; no     ; --                   ; --               ; --                        ;
; board_memory:u_board|cells~220                                                                                                     ; LCCOMB_X20_Y2_N4   ; 3       ; Clock enable                          ; no     ; --                   ; --               ; --                        ;
; board_memory:u_board|cells~221                                                                                                     ; LCCOMB_X22_Y8_N4   ; 3       ; Clock enable                          ; no     ; --                   ; --               ; --                        ;
; board_memory:u_board|cells~222                                                                                                     ; LCCOMB_X22_Y8_N18  ; 3       ; Clock enable                          ; no     ; --                   ; --               ; --                        ;
; board_memory:u_board|cells~223                                                                                                     ; LCCOMB_X22_Y8_N8   ; 3       ; Clock enable                          ; no     ; --                   ; --               ; --                        ;
; board_memory:u_board|cells~226                                                                                                     ; LCCOMB_X27_Y2_N22  ; 3       ; Clock enable                          ; no     ; --                   ; --               ; --                        ;
; board_memory:u_board|cells~229                                                                                                     ; LCCOMB_X27_Y2_N18  ; 3       ; Clock enable                          ; no     ; --                   ; --               ; --                        ;
; board_memory:u_board|cells~230                                                                                                     ; LCCOMB_X29_Y2_N4   ; 3       ; Clock enable                          ; no     ; --                   ; --               ; --                        ;
; board_memory:u_board|cells~231                                                                                                     ; LCCOMB_X27_Y2_N12  ; 3       ; Clock enable                          ; no     ; --                   ; --               ; --                        ;
; board_memory:u_board|cells~233                                                                                                     ; LCCOMB_X29_Y2_N2   ; 3       ; Clock enable                          ; no     ; --                   ; --               ; --                        ;
; board_memory:u_board|cells~235                                                                                                     ; LCCOMB_X27_Y2_N6   ; 3       ; Clock enable                          ; no     ; --                   ; --               ; --                        ;
; board_memory:u_board|cells~236                                                                                                     ; LCCOMB_X29_Y2_N28  ; 3       ; Clock enable                          ; no     ; --                   ; --               ; --                        ;
; board_memory:u_board|cells~237                                                                                                     ; LCCOMB_X29_Y2_N22  ; 3       ; Clock enable                          ; no     ; --                   ; --               ; --                        ;
; board_memory:u_board|cells~240                                                                                                     ; LCCOMB_X29_Y5_N30  ; 3       ; Clock enable                          ; no     ; --                   ; --               ; --                        ;
; board_memory:u_board|cells~242                                                                                                     ; LCCOMB_X29_Y5_N6   ; 3       ; Clock enable                          ; no     ; --                   ; --               ; --                        ;
; board_memory:u_board|cells~243                                                                                                     ; LCCOMB_X29_Y5_N24  ; 3       ; Clock enable                          ; no     ; --                   ; --               ; --                        ;
; board_memory:u_board|cells~245                                                                                                     ; LCCOMB_X22_Y8_N2   ; 3       ; Clock enable                          ; no     ; --                   ; --               ; --                        ;
; board_memory:u_board|cells~246                                                                                                     ; LCCOMB_X28_Y9_N30  ; 3       ; Clock enable                          ; no     ; --                   ; --               ; --                        ;
; board_memory:u_board|cells~248                                                                                                     ; LCCOMB_X28_Y9_N8   ; 3       ; Clock enable                          ; no     ; --                   ; --               ; --                        ;
; board_memory:u_board|cells~250                                                                                                     ; LCCOMB_X29_Y10_N26 ; 3       ; Clock enable                          ; no     ; --                   ; --               ; --                        ;
; board_memory:u_board|cells~252                                                                                                     ; LCCOMB_X27_Y9_N6   ; 3       ; Clock enable                          ; no     ; --                   ; --               ; --                        ;
; board_memory:u_board|cells~253                                                                                                     ; LCCOMB_X29_Y8_N0   ; 3       ; Clock enable                          ; no     ; --                   ; --               ; --                        ;
; board_memory:u_board|cells~254                                                                                                     ; LCCOMB_X29_Y8_N26  ; 3       ; Clock enable                          ; no     ; --                   ; --               ; --                        ;
; board_memory:u_board|cells~255                                                                                                     ; LCCOMB_X25_Y1_N14  ; 3       ; Clock enable                          ; no     ; --                   ; --               ; --                        ;
; board_memory:u_board|cells~258                                                                                                     ; LCCOMB_X18_Y10_N4  ; 3       ; Clock enable                          ; no     ; --                   ; --               ; --                        ;
; board_memory:u_board|cells~259                                                                                                     ; LCCOMB_X29_Y7_N20  ; 3       ; Clock enable                          ; no     ; --                   ; --               ; --                        ;
; board_memory:u_board|cells~260                                                                                                     ; LCCOMB_X29_Y7_N22  ; 3       ; Clock enable                          ; no     ; --                   ; --               ; --                        ;
; board_memory:u_board|cells~261                                                                                                     ; LCCOMB_X30_Y7_N30  ; 3       ; Clock enable                          ; no     ; --                   ; --               ; --                        ;
; board_memory:u_board|cells~263                                                                                                     ; LCCOMB_X18_Y10_N10 ; 3       ; Clock enable                          ; no     ; --                   ; --               ; --                        ;
; board_memory:u_board|cells~266                                                                                                     ; LCCOMB_X23_Y2_N10  ; 3       ; Clock enable                          ; no     ; --                   ; --               ; --                        ;
; board_memory:u_board|cells~268                                                                                                     ; LCCOMB_X22_Y2_N18  ; 3       ; Clock enable                          ; no     ; --                   ; --               ; --                        ;
; board_memory:u_board|cells~270                                                                                                     ; LCCOMB_X22_Y2_N22  ; 3       ; Clock enable                          ; no     ; --                   ; --               ; --                        ;
; board_memory:u_board|cells~271                                                                                                     ; LCCOMB_X22_Y2_N12  ; 3       ; Clock enable                          ; no     ; --                   ; --               ; --                        ;
; board_memory:u_board|cells~273                                                                                                     ; LCCOMB_X23_Y3_N26  ; 3       ; Clock enable                          ; no     ; --                   ; --               ; --                        ;
; board_memory:u_board|cells~276                                                                                                     ; LCCOMB_X24_Y1_N14  ; 3       ; Clock enable                          ; no     ; --                   ; --               ; --                        ;
; board_memory:u_board|cells~278                                                                                                     ; LCCOMB_X18_Y2_N4   ; 3       ; Clock enable                          ; no     ; --                   ; --               ; --                        ;
; board_memory:u_board|cells~281                                                                                                     ; LCCOMB_X18_Y2_N16  ; 3       ; Clock enable                          ; no     ; --                   ; --               ; --                        ;
; board_memory:u_board|cells~284                                                                                                     ; LCCOMB_X23_Y1_N18  ; 3       ; Clock enable                          ; no     ; --                   ; --               ; --                        ;
; board_memory:u_board|cells~285                                                                                                     ; LCCOMB_X23_Y2_N0   ; 3       ; Clock enable                          ; no     ; --                   ; --               ; --                        ;
; board_memory:u_board|cells~287                                                                                                     ; LCCOMB_X20_Y8_N24  ; 3       ; Clock enable                          ; no     ; --                   ; --               ; --                        ;
; board_memory:u_board|cells~288                                                                                                     ; LCCOMB_X18_Y1_N16  ; 3       ; Clock enable                          ; no     ; --                   ; --               ; --                        ;
; board_memory:u_board|cells~290                                                                                                     ; LCCOMB_X30_Y4_N4   ; 3       ; Clock enable                          ; no     ; --                   ; --               ; --                        ;
; board_memory:u_board|cells~291                                                                                                     ; LCCOMB_X20_Y9_N2   ; 3       ; Clock enable                          ; no     ; --                   ; --               ; --                        ;
; board_memory:u_board|cells~292                                                                                                     ; LCCOMB_X20_Y1_N26  ; 3       ; Clock enable                          ; no     ; --                   ; --               ; --                        ;
; board_memory:u_board|cells~293                                                                                                     ; LCCOMB_X20_Y1_N24  ; 3       ; Clock enable                          ; no     ; --                   ; --               ; --                        ;
; board_memory:u_board|cells~295                                                                                                     ; LCCOMB_X20_Y2_N12  ; 3       ; Clock enable                          ; no     ; --                   ; --               ; --                        ;
; board_memory:u_board|cells~297                                                                                                     ; LCCOMB_X20_Y6_N28  ; 3       ; Clock enable                          ; no     ; --                   ; --               ; --                        ;
; board_memory:u_board|cells~298                                                                                                     ; LCCOMB_X20_Y2_N2   ; 3       ; Clock enable                          ; no     ; --                   ; --               ; --                        ;
; board_memory:u_board|cells~301                                                                                                     ; LCCOMB_X23_Y4_N6   ; 3       ; Clock enable                          ; no     ; --                   ; --               ; --                        ;
; board_memory:u_board|cells~303                                                                                                     ; LCCOMB_X20_Y4_N8   ; 3       ; Clock enable                          ; no     ; --                   ; --               ; --                        ;
; board_memory:u_board|cells~305                                                                                                     ; LCCOMB_X19_Y4_N4   ; 3       ; Clock enable                          ; no     ; --                   ; --               ; --                        ;
; board_memory:u_board|cells~306                                                                                                     ; LCCOMB_X20_Y2_N6   ; 3       ; Clock enable                          ; no     ; --                   ; --               ; --                        ;
; board_memory:u_board|cells~307                                                                                                     ; LCCOMB_X23_Y4_N16  ; 3       ; Clock enable                          ; no     ; --                   ; --               ; --                        ;
; board_memory:u_board|cells~308                                                                                                     ; LCCOMB_X19_Y4_N18  ; 3       ; Clock enable                          ; no     ; --                   ; --               ; --                        ;
; board_memory:u_board|cells~310                                                                                                     ; LCCOMB_X27_Y7_N12  ; 3       ; Clock enable                          ; no     ; --                   ; --               ; --                        ;
; board_memory:u_board|cells~311                                                                                                     ; LCCOMB_X22_Y8_N20  ; 3       ; Clock enable                          ; no     ; --                   ; --               ; --                        ;
; board_memory:u_board|cells~312                                                                                                     ; LCCOMB_X23_Y4_N18  ; 3       ; Clock enable                          ; no     ; --                   ; --               ; --                        ;
; board_memory:u_board|cells~313                                                                                                     ; LCCOMB_X27_Y7_N14  ; 3       ; Clock enable                          ; no     ; --                   ; --               ; --                        ;
; board_memory:u_board|cells~314                                                                                                     ; LCCOMB_X19_Y4_N0   ; 3       ; Clock enable                          ; no     ; --                   ; --               ; --                        ;
; board_memory:u_board|cells~315                                                                                                     ; LCCOMB_X23_Y4_N8   ; 3       ; Clock enable                          ; no     ; --                   ; --               ; --                        ;
; board_memory:u_board|cells~316                                                                                                     ; LCCOMB_X23_Y4_N26  ; 3       ; Clock enable                          ; no     ; --                   ; --               ; --                        ;
; board_memory:u_board|cells~318                                                                                                     ; LCCOMB_X23_Y3_N22  ; 3       ; Clock enable                          ; no     ; --                   ; --               ; --                        ;
; board_memory:u_board|cells~320                                                                                                     ; LCCOMB_X22_Y3_N8   ; 3       ; Clock enable                          ; no     ; --                   ; --               ; --                        ;
; board_memory:u_board|cells~321                                                                                                     ; LCCOMB_X20_Y2_N20  ; 3       ; Clock enable                          ; no     ; --                   ; --               ; --                        ;
; board_memory:u_board|cells~323                                                                                                     ; LCCOMB_X18_Y3_N8   ; 3       ; Clock enable                          ; no     ; --                   ; --               ; --                        ;
; board_memory:u_board|cells~324                                                                                                     ; LCCOMB_X29_Y3_N18  ; 3       ; Clock enable                          ; no     ; --                   ; --               ; --                        ;
; board_memory:u_board|cells~326                                                                                                     ; LCCOMB_X29_Y5_N18  ; 3       ; Clock enable                          ; no     ; --                   ; --               ; --                        ;
; board_memory:u_board|cells~328                                                                                                     ; LCCOMB_X22_Y2_N14  ; 3       ; Clock enable                          ; no     ; --                   ; --               ; --                        ;
; board_memory:u_board|cells~329                                                                                                     ; LCCOMB_X29_Y5_N28  ; 3       ; Clock enable                          ; no     ; --                   ; --               ; --                        ;
; board_memory:u_board|cells~331                                                                                                     ; LCCOMB_X23_Y3_N4   ; 3       ; Clock enable                          ; no     ; --                   ; --               ; --                        ;
; board_memory:u_board|cells~333                                                                                                     ; LCCOMB_X27_Y4_N18  ; 3       ; Clock enable                          ; no     ; --                   ; --               ; --                        ;
; board_memory:u_board|cells~334                                                                                                     ; LCCOMB_X22_Y8_N6   ; 3       ; Clock enable                          ; no     ; --                   ; --               ; --                        ;
; board_memory:u_board|cells~335                                                                                                     ; LCCOMB_X18_Y3_N6   ; 3       ; Clock enable                          ; no     ; --                   ; --               ; --                        ;
; board_memory:u_board|cells~336                                                                                                     ; LCCOMB_X30_Y6_N30  ; 3       ; Clock enable                          ; no     ; --                   ; --               ; --                        ;
; board_memory:u_board|cells~337                                                                                                     ; LCCOMB_X23_Y3_N2   ; 3       ; Clock enable                          ; no     ; --                   ; --               ; --                        ;
; board_memory:u_board|cells~338                                                                                                     ; LCCOMB_X18_Y3_N4   ; 3       ; Clock enable                          ; no     ; --                   ; --               ; --                        ;
; board_memory:u_board|cells~339                                                                                                     ; LCCOMB_X18_Y3_N14  ; 3       ; Clock enable                          ; no     ; --                   ; --               ; --                        ;
; board_memory:u_board|cells~340                                                                                                     ; LCCOMB_X20_Y2_N22  ; 3       ; Clock enable                          ; no     ; --                   ; --               ; --                        ;
; board_memory:u_board|cells~341                                                                                                     ; LCCOMB_X20_Y2_N8   ; 3       ; Clock enable                          ; no     ; --                   ; --               ; --                        ;
; board_memory:u_board|cells~343                                                                                                     ; LCCOMB_X20_Y9_N20  ; 3       ; Clock enable                          ; no     ; --                   ; --               ; --                        ;
; board_memory:u_board|cells~344                                                                                                     ; LCCOMB_X20_Y9_N18  ; 3       ; Clock enable                          ; no     ; --                   ; --               ; --                        ;
; board_memory:u_board|cells~345                                                                                                     ; LCCOMB_X20_Y4_N6   ; 3       ; Clock enable                          ; no     ; --                   ; --               ; --                        ;
; board_memory:u_board|cells~347                                                                                                     ; LCCOMB_X19_Y9_N10  ; 3       ; Clock enable                          ; no     ; --                   ; --               ; --                        ;
; board_memory:u_board|cells~349                                                                                                     ; LCCOMB_X19_Y9_N4   ; 3       ; Clock enable                          ; no     ; --                   ; --               ; --                        ;
; board_memory:u_board|cells~350                                                                                                     ; LCCOMB_X19_Y8_N0   ; 3       ; Clock enable                          ; no     ; --                   ; --               ; --                        ;
; board_memory:u_board|cells~351                                                                                                     ; LCCOMB_X27_Y2_N14  ; 3       ; Clock enable                          ; no     ; --                   ; --               ; --                        ;
; board_memory:u_board|cells~352                                                                                                     ; LCCOMB_X19_Y9_N30  ; 3       ; Clock enable                          ; no     ; --                   ; --               ; --                        ;
; board_memory:u_board|cells~353                                                                                                     ; LCCOMB_X20_Y8_N30  ; 3       ; Clock enable                          ; no     ; --                   ; --               ; --                        ;
; board_memory:u_board|cells~354                                                                                                     ; LCCOMB_X19_Y8_N22  ; 3       ; Clock enable                          ; no     ; --                   ; --               ; --                        ;
; board_memory:u_board|cells~355                                                                                                     ; LCCOMB_X18_Y4_N12  ; 3       ; Clock enable                          ; no     ; --                   ; --               ; --                        ;
; board_memory:u_board|cells~357                                                                                                     ; LCCOMB_X18_Y4_N2   ; 3       ; Clock enable                          ; no     ; --                   ; --               ; --                        ;
; board_memory:u_board|cells~358                                                                                                     ; LCCOMB_X18_Y4_N8   ; 3       ; Clock enable                          ; no     ; --                   ; --               ; --                        ;
; board_memory:u_board|cells~359                                                                                                     ; LCCOMB_X18_Y4_N10  ; 3       ; Clock enable                          ; no     ; --                   ; --               ; --                        ;
; board_memory:u_board|cells~45                                                                                                      ; LCCOMB_X25_Y1_N16  ; 3       ; Clock enable                          ; no     ; --                   ; --               ; --                        ;
; board_memory:u_board|cells~48                                                                                                      ; LCCOMB_X25_Y1_N22  ; 3       ; Clock enable                          ; no     ; --                   ; --               ; --                        ;
; board_memory:u_board|cells~49                                                                                                      ; LCCOMB_X25_Y1_N28  ; 3       ; Clock enable                          ; no     ; --                   ; --               ; --                        ;
; board_memory:u_board|cells~53                                                                                                      ; LCCOMB_X28_Y8_N2   ; 3       ; Clock enable                          ; no     ; --                   ; --               ; --                        ;
; board_memory:u_board|cells~56                                                                                                      ; LCCOMB_X23_Y8_N4   ; 3       ; Clock enable                          ; no     ; --                   ; --               ; --                        ;
; board_memory:u_board|cells~59                                                                                                      ; LCCOMB_X27_Y9_N10  ; 3       ; Clock enable                          ; no     ; --                   ; --               ; --                        ;
; board_memory:u_board|cells~61                                                                                                      ; LCCOMB_X24_Y8_N20  ; 3       ; Clock enable                          ; no     ; --                   ; --               ; --                        ;
; board_memory:u_board|cells~63                                                                                                      ; LCCOMB_X23_Y8_N0   ; 3       ; Clock enable                          ; no     ; --                   ; --               ; --                        ;
; board_memory:u_board|cells~65                                                                                                      ; LCCOMB_X27_Y8_N6   ; 3       ; Clock enable                          ; no     ; --                   ; --               ; --                        ;
; board_memory:u_board|cells~67                                                                                                      ; LCCOMB_X28_Y9_N4   ; 3       ; Clock enable                          ; no     ; --                   ; --               ; --                        ;
; board_memory:u_board|cells~68                                                                                                      ; LCCOMB_X27_Y8_N12  ; 3       ; Clock enable                          ; no     ; --                   ; --               ; --                        ;
; board_memory:u_board|cells~69                                                                                                      ; LCCOMB_X28_Y8_N14  ; 3       ; Clock enable                          ; no     ; --                   ; --               ; --                        ;
; board_memory:u_board|cells~71                                                                                                      ; LCCOMB_X28_Y11_N18 ; 3       ; Clock enable                          ; no     ; --                   ; --               ; --                        ;
; board_memory:u_board|cells~74                                                                                                      ; LCCOMB_X23_Y3_N30  ; 3       ; Clock enable                          ; no     ; --                   ; --               ; --                        ;
; board_memory:u_board|cells~76                                                                                                      ; LCCOMB_X27_Y6_N10  ; 3       ; Clock enable                          ; no     ; --                   ; --               ; --                        ;
; board_memory:u_board|cells~78                                                                                                      ; LCCOMB_X24_Y8_N22  ; 3       ; Clock enable                          ; no     ; --                   ; --               ; --                        ;
; board_memory:u_board|cells~82                                                                                                      ; LCCOMB_X22_Y8_N0   ; 3       ; Clock enable                          ; no     ; --                   ; --               ; --                        ;
; board_memory:u_board|cells~84                                                                                                      ; LCCOMB_X23_Y10_N24 ; 3       ; Clock enable                          ; no     ; --                   ; --               ; --                        ;
; board_memory:u_board|cells~85                                                                                                      ; LCCOMB_X22_Y8_N14  ; 3       ; Clock enable                          ; no     ; --                   ; --               ; --                        ;
; board_memory:u_board|cells~87                                                                                                      ; LCCOMB_X25_Y4_N12  ; 3       ; Clock enable                          ; no     ; --                   ; --               ; --                        ;
; board_memory:u_board|cells~89                                                                                                      ; LCCOMB_X24_Y6_N18  ; 3       ; Clock enable                          ; no     ; --                   ; --               ; --                        ;
; board_memory:u_board|cells~91                                                                                                      ; LCCOMB_X23_Y2_N16  ; 3       ; Clock enable                          ; no     ; --                   ; --               ; --                        ;
; board_memory:u_board|cells~94                                                                                                      ; LCCOMB_X24_Y6_N22  ; 3       ; Clock enable                          ; no     ; --                   ; --               ; --                        ;
; board_memory:u_board|cells~95                                                                                                      ; LCCOMB_X25_Y6_N14  ; 3       ; Clock enable                          ; no     ; --                   ; --               ; --                        ;
; board_memory:u_board|cells~97                                                                                                      ; LCCOMB_X22_Y6_N30  ; 3       ; Clock enable                          ; no     ; --                   ; --               ; --                        ;
; board_memory:u_board|cells~98                                                                                                      ; LCCOMB_X24_Y6_N4   ; 3       ; Clock enable                          ; no     ; --                   ; --               ; --                        ;
; board_memory:u_board|cells~99                                                                                                      ; LCCOMB_X24_Y6_N26  ; 3       ; Clock enable                          ; no     ; --                   ; --               ; --                        ;
; board_memory:u_board|clr_addr[1]~18                                                                                                ; LCCOMB_X29_Y1_N30  ; 8       ; Clock enable                          ; no     ; --                   ; --               ; --                        ;
; btn_rst                                                                                                                            ; PIN_17             ; 3       ; Async. clear                          ; no     ; --                   ; --               ; --                        ;
; clk                                                                                                                                ; PIN_88             ; 8       ; Clock                                 ; no     ; --                   ; --               ; --                        ;
; clk                                                                                                                                ; PIN_88             ; 3412    ; Clock                                 ; yes    ; Global Clock         ; GCLK9            ; --                        ;
; frame_seq:u_fseq|timer[9]~34                                                                                                       ; LCCOMB_X6_Y2_N24   ; 32      ; Sync. clear                           ; no     ; --                   ; --               ; --                        ;
; frame_seq:u_fseq|timer[9]~35                                                                                                       ; LCCOMB_X6_Y2_N0    ; 32      ; Clock enable                          ; no     ; --                   ; --               ; --                        ;
; game_fsm:u_game|column_shift_engine:u_shift|cols~728                                                                               ; LCCOMB_X24_Y21_N22 ; 40      ; Clock enable                          ; no     ; --                   ; --               ; --                        ;
; game_fsm:u_game|column_shift_engine:u_shift|cols~729                                                                               ; LCCOMB_X23_Y19_N0  ; 40      ; Clock enable                          ; no     ; --                   ; --               ; --                        ;
; game_fsm:u_game|column_shift_engine:u_shift|cols~730                                                                               ; LCCOMB_X23_Y19_N10 ; 40      ; Clock enable                          ; no     ; --                   ; --               ; --                        ;
; game_fsm:u_game|column_shift_engine:u_shift|cols~731                                                                               ; LCCOMB_X23_Y19_N20 ; 40      ; Clock enable                          ; no     ; --                   ; --               ; --                        ;
; game_fsm:u_game|column_shift_engine:u_shift|cols~732                                                                               ; LCCOMB_X25_Y19_N14 ; 40      ; Clock enable                          ; no     ; --                   ; --               ; --                        ;
; game_fsm:u_game|column_shift_engine:u_shift|cols~733                                                                               ; LCCOMB_X24_Y21_N8  ; 40      ; Clock enable                          ; no     ; --                   ; --               ; --                        ;
; game_fsm:u_game|column_shift_engine:u_shift|cols~734                                                                               ; LCCOMB_X23_Y22_N20 ; 40      ; Clock enable                          ; no     ; --                   ; --               ; --                        ;
; game_fsm:u_game|column_shift_engine:u_shift|cols~735                                                                               ; LCCOMB_X23_Y22_N2  ; 40      ; Clock enable                          ; no     ; --                   ; --               ; --                        ;
; game_fsm:u_game|column_shift_engine:u_shift|cols~736                                                                               ; LCCOMB_X24_Y21_N14 ; 40      ; Clock enable                          ; no     ; --                   ; --               ; --                        ;
; game_fsm:u_game|column_shift_engine:u_shift|cols~737                                                                               ; LCCOMB_X23_Y22_N4  ; 40      ; Clock enable                          ; no     ; --                   ; --               ; --                        ;
; game_fsm:u_game|column_shift_engine:u_shift|cols~738                                                                               ; LCCOMB_X24_Y18_N20 ; 40      ; Clock enable                          ; no     ; --                   ; --               ; --                        ;
; game_fsm:u_game|column_shift_engine:u_shift|cols~739                                                                               ; LCCOMB_X25_Y19_N8  ; 40      ; Clock enable                          ; no     ; --                   ; --               ; --                        ;
; game_fsm:u_game|column_shift_engine:u_shift|cols~740                                                                               ; LCCOMB_X25_Y18_N14 ; 40      ; Clock enable                          ; no     ; --                   ; --               ; --                        ;
; game_fsm:u_game|column_shift_engine:u_shift|cols~741                                                                               ; LCCOMB_X25_Y19_N26 ; 40      ; Clock enable                          ; no     ; --                   ; --               ; --                        ;
; game_fsm:u_game|column_shift_engine:u_shift|cols~742                                                                               ; LCCOMB_X25_Y18_N8  ; 40      ; Clock enable                          ; no     ; --                   ; --               ; --                        ;
; game_fsm:u_game|column_shift_engine:u_shift|cols~743                                                                               ; LCCOMB_X25_Y18_N26 ; 40      ; Clock enable                          ; no     ; --                   ; --               ; --                        ;
; game_fsm:u_game|column_shift_engine:u_shift|dst_cnt[3]~11                                                                          ; LCCOMB_X27_Y21_N8  ; 4       ; Clock enable                          ; no     ; --                   ; --               ; --                        ;
; game_fsm:u_game|column_shift_engine:u_shift|row[1]~2                                                                               ; LCCOMB_X23_Y18_N2  ; 4       ; Clock enable                          ; no     ; --                   ; --               ; --                        ;
; game_fsm:u_game|column_shift_engine:u_shift|scan_col[0]~11                                                                         ; LCCOMB_X25_Y17_N12 ; 4       ; Clock enable                          ; no     ; --                   ; --               ; --                        ;
; game_fsm:u_game|column_shift_engine:u_shift|shift_dist[12]~47                                                                      ; LCCOMB_X24_Y20_N20 ; 3       ; Clock enable                          ; no     ; --                   ; --               ; --                        ;
; game_fsm:u_game|column_shift_engine:u_shift|shift_dist[16]~42                                                                      ; LCCOMB_X22_Y20_N0  ; 3       ; Clock enable                          ; no     ; --                   ; --               ; --                        ;
; game_fsm:u_game|column_shift_engine:u_shift|shift_dist[1]~46                                                                       ; LCCOMB_X27_Y21_N2  ; 3       ; Clock enable                          ; no     ; --                   ; --               ; --                        ;
; game_fsm:u_game|column_shift_engine:u_shift|shift_dist[20]~40                                                                      ; LCCOMB_X22_Y20_N2  ; 3       ; Clock enable                          ; no     ; --                   ; --               ; --                        ;
; game_fsm:u_game|column_shift_engine:u_shift|shift_dist[24]~41                                                                      ; LCCOMB_X25_Y23_N10 ; 3       ; Clock enable                          ; no     ; --                   ; --               ; --                        ;
; game_fsm:u_game|column_shift_engine:u_shift|shift_dist[30]~43                                                                      ; LCCOMB_X24_Y20_N8  ; 3       ; Clock enable                          ; no     ; --                   ; --               ; --                        ;
; game_fsm:u_game|column_shift_engine:u_shift|shift_dist[32]~38                                                                      ; LCCOMB_X22_Y19_N24 ; 3       ; Clock enable                          ; no     ; --                   ; --               ; --                        ;
; game_fsm:u_game|column_shift_engine:u_shift|shift_dist[37]~37                                                                      ; LCCOMB_X25_Y23_N12 ; 3       ; Clock enable                          ; no     ; --                   ; --               ; --                        ;
; game_fsm:u_game|column_shift_engine:u_shift|shift_dist[41]~36                                                                      ; LCCOMB_X25_Y19_N28 ; 3       ; Clock enable                          ; no     ; --                   ; --               ; --                        ;
; game_fsm:u_game|column_shift_engine:u_shift|shift_dist[45]~39                                                                      ; LCCOMB_X24_Y19_N24 ; 3       ; Clock enable                          ; no     ; --                   ; --               ; --                        ;
; game_fsm:u_game|column_shift_engine:u_shift|shift_dist[49]~50                                                                      ; LCCOMB_X24_Y19_N28 ; 3       ; Clock enable                          ; no     ; --                   ; --               ; --                        ;
; game_fsm:u_game|column_shift_engine:u_shift|shift_dist[4]~45                                                                       ; LCCOMB_X24_Y23_N16 ; 3       ; Clock enable                          ; no     ; --                   ; --               ; --                        ;
; game_fsm:u_game|column_shift_engine:u_shift|shift_dist[52]~48                                                                      ; LCCOMB_X24_Y20_N12 ; 3       ; Clock enable                          ; no     ; --                   ; --               ; --                        ;
; game_fsm:u_game|column_shift_engine:u_shift|shift_dist[58]~49                                                                      ; LCCOMB_X24_Y19_N12 ; 3       ; Clock enable                          ; no     ; --                   ; --               ; --                        ;
; game_fsm:u_game|column_shift_engine:u_shift|shift_dist[60]~51                                                                      ; LCCOMB_X24_Y19_N8  ; 4       ; Clock enable                          ; no     ; --                   ; --               ; --                        ;
; game_fsm:u_game|column_shift_engine:u_shift|shift_dist[9]~44                                                                       ; LCCOMB_X24_Y20_N18 ; 3       ; Clock enable                          ; no     ; --                   ; --               ; --                        ;
; game_fsm:u_game|column_shift_engine:u_shift|wr_addr[7]~0                                                                           ; LCCOMB_X23_Y18_N4  ; 8       ; Clock enable                          ; no     ; --                   ; --               ; --                        ;
; game_fsm:u_game|erase_engine:u_erase|idx[4]~27                                                                                     ; LCCOMB_X13_Y9_N22  ; 8       ; Clock enable                          ; no     ; --                   ; --               ; --                        ;
; game_fsm:u_game|erase_engine:u_erase|mask[125]~1                                                                                   ; LCCOMB_X13_Y9_N14  ; 193     ; Clock enable                          ; no     ; --                   ; --               ; --                        ;
; game_fsm:u_game|erase_engine:u_erase|wr_addr[7]~0                                                                                  ; LCCOMB_X13_Y9_N28  ; 10      ; Sync. clear                           ; no     ; --                   ; --               ; --                        ;
; game_fsm:u_game|erase_engine:u_erase|wr_en~1                                                                                       ; LCCOMB_X10_Y9_N6   ; 9       ; Clock enable                          ; no     ; --                   ; --               ; --                        ;
; game_fsm:u_game|fall_px_r[0]~32                                                                                                    ; LCCOMB_X13_Y15_N22 ; 9       ; Sync. clear                           ; no     ; --                   ; --               ; --                        ;
; game_fsm:u_game|fall_px_r[0]~34                                                                                                    ; LCCOMB_X13_Y15_N26 ; 9       ; Clock enable                          ; no     ; --                   ; --               ; --                        ;
; game_fsm:u_game|floodfill_engine:u_ff|fifo_mem~18                                                                                  ; LCCOMB_X17_Y5_N16  ; 2       ; Clock enable, Write enable            ; no     ; --                   ; --               ; --                        ;
; game_fsm:u_game|floodfill_engine:u_ff|group_cnt[7]~12                                                                              ; LCCOMB_X16_Y7_N28  ; 8       ; Sync. clear                           ; no     ; --                   ; --               ; --                        ;
; game_fsm:u_game|floodfill_engine:u_ff|group_cnt[7]~13                                                                              ; LCCOMB_X16_Y9_N24  ; 9       ; Clock enable                          ; no     ; --                   ; --               ; --                        ;
; game_fsm:u_game|floodfill_engine:u_ff|phase[1]~1                                                                                   ; LCCOMB_X16_Y8_N0   ; 10      ; Sync. load                            ; no     ; --                   ; --               ; --                        ;
; game_fsm:u_game|floodfill_engine:u_ff|target_id[2]~0                                                                               ; LCCOMB_X16_Y8_N22  ; 7       ; Clock enable                          ; no     ; --                   ; --               ; --                        ;
; game_fsm:u_game|floodfill_engine:u_ff|wr_ptr[7]~12                                                                                 ; LCCOMB_X16_Y9_N22  ; 8       ; Clock enable                          ; no     ; --                   ; --               ; --                        ;
; game_fsm:u_game|gravity_engine:u_grav|col_latch[35]~0                                                                              ; LCCOMB_X22_Y14_N4  ; 36      ; Clock enable                          ; no     ; --                   ; --               ; --                        ;
; game_fsm:u_game|gravity_engine:u_grav|fall_dist[0]~126                                                                             ; LCCOMB_X19_Y16_N24 ; 4       ; Clock enable                          ; no     ; --                   ; --               ; --                        ;
; game_fsm:u_game|gravity_engine:u_grav|fall_dist[100]~87                                                                            ; LCCOMB_X23_Y21_N10 ; 4       ; Clock enable                          ; no     ; --                   ; --               ; --                        ;
; game_fsm:u_game|gravity_engine:u_grav|fall_dist[104]~102                                                                           ; LCCOMB_X22_Y22_N2  ; 4       ; Clock enable                          ; no     ; --                   ; --               ; --                        ;
; game_fsm:u_game|gravity_engine:u_grav|fall_dist[108]~135                                                                           ; LCCOMB_X22_Y22_N22 ; 4       ; Clock enable                          ; no     ; --                   ; --               ; --                        ;
; game_fsm:u_game|gravity_engine:u_grav|fall_dist[112]~123                                                                           ; LCCOMB_X17_Y17_N2  ; 4       ; Clock enable                          ; no     ; --                   ; --               ; --                        ;
; game_fsm:u_game|gravity_engine:u_grav|fall_dist[116]~89                                                                            ; LCCOMB_X16_Y21_N6  ; 4       ; Clock enable                          ; no     ; --                   ; --               ; --                        ;
; game_fsm:u_game|gravity_engine:u_grav|fall_dist[120]~112                                                                           ; LCCOMB_X11_Y17_N8  ; 4       ; Clock enable                          ; no     ; --                   ; --               ; --                        ;
; game_fsm:u_game|gravity_engine:u_grav|fall_dist[124]~138                                                                           ; LCCOMB_X17_Y22_N16 ; 4       ; Clock enable                          ; no     ; --                   ; --               ; --                        ;
; game_fsm:u_game|gravity_engine:u_grav|fall_dist[128]~118                                                                           ; LCCOMB_X20_Y18_N4  ; 4       ; Clock enable                          ; no     ; --                   ; --               ; --                        ;
; game_fsm:u_game|gravity_engine:u_grav|fall_dist[12]~141                                                                            ; LCCOMB_X16_Y22_N26 ; 4       ; Clock enable                          ; no     ; --                   ; --               ; --                        ;
; game_fsm:u_game|gravity_engine:u_grav|fall_dist[132]~92                                                                            ; LCCOMB_X20_Y16_N4  ; 4       ; Clock enable                          ; no     ; --                   ; --               ; --                        ;
; game_fsm:u_game|gravity_engine:u_grav|fall_dist[136]~109                                                                           ; LCCOMB_X22_Y24_N16 ; 4       ; Clock enable                          ; no     ; --                   ; --               ; --                        ;
; game_fsm:u_game|gravity_engine:u_grav|fall_dist[140]~133                                                                           ; LCCOMB_X13_Y18_N8  ; 4       ; Clock enable                          ; no     ; --                   ; --               ; --                        ;
; game_fsm:u_game|gravity_engine:u_grav|fall_dist[144]~117                                                                           ; LCCOMB_X13_Y20_N26 ; 4       ; Clock enable                          ; no     ; --                   ; --               ; --                        ;
; game_fsm:u_game|gravity_engine:u_grav|fall_dist[148]~91                                                                            ; LCCOMB_X23_Y16_N28 ; 4       ; Clock enable                          ; no     ; --                   ; --               ; --                        ;
; game_fsm:u_game|gravity_engine:u_grav|fall_dist[152]~106                                                                           ; LCCOMB_X19_Y22_N8  ; 4       ; Clock enable                          ; no     ; --                   ; --               ; --                        ;
; game_fsm:u_game|gravity_engine:u_grav|fall_dist[156]~131                                                                           ; LCCOMB_X20_Y18_N20 ; 4       ; Clock enable                          ; no     ; --                   ; --               ; --                        ;
; game_fsm:u_game|gravity_engine:u_grav|fall_dist[160]~116                                                                           ; LCCOMB_X19_Y21_N22 ; 4       ; Clock enable                          ; no     ; --                   ; --               ; --                        ;
; game_fsm:u_game|gravity_engine:u_grav|fall_dist[164]~90                                                                            ; LCCOMB_X20_Y24_N12 ; 4       ; Clock enable                          ; no     ; --                   ; --               ; --                        ;
; game_fsm:u_game|gravity_engine:u_grav|fall_dist[168]~101                                                                           ; LCCOMB_X24_Y24_N28 ; 4       ; Clock enable                          ; no     ; --                   ; --               ; --                        ;
; game_fsm:u_game|gravity_engine:u_grav|fall_dist[16]~125                                                                            ; LCCOMB_X20_Y21_N24 ; 4       ; Clock enable                          ; no     ; --                   ; --               ; --                        ;
; game_fsm:u_game|gravity_engine:u_grav|fall_dist[172]~132                                                                           ; LCCOMB_X17_Y17_N12 ; 4       ; Clock enable                          ; no     ; --                   ; --               ; --                        ;
; game_fsm:u_game|gravity_engine:u_grav|fall_dist[176]~119                                                                           ; LCCOMB_X20_Y18_N10 ; 4       ; Clock enable                          ; no     ; --                   ; --               ; --                        ;
; game_fsm:u_game|gravity_engine:u_grav|fall_dist[180]~93                                                                            ; LCCOMB_X20_Y16_N18 ; 4       ; Clock enable                          ; no     ; --                   ; --               ; --                        ;
; game_fsm:u_game|gravity_engine:u_grav|fall_dist[184]~113                                                                           ; LCCOMB_X11_Y17_N18 ; 4       ; Clock enable                          ; no     ; --                   ; --               ; --                        ;
; game_fsm:u_game|gravity_engine:u_grav|fall_dist[188]~134                                                                           ; LCCOMB_X13_Y18_N18 ; 4       ; Clock enable                          ; no     ; --                   ; --               ; --                        ;
; game_fsm:u_game|gravity_engine:u_grav|fall_dist[192]~211                                                                           ; LCCOMB_X17_Y20_N30 ; 4       ; Clock enable                          ; no     ; --                   ; --               ; --                        ;
; game_fsm:u_game|gravity_engine:u_grav|fall_dist[196]~209                                                                           ; LCCOMB_X20_Y20_N2  ; 4       ; Clock enable                          ; no     ; --                   ; --               ; --                        ;
; game_fsm:u_game|gravity_engine:u_grav|fall_dist[200]~210                                                                           ; LCCOMB_X12_Y20_N28 ; 4       ; Clock enable                          ; no     ; --                   ; --               ; --                        ;
; game_fsm:u_game|gravity_engine:u_grav|fall_dist[204]~212                                                                           ; LCCOMB_X20_Y20_N0  ; 4       ; Clock enable                          ; no     ; --                   ; --               ; --                        ;
; game_fsm:u_game|gravity_engine:u_grav|fall_dist[208]~128                                                                           ; LCCOMB_X18_Y17_N26 ; 4       ; Clock enable                          ; no     ; --                   ; --               ; --                        ;
; game_fsm:u_game|gravity_engine:u_grav|fall_dist[20]~95                                                                             ; LCCOMB_X23_Y16_N6  ; 4       ; Clock enable                          ; no     ; --                   ; --               ; --                        ;
; game_fsm:u_game|gravity_engine:u_grav|fall_dist[212]~98                                                                            ; LCCOMB_X20_Y16_N24 ; 4       ; Clock enable                          ; no     ; --                   ; --               ; --                        ;
; game_fsm:u_game|gravity_engine:u_grav|fall_dist[216]~108                                                                           ; LCCOMB_X23_Y24_N24 ; 4       ; Clock enable                          ; no     ; --                   ; --               ; --                        ;
; game_fsm:u_game|gravity_engine:u_grav|fall_dist[220]~144                                                                           ; LCCOMB_X20_Y20_N4  ; 4       ; Clock enable                          ; no     ; --                   ; --               ; --                        ;
; game_fsm:u_game|gravity_engine:u_grav|fall_dist[224]~129                                                                           ; LCCOMB_X20_Y21_N22 ; 4       ; Clock enable                          ; no     ; --                   ; --               ; --                        ;
; game_fsm:u_game|gravity_engine:u_grav|fall_dist[228]~99                                                                            ; LCCOMB_X20_Y17_N24 ; 4       ; Clock enable                          ; no     ; --                   ; --               ; --                        ;
; game_fsm:u_game|gravity_engine:u_grav|fall_dist[232]~104                                                                           ; LCCOMB_X18_Y21_N28 ; 4       ; Clock enable                          ; no     ; --                   ; --               ; --                        ;
; game_fsm:u_game|gravity_engine:u_grav|fall_dist[236]~143                                                                           ; LCCOMB_X19_Y20_N16 ; 4       ; Clock enable                          ; no     ; --                   ; --               ; --                        ;
; game_fsm:u_game|gravity_engine:u_grav|fall_dist[240]~130                                                                           ; LCCOMB_X13_Y20_N8  ; 4       ; Clock enable                          ; no     ; --                   ; --               ; --                        ;
; game_fsm:u_game|gravity_engine:u_grav|fall_dist[244]~100                                                                           ; LCCOMB_X20_Y17_N18 ; 4       ; Clock enable                          ; no     ; --                   ; --               ; --                        ;
; game_fsm:u_game|gravity_engine:u_grav|fall_dist[248]~115                                                                           ; LCCOMB_X15_Y17_N4  ; 4       ; Clock enable                          ; no     ; --                   ; --               ; --                        ;
; game_fsm:u_game|gravity_engine:u_grav|fall_dist[24]~107                                                                            ; LCCOMB_X19_Y22_N18 ; 4       ; Clock enable                          ; no     ; --                   ; --               ; --                        ;
; game_fsm:u_game|gravity_engine:u_grav|fall_dist[252]~145                                                                           ; LCCOMB_X17_Y22_N12 ; 4       ; Clock enable                          ; no     ; --                   ; --               ; --                        ;
; game_fsm:u_game|gravity_engine:u_grav|fall_dist[256]~64                                                                            ; LCCOMB_X17_Y19_N22 ; 4       ; Clock enable                          ; no     ; --                   ; --               ; --                        ;
; game_fsm:u_game|gravity_engine:u_grav|fall_dist[260]~63                                                                            ; LCCOMB_X17_Y19_N8  ; 4       ; Clock enable                          ; no     ; --                   ; --               ; --                        ;
; game_fsm:u_game|gravity_engine:u_grav|fall_dist[264]~62                                                                            ; LCCOMB_X14_Y24_N26 ; 4       ; Clock enable                          ; no     ; --                   ; --               ; --                        ;
; game_fsm:u_game|gravity_engine:u_grav|fall_dist[268]~65                                                                            ; LCCOMB_X18_Y19_N28 ; 4       ; Clock enable                          ; no     ; --                   ; --               ; --                        ;
; game_fsm:u_game|gravity_engine:u_grav|fall_dist[272]~48                                                                            ; LCCOMB_X14_Y17_N8  ; 4       ; Clock enable                          ; no     ; --                   ; --               ; --                        ;
; game_fsm:u_game|gravity_engine:u_grav|fall_dist[276]~47                                                                            ; LCCOMB_X18_Y16_N8  ; 4       ; Clock enable                          ; no     ; --                   ; --               ; --                        ;
; game_fsm:u_game|gravity_engine:u_grav|fall_dist[280]~46                                                                            ; LCCOMB_X11_Y18_N12 ; 4       ; Clock enable                          ; no     ; --                   ; --               ; --                        ;
; game_fsm:u_game|gravity_engine:u_grav|fall_dist[284]~49                                                                            ; LCCOMB_X14_Y17_N10 ; 4       ; Clock enable                          ; no     ; --                   ; --               ; --                        ;
; game_fsm:u_game|gravity_engine:u_grav|fall_dist[288]~32                                                                            ; LCCOMB_X12_Y19_N4  ; 4       ; Clock enable                          ; no     ; --                   ; --               ; --                        ;
; game_fsm:u_game|gravity_engine:u_grav|fall_dist[28]~139                                                                            ; LCCOMB_X20_Y21_N28 ; 4       ; Clock enable                          ; no     ; --                   ; --               ; --                        ;
; game_fsm:u_game|gravity_engine:u_grav|fall_dist[292]~26                                                                            ; LCCOMB_X12_Y19_N26 ; 4       ; Clock enable                          ; no     ; --                   ; --               ; --                        ;
; game_fsm:u_game|gravity_engine:u_grav|fall_dist[296]~19                                                                            ; LCCOMB_X12_Y19_N0  ; 4       ; Clock enable                          ; no     ; --                   ; --               ; --                        ;
; game_fsm:u_game|gravity_engine:u_grav|fall_dist[300]~36                                                                            ; LCCOMB_X12_Y19_N2  ; 4       ; Clock enable                          ; no     ; --                   ; --               ; --                        ;
; game_fsm:u_game|gravity_engine:u_grav|fall_dist[304]~80                                                                            ; LCCOMB_X18_Y22_N26 ; 4       ; Clock enable                          ; no     ; --                   ; --               ; --                        ;
; game_fsm:u_game|gravity_engine:u_grav|fall_dist[308]~78                                                                            ; LCCOMB_X18_Y16_N30 ; 4       ; Clock enable                          ; no     ; --                   ; --               ; --                        ;
; game_fsm:u_game|gravity_engine:u_grav|fall_dist[312]~79                                                                            ; LCCOMB_X15_Y20_N24 ; 4       ; Clock enable                          ; no     ; --                   ; --               ; --                        ;
; game_fsm:u_game|gravity_engine:u_grav|fall_dist[316]~81                                                                            ; LCCOMB_X17_Y19_N12 ; 4       ; Clock enable                          ; no     ; --                   ; --               ; --                        ;
; game_fsm:u_game|gravity_engine:u_grav|fall_dist[320]~56                                                                            ; LCCOMB_X14_Y20_N8  ; 4       ; Clock enable                          ; no     ; --                   ; --               ; --                        ;
; game_fsm:u_game|gravity_engine:u_grav|fall_dist[324]~54                                                                            ; LCCOMB_X23_Y20_N30 ; 4       ; Clock enable                          ; no     ; --                   ; --               ; --                        ;
; game_fsm:u_game|gravity_engine:u_grav|fall_dist[328]~55                                                                            ; LCCOMB_X13_Y22_N26 ; 4       ; Clock enable                          ; no     ; --                   ; --               ; --                        ;
; game_fsm:u_game|gravity_engine:u_grav|fall_dist[32]~124                                                                            ; LCCOMB_X19_Y20_N30 ; 4       ; Clock enable                          ; no     ; --                   ; --               ; --                        ;
; game_fsm:u_game|gravity_engine:u_grav|fall_dist[332]~57                                                                            ; LCCOMB_X14_Y20_N6  ; 4       ; Clock enable                          ; no     ; --                   ; --               ; --                        ;
; game_fsm:u_game|gravity_engine:u_grav|fall_dist[336]~44                                                                            ; LCCOMB_X14_Y19_N2  ; 4       ; Clock enable                          ; no     ; --                   ; --               ; --                        ;
; game_fsm:u_game|gravity_engine:u_grav|fall_dist[340]~42                                                                            ; LCCOMB_X22_Y20_N18 ; 4       ; Clock enable                          ; no     ; --                   ; --               ; --                        ;
; game_fsm:u_game|gravity_engine:u_grav|fall_dist[344]~43                                                                            ; LCCOMB_X12_Y24_N24 ; 4       ; Clock enable                          ; no     ; --                   ; --               ; --                        ;
; game_fsm:u_game|gravity_engine:u_grav|fall_dist[348]~45                                                                            ; LCCOMB_X13_Y20_N28 ; 4       ; Clock enable                          ; no     ; --                   ; --               ; --                        ;
; game_fsm:u_game|gravity_engine:u_grav|fall_dist[352]~30                                                                            ; LCCOMB_X19_Y21_N26 ; 4       ; Clock enable                          ; no     ; --                   ; --               ; --                        ;
; game_fsm:u_game|gravity_engine:u_grav|fall_dist[356]~24                                                                            ; LCCOMB_X24_Y20_N10 ; 4       ; Clock enable                          ; no     ; --                   ; --               ; --                        ;
; game_fsm:u_game|gravity_engine:u_grav|fall_dist[360]~16                                                                            ; LCCOMB_X14_Y22_N12 ; 4       ; Clock enable                          ; no     ; --                   ; --               ; --                        ;
; game_fsm:u_game|gravity_engine:u_grav|fall_dist[364]~35                                                                            ; LCCOMB_X19_Y21_N4  ; 4       ; Clock enable                          ; no     ; --                   ; --               ; --                        ;
; game_fsm:u_game|gravity_engine:u_grav|fall_dist[368]~72                                                                            ; LCCOMB_X18_Y22_N0  ; 4       ; Clock enable                          ; no     ; --                   ; --               ; --                        ;
; game_fsm:u_game|gravity_engine:u_grav|fall_dist[36]~94                                                                             ; LCCOMB_X19_Y20_N24 ; 4       ; Clock enable                          ; no     ; --                   ; --               ; --                        ;
; game_fsm:u_game|gravity_engine:u_grav|fall_dist[372]~71                                                                            ; LCCOMB_X23_Y20_N12 ; 4       ; Clock enable                          ; no     ; --                   ; --               ; --                        ;
; game_fsm:u_game|gravity_engine:u_grav|fall_dist[376]~70                                                                            ; LCCOMB_X13_Y22_N28 ; 4       ; Clock enable                          ; no     ; --                   ; --               ; --                        ;
; game_fsm:u_game|gravity_engine:u_grav|fall_dist[380]~73                                                                            ; LCCOMB_X17_Y23_N4  ; 4       ; Clock enable                          ; no     ; --                   ; --               ; --                        ;
; game_fsm:u_game|gravity_engine:u_grav|fall_dist[384]~60                                                                            ; LCCOMB_X15_Y16_N18 ; 4       ; Clock enable                          ; no     ; --                   ; --               ; --                        ;
; game_fsm:u_game|gravity_engine:u_grav|fall_dist[388]~59                                                                            ; LCCOMB_X15_Y16_N8  ; 4       ; Clock enable                          ; no     ; --                   ; --               ; --                        ;
; game_fsm:u_game|gravity_engine:u_grav|fall_dist[392]~58                                                                            ; LCCOMB_X19_Y15_N28 ; 4       ; Clock enable                          ; no     ; --                   ; --               ; --                        ;
; game_fsm:u_game|gravity_engine:u_grav|fall_dist[396]~61                                                                            ; LCCOMB_X18_Y19_N14 ; 4       ; Clock enable                          ; no     ; --                   ; --               ; --                        ;
; game_fsm:u_game|gravity_engine:u_grav|fall_dist[400]~40                                                                            ; LCCOMB_X13_Y19_N6  ; 4       ; Clock enable                          ; no     ; --                   ; --               ; --                        ;
; game_fsm:u_game|gravity_engine:u_grav|fall_dist[404]~39                                                                            ; LCCOMB_X19_Y19_N24 ; 4       ; Clock enable                          ; no     ; --                   ; --               ; --                        ;
; game_fsm:u_game|gravity_engine:u_grav|fall_dist[408]~38                                                                            ; LCCOMB_X18_Y21_N24 ; 4       ; Clock enable                          ; no     ; --                   ; --               ; --                        ;
; game_fsm:u_game|gravity_engine:u_grav|fall_dist[40]~103                                                                            ; LCCOMB_X19_Y23_N22 ; 4       ; Clock enable                          ; no     ; --                   ; --               ; --                        ;
; game_fsm:u_game|gravity_engine:u_grav|fall_dist[412]~41                                                                            ; LCCOMB_X13_Y16_N28 ; 4       ; Clock enable                          ; no     ; --                   ; --               ; --                        ;
; game_fsm:u_game|gravity_engine:u_grav|fall_dist[416]~31                                                                            ; LCCOMB_X14_Y16_N10 ; 4       ; Clock enable                          ; no     ; --                   ; --               ; --                        ;
; game_fsm:u_game|gravity_engine:u_grav|fall_dist[420]~23                                                                            ; LCCOMB_X11_Y16_N26 ; 4       ; Clock enable                          ; no     ; --                   ; --               ; --                        ;
; game_fsm:u_game|gravity_engine:u_grav|fall_dist[424]~17                                                                            ; LCCOMB_X20_Y18_N0  ; 4       ; Clock enable                          ; no     ; --                   ; --               ; --                        ;
; game_fsm:u_game|gravity_engine:u_grav|fall_dist[428]~34                                                                            ; LCCOMB_X14_Y16_N12 ; 4       ; Clock enable                          ; no     ; --                   ; --               ; --                        ;
; game_fsm:u_game|gravity_engine:u_grav|fall_dist[432]~76                                                                            ; LCCOMB_X14_Y19_N8  ; 4       ; Clock enable                          ; no     ; --                   ; --               ; --                        ;
; game_fsm:u_game|gravity_engine:u_grav|fall_dist[436]~74                                                                            ; LCCOMB_X17_Y16_N30 ; 4       ; Clock enable                          ; no     ; --                   ; --               ; --                        ;
; game_fsm:u_game|gravity_engine:u_grav|fall_dist[440]~75                                                                            ; LCCOMB_X19_Y15_N18 ; 4       ; Clock enable                          ; no     ; --                   ; --               ; --                        ;
; game_fsm:u_game|gravity_engine:u_grav|fall_dist[444]~77                                                                            ; LCCOMB_X17_Y16_N28 ; 4       ; Clock enable                          ; no     ; --                   ; --               ; --                        ;
; game_fsm:u_game|gravity_engine:u_grav|fall_dist[448]~68                                                                            ; LCCOMB_X20_Y19_N8  ; 4       ; Clock enable                          ; no     ; --                   ; --               ; --                        ;
; game_fsm:u_game|gravity_engine:u_grav|fall_dist[44]~140                                                                            ; LCCOMB_X19_Y24_N22 ; 4       ; Clock enable                          ; no     ; --                   ; --               ; --                        ;
; game_fsm:u_game|gravity_engine:u_grav|fall_dist[452]~66                                                                            ; LCCOMB_X19_Y16_N12 ; 4       ; Clock enable                          ; no     ; --                   ; --               ; --                        ;
; game_fsm:u_game|gravity_engine:u_grav|fall_dist[456]~67                                                                            ; LCCOMB_X19_Y22_N6  ; 4       ; Clock enable                          ; no     ; --                   ; --               ; --                        ;
; game_fsm:u_game|gravity_engine:u_grav|fall_dist[460]~69                                                                            ; LCCOMB_X20_Y19_N18 ; 4       ; Clock enable                          ; no     ; --                   ; --               ; --                        ;
; game_fsm:u_game|gravity_engine:u_grav|fall_dist[464]~52                                                                            ; LCCOMB_X20_Y22_N4  ; 4       ; Clock enable                          ; no     ; --                   ; --               ; --                        ;
; game_fsm:u_game|gravity_engine:u_grav|fall_dist[468]~50                                                                            ; LCCOMB_X15_Y21_N4  ; 4       ; Clock enable                          ; no     ; --                   ; --               ; --                        ;
; game_fsm:u_game|gravity_engine:u_grav|fall_dist[472]~51                                                                            ; LCCOMB_X18_Y21_N14 ; 4       ; Clock enable                          ; no     ; --                   ; --               ; --                        ;
; game_fsm:u_game|gravity_engine:u_grav|fall_dist[476]~53                                                                            ; LCCOMB_X20_Y22_N10 ; 4       ; Clock enable                          ; no     ; --                   ; --               ; --                        ;
; game_fsm:u_game|gravity_engine:u_grav|fall_dist[480]~33                                                                            ; LCCOMB_X13_Y19_N14 ; 4       ; Clock enable                          ; no     ; --                   ; --               ; --                        ;
; game_fsm:u_game|gravity_engine:u_grav|fall_dist[484]~29                                                                            ; LCCOMB_X14_Y19_N4  ; 4       ; Clock enable                          ; no     ; --                   ; --               ; --                        ;
; game_fsm:u_game|gravity_engine:u_grav|fall_dist[488]~22                                                                            ; LCCOMB_X12_Y20_N30 ; 4       ; Clock enable                          ; no     ; --                   ; --               ; --                        ;
; game_fsm:u_game|gravity_engine:u_grav|fall_dist[48]~127                                                                            ; LCCOMB_X19_Y17_N10 ; 4       ; Clock enable                          ; no     ; --                   ; --               ; --                        ;
; game_fsm:u_game|gravity_engine:u_grav|fall_dist[492]~37                                                                            ; LCCOMB_X13_Y19_N8  ; 4       ; Clock enable                          ; no     ; --                   ; --               ; --                        ;
; game_fsm:u_game|gravity_engine:u_grav|fall_dist[496]~84                                                                            ; LCCOMB_X19_Y19_N30 ; 4       ; Clock enable                          ; no     ; --                   ; --               ; --                        ;
; game_fsm:u_game|gravity_engine:u_grav|fall_dist[4]~96                                                                              ; LCCOMB_X16_Y16_N12 ; 4       ; Clock enable                          ; no     ; --                   ; --               ; --                        ;
; game_fsm:u_game|gravity_engine:u_grav|fall_dist[500]~83                                                                            ; LCCOMB_X19_Y16_N2  ; 4       ; Clock enable                          ; no     ; --                   ; --               ; --                        ;
; game_fsm:u_game|gravity_engine:u_grav|fall_dist[504]~82                                                                            ; LCCOMB_X15_Y24_N6  ; 4       ; Clock enable                          ; no     ; --                   ; --               ; --                        ;
; game_fsm:u_game|gravity_engine:u_grav|fall_dist[508]~85                                                                            ; LCCOMB_X19_Y19_N16 ; 4       ; Clock enable                          ; no     ; --                   ; --               ; --                        ;
; game_fsm:u_game|gravity_engine:u_grav|fall_dist[512]~186                                                                           ; LCCOMB_X17_Y21_N16 ; 4       ; Clock enable                          ; no     ; --                   ; --               ; --                        ;
; game_fsm:u_game|gravity_engine:u_grav|fall_dist[516]~178                                                                           ; LCCOMB_X14_Y21_N12 ; 4       ; Clock enable                          ; no     ; --                   ; --               ; --                        ;
; game_fsm:u_game|gravity_engine:u_grav|fall_dist[520]~182                                                                           ; LCCOMB_X15_Y24_N22 ; 4       ; Clock enable                          ; no     ; --                   ; --               ; --                        ;
; game_fsm:u_game|gravity_engine:u_grav|fall_dist[524]~190                                                                           ; LCCOMB_X14_Y21_N22 ; 4       ; Clock enable                          ; no     ; --                   ; --               ; --                        ;
; game_fsm:u_game|gravity_engine:u_grav|fall_dist[528]~184                                                                           ; LCCOMB_X14_Y20_N24 ; 4       ; Clock enable                          ; no     ; --                   ; --               ; --                        ;
; game_fsm:u_game|gravity_engine:u_grav|fall_dist[52]~97                                                                             ; LCCOMB_X16_Y16_N18 ; 4       ; Clock enable                          ; no     ; --                   ; --               ; --                        ;
; game_fsm:u_game|gravity_engine:u_grav|fall_dist[532]~177                                                                           ; LCCOMB_X14_Y19_N10 ; 4       ; Clock enable                          ; no     ; --                   ; --               ; --                        ;
; game_fsm:u_game|gravity_engine:u_grav|fall_dist[536]~180                                                                           ; LCCOMB_X12_Y24_N14 ; 4       ; Clock enable                          ; no     ; --                   ; --               ; --                        ;
; game_fsm:u_game|gravity_engine:u_grav|fall_dist[540]~189                                                                           ; LCCOMB_X12_Y20_N2  ; 4       ; Clock enable                          ; no     ; --                   ; --               ; --                        ;
; game_fsm:u_game|gravity_engine:u_grav|fall_dist[544]~185                                                                           ; LCCOMB_X18_Y23_N4  ; 4       ; Clock enable                          ; no     ; --                   ; --               ; --                        ;
; game_fsm:u_game|gravity_engine:u_grav|fall_dist[548]~176                                                                           ; LCCOMB_X19_Y23_N2  ; 4       ; Clock enable                          ; no     ; --                   ; --               ; --                        ;
; game_fsm:u_game|gravity_engine:u_grav|fall_dist[552]~181                                                                           ; LCCOMB_X15_Y24_N20 ; 4       ; Clock enable                          ; no     ; --                   ; --               ; --                        ;
; game_fsm:u_game|gravity_engine:u_grav|fall_dist[556]~188                                                                           ; LCCOMB_X18_Y23_N6  ; 4       ; Clock enable                          ; no     ; --                   ; --               ; --                        ;
; game_fsm:u_game|gravity_engine:u_grav|fall_dist[560]~187                                                                           ; LCCOMB_X17_Y21_N14 ; 4       ; Clock enable                          ; no     ; --                   ; --               ; --                        ;
; game_fsm:u_game|gravity_engine:u_grav|fall_dist[564]~179                                                                           ; LCCOMB_X15_Y23_N10 ; 4       ; Clock enable                          ; no     ; --                   ; --               ; --                        ;
; game_fsm:u_game|gravity_engine:u_grav|fall_dist[568]~183                                                                           ; LCCOMB_X15_Y24_N8  ; 4       ; Clock enable                          ; no     ; --                   ; --               ; --                        ;
; game_fsm:u_game|gravity_engine:u_grav|fall_dist[56]~114                                                                            ; LCCOMB_X20_Y17_N20 ; 4       ; Clock enable                          ; no     ; --                   ; --               ; --                        ;
; game_fsm:u_game|gravity_engine:u_grav|fall_dist[572]~191                                                                           ; LCCOMB_X15_Y23_N8  ; 4       ; Clock enable                          ; no     ; --                   ; --               ; --                        ;
; game_fsm:u_game|gravity_engine:u_grav|fall_dist[576]~215                                                                           ; LCCOMB_X15_Y16_N30 ; 4       ; Clock enable                          ; no     ; --                   ; --               ; --                        ;
; game_fsm:u_game|gravity_engine:u_grav|fall_dist[580]~214                                                                           ; LCCOMB_X15_Y16_N4  ; 4       ; Clock enable                          ; no     ; --                   ; --               ; --                        ;
; game_fsm:u_game|gravity_engine:u_grav|fall_dist[584]~213                                                                           ; LCCOMB_X12_Y20_N22 ; 4       ; Clock enable                          ; no     ; --                   ; --               ; --                        ;
; game_fsm:u_game|gravity_engine:u_grav|fall_dist[588]~216                                                                           ; LCCOMB_X12_Y20_N8  ; 4       ; Clock enable                          ; no     ; --                   ; --               ; --                        ;
; game_fsm:u_game|gravity_engine:u_grav|fall_dist[592]~170                                                                           ; LCCOMB_X12_Y23_N16 ; 4       ; Clock enable                          ; no     ; --                   ; --               ; --                        ;
; game_fsm:u_game|gravity_engine:u_grav|fall_dist[596]~168                                                                           ; LCCOMB_X12_Y22_N4  ; 4       ; Clock enable                          ; no     ; --                   ; --               ; --                        ;
; game_fsm:u_game|gravity_engine:u_grav|fall_dist[600]~164                                                                           ; LCCOMB_X13_Y23_N4  ; 4       ; Clock enable                          ; no     ; --                   ; --               ; --                        ;
; game_fsm:u_game|gravity_engine:u_grav|fall_dist[604]~174                                                                           ; LCCOMB_X12_Y21_N2  ; 4       ; Clock enable                          ; no     ; --                   ; --               ; --                        ;
; game_fsm:u_game|gravity_engine:u_grav|fall_dist[608]~171                                                                           ; LCCOMB_X11_Y21_N28 ; 4       ; Clock enable                          ; no     ; --                   ; --               ; --                        ;
; game_fsm:u_game|gravity_engine:u_grav|fall_dist[60]~142                                                                            ; LCCOMB_X17_Y22_N30 ; 4       ; Clock enable                          ; no     ; --                   ; --               ; --                        ;
; game_fsm:u_game|gravity_engine:u_grav|fall_dist[612]~167                                                                           ; LCCOMB_X11_Y23_N18 ; 4       ; Clock enable                          ; no     ; --                   ; --               ; --                        ;
; game_fsm:u_game|gravity_engine:u_grav|fall_dist[616]~165                                                                           ; LCCOMB_X11_Y23_N4  ; 4       ; Clock enable                          ; no     ; --                   ; --               ; --                        ;
; game_fsm:u_game|gravity_engine:u_grav|fall_dist[620]~173                                                                           ; LCCOMB_X11_Y21_N18 ; 4       ; Clock enable                          ; no     ; --                   ; --               ; --                        ;
; game_fsm:u_game|gravity_engine:u_grav|fall_dist[624]~172                                                                           ; LCCOMB_X12_Y21_N20 ; 4       ; Clock enable                          ; no     ; --                   ; --               ; --                        ;
; game_fsm:u_game|gravity_engine:u_grav|fall_dist[628]~169                                                                           ; LCCOMB_X11_Y20_N24 ; 4       ; Clock enable                          ; no     ; --                   ; --               ; --                        ;
; game_fsm:u_game|gravity_engine:u_grav|fall_dist[632]~166                                                                           ; LCCOMB_X15_Y23_N0  ; 4       ; Clock enable                          ; no     ; --                   ; --               ; --                        ;
; game_fsm:u_game|gravity_engine:u_grav|fall_dist[636]~175                                                                           ; LCCOMB_X15_Y21_N12 ; 4       ; Clock enable                          ; no     ; --                   ; --               ; --                        ;
; game_fsm:u_game|gravity_engine:u_grav|fall_dist[640]~158                                                                           ; LCCOMB_X15_Y20_N26 ; 4       ; Clock enable                          ; no     ; --                   ; --               ; --                        ;
; game_fsm:u_game|gravity_engine:u_grav|fall_dist[644]~149                                                                           ; LCCOMB_X16_Y16_N30 ; 4       ; Clock enable                          ; no     ; --                   ; --               ; --                        ;
; game_fsm:u_game|gravity_engine:u_grav|fall_dist[648]~154                                                                           ; LCCOMB_X14_Y24_N8  ; 4       ; Clock enable                          ; no     ; --                   ; --               ; --                        ;
; game_fsm:u_game|gravity_engine:u_grav|fall_dist[64]~122                                                                            ; LCCOMB_X17_Y17_N4  ; 4       ; Clock enable                          ; no     ; --                   ; --               ; --                        ;
; game_fsm:u_game|gravity_engine:u_grav|fall_dist[652]~162                                                                           ; LCCOMB_X15_Y21_N26 ; 4       ; Clock enable                          ; no     ; --                   ; --               ; --                        ;
; game_fsm:u_game|gravity_engine:u_grav|fall_dist[656]~156                                                                           ; LCCOMB_X14_Y24_N22 ; 4       ; Clock enable                          ; no     ; --                   ; --               ; --                        ;
; game_fsm:u_game|gravity_engine:u_grav|fall_dist[660]~148                                                                           ; LCCOMB_X16_Y16_N8  ; 4       ; Clock enable                          ; no     ; --                   ; --               ; --                        ;
; game_fsm:u_game|gravity_engine:u_grav|fall_dist[664]~151                                                                           ; LCCOMB_X13_Y24_N28 ; 4       ; Clock enable                          ; no     ; --                   ; --               ; --                        ;
; game_fsm:u_game|gravity_engine:u_grav|fall_dist[668]~161                                                                           ; LCCOMB_X13_Y17_N16 ; 4       ; Clock enable                          ; no     ; --                   ; --               ; --                        ;
; game_fsm:u_game|gravity_engine:u_grav|fall_dist[672]~157                                                                           ; LCCOMB_X12_Y17_N22 ; 4       ; Clock enable                          ; no     ; --                   ; --               ; --                        ;
; game_fsm:u_game|gravity_engine:u_grav|fall_dist[676]~147                                                                           ; LCCOMB_X12_Y17_N4  ; 4       ; Clock enable                          ; no     ; --                   ; --               ; --                        ;
; game_fsm:u_game|gravity_engine:u_grav|fall_dist[680]~153                                                                           ; LCCOMB_X14_Y21_N26 ; 4       ; Clock enable                          ; no     ; --                   ; --               ; --                        ;
; game_fsm:u_game|gravity_engine:u_grav|fall_dist[684]~160                                                                           ; LCCOMB_X15_Y23_N22 ; 4       ; Clock enable                          ; no     ; --                   ; --               ; --                        ;
; game_fsm:u_game|gravity_engine:u_grav|fall_dist[688]~159                                                                           ; LCCOMB_X16_Y17_N4  ; 4       ; Clock enable                          ; no     ; --                   ; --               ; --                        ;
; game_fsm:u_game|gravity_engine:u_grav|fall_dist[68]~88                                                                             ; LCCOMB_X16_Y22_N30 ; 4       ; Clock enable                          ; no     ; --                   ; --               ; --                        ;
; game_fsm:u_game|gravity_engine:u_grav|fall_dist[692]~150                                                                           ; LCCOMB_X11_Y16_N8  ; 4       ; Clock enable                          ; no     ; --                   ; --               ; --                        ;
; game_fsm:u_game|gravity_engine:u_grav|fall_dist[696]~155                                                                           ; LCCOMB_X13_Y24_N18 ; 4       ; Clock enable                          ; no     ; --                   ; --               ; --                        ;
; game_fsm:u_game|gravity_engine:u_grav|fall_dist[700]~163                                                                           ; LCCOMB_X17_Y23_N10 ; 4       ; Clock enable                          ; no     ; --                   ; --               ; --                        ;
; game_fsm:u_game|gravity_engine:u_grav|fall_dist[704]~202                                                                           ; LCCOMB_X18_Y21_N26 ; 4       ; Clock enable                          ; no     ; --                   ; --               ; --                        ;
; game_fsm:u_game|gravity_engine:u_grav|fall_dist[708]~201                                                                           ; LCCOMB_X23_Y20_N22 ; 4       ; Clock enable                          ; no     ; --                   ; --               ; --                        ;
; game_fsm:u_game|gravity_engine:u_grav|fall_dist[712]~200                                                                           ; LCCOMB_X18_Y24_N4  ; 4       ; Clock enable                          ; no     ; --                   ; --               ; --                        ;
; game_fsm:u_game|gravity_engine:u_grav|fall_dist[716]~203                                                                           ; LCCOMB_X15_Y21_N22 ; 4       ; Clock enable                          ; no     ; --                   ; --               ; --                        ;
; game_fsm:u_game|gravity_engine:u_grav|fall_dist[720]~194                                                                           ; LCCOMB_X11_Y22_N18 ; 4       ; Clock enable                          ; no     ; --                   ; --               ; --                        ;
; game_fsm:u_game|gravity_engine:u_grav|fall_dist[724]~192                                                                           ; LCCOMB_X11_Y22_N4  ; 4       ; Clock enable                          ; no     ; --                   ; --               ; --                        ;
; game_fsm:u_game|gravity_engine:u_grav|fall_dist[728]~193                                                                           ; LCCOMB_X14_Y18_N12 ; 4       ; Clock enable                          ; no     ; --                   ; --               ; --                        ;
; game_fsm:u_game|gravity_engine:u_grav|fall_dist[72]~110                                                                            ; LCCOMB_X17_Y24_N4  ; 4       ; Clock enable                          ; no     ; --                   ; --               ; --                        ;
; game_fsm:u_game|gravity_engine:u_grav|fall_dist[732]~195                                                                           ; LCCOMB_X15_Y22_N4  ; 4       ; Clock enable                          ; no     ; --                   ; --               ; --                        ;
; game_fsm:u_game|gravity_engine:u_grav|fall_dist[736]~198                                                                           ; LCCOMB_X17_Y23_N16 ; 4       ; Clock enable                          ; no     ; --                   ; --               ; --                        ;
; game_fsm:u_game|gravity_engine:u_grav|fall_dist[740]~197                                                                           ; LCCOMB_X13_Y24_N16 ; 4       ; Clock enable                          ; no     ; --                   ; --               ; --                        ;
; game_fsm:u_game|gravity_engine:u_grav|fall_dist[744]~196                                                                           ; LCCOMB_X14_Y21_N20 ; 4       ; Clock enable                          ; no     ; --                   ; --               ; --                        ;
; game_fsm:u_game|gravity_engine:u_grav|fall_dist[748]~199                                                                           ; LCCOMB_X17_Y23_N18 ; 4       ; Clock enable                          ; no     ; --                   ; --               ; --                        ;
; game_fsm:u_game|gravity_engine:u_grav|fall_dist[752]~206                                                                           ; LCCOMB_X18_Y21_N8  ; 4       ; Clock enable                          ; no     ; --                   ; --               ; --                        ;
; game_fsm:u_game|gravity_engine:u_grav|fall_dist[756]~204                                                                           ; LCCOMB_X16_Y24_N28 ; 4       ; Clock enable                          ; no     ; --                   ; --               ; --                        ;
; game_fsm:u_game|gravity_engine:u_grav|fall_dist[760]~205                                                                           ; LCCOMB_X13_Y22_N30 ; 4       ; Clock enable                          ; no     ; --                   ; --               ; --                        ;
; game_fsm:u_game|gravity_engine:u_grav|fall_dist[764]~207                                                                           ; LCCOMB_X13_Y23_N6  ; 4       ; Clock enable                          ; no     ; --                   ; --               ; --                        ;
; game_fsm:u_game|gravity_engine:u_grav|fall_dist[76]~137                                                                            ; LCCOMB_X16_Y22_N4  ; 4       ; Clock enable                          ; no     ; --                   ; --               ; --                        ;
; game_fsm:u_game|gravity_engine:u_grav|fall_dist[80]~120                                                                            ; LCCOMB_X22_Y21_N14 ; 4       ; Clock enable                          ; no     ; --                   ; --               ; --                        ;
; game_fsm:u_game|gravity_engine:u_grav|fall_dist[84]~86                                                                             ; LCCOMB_X20_Y18_N6  ; 4       ; Clock enable                          ; no     ; --                   ; --               ; --                        ;
; game_fsm:u_game|gravity_engine:u_grav|fall_dist[88]~105                                                                            ; LCCOMB_X23_Y24_N2  ; 4       ; Clock enable                          ; no     ; --                   ; --               ; --                        ;
; game_fsm:u_game|gravity_engine:u_grav|fall_dist[8]~111                                                                             ; LCCOMB_X19_Y23_N12 ; 4       ; Clock enable                          ; no     ; --                   ; --               ; --                        ;
; game_fsm:u_game|gravity_engine:u_grav|fall_dist[92]~136                                                                            ; LCCOMB_X22_Y21_N12 ; 4       ; Clock enable                          ; no     ; --                   ; --               ; --                        ;
; game_fsm:u_game|gravity_engine:u_grav|fall_dist[96]~121                                                                            ; LCCOMB_X22_Y22_N8  ; 4       ; Clock enable                          ; no     ; --                   ; --               ; --                        ;
; game_fsm:u_game|gravity_engine:u_grav|row[1]~10                                                                                    ; LCCOMB_X22_Y14_N18 ; 2       ; Clock enable                          ; no     ; --                   ; --               ; --                        ;
; game_fsm:u_game|gravity_engine:u_grav|wr_data[0]~0                                                                                 ; LCCOMB_X20_Y15_N30 ; 11      ; Clock enable                          ; no     ; --                   ; --               ; --                        ;
; game_fsm:u_game|rng_generator:u_rng|rng[4]~1                                                                                       ; LCCOMB_X17_Y1_N16  ; 16      ; Clock enable                          ; no     ; --                   ; --               ; --                        ;
; game_fsm:u_game|scan_idx[3]~23                                                                                                     ; LCCOMB_X15_Y11_N8  ; 8       ; Sync. clear                           ; no     ; --                   ; --               ; --                        ;
; game_fsm:u_game|scan_idx[3]~24                                                                                                     ; LCCOMB_X15_Y11_N26 ; 8       ; Clock enable                          ; no     ; --                   ; --               ; --                        ;
; game_fsm:u_game|shift_px_r[7]~28                                                                                                   ; LCCOMB_X13_Y12_N14 ; 9       ; Sync. clear                           ; no     ; --                   ; --               ; --                        ;
; game_fsm:u_game|shift_px_r[7]~30                                                                                                   ; LCCOMB_X14_Y15_N2  ; 9       ; Clock enable                          ; no     ; --                   ; --               ; --                        ;
; game_fsm:u_game|state.S_FALL_ANIM                                                                                                  ; FF_X13_Y12_N17     ; 13      ; Sync. load                            ; no     ; --                   ; --               ; --                        ;
; game_fsm:u_game|state.S_PLAY                                                                                                       ; FF_X14_Y12_N31     ; 16      ; Sync. load                            ; no     ; --                   ; --               ; --                        ;
; game_fsm:u_game|tap_y[0]~0                                                                                                         ; LCCOMB_X14_Y12_N12 ; 8       ; Clock enable                          ; no     ; --                   ; --               ; --                        ;
; game_rst~0                                                                                                                         ; LCCOMB_X22_Y16_N10 ; 465     ; Clock enable, Sync. clear, Sync. load ; no     ; --                   ; --               ; --                        ;
; lcd_ili9341_ctrl:u_lcd|col_cnt[0]~19                                                                                               ; LCCOMB_X12_Y9_N22  ; 9       ; Sync. clear                           ; no     ; --                   ; --               ; --                        ;
; lcd_ili9341_ctrl:u_lcd|cur_color[15]~1                                                                                             ; LCCOMB_X7_Y6_N4    ; 16      ; Clock enable                          ; no     ; --                   ; --               ; --                        ;
; lcd_ili9341_ctrl:u_lcd|delay_cnt[2]~3                                                                                              ; LCCOMB_X2_Y6_N30   ; 32      ; Clock enable                          ; no     ; --                   ; --               ; --                        ;
; lcd_ili9341_ctrl:u_lcd|gap_cnt[0]~11                                                                                               ; LCCOMB_X3_Y5_N26   ; 8       ; Sync. clear                           ; no     ; --                   ; --               ; --                        ;
; lcd_ili9341_ctrl:u_lcd|gap_cnt[0]~13                                                                                               ; LCCOMB_X3_Y5_N30   ; 8       ; Clock enable                          ; no     ; --                   ; --               ; --                        ;
; lcd_ili9341_ctrl:u_lcd|hdr_step[0]~1                                                                                               ; LCCOMB_X1_Y6_N2    ; 4       ; Clock enable                          ; no     ; --                   ; --               ; --                        ;
; lcd_ili9341_ctrl:u_lcd|init_idx[3]~10                                                                                              ; LCCOMB_X4_Y2_N16   ; 7       ; Sync. clear                           ; no     ; --                   ; --               ; --                        ;
; lcd_ili9341_ctrl:u_lcd|init_idx[3]~11                                                                                              ; LCCOMB_X2_Y6_N10   ; 7       ; Clock enable                          ; no     ; --                   ; --               ; --                        ;
; lcd_ili9341_ctrl:u_lcd|pix_left[9]~21                                                                                              ; LCCOMB_X11_Y10_N26 ; 26      ; Sync. clear, Sync. load               ; no     ; --                   ; --               ; --                        ;
; lcd_ili9341_ctrl:u_lcd|pix_left[9]~54                                                                                              ; LCCOMB_X12_Y9_N24  ; 26      ; Clock enable                          ; no     ; --                   ; --               ; --                        ;
; lcd_ili9341_ctrl:u_lcd|pix_x[6]~0                                                                                                  ; LCCOMB_X11_Y10_N20 ; 17      ; Clock enable                          ; no     ; --                   ; --               ; --                        ;
; lcd_ili9341_ctrl:u_lcd|row_cnt[2]~27                                                                                               ; LCCOMB_X12_Y9_N18  ; 8       ; Clock enable                          ; no     ; --                   ; --               ; --                        ;
; lcd_ili9341_ctrl:u_lcd|spi_byte_master:u_spi|shreg[3]~2                                                                            ; LCCOMB_X2_Y7_N10   ; 11      ; Clock enable, Sync. load              ; no     ; --                   ; --               ; --                        ;
; lcd_ili9341_ctrl:u_lcd|spi_byte_master:u_spi|state.S_HIGH                                                                          ; FF_X2_Y7_N3        ; 17      ; Sync. load                            ; no     ; --                   ; --               ; --                        ;
; lcd_ili9341_ctrl:u_lcd|spi_data[3]~4                                                                                               ; LCCOMB_X2_Y4_N26   ; 8       ; Clock enable                          ; no     ; --                   ; --               ; --                        ;
; lcd_ili9341_ctrl:u_lcd|state.S_SCAN_TXW                                                                                            ; FF_X1_Y6_N23       ; 10      ; Sync. load                            ; no     ; --                   ; --               ; --                        ;
; lcd_renderer:u_render|board_rd_addr[2]~7                                                                                           ; LCCOMB_X12_Y13_N16 ; 8       ; Clock enable                          ; no     ; --                   ; --               ; --                        ;
; lcd_renderer:u_render|faddr[3]~0                                                                                                   ; LCCOMB_X11_Y14_N0  ; 8       ; Clock enable                          ; no     ; --                   ; --               ; --                        ;
; lcd_renderer:u_render|flx[3]~14                                                                                                    ; LCCOMB_X13_Y14_N16 ; 10      ; Clock enable                          ; no     ; --                   ; --               ; --                        ;
; lcd_renderer:u_render|idx0[0]~2                                                                                                    ; LCCOMB_X16_Y19_N12 ; 8       ; Sync. clear                           ; no     ; --                   ; --               ; --                        ;
; lcd_renderer:u_render|ly0[1]~0                                                                                                     ; LCCOMB_X14_Y14_N30 ; 33      ; Clock enable                          ; no     ; --                   ; --               ; --                        ;
; lcd_renderer:u_render|pix_color[13]~1                                                                                              ; LCCOMB_X6_Y6_N0    ; 16      ; Clock enable                          ; no     ; --                   ; --               ; --                        ;
; lcd_renderer:u_render|scan_addr[3]~7                                                                                               ; LCCOMB_X16_Y20_N20 ; 13      ; Clock enable                          ; no     ; --                   ; --               ; --                        ;
; lcd_renderer:u_render|st.R_SCAN                                                                                                    ; FF_X12_Y14_N21     ; 46      ; Sync. load                            ; no     ; --                   ; --               ; --                        ;
; lcd_renderer:u_render|st~24                                                                                                        ; LCCOMB_X17_Y9_N8   ; 10      ; Sync. clear                           ; no     ; --                   ; --               ; --                        ;
; logo_flash:u_ufm|altera_onchip_flash:ufm|altera_onchip_flash_avmm_csr_controller:avmm_csr_controller|reset_n_reg2                  ; FF_X4_Y9_N5        ; 87      ; Clock enable, Sync. clear             ; no     ; --                   ; --               ; --                        ;
; logo_flash:u_ufm|altera_onchip_flash:ufm|altera_onchip_flash_avmm_data_controller:avmm_data_controller|avmm_burstcount_reg[1]~3    ; LCCOMB_X6_Y9_N14   ; 4       ; Clock enable                          ; no     ; --                   ; --               ; --                        ;
; logo_flash:u_ufm|altera_onchip_flash:ufm|altera_onchip_flash_avmm_data_controller:avmm_data_controller|data_count[2]~6             ; LCCOMB_X6_Y9_N4    ; 3       ; Clock enable                          ; no     ; --                   ; --               ; --                        ;
; logo_flash:u_ufm|altera_onchip_flash:ufm|altera_onchip_flash_avmm_data_controller:avmm_data_controller|flash_seq_read_ardin[1]~1   ; LCCOMB_X4_Y6_N26   ; 12      ; Clock enable                          ; no     ; --                   ; --               ; --                        ;
; logo_flash:u_ufm|altera_onchip_flash:ufm|altera_onchip_flash_avmm_data_controller:avmm_data_controller|read_state.READ_STATE_IDLE  ; FF_X4_Y9_N23       ; 31      ; Sync. load                            ; no     ; --                   ; --               ; --                        ;
; logo_flash:u_ufm|altera_onchip_flash:ufm|altera_onchip_flash_avmm_data_controller:avmm_data_controller|read_state.READ_STATE_SETUP ; FF_X4_Y9_N25       ; 20      ; Sync. load                            ; no     ; --                   ; --               ; --                        ;
; reset_sync:u_reset|sync_ff[2]                                                                                                      ; FF_X22_Y16_N9      ; 654     ; Async. clear, Sync. clear, Sync. load ; no     ; --                   ; --               ; --                        ;
; touch_controller:u_touch|Decoder0~0                                                                                                ; LCCOMB_X13_Y11_N20 ; 24      ; Clock enable                          ; no     ; --                   ; --               ; --                        ;
; touch_controller:u_touch|Decoder0~1                                                                                                ; LCCOMB_X13_Y11_N6  ; 24      ; Clock enable                          ; no     ; --                   ; --               ; --                        ;
; touch_controller:u_touch|raw_x[8]~0                                                                                                ; LCCOMB_X16_Y11_N30 ; 12      ; Clock enable                          ; no     ; --                   ; --               ; --                        ;
; touch_controller:u_touch|raw_y[0]~0                                                                                                ; LCCOMB_X13_Y11_N12 ; 12      ; Clock enable                          ; no     ; --                   ; --               ; --                        ;
; touch_controller:u_touch|raw_z1[4]~1                                                                                               ; LCCOMB_X16_Y11_N20 ; 8       ; Clock enable                          ; no     ; --                   ; --               ; --                        ;
; touch_controller:u_touch|sample_cnt[19]~26                                                                                         ; LCCOMB_X29_Y11_N6  ; 24      ; Sync. clear                           ; no     ; --                   ; --               ; --                        ;
; touch_controller:u_touch|shift_in[11]~18                                                                                           ; LCCOMB_X17_Y11_N2  ; 11      ; Clock enable                          ; no     ; --                   ; --               ; --                        ;
; touch_controller:u_touch|spi_bit[0]~17                                                                                             ; LCCOMB_X15_Y9_N2   ; 10      ; Clock enable, Sync. clear             ; no     ; --                   ; --               ; --                        ;
; touch_controller:u_touch|spi_bit[0]~18                                                                                             ; LCCOMB_X15_Y9_N28  ; 6       ; Clock enable                          ; no     ; --                   ; --               ; --                        ;
; touch_controller:u_touch|spi_result[8]~2                                                                                           ; LCCOMB_X18_Y13_N22 ; 12      ; Clock enable                          ; no     ; --                   ; --               ; --                        ;
; touch_controller:u_touch|state~33                                                                                                  ; LCCOMB_X14_Y11_N6  ; 4       ; Clock enable                          ; no     ; --                   ; --               ; --                        ;
; touch_controller:u_touch|state~37                                                                                                  ; LCCOMB_X13_Y11_N10 ; 25      ; Clock enable                          ; no     ; --                   ; --               ; --                        ;
; touch_controller:u_touch|touch_y[7]~0                                                                                              ; LCCOMB_X13_Y10_N26 ; 11      ; Clock enable                          ; no     ; --                   ; --               ; --                        ;
; ufm_bootloader:u_boot|addr[0]~13                                                                                                   ; LCCOMB_X7_Y8_N14   ; 11      ; Clock enable                          ; no     ; --                   ; --               ; --                        ;
; ufm_bootloader:u_boot|flash_addr[9]~0                                                                                              ; LCCOMB_X6_Y8_N30   ; 13      ; Clock enable                          ; no     ; --                   ; --               ; --                        ;
; ufm_bootloader:u_boot|ram_wr_addr[7]~11                                                                                            ; LCCOMB_X3_Y8_N16   ; 12      ; Clock enable                          ; no     ; --                   ; --               ; --                        ;
; ufm_bootloader:u_boot|ram_wr_data[11]~1                                                                                            ; LCCOMB_X6_Y8_N22   ; 16      ; Clock enable                          ; no     ; --                   ; --               ; --                        ;
; ufm_bootloader:u_boot|ram_wr_en                                                                                                    ; FF_X7_Y8_N3        ; 11      ; Write enable                          ; no     ; --                   ; --               ; --                        ;
; ufm_bootloader:u_boot|watch[2]~39                                                                                                  ; LCCOMB_X6_Y8_N4    ; 13      ; Sync. clear                           ; no     ; --                   ; --               ; --                        ;
; ufm_bootloader:u_boot|watch[2]~42                                                                                                  ; LCCOMB_X7_Y8_N4    ; 13      ; Clock enable                          ; no     ; --                   ; --               ; --                        ;
+------------------------------------------------------------------------------------------------------------------------------------+--------------------+---------+---------------------------------------+--------+----------------------+------------------+---------------------------+


+----------------------------------------------------------------------------------------------------------------------------------------+
; Global & Other Fast Signals                                                                                                            ;
+------+----------+---------+--------------------------------------+----------------------+------------------+---------------------------+
; Name ; Location ; Fan-Out ; Fan-Out Using Intentional Clock Skew ; Global Resource Used ; Global Line Name ; Enable Signal Source Name ;
+------+----------+---------+--------------------------------------+----------------------+------------------+---------------------------+
; clk  ; PIN_88   ; 3412    ; 176                                  ; Global Clock         ; GCLK9            ; --                        ;
+------+----------+---------+--------------------------------------+----------------------+------------------+---------------------------+


+-----------------------------------------+
; Non-Global High Fan-Out Signals         ;
+-------------------------------+---------+
; Name                          ; Fan-Out ;
+-------------------------------+---------+
; reset_sync:u_reset|sync_ff[2] ; 654     ;
+-------------------------------+---------+


+--------------------------------------------------------------------------------------------------------------------------------------------------------------------------------------------------------------------------------------------------------------------------------------------------------------------------------------------------------------------------------------------------------------------------------------------------------------------------------------------------------------------------------------------------------------------------------------------------------------------------------------------------------------------------------+
; Fitter RAM Summary                                                                                                                                                                                                                                                                                                                                                                                                                                                                                                                                                                                                                                                             ;
+-----------------------------------------------------------------------------------------------------------+------+------------------+--------------+--------------+--------------+--------------+--------------+------------------------+-------------------------+------------------------+-------------------------+-------+-----------------------------+-----------------------------+-----------------------------+-----------------------------+---------------------+------+------+--------------------------------------------------------+----------------------+------------------------+------------------------+----------+------------------------+---------------+
; Name                                                                                                      ; Type ; Mode             ; Clock Mode   ; Port A Depth ; Port A Width ; Port B Depth ; Port B Width ; Port A Input Registers ; Port A Output Registers ; Port B Input Registers ; Port B Output Registers ; Size  ; Implementation Port A Depth ; Implementation Port A Width ; Implementation Port B Depth ; Implementation Port B Width ; Implementation Bits ; M9Ks ; MIF  ; Location                                               ; Mixed Width RDW Mode ; Port A RDW Mode        ; Port B RDW Mode        ; ECC Mode ; ECC Pipeline Registers ; Fits in MLABs ;
+-----------------------------------------------------------------------------------------------------------+------+------------------+--------------+--------------+--------------+--------------+--------------+------------------------+-------------------------+------------------------+-------------------------+-------+-----------------------------+-----------------------------+-----------------------------+-----------------------------+---------------------+------+------+--------------------------------------------------------+----------------------+------------------------+------------------------+----------+------------------------+---------------+
; game_fsm:u_game|floodfill_engine:u_ff|altsyncram:fifo_mem_rtl_0|altsyncram_8ob1:auto_generated|ALTSYNCRAM ; AUTO ; Simple Dual Port ; Single Clock ; 256          ; 8            ; 256          ; 8            ; yes                    ; no                      ; yes                    ; no                      ; 2048  ; 256                         ; 8                           ; 256                         ; 8                           ; 2048                ; 1    ; None ; M9K_X26_Y5_N0                                          ; Don't care           ; New data with NBE Read ; New data with NBE Read ; Off      ; No                     ; No - Unknown  ;
; logo_ram:u_ram|altsyncram:mem_rtl_0|altsyncram_kgg1:auto_generated|ALTSYNCRAM                             ; AUTO ; Simple Dual Port ; Single Clock ; 2048         ; 16           ; 2048         ; 16           ; yes                    ; no                      ; yes                    ; no                      ; 32768 ; 2048                        ; 16                          ; 2048                        ; 16                          ; 32768               ; 4    ; None ; M9K_X8_Y7_N0, M9K_X8_Y8_N0, M9K_X5_Y7_N0, M9K_X5_Y8_N0 ; Old data             ; New data with NBE Read ; New data with NBE Read ; Off      ; No                     ; No - Unknown  ;
+-----------------------------------------------------------------------------------------------------------+------+------------------+--------------+--------------+--------------+--------------+--------------+------------------------+-------------------------+------------------------+-------------------------+-------+-----------------------------+-----------------------------+-----------------------------+-----------------------------+---------------------+------+------+--------------------------------------------------------+----------------------+------------------------+------------------------+----------+------------------------+---------------+
Note: Fitter may spread logical memories into multiple blocks to improve timing. The actual required RAM blocks can be found in the Fitter Resource Usage section.


+-----------------------------------------------------------------------------------------------+
; Fitter DSP Block Usage Summary                                                                ;
+---------------------------------------+-------------+---------------------+-------------------+
; Statistic                             ; Number Used ; Available per Block ; Maximum Available ;
+---------------------------------------+-------------+---------------------+-------------------+
; Simple Multipliers (9-bit)            ; 0           ; 2                   ; 48                ;
; Simple Multipliers (18-bit)           ; 4           ; 1                   ; 24                ;
; Embedded Multiplier Blocks            ; 4           ; --                  ; 24                ;
; Embedded Multiplier 9-bit elements    ; 8           ; 2                   ; 48                ;
; Signed Embedded Multipliers           ; 0           ; --                  ; --                ;
; Unsigned Embedded Multipliers         ; 4           ; --                  ; --                ;
; Mixed Sign Embedded Multipliers       ; 0           ; --                  ; --                ;
; Variable Sign Embedded Multipliers    ; 0           ; --                  ; --                ;
; Dedicated Input Shift Register Chains ; 0           ; --                  ; --                ;
+---------------------------------------+-------------+---------------------+-------------------+


+-----------------------------------------------------------------------------------------------------------------------------------------------------------------------------------------------------------------------------------------------------------------------------+
; DSP Block Details                                                                                                                                                                                                                                                           ;
+------------------------------------------------------------------------------+----------------------------+--------------------+---------------------+--------------------------------+-----------------------+-----------------------+-------------------+-----------------+
; Name                                                                         ; Mode                       ; Location           ; Sign Representation ; Has Input Shift Register Chain ; Data A Input Register ; Data B Input Register ; Pipeline Register ; Output Register ;
+------------------------------------------------------------------------------+----------------------------+--------------------+---------------------+--------------------------------+-----------------------+-----------------------+-------------------+-----------------+
; touch_controller:u_touch|lpm_mult:Mult1|mult_hrs:auto_generated|mac_out4     ; Simple Multiplier (18-bit) ; DSPOUT_X21_Y11_N2  ;                     ; No                             ;                       ;                       ;                   ; no              ;
;    touch_controller:u_touch|lpm_mult:Mult1|mult_hrs:auto_generated|mac_mult3 ;                            ; DSPMULT_X21_Y11_N0 ; Unsigned            ;                                ; no                    ; no                    ; no                ;                 ;
; touch_controller:u_touch|lpm_mult:Mult1|mult_hrs:auto_generated|w183w[0]     ; Simple Multiplier (18-bit) ; DSPOUT_X21_Y12_N2  ;                     ; No                             ;                       ;                       ;                   ; no              ;
;    touch_controller:u_touch|lpm_mult:Mult1|mult_hrs:auto_generated|mac_mult1 ;                            ; DSPMULT_X21_Y12_N0 ; Unsigned            ;                                ; no                    ; no                    ; no                ;                 ;
; touch_controller:u_touch|lpm_mult:Mult0|mult_jrs:auto_generated|mac_out4     ; Simple Multiplier (18-bit) ; DSPOUT_X21_Y14_N2  ;                     ; No                             ;                       ;                       ;                   ; no              ;
;    touch_controller:u_touch|lpm_mult:Mult0|mult_jrs:auto_generated|mac_mult3 ;                            ; DSPMULT_X21_Y14_N0 ; Unsigned            ;                                ; no                    ; no                    ; no                ;                 ;
; touch_controller:u_touch|lpm_mult:Mult0|mult_jrs:auto_generated|w188w[0]     ; Simple Multiplier (18-bit) ; DSPOUT_X21_Y13_N2  ;                     ; No                             ;                       ;                       ;                   ; no              ;
;    touch_controller:u_touch|lpm_mult:Mult0|mult_jrs:auto_generated|mac_mult1 ;                            ; DSPMULT_X21_Y13_N0 ; Unsigned            ;                                ; no                    ; no                    ; no                ;                 ;
+------------------------------------------------------------------------------+----------------------------+--------------------+---------------------+--------------------------------+-----------------------+-----------------------+-------------------+-----------------+


+--------------------------------------------------+
; Routing Usage Summary                            ;
+-----------------------+--------------------------+
; Routing Resource Type ; Usage                    ;
+-----------------------+--------------------------+
; Block interconnects   ; 11,095 / 27,275 ( 41 % ) ;
; C16 interconnects     ; 88 / 1,240 ( 7 % )       ;
; C4 interconnects      ; 5,868 / 20,832 ( 28 % )  ;
; Direct links          ; 1,216 / 27,275 ( 4 % )   ;
; Global clocks         ; 1 / 10 ( 10 % )          ;
; Local interconnects   ; 3,646 / 8,064 ( 45 % )   ;
; R24 interconnects     ; 80 / 1,320 ( 6 % )       ;
; R4 interconnects      ; 6,266 / 28,560 ( 22 % )  ;
+-----------------------+--------------------------+


+-----------------------------------------------------------------------------+
; LAB Logic Elements                                                          ;
+---------------------------------------------+-------------------------------+
; Number of Logic Elements  (Average = 14.19) ; Number of LABs  (Total = 498) ;
+---------------------------------------------+-------------------------------+
; 1                                           ; 2                             ;
; 2                                           ; 0                             ;
; 3                                           ; 2                             ;
; 4                                           ; 2                             ;
; 5                                           ; 3                             ;
; 6                                           ; 5                             ;
; 7                                           ; 8                             ;
; 8                                           ; 9                             ;
; 9                                           ; 20                            ;
; 10                                          ; 20                            ;
; 11                                          ; 11                            ;
; 12                                          ; 23                            ;
; 13                                          ; 23                            ;
; 14                                          ; 27                            ;
; 15                                          ; 65                            ;
; 16                                          ; 278                           ;
+---------------------------------------------+-------------------------------+


+--------------------------------------------------------------------+
; LAB-wide Signals                                                   ;
+------------------------------------+-------------------------------+
; LAB-wide Signals  (Average = 1.71) ; Number of LABs  (Total = 498) ;
+------------------------------------+-------------------------------+
; 1 Async. clear                     ; 2                             ;
; 1 Clock                            ; 464                           ;
; 1 Clock enable                     ; 149                           ;
; 1 Sync. clear                      ; 67                            ;
; 1 Sync. load                       ; 15                            ;
; 2 Clock enables                    ; 153                           ;
; 2 Clocks                           ; 1                             ;
+------------------------------------+-------------------------------+


+------------------------------------------------------------------------------+
; LAB Signals Sourced                                                          ;
+----------------------------------------------+-------------------------------+
; Number of Signals Sourced  (Average = 19.57) ; Number of LABs  (Total = 498) ;
+----------------------------------------------+-------------------------------+
; 0                                            ; 0                             ;
; 1                                            ; 0                             ;
; 2                                            ; 2                             ;
; 3                                            ; 1                             ;
; 4                                            ; 1                             ;
; 5                                            ; 3                             ;
; 6                                            ; 1                             ;
; 7                                            ; 2                             ;
; 8                                            ; 3                             ;
; 9                                            ; 5                             ;
; 10                                           ; 4                             ;
; 11                                           ; 9                             ;
; 12                                           ; 10                            ;
; 13                                           ; 17                            ;
; 14                                           ; 15                            ;
; 15                                           ; 18                            ;
; 16                                           ; 38                            ;
; 17                                           ; 33                            ;
; 18                                           ; 23                            ;
; 19                                           ; 40                            ;
; 20                                           ; 55                            ;
; 21                                           ; 43                            ;
; 22                                           ; 55                            ;
; 23                                           ; 18                            ;
; 24                                           ; 30                            ;
; 25                                           ; 17                            ;
; 26                                           ; 11                            ;
; 27                                           ; 13                            ;
; 28                                           ; 10                            ;
; 29                                           ; 5                             ;
; 30                                           ; 6                             ;
; 31                                           ; 6                             ;
; 32                                           ; 4                             ;
+----------------------------------------------+-------------------------------+


+---------------------------------------------------------------------------------+
; LAB Signals Sourced Out                                                         ;
+-------------------------------------------------+-------------------------------+
; Number of Signals Sourced Out  (Average = 9.18) ; Number of LABs  (Total = 498) ;
+-------------------------------------------------+-------------------------------+
; 0                                               ; 0                             ;
; 1                                               ; 11                            ;
; 2                                               ; 11                            ;
; 3                                               ; 20                            ;
; 4                                               ; 32                            ;
; 5                                               ; 26                            ;
; 6                                               ; 31                            ;
; 7                                               ; 36                            ;
; 8                                               ; 57                            ;
; 9                                               ; 50                            ;
; 10                                              ; 38                            ;
; 11                                              ; 30                            ;
; 12                                              ; 45                            ;
; 13                                              ; 28                            ;
; 14                                              ; 36                            ;
; 15                                              ; 17                            ;
; 16                                              ; 20                            ;
; 17                                              ; 5                             ;
; 18                                              ; 2                             ;
; 19                                              ; 2                             ;
; 20                                              ; 0                             ;
; 21                                              ; 0                             ;
; 22                                              ; 0                             ;
; 23                                              ; 0                             ;
; 24                                              ; 1                             ;
+-------------------------------------------------+-------------------------------+


+------------------------------------------------------------------------------+
; LAB Distinct Inputs                                                          ;
+----------------------------------------------+-------------------------------+
; Number of Distinct Inputs  (Average = 21.50) ; Number of LABs  (Total = 498) ;
+----------------------------------------------+-------------------------------+
; 0                                            ; 0                             ;
; 1                                            ; 0                             ;
; 2                                            ; 0                             ;
; 3                                            ; 6                             ;
; 4                                            ; 3                             ;
; 5                                            ; 3                             ;
; 6                                            ; 6                             ;
; 7                                            ; 8                             ;
; 8                                            ; 10                            ;
; 9                                            ; 12                            ;
; 10                                           ; 11                            ;
; 11                                           ; 5                             ;
; 12                                           ; 8                             ;
; 13                                           ; 16                            ;
; 14                                           ; 13                            ;
; 15                                           ; 17                            ;
; 16                                           ; 17                            ;
; 17                                           ; 20                            ;
; 18                                           ; 17                            ;
; 19                                           ; 22                            ;
; 20                                           ; 16                            ;
; 21                                           ; 19                            ;
; 22                                           ; 30                            ;
; 23                                           ; 29                            ;
; 24                                           ; 27                            ;
; 25                                           ; 19                            ;
; 26                                           ; 17                            ;
; 27                                           ; 14                            ;
; 28                                           ; 22                            ;
; 29                                           ; 22                            ;
; 30                                           ; 17                            ;
; 31                                           ; 16                            ;
; 32                                           ; 14                            ;
; 33                                           ; 15                            ;
; 34                                           ; 12                            ;
; 35                                           ; 7                             ;
; 36                                           ; 3                             ;
; 37                                           ; 5                             ;
+----------------------------------------------+-------------------------------+


+------------------------------------------+
; I/O Rules Summary                        ;
+----------------------------------+-------+
; I/O Rules Statistic              ; Total ;
+----------------------------------+-------+
; Total I/O Rules                  ; 30    ;
; Number of I/O Rules Passed       ; 9     ;
; Number of I/O Rules Failed       ; 0     ;
; Number of I/O Rules Unchecked    ; 0     ;
; Number of I/O Rules Inapplicable ; 21    ;
+----------------------------------+-------+


+--------------------------------------------------------------------------------------------------------------------------------------------------------------------------------------------------------------------------------------------------------------------------------------+
; I/O Rules Details                                                                                                                                                                                                                                                                    ;
+--------------+-----------+-----------------------------------+------------------------------------------------------------------------------------------------------+----------+--------------------------------------------------------------------------+------+-------------------+
; Status       ; ID        ; Category                          ; Rule Description                                                                                     ; Severity ; Information                                                              ; Area ; Extra Information ;
+--------------+-----------+-----------------------------------+------------------------------------------------------------------------------------------------------+----------+--------------------------------------------------------------------------+------+-------------------+
; Pass         ; IO_000001 ; Capacity Checks                   ; Number of pins in an I/O bank should not exceed the number of locations available.                   ; Critical ; 0 such failures found.                                                   ; I/O  ;                   ;
; Inapplicable ; IO_000002 ; Capacity Checks                   ; Number of clocks in an I/O bank should not exceed the number of clocks available.                    ; Critical ; No Global Signal assignments found.                                      ; I/O  ;                   ;
; Pass         ; IO_000003 ; Capacity Checks                   ; Number of pins in a Vrefgroup should not exceed the number of locations available.                   ; Critical ; 0 such failures found.                                                   ; I/O  ;                   ;
; Inapplicable ; IO_000004 ; Voltage Compatibility Checks      ; The I/O bank should support the requested VCCIO.                                                     ; Critical ; No IOBANK_VCCIO assignments found.                                       ; I/O  ;                   ;
; Inapplicable ; IO_000005 ; Voltage Compatibility Checks      ; The I/O bank should not have competing VREF values.                                                  ; Critical ; No VREF I/O Standard assignments found.                                  ; I/O  ;                   ;
; Pass         ; IO_000006 ; Voltage Compatibility Checks      ; The I/O bank should not have competing VCCIO values.                                                 ; Critical ; 0 such failures found.                                                   ; I/O  ;                   ;
; Pass         ; IO_000007 ; Valid Location Checks             ; Checks for unavailable locations.                                                                    ; Critical ; 0 such failures found.                                                   ; I/O  ;                   ;
; Inapplicable ; IO_000008 ; Valid Location Checks             ; Checks for reserved locations.                                                                       ; Critical ; No reserved LogicLock region found.                                      ; I/O  ;                   ;
; Pass         ; IO_000009 ; I/O Properties Checks for One I/O ; The location should support the requested I/O standard.                                              ; Critical ; 0 such failures found.                                                   ; I/O  ;                   ;
; Pass         ; IO_000010 ; I/O Properties Checks for One I/O ; The location should support the requested I/O direction.                                             ; Critical ; 0 such failures found.                                                   ; I/O  ;                   ;
; Inapplicable ; IO_000011 ; I/O Properties Checks for One I/O ; The location should support the requested Current Strength.                                          ; Critical ; No Current Strength assignments found.                                   ; I/O  ;                   ;
; Inapplicable ; IO_000012 ; I/O Properties Checks for One I/O ; The location should support the requested On Chip Termination value.                                 ; Critical ; No Termination assignments found.                                        ; I/O  ;                   ;
; Inapplicable ; IO_000013 ; I/O Properties Checks for One I/O ; The location should support the requested Bus Hold value.                                            ; Critical ; No Enable Bus-Hold Circuitry assignments found.                          ; I/O  ;                   ;
; Inapplicable ; IO_000014 ; I/O Properties Checks for One I/O ; The location should support the requested Weak Pull Up value.                                        ; Critical ; No Weak Pull-Up Resistor assignments found.                              ; I/O  ;                   ;
; Pass         ; IO_000015 ; I/O Properties Checks for One I/O ; The location should support the requested PCI Clamp Diode.                                           ; Critical ; 0 such failures found.                                                   ; I/O  ;                   ;
; Inapplicable ; IO_000018 ; I/O Properties Checks for One I/O ; The I/O standard should support the requested Current Strength.                                      ; Critical ; No Current Strength assignments found.                                   ; I/O  ;                   ;
; Inapplicable ; IO_000019 ; I/O Properties Checks for One I/O ; The I/O standard should support the requested On Chip Termination value.                             ; Critical ; No Termination assignments found.                                        ; I/O  ;                   ;
; Pass         ; IO_000020 ; I/O Properties Checks for One I/O ; The I/O standard should support the requested PCI Clamp Diode.                                       ; Critical ; 0 such failures found.                                                   ; I/O  ;                   ;
; Inapplicable ; IO_000021 ; I/O Properties Checks for One I/O ; The I/O standard should support the requested Weak Pull Up value.                                    ; Critical ; No Weak Pull-Up Resistor assignments found.                              ; I/O  ;                   ;
; Inapplicable ; IO_000022 ; I/O Properties Checks for One I/O ; The I/O standard should support the requested Bus Hold value.                                        ; Critical ; No Enable Bus-Hold Circuitry assignments found.                          ; I/O  ;                   ;
; Inapplicable ; IO_000023 ; I/O Properties Checks for One I/O ; The I/O standard should support the Open Drain value.                                                ; Critical ; No open drain assignments found.                                         ; I/O  ;                   ;
; Inapplicable ; IO_000024 ; I/O Properties Checks for One I/O ; The I/O direction should support the On Chip Termination value.                                      ; Critical ; No Termination assignments found.                                        ; I/O  ;                   ;
; Inapplicable ; IO_000026 ; I/O Properties Checks for One I/O ; On Chip Termination and Current Strength should not be used at the same time.                        ; Critical ; No Current Strength or Termination assignments found.                    ; I/O  ;                   ;
; Inapplicable ; IO_000027 ; I/O Properties Checks for One I/O ; Weak Pull Up and Bus Hold should not be used at the same time.                                       ; Critical ; No Enable Bus-Hold Circuitry or Weak Pull-Up Resistor assignments found. ; I/O  ;                   ;
; Inapplicable ; IO_000045 ; I/O Properties Checks for One I/O ; The I/O standard should support the requested Slew Rate value.                                       ; Critical ; No Slew Rate assignments found.                                          ; I/O  ;                   ;
; Inapplicable ; IO_000046 ; I/O Properties Checks for One I/O ; The location should support the requested Slew Rate value.                                           ; Critical ; No Slew Rate assignments found.                                          ; I/O  ;                   ;
; Inapplicable ; IO_000047 ; I/O Properties Checks for One I/O ; On Chip Termination and Slew Rate should not be used at the same time.                               ; Critical ; No Slew Rate assignments found.                                          ; I/O  ;                   ;
; Pass         ; IO_000033 ; Electromigration Checks           ; Current density for consecutive I/Os should not exceed 160mA for row I/Os and 160mA for column I/Os. ; Critical ; 0 such failures found.                                                   ; I/O  ;                   ;
; Inapplicable ; IO_000034 ; SI Related Distance Checks        ; Single-ended outputs should be 5 LAB row(s) away from a differential I/O.                            ; High     ; No Differential I/O Standard assignments found.                          ; I/O  ;                   ;
; Inapplicable ; IO_000042 ; SI Related SSO Limit Checks       ; No more than 20 outputs are allowed in a VREF group when VREF is being read from.                    ; High     ; No VREF I/O Standard assignments found.                                  ; I/O  ;                   ;
+--------------+-----------+-----------------------------------+------------------------------------------------------------------------------------------------------+----------+--------------------------------------------------------------------------+------+-------------------+


+-----------------------------------------------------------------------------------------------------------------------------------------------------------------------------------------------------------------------------------------------------------------------------------------------------------------------------------------------------------------------------------------------------------------------------------------------------------------+
; I/O Rules Matrix                                                                                                                                                                                                                                                                                                                                                                                                                                                ;
+--------------------+-----------+--------------+-----------+--------------+--------------+-----------+-----------+--------------+-----------+-----------+--------------+--------------+--------------+--------------+--------------+--------------+--------------+--------------+--------------+--------------+--------------+--------------+--------------+--------------+--------------+--------------+--------------+-----------+--------------+--------------+
; Pin/Rules          ; IO_000001 ; IO_000002    ; IO_000003 ; IO_000004    ; IO_000005    ; IO_000006 ; IO_000007 ; IO_000008    ; IO_000009 ; IO_000010 ; IO_000011    ; IO_000012    ; IO_000013    ; IO_000014    ; IO_000015    ; IO_000018    ; IO_000019    ; IO_000020    ; IO_000021    ; IO_000022    ; IO_000023    ; IO_000024    ; IO_000026    ; IO_000027    ; IO_000045    ; IO_000046    ; IO_000047    ; IO_000033 ; IO_000034    ; IO_000042    ;
+--------------------+-----------+--------------+-----------+--------------+--------------+-----------+-----------+--------------+-----------+-----------+--------------+--------------+--------------+--------------+--------------+--------------+--------------+--------------+--------------+--------------+--------------+--------------+--------------+--------------+--------------+--------------+--------------+-----------+--------------+--------------+
; Total Pass         ; 25        ; 0            ; 25        ; 0            ; 0            ; 25        ; 25        ; 0            ; 25        ; 25        ; 0            ; 0            ; 0            ; 0            ; 7            ; 0            ; 0            ; 7            ; 0            ; 0            ; 0            ; 0            ; 0            ; 0            ; 0            ; 0            ; 0            ; 25        ; 0            ; 0            ;
; Total Unchecked    ; 0         ; 0            ; 0         ; 0            ; 0            ; 0         ; 0         ; 0            ; 0         ; 0         ; 0            ; 0            ; 0            ; 0            ; 0            ; 0            ; 0            ; 0            ; 0            ; 0            ; 0            ; 0            ; 0            ; 0            ; 0            ; 0            ; 0            ; 0         ; 0            ; 0            ;
; Total Inapplicable ; 0         ; 25           ; 0         ; 25           ; 25           ; 0         ; 0         ; 25           ; 0         ; 0         ; 25           ; 25           ; 25           ; 25           ; 18           ; 25           ; 25           ; 18           ; 25           ; 25           ; 25           ; 25           ; 25           ; 25           ; 25           ; 25           ; 25           ; 0         ; 25           ; 25           ;
; Total Fail         ; 0         ; 0            ; 0         ; 0            ; 0            ; 0         ; 0         ; 0            ; 0         ; 0         ; 0            ; 0            ; 0            ; 0            ; 0            ; 0            ; 0            ; 0            ; 0            ; 0            ; 0            ; 0            ; 0            ; 0            ; 0            ; 0            ; 0            ; 0         ; 0            ; 0            ;
; sw1                ; Pass      ; Inapplicable ; Pass      ; Inapplicable ; Inapplicable ; Pass      ; Pass      ; Inapplicable ; Pass      ; Pass      ; Inapplicable ; Inapplicable ; Inapplicable ; Inapplicable ; Pass         ; Inapplicable ; Inapplicable ; Pass         ; Inapplicable ; Inapplicable ; Inapplicable ; Inapplicable ; Inapplicable ; Inapplicable ; Inapplicable ; Inapplicable ; Inapplicable ; Pass      ; Inapplicable ; Inapplicable ;
; sw2                ; Pass      ; Inapplicable ; Pass      ; Inapplicable ; Inapplicable ; Pass      ; Pass      ; Inapplicable ; Pass      ; Pass      ; Inapplicable ; Inapplicable ; Inapplicable ; Inapplicable ; Pass         ; Inapplicable ; Inapplicable ; Pass         ; Inapplicable ; Inapplicable ; Inapplicable ; Inapplicable ; Inapplicable ; Inapplicable ; Inapplicable ; Inapplicable ; Inapplicable ; Pass      ; Inapplicable ; Inapplicable ;
; lcd_cs             ; Pass      ; Inapplicable ; Pass      ; Inapplicable ; Inapplicable ; Pass      ; Pass      ; Inapplicable ; Pass      ; Pass      ; Inapplicable ; Inapplicable ; Inapplicable ; Inapplicable ; Inapplicable ; Inapplicable ; Inapplicable ; Inapplicable ; Inapplicable ; Inapplicable ; Inapplicable ; Inapplicable ; Inapplicable ; Inapplicable ; Inapplicable ; Inapplicable ; Inapplicable ; Pass      ; Inapplicable ; Inapplicable ;
; lcd_mosi           ; Pass      ; Inapplicable ; Pass      ; Inapplicable ; Inapplicable ; Pass      ; Pass      ; Inapplicable ; Pass      ; Pass      ; Inapplicable ; Inapplicable ; Inapplicable ; Inapplicable ; Inapplicable ; Inapplicable ; Inapplicable ; Inapplicable ; Inapplicable ; Inapplicable ; Inapplicable ; Inapplicable ; Inapplicable ; Inapplicable ; Inapplicable ; Inapplicable ; Inapplicable ; Pass      ; Inapplicable ; Inapplicable ;
; lcd_sck            ; Pass      ; Inapplicable ; Pass      ; Inapplicable ; Inapplicable ; Pass      ; Pass      ; Inapplicable ; Pass      ; Pass      ; Inapplicable ; Inapplicable ; Inapplicable ; Inapplicable ; Inapplicable ; Inapplicable ; Inapplicable ; Inapplicable ; Inapplicable ; Inapplicable ; Inapplicable ; Inapplicable ; Inapplicable ; Inapplicable ; Inapplicable ; Inapplicable ; Inapplicable ; Pass      ; Inapplicable ; Inapplicable ;
; lcd_dc             ; Pass      ; Inapplicable ; Pass      ; Inapplicable ; Inapplicable ; Pass      ; Pass      ; Inapplicable ; Pass      ; Pass      ; Inapplicable ; Inapplicable ; Inapplicable ; Inapplicable ; Inapplicable ; Inapplicable ; Inapplicable ; Inapplicable ; Inapplicable ; Inapplicable ; Inapplicable ; Inapplicable ; Inapplicable ; Inapplicable ; Inapplicable ; Inapplicable ; Inapplicable ; Pass      ; Inapplicable ; Inapplicable ;
; touch_cs           ; Pass      ; Inapplicable ; Pass      ; Inapplicable ; Inapplicable ; Pass      ; Pass      ; Inapplicable ; Pass      ; Pass      ; Inapplicable ; Inapplicable ; Inapplicable ; Inapplicable ; Inapplicable ; Inapplicable ; Inapplicable ; Inapplicable ; Inapplicable ; Inapplicable ; Inapplicable ; Inapplicable ; Inapplicable ; Inapplicable ; Inapplicable ; Inapplicable ; Inapplicable ; Pass      ; Inapplicable ; Inapplicable ;
; touch_mosi         ; Pass      ; Inapplicable ; Pass      ; Inapplicable ; Inapplicable ; Pass      ; Pass      ; Inapplicable ; Pass      ; Pass      ; Inapplicable ; Inapplicable ; Inapplicable ; Inapplicable ; Inapplicable ; Inapplicable ; Inapplicable ; Inapplicable ; Inapplicable ; Inapplicable ; Inapplicable ; Inapplicable ; Inapplicable ; Inapplicable ; Inapplicable ; Inapplicable ; Inapplicable ; Pass      ; Inapplicable ; Inapplicable ;
; touch_sck          ; Pass      ; Inapplicable ; Pass      ; Inapplicable ; Inapplicable ; Pass      ; Pass      ; Inapplicable ; Pass      ; Pass      ; Inapplicable ; Inapplicable ; Inapplicable ; Inapplicable ; Inapplicable ; Inapplicable ; Inapplicable ; Inapplicable ; Inapplicable ; Inapplicable ; Inapplicable ; Inapplicable ; Inapplicable ; Inapplicable ; Inapplicable ; Inapplicable ; Inapplicable ; Pass      ; Inapplicable ; Inapplicable ;
; alt_cs             ; Pass      ; Inapplicable ; Pass      ; Inapplicable ; Inapplicable ; Pass      ; Pass      ; Inapplicable ; Pass      ; Pass      ; Inapplicable ; Inapplicable ; Inapplicable ; Inapplicable ; Inapplicable ; Inapplicable ; Inapplicable ; Inapplicable ; Inapplicable ; Inapplicable ; Inapplicable ; Inapplicable ; Inapplicable ; Inapplicable ; Inapplicable ; Inapplicable ; Inapplicable ; Pass      ; Inapplicable ; Inapplicable ;
; alt_mosi           ; Pass      ; Inapplicable ; Pass      ; Inapplicable ; Inapplicable ; Pass      ; Pass      ; Inapplicable ; Pass      ; Pass      ; Inapplicable ; Inapplicable ; Inapplicable ; Inapplicable ; Inapplicable ; Inapplicable ; Inapplicable ; Inapplicable ; Inapplicable ; Inapplicable ; Inapplicable ; Inapplicable ; Inapplicable ; Inapplicable ; Inapplicable ; Inapplicable ; Inapplicable ; Pass      ; Inapplicable ; Inapplicable ;
; alt_sck            ; Pass      ; Inapplicable ; Pass      ; Inapplicable ; Inapplicable ; Pass      ; Pass      ; Inapplicable ; Pass      ; Pass      ; Inapplicable ; Inapplicable ; Inapplicable ; Inapplicable ; Inapplicable ; Inapplicable ; Inapplicable ; Inapplicable ; Inapplicable ; Inapplicable ; Inapplicable ; Inapplicable ; Inapplicable ; Inapplicable ; Inapplicable ; Inapplicable ; Inapplicable ; Pass      ; Inapplicable ; Inapplicable ;
; fr_cs              ; Pass      ; Inapplicable ; Pass      ; Inapplicable ; Inapplicable ; Pass      ; Pass      ; Inapplicable ; Pass      ; Pass      ; Inapplicable ; Inapplicable ; Inapplicable ; Inapplicable ; Inapplicable ; Inapplicable ; Inapplicable ; Inapplicable ; Inapplicable ; Inapplicable ; Inapplicable ; Inapplicable ; Inapplicable ; Inapplicable ; Inapplicable ; Inapplicable ; Inapplicable ; Pass      ; Inapplicable ; Inapplicable ;
; fr_mosi            ; Pass      ; Inapplicable ; Pass      ; Inapplicable ; Inapplicable ; Pass      ; Pass      ; Inapplicable ; Pass      ; Pass      ; Inapplicable ; Inapplicable ; Inapplicable ; Inapplicable ; Inapplicable ; Inapplicable ; Inapplicable ; Inapplicable ; Inapplicable ; Inapplicable ; Inapplicable ; Inapplicable ; Inapplicable ; Inapplicable ; Inapplicable ; Inapplicable ; Inapplicable ; Pass      ; Inapplicable ; Inapplicable ;
; fr_sck             ; Pass      ; Inapplicable ; Pass      ; Inapplicable ; Inapplicable ; Pass      ; Pass      ; Inapplicable ; Pass      ; Pass      ; Inapplicable ; Inapplicable ; Inapplicable ; Inapplicable ; Inapplicable ; Inapplicable ; Inapplicable ; Inapplicable ; Inapplicable ; Inapplicable ; Inapplicable ; Inapplicable ; Inapplicable ; Inapplicable ; Inapplicable ; Inapplicable ; Inapplicable ; Pass      ; Inapplicable ; Inapplicable ;
; led                ; Pass      ; Inapplicable ; Pass      ; Inapplicable ; Inapplicable ; Pass      ; Pass      ; Inapplicable ; Pass      ; Pass      ; Inapplicable ; Inapplicable ; Inapplicable ; Inapplicable ; Inapplicable ; Inapplicable ; Inapplicable ; Inapplicable ; Inapplicable ; Inapplicable ; Inapplicable ; Inapplicable ; Inapplicable ; Inapplicable ; Inapplicable ; Inapplicable ; Inapplicable ; Pass      ; Inapplicable ; Inapplicable ;
; led0               ; Pass      ; Inapplicable ; Pass      ; Inapplicable ; Inapplicable ; Pass      ; Pass      ; Inapplicable ; Pass      ; Pass      ; Inapplicable ; Inapplicable ; Inapplicable ; Inapplicable ; Inapplicable ; Inapplicable ; Inapplicable ; Inapplicable ; Inapplicable ; Inapplicable ; Inapplicable ; Inapplicable ; Inapplicable ; Inapplicable ; Inapplicable ; Inapplicable ; Inapplicable ; Pass      ; Inapplicable ; Inapplicable ;
; led1               ; Pass      ; Inapplicable ; Pass      ; Inapplicable ; Inapplicable ; Pass      ; Pass      ; Inapplicable ; Pass      ; Pass      ; Inapplicable ; Inapplicable ; Inapplicable ; Inapplicable ; Inapplicable ; Inapplicable ; Inapplicable ; Inapplicable ; Inapplicable ; Inapplicable ; Inapplicable ; Inapplicable ; Inapplicable ; Inapplicable ; Inapplicable ; Inapplicable ; Inapplicable ; Pass      ; Inapplicable ; Inapplicable ;
; led2               ; Pass      ; Inapplicable ; Pass      ; Inapplicable ; Inapplicable ; Pass      ; Pass      ; Inapplicable ; Pass      ; Pass      ; Inapplicable ; Inapplicable ; Inapplicable ; Inapplicable ; Inapplicable ; Inapplicable ; Inapplicable ; Inapplicable ; Inapplicable ; Inapplicable ; Inapplicable ; Inapplicable ; Inapplicable ; Inapplicable ; Inapplicable ; Inapplicable ; Inapplicable ; Pass      ; Inapplicable ; Inapplicable ;
; led3               ; Pass      ; Inapplicable ; Pass      ; Inapplicable ; Inapplicable ; Pass      ; Pass      ; Inapplicable ; Pass      ; Pass      ; Inapplicable ; Inapplicable ; Inapplicable ; Inapplicable ; Inapplicable ; Inapplicable ; Inapplicable ; Inapplicable ; Inapplicable ; Inapplicable ; Inapplicable ; Inapplicable ; Inapplicable ; Inapplicable ; Inapplicable ; Inapplicable ; Inapplicable ; Pass      ; Inapplicable ; Inapplicable ;
; clk                ; Pass      ; Inapplicable ; Pass      ; Inapplicable ; Inapplicable ; Pass      ; Pass      ; Inapplicable ; Pass      ; Pass      ; Inapplicable ; Inapplicable ; Inapplicable ; Inapplicable ; Pass         ; Inapplicable ; Inapplicable ; Pass         ; Inapplicable ; Inapplicable ; Inapplicable ; Inapplicable ; Inapplicable ; Inapplicable ; Inapplicable ; Inapplicable ; Inapplicable ; Pass      ; Inapplicable ; Inapplicable ;
; touch_miso         ; Pass      ; Inapplicable ; Pass      ; Inapplicable ; Inapplicable ; Pass      ; Pass      ; Inapplicable ; Pass      ; Pass      ; Inapplicable ; Inapplicable ; Inapplicable ; Inapplicable ; Pass         ; Inapplicable ; Inapplicable ; Pass         ; Inapplicable ; Inapplicable ; Inapplicable ; Inapplicable ; Inapplicable ; Inapplicable ; Inapplicable ; Inapplicable ; Inapplicable ; Pass      ; Inapplicable ; Inapplicable ;
; touch_miso_fr      ; Pass      ; Inapplicable ; Pass      ; Inapplicable ; Inapplicable ; Pass      ; Pass      ; Inapplicable ; Pass      ; Pass      ; Inapplicable ; Inapplicable ; Inapplicable ; Inapplicable ; Pass         ; Inapplicable ; Inapplicable ; Pass         ; Inapplicable ; Inapplicable ; Inapplicable ; Inapplicable ; Inapplicable ; Inapplicable ; Inapplicable ; Inapplicable ; Inapplicable ; Pass      ; Inapplicable ; Inapplicable ;
; touch_miso_alt     ; Pass      ; Inapplicable ; Pass      ; Inapplicable ; Inapplicable ; Pass      ; Pass      ; Inapplicable ; Pass      ; Pass      ; Inapplicable ; Inapplicable ; Inapplicable ; Inapplicable ; Pass         ; Inapplicable ; Inapplicable ; Pass         ; Inapplicable ; Inapplicable ; Inapplicable ; Inapplicable ; Inapplicable ; Inapplicable ; Inapplicable ; Inapplicable ; Inapplicable ; Pass      ; Inapplicable ; Inapplicable ;
; btn_rst            ; Pass      ; Inapplicable ; Pass      ; Inapplicable ; Inapplicable ; Pass      ; Pass      ; Inapplicable ; Pass      ; Pass      ; Inapplicable ; Inapplicable ; Inapplicable ; Inapplicable ; Pass         ; Inapplicable ; Inapplicable ; Pass         ; Inapplicable ; Inapplicable ; Inapplicable ; Inapplicable ; Inapplicable ; Inapplicable ; Inapplicable ; Inapplicable ; Inapplicable ; Pass      ; Inapplicable ; Inapplicable ;
+--------------------+-----------+--------------+-----------+--------------+--------------+-----------+-----------+--------------+-----------+-----------+--------------+--------------+--------------+--------------+--------------+--------------+--------------+--------------+--------------+--------------+--------------+--------------+--------------+--------------+--------------+--------------+--------------+-----------+--------------+--------------+


+-------------------------------------------------------------------------------------------+
; Fitter Device Options                                                                     ;
+------------------------------------------------------------------+------------------------+
; Option                                                           ; Setting                ;
+------------------------------------------------------------------+------------------------+
; Enable user-supplied start-up clock (CLKUSR)                     ; Off                    ;
; Enable device-wide reset (DEV_CLRn)                              ; Off                    ;
; Enable device-wide output enable (DEV_OE)                        ; Off                    ;
; Enable INIT_DONE output                                          ; Off                    ;
; Configuration scheme                                             ; Internal Configuration ;
; Enable Error Detection CRC_ERROR pin                             ; Off                    ;
; Enable open drain on CRC_ERROR pin                               ; Off                    ;
; Enable nCONFIG, nSTATUS, and CONF_DONE pins                      ; On                     ;
; Enable JTAG pin sharing                                          ; Off                    ;
; Enable nCE pin                                                   ; Off                    ;
; Enable CONFIG_SEL pin                                            ; Off                    ;
; Enable input tri-state on active configuration pins in user mode ; Off                    ;
; Configuration Voltage Level                                      ; Auto                   ;
; Force Configuration Voltage Level                                ; Off                    ;
; Data[0]                                                          ; Unreserved             ;
; Data[1]/ASDO                                                     ; Unreserved             ;
; FLASH_nCE/nCSO                                                   ; Unreserved             ;
; DCLK                                                             ; Unreserved             ;
+------------------------------------------------------------------+------------------------+


+------------------------------------+
; Operating Settings and Conditions  ;
+---------------------------+--------+
; Setting                   ; Value  ;
+---------------------------+--------+
; Nominal Core Voltage      ; 1.20 V ;
; Low Junction Temperature  ; 0 °C   ;
; High Junction Temperature ; 85 °C  ;
+---------------------------+--------+


+------------------------------------------------------------+
; Estimated Delay Added for Hold Timing Summary              ;
+-----------------+----------------------+-------------------+
; Source Clock(s) ; Destination Clock(s) ; Delay Added in ns ;
+-----------------+----------------------+-------------------+
; clk             ; clk                  ; 17.5              ;
+-----------------+----------------------+-------------------+
Note: For more information on problematic transfers, consider running the Fitter again with the Optimize hold timing option (Settings Menu) turned off.
This will disable optimization of problematic paths and expose them for further analysis using the Timing Analyzer.


+-------------------------------------------------------------------------------------------------------------------------------------------------------------------------------------------------------------------------------------------------------------------------------------------------------+
; Estimated Delay Added for Hold Timing Details                                                                                                                                                                                                                                                         ;
+----------------------------------------------------------------------------------------------------------------------------------------------+------------------------------------------------------------------------------------------------------------------------------------+-------------------+
; Source Register                                                                                                                              ; Destination Register                                                                                                               ; Delay Added in ns ;
+----------------------------------------------------------------------------------------------------------------------------------------------+------------------------------------------------------------------------------------------------------------------------------------+-------------------+
; logo_flash:u_ufm|altera_onchip_flash:ufm|altera_onchip_flash_avmm_data_controller:avmm_data_controller|erase_state.ERASE_STATE_IDLE          ; logo_flash:u_ufm|altera_onchip_flash:ufm|altera_onchip_flash_block:altera_onchip_flash_block|ufm_block~XE_YE_TO_CLK                ; 1.427             ;
; logo_flash:u_ufm|altera_onchip_flash:ufm|altera_onchip_flash_avmm_data_controller:avmm_data_controller|read_state.READ_STATE_IDLE            ; logo_flash:u_ufm|altera_onchip_flash:ufm|altera_onchip_flash_block:altera_onchip_flash_block|ufm_block~XE_YE_TO_CLK                ; 1.388             ;
; ufm_bootloader:u_boot|flash_read                                                                                                             ; logo_flash:u_ufm|altera_onchip_flash:ufm|altera_onchip_flash_block:altera_onchip_flash_block|ufm_block~XE_YE_TO_CLK                ; 1.252             ;
; logo_flash:u_ufm|altera_onchip_flash:ufm|altera_onchip_flash_avmm_data_controller:avmm_data_controller|read_state.READ_STATE_FINAL           ; logo_flash:u_ufm|altera_onchip_flash:ufm|altera_onchip_flash_avmm_data_controller:avmm_data_controller|enable_drclk_neg_pos_reg    ; 0.871             ;
; ufm_bootloader:u_boot|ram_wr_data[6]                                                                                                         ; logo_ram:u_ram|altsyncram:mem_rtl_0|altsyncram_kgg1:auto_generated|ram_block1a6~porta_datain_reg0                                  ; 0.447             ;
; ufm_bootloader:u_boot|ram_wr_data[7]                                                                                                         ; logo_ram:u_ram|altsyncram:mem_rtl_0|altsyncram_kgg1:auto_generated|ram_block1a7~porta_datain_reg0                                  ; 0.446             ;
; ufm_bootloader:u_boot|ram_wr_addr[1]                                                                                                         ; logo_ram:u_ram|altsyncram:mem_rtl_0|altsyncram_kgg1:auto_generated|ram_block1a1~porta_address_reg0                                 ; 0.323             ;
; logo_flash:u_ufm|altera_onchip_flash:ufm|altera_onchip_flash_avmm_csr_controller:avmm_csr_controller|reset_n_reg2                            ; logo_flash:u_ufm|altera_onchip_flash:ufm|altera_onchip_flash_avmm_data_controller:avmm_data_controller|enable_drclk_neg_pos_reg    ; 0.319             ;
; ufm_bootloader:u_boot|ram_wr_addr[3]                                                                                                         ; logo_ram:u_ram|altsyncram:mem_rtl_0|altsyncram_kgg1:auto_generated|ram_block1a1~porta_address_reg0                                 ; 0.315             ;
; ufm_bootloader:u_boot|ram_wr_addr[5]                                                                                                         ; logo_ram:u_ram|altsyncram:mem_rtl_0|altsyncram_kgg1:auto_generated|ram_block1a1~porta_address_reg0                                 ; 0.315             ;
; ufm_bootloader:u_boot|ram_wr_addr[7]                                                                                                         ; logo_ram:u_ram|altsyncram:mem_rtl_0|altsyncram_kgg1:auto_generated|ram_block1a1~porta_address_reg0                                 ; 0.315             ;
; ufm_bootloader:u_boot|ram_wr_addr[9]                                                                                                         ; logo_ram:u_ram|altsyncram:mem_rtl_0|altsyncram_kgg1:auto_generated|ram_block1a1~porta_address_reg0                                 ; 0.315             ;
; ufm_bootloader:u_boot|ram_wr_addr[0]                                                                                                         ; logo_ram:u_ram|altsyncram:mem_rtl_0|altsyncram_kgg1:auto_generated|ram_block1a5~porta_address_reg0                                 ; 0.305             ;
; ufm_bootloader:u_boot|ram_wr_addr[2]                                                                                                         ; logo_ram:u_ram|altsyncram:mem_rtl_0|altsyncram_kgg1:auto_generated|ram_block1a5~porta_address_reg0                                 ; 0.305             ;
; ufm_bootloader:u_boot|ram_wr_addr[4]                                                                                                         ; logo_ram:u_ram|altsyncram:mem_rtl_0|altsyncram_kgg1:auto_generated|ram_block1a1~porta_address_reg0                                 ; 0.291             ;
; ufm_bootloader:u_boot|ram_wr_addr[6]                                                                                                         ; logo_ram:u_ram|altsyncram:mem_rtl_0|altsyncram_kgg1:auto_generated|ram_block1a1~porta_address_reg0                                 ; 0.291             ;
; ufm_bootloader:u_boot|ram_wr_addr[8]                                                                                                         ; logo_ram:u_ram|altsyncram:mem_rtl_0|altsyncram_kgg1:auto_generated|ram_block1a1~porta_address_reg0                                 ; 0.291             ;
; lcd_ili9341_ctrl:u_lcd|pix_x[5]                                                                                                              ; lcd_renderer:u_render|pxa[5]                                                                                                       ; 0.184             ;
; touch_controller:u_touch|shift_in[8]                                                                                                         ; touch_controller:u_touch|spi_result[8]                                                                                             ; 0.184             ;
; touch_controller:u_touch|shift_in[9]                                                                                                         ; touch_controller:u_touch|spi_result[9]                                                                                             ; 0.184             ;
; touch_controller:u_touch|shift_in[11]                                                                                                        ; touch_controller:u_touch|spi_result[11]                                                                                            ; 0.184             ;
; logo_flash:u_ufm|altera_onchip_flash:ufm|altera_onchip_flash_avmm_data_controller:avmm_data_controller|avmm_readdata[10]                     ; ufm_bootloader:u_boot|ram_wr_data[10]                                                                                              ; 0.183             ;
; logo_flash:u_ufm|altera_onchip_flash:ufm|altera_onchip_flash_avmm_data_controller:avmm_data_controller|avmm_readdata[11]                     ; ufm_bootloader:u_boot|ram_wr_data[11]                                                                                              ; 0.183             ;
; logo_flash:u_ufm|altera_onchip_flash:ufm|altera_onchip_flash_avmm_data_controller:avmm_data_controller|avmm_readdata[12]                     ; ufm_bootloader:u_boot|ram_wr_data[12]                                                                                              ; 0.183             ;
; logo_flash:u_ufm|altera_onchip_flash:ufm|altera_onchip_flash_avmm_data_controller:avmm_data_controller|avmm_readdata[13]                     ; ufm_bootloader:u_boot|ram_wr_data[13]                                                                                              ; 0.183             ;
; logo_flash:u_ufm|altera_onchip_flash:ufm|altera_onchip_flash_avmm_data_controller:avmm_data_controller|avmm_readdata[14]                     ; ufm_bootloader:u_boot|ram_wr_data[14]                                                                                              ; 0.183             ;
; logo_flash:u_ufm|altera_onchip_flash:ufm|altera_onchip_flash_avmm_data_controller:avmm_data_controller|avmm_readdata[15]                     ; ufm_bootloader:u_boot|ram_wr_data[15]                                                                                              ; 0.183             ;
; game_fsm:u_game|rng_generator:u_rng|rng[0]                                                                                                   ; game_fsm:u_game|rng_generator:u_rng|rng[1]                                                                                         ; 0.174             ;
; logo_flash:u_ufm|altera_onchip_flash:ufm|altera_onchip_flash_avmm_data_controller:avmm_data_controller|flash_seq_read_ardin[7]               ; logo_flash:u_ufm|altera_onchip_flash:ufm|altera_onchip_flash_avmm_data_controller:avmm_data_controller|flash_page_addr[7]          ; 0.172             ;
; logo_flash:u_ufm|altera_onchip_flash:ufm|altera_onchip_flash_avmm_data_controller:avmm_data_controller|flash_seq_read_ardin[4]               ; logo_flash:u_ufm|altera_onchip_flash:ufm|altera_onchip_flash_avmm_data_controller:avmm_data_controller|flash_page_addr[4]          ; 0.172             ;
; logo_flash:u_ufm|altera_onchip_flash:ufm|altera_onchip_flash_avmm_data_controller:avmm_data_controller|flash_seq_read_ardin[1]               ; logo_flash:u_ufm|altera_onchip_flash:ufm|altera_onchip_flash_avmm_data_controller:avmm_data_controller|flash_page_addr[1]          ; 0.172             ;
; ufm_bootloader:u_boot|ram_wr_addr[10]                                                                                                        ; logo_ram:u_ram|altsyncram:mem_rtl_0|altsyncram_kgg1:auto_generated|ram_block1a1~porta_address_reg0                                 ; 0.162             ;
; ufm_bootloader:u_boot|ram_wr_data[12]                                                                                                        ; logo_ram:u_ram|altsyncram:mem_rtl_0|altsyncram_kgg1:auto_generated|ram_block1a12~porta_datain_reg0                                 ; 0.160             ;
; ufm_bootloader:u_boot|ram_wr_data[13]                                                                                                        ; logo_ram:u_ram|altsyncram:mem_rtl_0|altsyncram_kgg1:auto_generated|ram_block1a13~porta_datain_reg0                                 ; 0.160             ;
; ufm_bootloader:u_boot|ram_wr_data[2]                                                                                                         ; logo_ram:u_ram|altsyncram:mem_rtl_0|altsyncram_kgg1:auto_generated|ram_block1a2~porta_datain_reg0                                  ; 0.151             ;
; ufm_bootloader:u_boot|ram_wr_data[3]                                                                                                         ; logo_ram:u_ram|altsyncram:mem_rtl_0|altsyncram_kgg1:auto_generated|ram_block1a3~porta_datain_reg0                                  ; 0.151             ;
; ufm_bootloader:u_boot|ram_wr_data[1]                                                                                                         ; logo_ram:u_ram|altsyncram:mem_rtl_0|altsyncram_kgg1:auto_generated|ram_block1a1~porta_datain_reg0                                  ; 0.147             ;
; ufm_bootloader:u_boot|ram_wr_data[4]                                                                                                         ; logo_ram:u_ram|altsyncram:mem_rtl_0|altsyncram_kgg1:auto_generated|ram_block1a4~porta_datain_reg0                                  ; 0.144             ;
; ufm_bootloader:u_boot|ram_wr_data[5]                                                                                                         ; logo_ram:u_ram|altsyncram:mem_rtl_0|altsyncram_kgg1:auto_generated|ram_block1a5~porta_datain_reg0                                  ; 0.144             ;
; ufm_bootloader:u_boot|ram_wr_en                                                                                                              ; logo_ram:u_ram|altsyncram:mem_rtl_0|altsyncram_kgg1:auto_generated|ram_block1a5~porta_we_reg                                       ; 0.139             ;
; ufm_bootloader:u_boot|flash_addr[8]                                                                                                          ; logo_flash:u_ufm|altera_onchip_flash:ufm|altera_onchip_flash_avmm_data_controller:avmm_data_controller|flash_page_addr[8]          ; 0.135             ;
; ufm_bootloader:u_boot|flash_addr[6]                                                                                                          ; logo_flash:u_ufm|altera_onchip_flash:ufm|altera_onchip_flash_avmm_data_controller:avmm_data_controller|flash_page_addr[6]          ; 0.135             ;
; ufm_bootloader:u_boot|flash_addr[5]                                                                                                          ; logo_flash:u_ufm|altera_onchip_flash:ufm|altera_onchip_flash_avmm_data_controller:avmm_data_controller|flash_page_addr[5]          ; 0.135             ;
; ufm_bootloader:u_boot|flash_addr[3]                                                                                                          ; logo_flash:u_ufm|altera_onchip_flash:ufm|altera_onchip_flash_avmm_data_controller:avmm_data_controller|flash_page_addr[3]          ; 0.135             ;
; ufm_bootloader:u_boot|flash_addr[2]                                                                                                          ; logo_flash:u_ufm|altera_onchip_flash:ufm|altera_onchip_flash_avmm_data_controller:avmm_data_controller|flash_page_addr[2]          ; 0.135             ;
; ufm_bootloader:u_boot|ram_wr_data[14]                                                                                                        ; logo_ram:u_ram|altsyncram:mem_rtl_0|altsyncram_kgg1:auto_generated|ram_block1a14~porta_datain_reg0                                 ; 0.125             ;
; game_fsm:u_game|floodfill_engine:u_ff|fifo_mem_rtl_0_bypass[21]                                                                              ; game_fsm:u_game|floodfill_engine:u_ff|fifo_mem_rtl_0_bypass[21]                                                                    ; 0.099             ;
; game_fsm:u_game|floodfill_engine:u_ff|altsyncram:fifo_mem_rtl_0|altsyncram_8ob1:auto_generated|ram_block1a4~portb_address_reg0               ; game_fsm:u_game|floodfill_engine:u_ff|fifo_mem_rtl_0_bypass[21]                                                                    ; 0.099             ;
; game_fsm:u_game|floodfill_engine:u_ff|fifo_mem_rtl_0_bypass[0]                                                                               ; game_fsm:u_game|floodfill_engine:u_ff|fifo_mem_rtl_0_bypass[21]                                                                    ; 0.099             ;
; game_fsm:u_game|floodfill_engine:u_ff|fifo_mem_rtl_0_bypass[1]                                                                               ; game_fsm:u_game|floodfill_engine:u_ff|fifo_mem_rtl_0_bypass[21]                                                                    ; 0.099             ;
; game_fsm:u_game|floodfill_engine:u_ff|fifo_mem_rtl_0_bypass[3]                                                                               ; game_fsm:u_game|floodfill_engine:u_ff|fifo_mem_rtl_0_bypass[21]                                                                    ; 0.099             ;
; game_fsm:u_game|floodfill_engine:u_ff|fifo_mem_rtl_0_bypass[4]                                                                               ; game_fsm:u_game|floodfill_engine:u_ff|fifo_mem_rtl_0_bypass[21]                                                                    ; 0.099             ;
; game_fsm:u_game|floodfill_engine:u_ff|fifo_mem_rtl_0_bypass[2]                                                                               ; game_fsm:u_game|floodfill_engine:u_ff|fifo_mem_rtl_0_bypass[21]                                                                    ; 0.099             ;
; game_fsm:u_game|floodfill_engine:u_ff|fifo_mem_rtl_0_bypass[5]                                                                               ; game_fsm:u_game|floodfill_engine:u_ff|fifo_mem_rtl_0_bypass[21]                                                                    ; 0.099             ;
; game_fsm:u_game|floodfill_engine:u_ff|fifo_mem_rtl_0_bypass[7]                                                                               ; game_fsm:u_game|floodfill_engine:u_ff|fifo_mem_rtl_0_bypass[21]                                                                    ; 0.099             ;
; game_fsm:u_game|floodfill_engine:u_ff|fifo_mem_rtl_0_bypass[8]                                                                               ; game_fsm:u_game|floodfill_engine:u_ff|fifo_mem_rtl_0_bypass[21]                                                                    ; 0.099             ;
; game_fsm:u_game|floodfill_engine:u_ff|fifo_mem_rtl_0_bypass[6]                                                                               ; game_fsm:u_game|floodfill_engine:u_ff|fifo_mem_rtl_0_bypass[21]                                                                    ; 0.099             ;
; game_fsm:u_game|floodfill_engine:u_ff|fifo_mem_rtl_0_bypass[9]                                                                               ; game_fsm:u_game|floodfill_engine:u_ff|fifo_mem_rtl_0_bypass[21]                                                                    ; 0.099             ;
; game_fsm:u_game|floodfill_engine:u_ff|fifo_mem_rtl_0_bypass[11]                                                                              ; game_fsm:u_game|floodfill_engine:u_ff|fifo_mem_rtl_0_bypass[21]                                                                    ; 0.099             ;
; game_fsm:u_game|floodfill_engine:u_ff|fifo_mem_rtl_0_bypass[12]                                                                              ; game_fsm:u_game|floodfill_engine:u_ff|fifo_mem_rtl_0_bypass[21]                                                                    ; 0.099             ;
; game_fsm:u_game|floodfill_engine:u_ff|fifo_mem_rtl_0_bypass[10]                                                                              ; game_fsm:u_game|floodfill_engine:u_ff|fifo_mem_rtl_0_bypass[21]                                                                    ; 0.099             ;
; game_fsm:u_game|floodfill_engine:u_ff|fifo_mem_rtl_0_bypass[13]                                                                              ; game_fsm:u_game|floodfill_engine:u_ff|fifo_mem_rtl_0_bypass[21]                                                                    ; 0.099             ;
; game_fsm:u_game|floodfill_engine:u_ff|fifo_mem_rtl_0_bypass[15]                                                                              ; game_fsm:u_game|floodfill_engine:u_ff|fifo_mem_rtl_0_bypass[21]                                                                    ; 0.099             ;
; game_fsm:u_game|floodfill_engine:u_ff|fifo_mem_rtl_0_bypass[16]                                                                              ; game_fsm:u_game|floodfill_engine:u_ff|fifo_mem_rtl_0_bypass[21]                                                                    ; 0.099             ;
; game_fsm:u_game|floodfill_engine:u_ff|fifo_mem_rtl_0_bypass[14]                                                                              ; game_fsm:u_game|floodfill_engine:u_ff|fifo_mem_rtl_0_bypass[21]                                                                    ; 0.099             ;
; touch_controller:u_touch|state.S_Y_START                                                                                                     ; touch_controller:u_touch|spi_start                                                                                                 ; 0.067             ;
; ufm_bootloader:u_boot|ram_wr_data[9]                                                                                                         ; logo_ram:u_ram|altsyncram:mem_rtl_0|altsyncram_kgg1:auto_generated|ram_block1a9~porta_datain_reg0                                  ; 0.061             ;
; ufm_bootloader:u_boot|ram_wr_data[8]                                                                                                         ; logo_ram:u_ram|altsyncram:mem_rtl_0|altsyncram_kgg1:auto_generated|ram_block1a8~porta_datain_reg0                                  ; 0.057             ;
; lcd_ili9341_ctrl:u_lcd|row_cnt[7]                                                                                                            ; lcd_ili9341_ctrl:u_lcd|pix_y[7]                                                                                                    ; 0.044             ;
; lcd_ili9341_ctrl:u_lcd|row_cnt[6]                                                                                                            ; lcd_ili9341_ctrl:u_lcd|pix_y[6]                                                                                                    ; 0.044             ;
; lcd_ili9341_ctrl:u_lcd|row_cnt[4]                                                                                                            ; lcd_ili9341_ctrl:u_lcd|pix_y[4]                                                                                                    ; 0.044             ;
; lcd_ili9341_ctrl:u_lcd|row_cnt[3]                                                                                                            ; lcd_ili9341_ctrl:u_lcd|pix_y[3]                                                                                                    ; 0.044             ;
; lcd_ili9341_ctrl:u_lcd|col_cnt[8]                                                                                                            ; lcd_ili9341_ctrl:u_lcd|pix_x[8]                                                                                                    ; 0.044             ;
; lcd_ili9341_ctrl:u_lcd|col_cnt[4]                                                                                                            ; lcd_ili9341_ctrl:u_lcd|pix_x[4]                                                                                                    ; 0.044             ;
; touch_controller:u_touch|state.S_X_WAIT                                                                                                      ; touch_controller:u_touch|state.S_Y_START                                                                                           ; 0.044             ;
; lcd_renderer:u_render|st.R_LW                                                                                                                ; lcd_renderer:u_render|st.R_EMIT                                                                                                    ; 0.044             ;
; logo_flash:u_ufm|altera_onchip_flash:ufm|altera_onchip_flash_avmm_data_controller:avmm_data_controller|avmm_read_valid_state.READ_VALID_IDLE ; logo_flash:u_ufm|altera_onchip_flash:ufm|altera_onchip_flash_avmm_data_controller:avmm_data_controller|avmm_readdatavalid_reg      ; 0.044             ;
; logo_flash:u_ufm|altera_onchip_flash:ufm|altera_onchip_flash_avmm_data_controller:avmm_data_controller|read_state.READ_STATE_READY           ; logo_flash:u_ufm|altera_onchip_flash:ufm|altera_onchip_flash_avmm_data_controller:avmm_data_controller|read_state.READ_STATE_FINAL ; 0.044             ;
; logo_flash:u_ufm|altera_onchip_flash:ufm|altera_onchip_flash_avmm_data_controller:avmm_data_controller|read_state.READ_STATE_PULSE_SE        ; logo_flash:u_ufm|altera_onchip_flash:ufm|altera_onchip_flash_avmm_data_controller:avmm_data_controller|read_state.READ_STATE_SETUP ; 0.044             ;
; logo_flash:u_ufm|altera_onchip_flash:ufm|altera_onchip_flash_avmm_data_controller:avmm_data_controller|data_count[1]                         ; logo_flash:u_ufm|altera_onchip_flash:ufm|altera_onchip_flash_avmm_data_controller:avmm_data_controller|data_count[2]               ; 0.042             ;
; lcd_ili9341_ctrl:u_lcd|state.S_SCAN_TXW                                                                                                      ; lcd_ili9341_ctrl:u_lcd|byte_sel                                                                                                    ; 0.041             ;
; ufm_bootloader:u_boot|addr[10]                                                                                                               ; ufm_bootloader:u_boot|ram_wr_addr[10]                                                                                              ; 0.041             ;
; lcd_renderer:u_render|st.R_SCAN                                                                                                              ; lcd_renderer:u_render|st.R_WAIT                                                                                                    ; 0.035             ;
; game_fsm:u_game|rng_generator:u_rng|rng[1]                                                                                                   ; game_fsm:u_game|rng_generator:u_rng|rng[2]                                                                                         ; 0.035             ;
; game_fsm:u_game|rng_generator:u_rng|rng[2]                                                                                                   ; game_fsm:u_game|rng_generator:u_rng|rng[3]                                                                                         ; 0.035             ;
; touch_controller:u_touch|shift_in[1]                                                                                                         ; touch_controller:u_touch|shift_in[2]                                                                                               ; 0.035             ;
; touch_controller:u_touch|shift_in[2]                                                                                                         ; touch_controller:u_touch|shift_in[3]                                                                                               ; 0.035             ;
; touch_controller:u_touch|shift_in[3]                                                                                                         ; touch_controller:u_touch|shift_in[4]                                                                                               ; 0.035             ;
; touch_controller:u_touch|shift_in[4]                                                                                                         ; touch_controller:u_touch|shift_in[5]                                                                                               ; 0.035             ;
; touch_controller:u_touch|shift_in[5]                                                                                                         ; touch_controller:u_touch|shift_in[6]                                                                                               ; 0.035             ;
; touch_controller:u_touch|shift_in[6]                                                                                                         ; touch_controller:u_touch|shift_in[7]                                                                                               ; 0.035             ;
; touch_controller:u_touch|shift_in[7]                                                                                                         ; touch_controller:u_touch|shift_in[8]                                                                                               ; 0.035             ;
; touch_controller:u_touch|shift_in[10]                                                                                                        ; touch_controller:u_touch|shift_in[11]                                                                                              ; 0.035             ;
; lcd_ili9341_ctrl:u_lcd|spi_byte_master:u_spi|shreg[1]                                                                                        ; lcd_ili9341_ctrl:u_lcd|spi_byte_master:u_spi|shreg[2]                                                                              ; 0.033             ;
; lcd_ili9341_ctrl:u_lcd|spi_byte_master:u_spi|shreg[2]                                                                                        ; lcd_ili9341_ctrl:u_lcd|spi_byte_master:u_spi|shreg[3]                                                                              ; 0.033             ;
; lcd_ili9341_ctrl:u_lcd|spi_byte_master:u_spi|shreg[3]                                                                                        ; lcd_ili9341_ctrl:u_lcd|spi_byte_master:u_spi|shreg[4]                                                                              ; 0.033             ;
; lcd_ili9341_ctrl:u_lcd|spi_byte_master:u_spi|shreg[4]                                                                                        ; lcd_ili9341_ctrl:u_lcd|spi_byte_master:u_spi|shreg[5]                                                                              ; 0.033             ;
; lcd_ili9341_ctrl:u_lcd|spi_byte_master:u_spi|shreg[5]                                                                                        ; lcd_ili9341_ctrl:u_lcd|spi_byte_master:u_spi|shreg[6]                                                                              ; 0.033             ;
; lcd_ili9341_ctrl:u_lcd|spi_byte_master:u_spi|shreg[6]                                                                                        ; lcd_ili9341_ctrl:u_lcd|spi_byte_master:u_spi|mosi                                                                                  ; 0.033             ;
; lcd_ili9341_ctrl:u_lcd|spi_byte_master:u_spi|state.S_LOW                                                                                     ; lcd_ili9341_ctrl:u_lcd|spi_byte_master:u_spi|state.S_HIGH                                                                          ; 0.033             ;
+----------------------------------------------------------------------------------------------------------------------------------------------+------------------------------------------------------------------------------------------------------------------------------------+-------------------+
Note: This table only shows the top 100 path(s) that have the largest delay added for hold.


+-----------------+
; Fitter Messages ;
+-----------------+
Info (20030): Parallel compilation is enabled and will use 16 of the 16 processors detected
Info (119006): Selected device 10M08SCE144C8G for design "lcd_game"
Info (22896): The CONFIG_SEL pin is disabled. It is not supported for MAX 10 devices with compact features.
Info (21077): Low junction temperature is 0 degrees C
Info (21077): High junction temperature is 85 degrees C
Info (171003): Fitter is performing an Auto Fit compilation, which may decrease Fitter effort to reduce compilation time
Warning (292013): Feature LogicLock is only available with a valid subscription license. You can purchase a software subscription to gain full access to this feature.
Critical Warning (16562): Review the Power Analyzer report file (<design>.pow.rpt) to ensure your design is within the maximum power utilization limit of the single power-supply target device and to avoid functional failures.
Info (176444): Device migration not selected. If you intend to use device migration later, you may need to change the pin assignments as they may be incompatible with other devices
    Info (176445): Device 10M04SCE144C8G is compatible
    Info (176445): Device 10M16SCE144C8G is compatible
    Info (176445): Device 10M25SCE144C8G is compatible
Info (169124): Fitter converted 7 user pins into dedicated programming pins
    Info (169125): Pin ~ALTERA_TMS~ is reserved at location 16
    Info (169125): Pin ~ALTERA_TCK~ is reserved at location 18
    Info (169125): Pin ~ALTERA_TDI~ is reserved at location 19
    Info (169125): Pin ~ALTERA_TDO~ is reserved at location 20
    Info (169125): Pin ~ALTERA_nCONFIG~ is reserved at location 129
    Info (169125): Pin ~ALTERA_nSTATUS~ is reserved at location 136
    Info (169125): Pin ~ALTERA_CONF_DONE~ is reserved at location 138
Info (169141): DATA[0] dual-purpose pin not reserved
Info (12825): Data[1]/ASDO dual-purpose pin not reserved
Info (12825): nCSO dual-purpose pin not reserved
Info (12825): DCLK dual-purpose pin not reserved
Warning (15714): Some pins have incomplete I/O assignments. Refer to the I/O Assignment Warnings report for details
Info (176045): Design uses memory blocks. Violating setup or hold times of memory block address registers for either read or write operations could cause memory contents to be corrupted. Make sure that all memory block address registers meet the setup and hold time requirements.
Info (332164): Evaluating HDL-embedded SDC commands
    Info (332165): Entity altera_std_synchronizer
        Info (332166): set_false_path -to [get_keepers {*altera_std_synchronizer:*|din_s1}]
Warning (332174): Ignored filter at qfit2_legacy_fmain_fitter_flow.tcl(117): *altera_std_synchronizer:*|din_s1 could not be matched with a keeper File: H:/altera_lite/25.1std/quartus/common/tcl/internal/qfit2_legacy_fmain_fitter_flow.tcl Line: 117
Warning (332049): Ignored set_false_path at qfit2_legacy_fmain_fitter_flow.tcl(117): Argument <to> is an empty collection File: H:/altera_lite/25.1std/quartus/common/tcl/internal/qfit2_legacy_fmain_fitter_flow.tcl Line: 117
    Info (332050): run_legacy_fitter_flow File: H:/altera_lite/25.1std/quartus/common/tcl/internal/qfit2_legacy_fmain_fitter_flow.tcl Line: 117
Info (332104): Reading SDC File: 'logo_flash/synthesis/submodules/altera_onchip_flash.sdc'
Warning (332174): Ignored filter at altera_onchip_flash.sdc(120): *|flash_busy_reg could not be matched with a register File: H:/git/PCB_CQmax10/CQmax10/sample/lcd_samegame/logo_flash/synthesis/submodules/altera_onchip_flash.sdc Line: 120
Warning (332049): Ignored set_false_path at altera_onchip_flash.sdc(120): Argument <to> is an empty collection File: H:/git/PCB_CQmax10/CQmax10/sample/lcd_samegame/logo_flash/synthesis/submodules/altera_onchip_flash.sdc Line: 120
    Info (332050): set_false_path -to [get_registers {*|flash_busy_reg}] File: H:/git/PCB_CQmax10/CQmax10/sample/lcd_samegame/logo_flash/synthesis/submodules/altera_onchip_flash.sdc Line: 120
Warning (332174): Ignored filter at altera_onchip_flash.sdc(122): *|flash_busy_clear_reg could not be matched with a register File: H:/git/PCB_CQmax10/CQmax10/sample/lcd_samegame/logo_flash/synthesis/submodules/altera_onchip_flash.sdc Line: 122
Warning (332049): Ignored set_false_path at altera_onchip_flash.sdc(122): Argument <to> is an empty collection File: H:/git/PCB_CQmax10/CQmax10/sample/lcd_samegame/logo_flash/synthesis/submodules/altera_onchip_flash.sdc Line: 122
    Info (332050): set_false_path -to [get_registers {*|flash_busy_clear_reg}] File: H:/git/PCB_CQmax10/CQmax10/sample/lcd_samegame/logo_flash/synthesis/submodules/altera_onchip_flash.sdc Line: 122
Info (332104): Reading SDC File: 'lcd_game.sdc'
Info (332151): Clock uncertainty is not calculated until you update the timing netlist.
Info (332154): The derive_clock_uncertainty command did not apply clock uncertainty to any clock-to-clock transfers.
Info (332129): Detected timing requirements -- optimizing circuit to achieve only the specified requirements
Info (332111): Found 1 clocks
    Info (332111):   Period   Clock Name
    Info (332111): ======== ============
    Info (332111):   20.000          clk
Info (176353): Automatically promoted node clk~input (placed in PIN 88 (CLK2p, DIFFIO_RX_R14p, DIFFOUT_R14p, High_Speed)) File: H:/git/PCB_CQmax10/CQmax10/sample/lcd_samegame/rtl/samegame_top.sv Line: 42
    Info (176355): Automatically promoted destinations to use location or clock signal Global Clock CLKCTRL_G9
    Info (176356): Following destination nodes may be non-global or may not use global or regional clocks
        Info (176357): Destination node logo_flash:u_ufm|altera_onchip_flash:ufm|altera_onchip_flash_avmm_data_controller:avmm_data_controller|enable_drclk_neg_reg File: H:/git/PCB_CQmax10/CQmax10/sample/lcd_samegame/logo_flash/synthesis/submodules/altera_onchip_flash_avmm_data_controller.v Line: 214
        Info (176357): Destination node logo_flash:u_ufm|altera_onchip_flash:ufm|altera_onchip_flash_avmm_data_controller:avmm_data_controller|enable_arclk_neg_pos_reg File: H:/git/PCB_CQmax10/CQmax10/sample/lcd_samegame/logo_flash/synthesis/submodules/altera_onchip_flash_avmm_data_controller.v Line: 213
        Info (176357): Destination node logo_flash:u_ufm|altera_onchip_flash:ufm|altera_onchip_flash_avmm_data_controller:avmm_data_controller|enable_arclk_neg_reg File: H:/git/PCB_CQmax10/CQmax10/sample/lcd_samegame/logo_flash/synthesis/submodules/altera_onchip_flash_avmm_data_controller.v Line: 212
        Info (176357): Destination node logo_flash:u_ufm|altera_onchip_flash:ufm|altera_onchip_flash_avmm_data_controller:avmm_data_controller|flash_arclk~0 File: H:/git/PCB_CQmax10/CQmax10/sample/lcd_samegame/logo_flash/synthesis/submodules/altera_onchip_flash_avmm_data_controller.v Line: 165
        Info (176357): Destination node logo_flash:u_ufm|altera_onchip_flash:ufm|altera_onchip_flash_avmm_data_controller:avmm_data_controller|enable_drclk_neg_pos_reg File: H:/git/PCB_CQmax10/CQmax10/sample/lcd_samegame/logo_flash/synthesis/submodules/altera_onchip_flash_avmm_data_controller.v Line: 215
        Info (176357): Destination node logo_flash:u_ufm|altera_onchip_flash:ufm|altera_onchip_flash_avmm_data_controller:avmm_data_controller|flash_drclk~0 File: H:/git/PCB_CQmax10/CQmax10/sample/lcd_samegame/logo_flash/synthesis/submodules/altera_onchip_flash_avmm_data_controller.v Line: 167
        Info (176357): Destination node logo_flash:u_ufm|altera_onchip_flash:ufm|altera_onchip_flash_avmm_data_controller:avmm_data_controller|flash_se_neg_reg File: H:/git/PCB_CQmax10/CQmax10/sample/lcd_samegame/logo_flash/synthesis/submodules/altera_onchip_flash_avmm_data_controller.v Line: 457
Info (176233): Starting register packing
Info (176235): Finished register packing
    Extra Info (176219): No registers were packed into other blocks
Info (171121): Fitter preparation operations ending: elapsed time is 00:00:04
Info (14896): Fitter has disabled Advanced Physical Optimization because it is not supported for the current family.
Info (170189): Fitter placement preparation operations beginning
Info (170190): Fitter placement preparation operations ending: elapsed time is 00:00:01
Info (170191): Fitter placement operations beginning
Info (170137): Fitter placement was successful
Info (170192): Fitter placement operations ending: elapsed time is 00:00:13
Info (170193): Fitter routing operations beginning
Info (170195): Router estimated average interconnect usage is 20% of the available device resources
    Info (170196): Router estimated peak interconnect usage is 31% of the available device resources in the region that extends from location X10_Y0 to location X20_Y12
Info (170199): The Fitter performed an Auto Fit compilation.  Optimizations were skipped to reduce compilation time.
    Info (170201): Optimizations that may affect the design's routability were skipped
    Info (170200): Optimizations that may affect the design's timing were skipped
Info (170194): Fitter routing operations ending: elapsed time is 00:00:11
Info (11888): Total time spent on timing analysis during the Fitter is 5.94 seconds.
Info (334003): Started post-fitting delay annotation
Info (334004): Delay annotation completed successfully
Info (334003): Started post-fitting delay annotation
Info (334004): Delay annotation completed successfully
Info (11218): Fitter post-fit operations ending: elapsed time is 00:00:04
Warning (169177): 7 pins must meet Intel FPGA requirements for 3.3-, 3.0-, and 2.5-V interfaces. For more information, refer to AN 447: Interfacing MAX 10 Devices with 3.3/3.0/2.5-V LVTTL/LVCMOS I/O Systems.
    Info (169178): Pin sw1 uses I/O standard 3.3-V LVCMOS at 62 File: H:/git/PCB_CQmax10/CQmax10/sample/lcd_samegame/rtl/samegame_top.sv Line: 45
    Info (169178): Pin sw2 uses I/O standard 3.3-V LVCMOS at 48 File: H:/git/PCB_CQmax10/CQmax10/sample/lcd_samegame/rtl/samegame_top.sv Line: 46
    Info (169178): Pin clk uses I/O standard 3.3-V LVCMOS at 88 File: H:/git/PCB_CQmax10/CQmax10/sample/lcd_samegame/rtl/samegame_top.sv Line: 42
    Info (169178): Pin touch_miso uses I/O standard 3.3-V LVCMOS at 132 File: H:/git/PCB_CQmax10/CQmax10/sample/lcd_samegame/rtl/samegame_top.sv Line: 55
    Info (169178): Pin touch_miso_fr uses I/O standard 3.3-V LVCMOS at 96 File: H:/git/PCB_CQmax10/CQmax10/sample/lcd_samegame/rtl/samegame_top.sv Line: 57
    Info (169178): Pin touch_miso_alt uses I/O standard 3.3-V LVCMOS at 55 File: H:/git/PCB_CQmax10/CQmax10/sample/lcd_samegame/rtl/samegame_top.sv Line: 56
    Info (169178): Pin btn_rst uses I/O standard 3.3-V LVCMOS at 17 File: H:/git/PCB_CQmax10/CQmax10/sample/lcd_samegame/rtl/samegame_top.sv Line: 43
Info (144001): Generated suppressed messages file H:/git/PCB_CQmax10/CQmax10/sample/lcd_samegame/output_files/lcd_game.fit.smsg
Info: Quartus Prime Fitter was successful. 0 errors, 10 warnings
    Info: Peak virtual memory: 6628 megabytes
    Info: Processing ended: Sat Sep 26 15:40:19 2026
    Info: Elapsed time: 00:00:44
    Info: Total CPU time (on all processors): 00:02:00


+----------------------------+
; Fitter Suppressed Messages ;
+----------------------------+
The suppressed messages can be found in H:/git/PCB_CQmax10/CQmax10/sample/lcd_samegame/output_files/lcd_game.fit.smsg.


