Analysis & Synthesis report for lcd_game
Sun Sep 27 01:49:20 2026
Quartus Prime Version 25.1std.0 Build 1129 10/21/2025 SC Lite Edition


---------------------
; Table of Contents ;
---------------------
  1. Legal Notice
  2. Analysis & Synthesis Summary
  3. Analysis & Synthesis Settings
  4. Parallel Compilation
  5. Analysis & Synthesis Source Files Read
  6. Analysis & Synthesis Resource Usage Summary
  7. Analysis & Synthesis Resource Utilization by Entity
  8. Analysis & Synthesis RAM Summary
  9. Analysis & Synthesis DSP Block Usage Summary
 10. Analysis & Synthesis IP Cores Summary
 11. State Machine - |samegame_top|lcd_renderer:u_render|st
 12. State Machine - |samegame_top|game_fsm:u_game|state
 13. State Machine - |samegame_top|game_fsm:u_game|column_shift_engine:u_shift|state
 14. State Machine - |samegame_top|game_fsm:u_game|gravity_engine:u_grav|state
 15. State Machine - |samegame_top|game_fsm:u_game|erase_engine:u_erase|state
 16. State Machine - |samegame_top|game_fsm:u_game|floodfill_engine:u_ff|state
 17. State Machine - |samegame_top|logo_flash:u_ufm|altera_onchip_flash:ufm|altera_onchip_flash_avmm_data_controller:avmm_data_controller|avmm_read_valid_state
 18. State Machine - |samegame_top|logo_flash:u_ufm|altera_onchip_flash:ufm|altera_onchip_flash_avmm_data_controller:avmm_data_controller|read_state
 19. State Machine - |samegame_top|logo_flash:u_ufm|altera_onchip_flash:ufm|altera_onchip_flash_avmm_data_controller:avmm_data_controller|erase_state
 20. State Machine - |samegame_top|logo_flash:u_ufm|altera_onchip_flash:ufm|altera_onchip_flash_avmm_data_controller:avmm_data_controller|write_state
 21. State Machine - |samegame_top|ufm_bootloader:u_boot|state
 22. State Machine - |samegame_top|ps2_controller:u_pad|wst
 23. State Machine - |samegame_top|frame_seq:u_fseq|state
 24. State Machine - |samegame_top|lcd_ili9341_ctrl:u_lcd|state
 25. State Machine - |samegame_top|lcd_ili9341_ctrl:u_lcd|spi_byte_master:u_spi|state
 26. Registers Removed During Synthesis
 27. Removed Registers Triggering Further Register Optimizations
 28. General Register Statistics
 29. Inverted Register Statistics
 30. Registers Added for RAM Pass-Through Logic
 31. Registers Packed Into Inferred Megafunctions
 32. Multiplexer Restructuring Statistics (Restructuring Performed)
 33. Source assignments for logo_flash:u_ufm|altera_onchip_flash:ufm|altera_onchip_flash_avmm_data_controller:avmm_data_controller|altera_std_synchronizer:stdsync_busy
 34. Source assignments for logo_flash:u_ufm|altera_onchip_flash:ufm|altera_onchip_flash_avmm_data_controller:avmm_data_controller|altera_std_synchronizer:stdsync_busy_clear
 35. Source assignments for game_fsm:u_game|floodfill_engine:u_ff|altsyncram:fifo_mem_rtl_0|altsyncram_8ob1:auto_generated
 36. Source assignments for logo_ram:u_ram|altsyncram:mem_rtl_0|altsyncram_kgg1:auto_generated
 37. Parameter Settings for User Entity Instance: Top-level Entity: |samegame_top
 38. Parameter Settings for User Entity Instance: reset_sync:u_reset
 39. Parameter Settings for User Entity Instance: debounce:u_sw1
 40. Parameter Settings for User Entity Instance: lcd_ili9341_ctrl:u_lcd
 41. Parameter Settings for User Entity Instance: lcd_ili9341_ctrl:u_lcd|spi_byte_master:u_spi
 42. Parameter Settings for User Entity Instance: frame_seq:u_fseq
 43. Parameter Settings for User Entity Instance: ps2_controller:u_pad
 44. Parameter Settings for User Entity Instance: board_memory:u_board
 45. Parameter Settings for User Entity Instance: logo_ram:u_ram
 46. Parameter Settings for User Entity Instance: ufm_bootloader:u_boot
 47. Parameter Settings for User Entity Instance: logo_flash:u_ufm|altera_onchip_flash:ufm
 48. Parameter Settings for User Entity Instance: logo_flash:u_ufm|altera_onchip_flash:ufm|altera_onchip_flash_avmm_csr_controller:avmm_csr_controller
 49. Parameter Settings for User Entity Instance: logo_flash:u_ufm|altera_onchip_flash:ufm|altera_onchip_flash_avmm_data_controller:avmm_data_controller
 50. Parameter Settings for User Entity Instance: logo_flash:u_ufm|altera_onchip_flash:ufm|altera_onchip_flash_avmm_data_controller:avmm_data_controller|altera_std_synchronizer:stdsync_busy
 51. Parameter Settings for User Entity Instance: logo_flash:u_ufm|altera_onchip_flash:ufm|altera_onchip_flash_avmm_data_controller:avmm_data_controller|altera_std_synchronizer:stdsync_busy_clear
 52. Parameter Settings for User Entity Instance: logo_flash:u_ufm|altera_onchip_flash:ufm|altera_onchip_flash_avmm_data_controller:avmm_data_controller|lpm_shiftreg:ufm_data_shiftreg
 53. Parameter Settings for User Entity Instance: logo_flash:u_ufm|altera_onchip_flash:ufm|altera_onchip_flash_avmm_data_controller:avmm_data_controller|altera_onchip_flash_address_range_check:address_range_checker
 54. Parameter Settings for User Entity Instance: logo_flash:u_ufm|altera_onchip_flash:ufm|altera_onchip_flash_avmm_data_controller:avmm_data_controller|altera_onchip_flash_convert_address:address_convertor
 55. Parameter Settings for User Entity Instance: logo_flash:u_ufm|altera_onchip_flash:ufm|altera_onchip_flash_avmm_data_controller:avmm_data_controller|altera_onchip_flash_a_address_write_protection_check:access_address_write_protection_checker
 56. Parameter Settings for User Entity Instance: logo_flash:u_ufm|altera_onchip_flash:ufm|altera_onchip_flash_avmm_data_controller:avmm_data_controller|altera_onchip_flash_convert_sector:sector_convertor
 57. Parameter Settings for User Entity Instance: logo_flash:u_ufm|altera_onchip_flash:ufm|altera_onchip_flash_block:altera_onchip_flash_block
 58. Parameter Settings for User Entity Instance: game_fsm:u_game
 59. Parameter Settings for User Entity Instance: game_fsm:u_game|floodfill_engine:u_ff
 60. Parameter Settings for User Entity Instance: game_fsm:u_game|erase_engine:u_erase
 61. Parameter Settings for User Entity Instance: game_fsm:u_game|gravity_engine:u_grav
 62. Parameter Settings for User Entity Instance: game_fsm:u_game|column_shift_engine:u_shift
 63. Parameter Settings for User Entity Instance: lcd_renderer:u_render
 64. Parameter Settings for Inferred Entity Instance: game_fsm:u_game|floodfill_engine:u_ff|altsyncram:fifo_mem_rtl_0
 65. Parameter Settings for Inferred Entity Instance: logo_ram:u_ram|altsyncram:mem_rtl_0
 66. Parameter Settings for Inferred Entity Instance: lcd_ili9341_ctrl:u_lcd|lpm_mult:Mult0
 67. Parameter Settings for Inferred Entity Instance: game_fsm:u_game|score_manager:u_score|lpm_mult:Mult0
 68. Parameter Settings for Inferred Entity Instance: lcd_renderer:u_render|lpm_mult:Mult0
 69. Parameter Settings for Inferred Entity Instance: lcd_renderer:u_render|lpm_mult:Mult2
 70. Parameter Settings for Inferred Entity Instance: lcd_renderer:u_render|lpm_mult:Mult1
 71. lpm_shiftreg Parameter Settings by Entity Instance
 72. altsyncram Parameter Settings by Entity Instance
 73. lpm_mult Parameter Settings by Entity Instance
 74. Port Connectivity Checks: "game_fsm:u_game|column_shift_engine:u_shift"
 75. Port Connectivity Checks: "game_fsm:u_game|floodfill_engine:u_ff"
 76. Port Connectivity Checks: "game_fsm:u_game|rng_generator:u_rng"
 77. Port Connectivity Checks: "logo_flash:u_ufm|altera_onchip_flash:ufm|altera_onchip_flash_block:altera_onchip_flash_block"
 78. Port Connectivity Checks: "logo_flash:u_ufm|altera_onchip_flash:ufm|altera_onchip_flash_avmm_data_controller:avmm_data_controller|altera_onchip_flash_address_range_check:address_range_checker"
 79. Port Connectivity Checks: "logo_flash:u_ufm"
 80. Port Connectivity Checks: "ufm_bootloader:u_boot"
 81. Port Connectivity Checks: "board_memory:u_board"
 82. Port Connectivity Checks: "ps2_controller:u_pad"
 83. Port Connectivity Checks: "frame_seq:u_fseq"
 84. Port Connectivity Checks: "lcd_ili9341_ctrl:u_lcd"
 85. Port Connectivity Checks: "debounce:u_sw1"
 86. Post-Synthesis Netlist Statistics for Top Partition
 87. Elapsed Time Per Partition
 88. Analysis & Synthesis Messages
 89. Analysis & Synthesis Suppressed Messages



----------------
; Legal Notice ;
----------------
Copyright (C) 2025  Altera Corporation. All rights reserved.
Your use of Altera Corporation's design tools, logic functions 
and other software and tools, and any partner logic 
functions, and any output files from any of the foregoing 
(including device programming or simulation files), and any 
associated documentation or information are expressly subject 
to the terms and conditions of the Altera Program License 
Subscription Agreement, the Altera Quartus Prime License Agreement,
the Altera IP License Agreement, or other applicable license
agreement, including, without limitation, that your use is for
the sole purpose of programming logic devices manufactured by
Altera and sold by Altera or its authorized distributors.  Please
refer to the Altera Software License Subscription Agreements 
on the Quartus Prime software download page.



+--------------------------------------------------------------------------------------+
; Analysis & Synthesis Summary                                                         ;
+------------------------------------+-------------------------------------------------+
; Analysis & Synthesis Status        ; Successful - Sun Sep 27 01:49:19 2026           ;
; Quartus Prime Version              ; 25.1std.0 Build 1129 10/21/2025 SC Lite Edition ;
; Revision Name                      ; lcd_game                                        ;
; Top-level Entity Name              ; samegame_top                                    ;
; Family                             ; MAX 10                                          ;
; Total logic elements               ; 7,972                                           ;
;     Total combinational functions  ; 5,863                                           ;
;     Dedicated logic registers      ; 3,400                                           ;
; Total registers                    ; 3400                                            ;
; Total pins                         ; 17                                              ;
; Total virtual pins                 ; 0                                               ;
; Total memory bits                  ; 34,816                                          ;
; Embedded Multiplier 9-bit elements ; 1                                               ;
; Total PLLs                         ; 0                                               ;
; UFM blocks                         ; 1                                               ;
; ADC blocks                         ; 0                                               ;
+------------------------------------+-------------------------------------------------+


+------------------------------------------------------------------------------------------------------------+
; Analysis & Synthesis Settings                                                                              ;
+------------------------------------------------------------------+--------------------+--------------------+
; Option                                                           ; Setting            ; Default Value      ;
+------------------------------------------------------------------+--------------------+--------------------+
; Device                                                           ; 10M08SCE144C8G     ;                    ;
; Top-level entity name                                            ; samegame_top       ; lcd_game           ;
; Family name                                                      ; MAX 10             ; Cyclone V          ;
; Maximum processors allowed for parallel compilation              ; All                ;                    ;
; Use smart compilation                                            ; Off                ; Off                ;
; Enable parallel Assembler and Timing Analyzer during compilation ; On                 ; On                 ;
; Enable compact report table                                      ; Off                ; Off                ;
; Restructure Multiplexers                                         ; Auto               ; Auto               ;
; Create Debugging Nodes for IP Cores                              ; Off                ; Off                ;
; Preserve fewer node names                                        ; On                 ; On                 ;
; Intel FPGA IP Evaluation Mode                                    ; Enable             ; Enable             ;
; Verilog Version                                                  ; Verilog_2001       ; Verilog_2001       ;
; VHDL Version                                                     ; VHDL_1993          ; VHDL_1993          ;
; State Machine Processing                                         ; Auto               ; Auto               ;
; Safe State Machine                                               ; Off                ; Off                ;
; Extract Verilog State Machines                                   ; On                 ; On                 ;
; Extract VHDL State Machines                                      ; On                 ; On                 ;
; Ignore Verilog initial constructs                                ; Off                ; Off                ;
; Iteration limit for constant Verilog loops                       ; 5000               ; 5000               ;
; Iteration limit for non-constant Verilog loops                   ; 250                ; 250                ;
; Add Pass-Through Logic to Inferred RAMs                          ; On                 ; On                 ;
; Infer RAMs from Raw Logic                                        ; On                 ; On                 ;
; Parallel Synthesis                                               ; On                 ; On                 ;
; DSP Block Balancing                                              ; Auto               ; Auto               ;
; NOT Gate Push-Back                                               ; On                 ; On                 ;
; Power-Up Don't Care                                              ; On                 ; On                 ;
; Remove Redundant Logic Cells                                     ; Off                ; Off                ;
; Remove Duplicate Registers                                       ; On                 ; On                 ;
; Ignore CARRY Buffers                                             ; Off                ; Off                ;
; Ignore CASCADE Buffers                                           ; Off                ; Off                ;
; Ignore GLOBAL Buffers                                            ; Off                ; Off                ;
; Ignore ROW GLOBAL Buffers                                        ; Off                ; Off                ;
; Ignore LCELL Buffers                                             ; Off                ; Off                ;
; Ignore SOFT Buffers                                              ; On                 ; On                 ;
; Limit AHDL Integers to 32 Bits                                   ; Off                ; Off                ;
; Optimization Technique                                           ; Balanced           ; Balanced           ;
; Carry Chain Length                                               ; 70                 ; 70                 ;
; Auto Carry Chains                                                ; On                 ; On                 ;
; Auto Open-Drain Pins                                             ; On                 ; On                 ;
; Perform WYSIWYG Primitive Resynthesis                            ; Off                ; Off                ;
; Auto ROM Replacement                                             ; On                 ; On                 ;
; Auto RAM Replacement                                             ; On                 ; On                 ;
; Auto DSP Block Replacement                                       ; On                 ; On                 ;
; Auto Shift Register Replacement                                  ; Auto               ; Auto               ;
; Allow Shift Register Merging across Hierarchies                  ; Auto               ; Auto               ;
; Auto Clock Enable Replacement                                    ; On                 ; On                 ;
; Strict RAM Replacement                                           ; Off                ; Off                ;
; Allow Synchronous Control Signals                                ; On                 ; On                 ;
; Force Use of Synchronous Clear Signals                           ; Off                ; Off                ;
; Auto RAM Block Balancing                                         ; On                 ; On                 ;
; Auto RAM to Logic Cell Conversion                                ; Off                ; Off                ;
; Auto Resource Sharing                                            ; Off                ; Off                ;
; Allow Any RAM Size For Recognition                               ; Off                ; Off                ;
; Allow Any ROM Size For Recognition                               ; Off                ; Off                ;
; Allow Any Shift Register Size For Recognition                    ; Off                ; Off                ;
; Use LogicLock Constraints during Resource Balancing              ; On                 ; On                 ;
; Ignore translate_off and synthesis_off directives                ; Off                ; Off                ;
; Timing-Driven Synthesis                                          ; On                 ; On                 ;
; Report Parameter Settings                                        ; On                 ; On                 ;
; Report Source Assignments                                        ; On                 ; On                 ;
; Report Connectivity Checks                                       ; On                 ; On                 ;
; Ignore Maximum Fan-Out Assignments                               ; Off                ; Off                ;
; Synchronization Register Chain Length                            ; 2                  ; 2                  ;
; Power Optimization During Synthesis                              ; Normal compilation ; Normal compilation ;
; HDL message level                                                ; Level2             ; Level2             ;
; Suppress Register Optimization Related Messages                  ; Off                ; Off                ;
; Number of Removed Registers Reported in Synthesis Report         ; 5000               ; 5000               ;
; Number of Swept Nodes Reported in Synthesis Report               ; 5000               ; 5000               ;
; Number of Inverted Registers Reported in Synthesis Report        ; 100                ; 100                ;
; Clock MUX Protection                                             ; On                 ; On                 ;
; Auto Gated Clock Conversion                                      ; Off                ; Off                ;
; Block Design Naming                                              ; Auto               ; Auto               ;
; SDC constraint protection                                        ; Off                ; Off                ;
; Synthesis Effort                                                 ; Auto               ; Auto               ;
; Shift Register Replacement - Allow Asynchronous Clear Signal     ; On                 ; On                 ;
; Pre-Mapping Resynthesis Optimization                             ; Off                ; Off                ;
; Analysis & Synthesis Message Level                               ; Medium             ; Medium             ;
; Disable Register Merging Across Hierarchies                      ; Auto               ; Auto               ;
; Resource Aware Inference For Block RAM                           ; On                 ; On                 ;
+------------------------------------------------------------------+--------------------+--------------------+


+------------------------------------------+
; Parallel Compilation                     ;
+----------------------------+-------------+
; Processors                 ; Number      ;
+----------------------------+-------------+
; Number detected on machine ; 36          ;
; Maximum allowed            ; 16          ;
;                            ;             ;
; Average used               ; 1.01        ;
; Maximum used               ; 16          ;
;                            ;             ;
; Usage by Processor         ; % Time Used ;
;     Processor 1            ; 100.0%      ;
;     Processor 2            ;   0.1%      ;
;     Processor 3            ;   0.1%      ;
;     Processor 4            ;   0.1%      ;
;     Processor 5            ;   0.1%      ;
;     Processor 6            ;   0.1%      ;
;     Processor 7            ;   0.1%      ;
;     Processor 8            ;   0.1%      ;
;     Processors 9-16        ;   0.1%      ;
+----------------------------+-------------+


+--------------------------------------------------------------------------------------------------------------------------------------------------------------------------------------------------------------------------------------------------------------------------------+
; Analysis & Synthesis Source Files Read                                                                                                                                                                                                                                         ;
+----------------------------------------------------------------------------+-----------------+----------------------------------------+---------------------------------------------------------------------------------------------------------------------------+------------+
; File Name with User-Entered Path                                           ; Used in Netlist ; File Type                              ; File Name with Absolute Path                                                                                              ; Library    ;
+----------------------------------------------------------------------------+-----------------+----------------------------------------+---------------------------------------------------------------------------------------------------------------------------+------------+
; rtl/samegame_top.sv                                                        ; yes             ; User SystemVerilog HDL File            ; H:/git/PCB_CQmax10/CQmax10/sample/lcd_samegame/rtl/samegame_top.sv                                                        ;            ;
; rtl/game_fsm.sv                                                            ; yes             ; User SystemVerilog HDL File            ; H:/git/PCB_CQmax10/CQmax10/sample/lcd_samegame/rtl/game_fsm.sv                                                            ;            ;
; rtl/board_memory.sv                                                        ; yes             ; User SystemVerilog HDL File            ; H:/git/PCB_CQmax10/CQmax10/sample/lcd_samegame/rtl/board_memory.sv                                                        ;            ;
; rtl/floodfill_engine.sv                                                    ; yes             ; User SystemVerilog HDL File            ; H:/git/PCB_CQmax10/CQmax10/sample/lcd_samegame/rtl/floodfill_engine.sv                                                    ;            ;
; rtl/erase_engine.sv                                                        ; yes             ; User SystemVerilog HDL File            ; H:/git/PCB_CQmax10/CQmax10/sample/lcd_samegame/rtl/erase_engine.sv                                                        ;            ;
; rtl/gravity_engine.sv                                                      ; yes             ; User SystemVerilog HDL File            ; H:/git/PCB_CQmax10/CQmax10/sample/lcd_samegame/rtl/gravity_engine.sv                                                      ;            ;
; rtl/column_shift_engine.sv                                                 ; yes             ; User SystemVerilog HDL File            ; H:/git/PCB_CQmax10/CQmax10/sample/lcd_samegame/rtl/column_shift_engine.sv                                                 ;            ;
; rtl/score_manager.sv                                                       ; yes             ; User SystemVerilog HDL File            ; H:/git/PCB_CQmax10/CQmax10/sample/lcd_samegame/rtl/score_manager.sv                                                       ;            ;
; rtl/rng_generator.sv                                                       ; yes             ; User SystemVerilog HDL File            ; H:/git/PCB_CQmax10/CQmax10/sample/lcd_samegame/rtl/rng_generator.sv                                                       ;            ;
; rtl/ps2_controller.sv                                                      ; yes             ; User SystemVerilog HDL File            ; H:/git/PCB_CQmax10/CQmax10/sample/lcd_samegame/rtl/ps2_controller.sv                                                      ;            ;
; rtl/logo_ram.sv                                                            ; yes             ; User SystemVerilog HDL File            ; H:/git/PCB_CQmax10/CQmax10/sample/lcd_samegame/rtl/logo_ram.sv                                                            ;            ;
; rtl/ufm_bootloader.sv                                                      ; yes             ; User SystemVerilog HDL File            ; H:/git/PCB_CQmax10/CQmax10/sample/lcd_samegame/rtl/ufm_bootloader.sv                                                      ;            ;
; rtl/lcd_renderer.sv                                                        ; yes             ; User SystemVerilog HDL File            ; H:/git/PCB_CQmax10/CQmax10/sample/lcd_samegame/rtl/lcd_renderer.sv                                                        ;            ;
; rtl/lcd_ili9341_ctrl.sv                                                    ; yes             ; User SystemVerilog HDL File            ; H:/git/PCB_CQmax10/CQmax10/sample/lcd_samegame/rtl/lcd_ili9341_ctrl.sv                                                    ;            ;
; rtl/spi_byte_master.sv                                                     ; yes             ; User SystemVerilog HDL File            ; H:/git/PCB_CQmax10/CQmax10/sample/lcd_samegame/rtl/spi_byte_master.sv                                                     ;            ;
; rtl/frame_seq.sv                                                           ; yes             ; User SystemVerilog HDL File            ; H:/git/PCB_CQmax10/CQmax10/sample/lcd_samegame/rtl/frame_seq.sv                                                           ;            ;
; rtl/reset_sync.sv                                                          ; yes             ; User SystemVerilog HDL File            ; H:/git/PCB_CQmax10/CQmax10/sample/lcd_samegame/rtl/reset_sync.sv                                                          ;            ;
; rtl/debounce.sv                                                            ; yes             ; User SystemVerilog HDL File            ; H:/git/PCB_CQmax10/CQmax10/sample/lcd_samegame/rtl/debounce.sv                                                            ;            ;
; logo_flash/synthesis/logo_flash.v                                          ; yes             ; User Verilog HDL File                  ; H:/git/PCB_CQmax10/CQmax10/sample/lcd_samegame/logo_flash/synthesis/logo_flash.v                                          ; logo_flash ;
; logo_flash/synthesis/submodules/altera_onchip_flash_util.v                 ; yes             ; User Verilog HDL File                  ; H:/git/PCB_CQmax10/CQmax10/sample/lcd_samegame/logo_flash/synthesis/submodules/altera_onchip_flash_util.v                 ; logo_flash ;
; logo_flash/synthesis/submodules/altera_onchip_flash.v                      ; yes             ; User Verilog HDL File                  ; H:/git/PCB_CQmax10/CQmax10/sample/lcd_samegame/logo_flash/synthesis/submodules/altera_onchip_flash.v                      ; logo_flash ;
; logo_flash/synthesis/submodules/altera_onchip_flash_avmm_data_controller.v ; yes             ; User Verilog HDL File                  ; H:/git/PCB_CQmax10/CQmax10/sample/lcd_samegame/logo_flash/synthesis/submodules/altera_onchip_flash_avmm_data_controller.v ; logo_flash ;
; logo_flash/synthesis/submodules/altera_onchip_flash_avmm_csr_controller.v  ; yes             ; User Verilog HDL File                  ; H:/git/PCB_CQmax10/CQmax10/sample/lcd_samegame/logo_flash/synthesis/submodules/altera_onchip_flash_avmm_csr_controller.v  ; logo_flash ;
; logo_flash/synthesis/submodules/rtl/altera_onchip_flash_block.v            ; yes             ; User Verilog HDL File                  ; H:/git/PCB_CQmax10/CQmax10/sample/lcd_samegame/logo_flash/synthesis/submodules/rtl/altera_onchip_flash_block.v            ; logo_flash ;
; altera_std_synchronizer.v                                                  ; yes             ; Megafunction                           ; h:/altera_lite/25.1std/quartus/libraries/megafunctions/altera_std_synchronizer.v                                          ;            ;
; lpm_shiftreg.tdf                                                           ; yes             ; Megafunction                           ; h:/altera_lite/25.1std/quartus/libraries/megafunctions/lpm_shiftreg.tdf                                                   ;            ;
; lpm_constant.inc                                                           ; yes             ; Megafunction                           ; h:/altera_lite/25.1std/quartus/libraries/megafunctions/lpm_constant.inc                                                   ;            ;
; dffeea.inc                                                                 ; yes             ; Megafunction                           ; h:/altera_lite/25.1std/quartus/libraries/megafunctions/dffeea.inc                                                         ;            ;
; aglobal251.inc                                                             ; yes             ; Megafunction                           ; h:/altera_lite/25.1std/quartus/libraries/megafunctions/aglobal251.inc                                                     ;            ;
; logo_rom.hex                                                               ; yes             ; Auto-Found Memory Initialization File  ; H:/git/PCB_CQmax10/CQmax10/sample/lcd_samegame/logo_rom.hex                                                               ;            ;
; altsyncram.tdf                                                             ; yes             ; Megafunction                           ; h:/altera_lite/25.1std/quartus/libraries/megafunctions/altsyncram.tdf                                                     ;            ;
; stratix_ram_block.inc                                                      ; yes             ; Megafunction                           ; h:/altera_lite/25.1std/quartus/libraries/megafunctions/stratix_ram_block.inc                                              ;            ;
; lpm_mux.inc                                                                ; yes             ; Megafunction                           ; h:/altera_lite/25.1std/quartus/libraries/megafunctions/lpm_mux.inc                                                        ;            ;
; lpm_decode.inc                                                             ; yes             ; Megafunction                           ; h:/altera_lite/25.1std/quartus/libraries/megafunctions/lpm_decode.inc                                                     ;            ;
; a_rdenreg.inc                                                              ; yes             ; Megafunction                           ; h:/altera_lite/25.1std/quartus/libraries/megafunctions/a_rdenreg.inc                                                      ;            ;
; altrom.inc                                                                 ; yes             ; Megafunction                           ; h:/altera_lite/25.1std/quartus/libraries/megafunctions/altrom.inc                                                         ;            ;
; altram.inc                                                                 ; yes             ; Megafunction                           ; h:/altera_lite/25.1std/quartus/libraries/megafunctions/altram.inc                                                         ;            ;
; altdpram.inc                                                               ; yes             ; Megafunction                           ; h:/altera_lite/25.1std/quartus/libraries/megafunctions/altdpram.inc                                                       ;            ;
; db/altsyncram_8ob1.tdf                                                     ; yes             ; Auto-Generated Megafunction            ; H:/git/PCB_CQmax10/CQmax10/sample/lcd_samegame/db/altsyncram_8ob1.tdf                                                     ;            ;
; db/altsyncram_kgg1.tdf                                                     ; yes             ; Auto-Generated Megafunction            ; H:/git/PCB_CQmax10/CQmax10/sample/lcd_samegame/db/altsyncram_kgg1.tdf                                                     ;            ;
; lpm_mult.tdf                                                               ; yes             ; Megafunction                           ; h:/altera_lite/25.1std/quartus/libraries/megafunctions/lpm_mult.tdf                                                       ;            ;
; lpm_add_sub.inc                                                            ; yes             ; Megafunction                           ; h:/altera_lite/25.1std/quartus/libraries/megafunctions/lpm_add_sub.inc                                                    ;            ;
; multcore.inc                                                               ; yes             ; Megafunction                           ; h:/altera_lite/25.1std/quartus/libraries/megafunctions/multcore.inc                                                       ;            ;
; bypassff.inc                                                               ; yes             ; Megafunction                           ; h:/altera_lite/25.1std/quartus/libraries/megafunctions/bypassff.inc                                                       ;            ;
; altshift.inc                                                               ; yes             ; Megafunction                           ; h:/altera_lite/25.1std/quartus/libraries/megafunctions/altshift.inc                                                       ;            ;
; multcore.tdf                                                               ; yes             ; Megafunction                           ; h:/altera_lite/25.1std/quartus/libraries/megafunctions/multcore.tdf                                                       ;            ;
; csa_add.inc                                                                ; yes             ; Megafunction                           ; h:/altera_lite/25.1std/quartus/libraries/megafunctions/csa_add.inc                                                        ;            ;
; mpar_add.inc                                                               ; yes             ; Megafunction                           ; h:/altera_lite/25.1std/quartus/libraries/megafunctions/mpar_add.inc                                                       ;            ;
; muleabz.inc                                                                ; yes             ; Megafunction                           ; h:/altera_lite/25.1std/quartus/libraries/megafunctions/muleabz.inc                                                        ;            ;
; mul_lfrg.inc                                                               ; yes             ; Megafunction                           ; h:/altera_lite/25.1std/quartus/libraries/megafunctions/mul_lfrg.inc                                                       ;            ;
; mul_boothc.inc                                                             ; yes             ; Megafunction                           ; h:/altera_lite/25.1std/quartus/libraries/megafunctions/mul_boothc.inc                                                     ;            ;
; alt_ded_mult.inc                                                           ; yes             ; Megafunction                           ; h:/altera_lite/25.1std/quartus/libraries/megafunctions/alt_ded_mult.inc                                                   ;            ;
; alt_ded_mult_y.inc                                                         ; yes             ; Megafunction                           ; h:/altera_lite/25.1std/quartus/libraries/megafunctions/alt_ded_mult_y.inc                                                 ;            ;
; dffpipe.inc                                                                ; yes             ; Megafunction                           ; h:/altera_lite/25.1std/quartus/libraries/megafunctions/dffpipe.inc                                                        ;            ;
; mpar_add.tdf                                                               ; yes             ; Megafunction                           ; h:/altera_lite/25.1std/quartus/libraries/megafunctions/mpar_add.tdf                                                       ;            ;
; lpm_add_sub.tdf                                                            ; yes             ; Megafunction                           ; h:/altera_lite/25.1std/quartus/libraries/megafunctions/lpm_add_sub.tdf                                                    ;            ;
; addcore.inc                                                                ; yes             ; Megafunction                           ; h:/altera_lite/25.1std/quartus/libraries/megafunctions/addcore.inc                                                        ;            ;
; look_add.inc                                                               ; yes             ; Megafunction                           ; h:/altera_lite/25.1std/quartus/libraries/megafunctions/look_add.inc                                                       ;            ;
; alt_stratix_add_sub.inc                                                    ; yes             ; Megafunction                           ; h:/altera_lite/25.1std/quartus/libraries/megafunctions/alt_stratix_add_sub.inc                                            ;            ;
; db/add_sub_arg.tdf                                                         ; yes             ; Auto-Generated Megafunction            ; H:/git/PCB_CQmax10/CQmax10/sample/lcd_samegame/db/add_sub_arg.tdf                                                         ;            ;
; altshift.tdf                                                               ; yes             ; Megafunction                           ; h:/altera_lite/25.1std/quartus/libraries/megafunctions/altshift.tdf                                                       ;            ;
; db/mult_0ls.tdf                                                            ; yes             ; Auto-Generated Megafunction            ; H:/git/PCB_CQmax10/CQmax10/sample/lcd_samegame/db/mult_0ls.tdf                                                            ;            ;
; db/add_sub_crg.tdf                                                         ; yes             ; Auto-Generated Megafunction            ; H:/git/PCB_CQmax10/CQmax10/sample/lcd_samegame/db/add_sub_crg.tdf                                                         ;            ;
; db/add_sub_grg.tdf                                                         ; yes             ; Auto-Generated Megafunction            ; H:/git/PCB_CQmax10/CQmax10/sample/lcd_samegame/db/add_sub_grg.tdf                                                         ;            ;
+----------------------------------------------------------------------------+-----------------+----------------------------------------+---------------------------------------------------------------------------------------------------------------------------+------------+


+---------------------------------------------------------+
; Analysis & Synthesis Resource Usage Summary             ;
+---------------------------------------------+-----------+
; Resource                                    ; Usage     ;
+---------------------------------------------+-----------+
; Estimated Total logic elements              ; 7,972     ;
;                                             ;           ;
; Total combinational functions               ; 5863      ;
; Logic element usage by number of LUT inputs ;           ;
;     -- 4 input functions                    ; 4319      ;
;     -- 3 input functions                    ; 898       ;
;     -- <=2 input functions                  ; 646       ;
;                                             ;           ;
; Logic elements by mode                      ;           ;
;     -- normal mode                          ; 5424      ;
;     -- arithmetic mode                      ; 439       ;
;                                             ;           ;
; Total registers                             ; 3400      ;
;     -- Dedicated logic registers            ; 3400      ;
;     -- I/O registers                        ; 0         ;
;                                             ;           ;
; I/O pins                                    ; 17        ;
; Total memory bits                           ; 34816     ;
; UFM blocks                                  ; 1         ;
;                                             ;           ;
; Embedded Multiplier 9-bit elements          ; 1         ;
;                                             ;           ;
; Maximum fan-out node                        ; clk~input ;
; Maximum fan-out                             ; 3426      ;
; Total fan-out                               ; 32232     ;
; Average fan-out                             ; 3.46      ;
+---------------------------------------------+-----------+


+----------------------------------------------------------------------------------------------------------------------------------------------------------------------------------------------------------------------------------------------------------------------------------------------------------------------------------------------------------------------------------------------------------------------------------------------------------------------+
; Analysis & Synthesis Resource Utilization by Entity                                                                                                                                                                                                                                                                                                                                                                                                                  ;
+--------------------------------------------------------------------------+---------------------+---------------------------+-------------+------------+--------------+---------+-----------+------+--------------+------------+----------------------------------------------------------------------------------------------------------------------------------------------------------------------------+------------------------------------------+--------------+
; Compilation Hierarchy Node                                               ; Combinational ALUTs ; Dedicated Logic Registers ; Memory Bits ; UFM Blocks ; DSP Elements ; DSP 9x9 ; DSP 18x18 ; Pins ; Virtual Pins ; ADC blocks ; Full Hierarchy Name                                                                                                                                                        ; Entity Name                              ; Library Name ;
+--------------------------------------------------------------------------+---------------------+---------------------------+-------------+------------+--------------+---------+-----------+------+--------------+------------+----------------------------------------------------------------------------------------------------------------------------------------------------------------------------+------------------------------------------+--------------+
; |samegame_top                                                            ; 5863 (7)            ; 3400 (0)                  ; 34816       ; 1          ; 1            ; 1       ; 0         ; 17   ; 0            ; 0          ; |samegame_top                                                                                                                                                              ; samegame_top                             ; work         ;
;    |board_memory:u_board|                                                ; 1506 (1506)         ; 585 (585)                 ; 0           ; 0          ; 0            ; 0       ; 0         ; 0    ; 0            ; 0          ; |samegame_top|board_memory:u_board                                                                                                                                         ; board_memory                             ; work         ;
;    |frame_seq:u_fseq|                                                    ; 52 (52)             ; 36 (36)                   ; 0           ; 0          ; 0            ; 0       ; 0         ; 0    ; 0            ; 0          ; |samegame_top|frame_seq:u_fseq                                                                                                                                             ; frame_seq                                ; work         ;
;    |game_fsm:u_game|                                                     ; 2383 (209)          ; 2184 (87)                 ; 2048        ; 0          ; 1            ; 1       ; 0         ; 0    ; 0            ; 0          ; |samegame_top|game_fsm:u_game                                                                                                                                              ; game_fsm                                 ; work         ;
;       |column_shift_engine:u_shift|                                      ; 653 (653)           ; 755 (755)                 ; 0           ; 0          ; 0            ; 0       ; 0         ; 0    ; 0            ; 0          ; |samegame_top|game_fsm:u_game|column_shift_engine:u_shift                                                                                                                  ; column_shift_engine                      ; work         ;
;       |erase_engine:u_erase|                                             ; 352 (352)           ; 218 (218)                 ; 0           ; 0          ; 0            ; 0       ; 0         ; 0    ; 0            ; 0          ; |samegame_top|game_fsm:u_game|erase_engine:u_erase                                                                                                                         ; erase_engine                             ; work         ;
;       |floodfill_engine:u_ff|                                            ; 772 (772)           ; 253 (253)                 ; 2048        ; 0          ; 0            ; 0       ; 0         ; 0    ; 0            ; 0          ; |samegame_top|game_fsm:u_game|floodfill_engine:u_ff                                                                                                                        ; floodfill_engine                         ; work         ;
;          |altsyncram:fifo_mem_rtl_0|                                     ; 0 (0)               ; 0 (0)                     ; 2048        ; 0          ; 0            ; 0       ; 0         ; 0    ; 0            ; 0          ; |samegame_top|game_fsm:u_game|floodfill_engine:u_ff|altsyncram:fifo_mem_rtl_0                                                                                              ; altsyncram                               ; work         ;
;             |altsyncram_8ob1:auto_generated|                             ; 0 (0)               ; 0 (0)                     ; 2048        ; 0          ; 0            ; 0       ; 0         ; 0    ; 0            ; 0          ; |samegame_top|game_fsm:u_game|floodfill_engine:u_ff|altsyncram:fifo_mem_rtl_0|altsyncram_8ob1:auto_generated                                                               ; altsyncram_8ob1                          ; work         ;
;       |gravity_engine:u_grav|                                            ; 346 (346)           ; 839 (839)                 ; 0           ; 0          ; 0            ; 0       ; 0         ; 0    ; 0            ; 0          ; |samegame_top|game_fsm:u_game|gravity_engine:u_grav                                                                                                                        ; gravity_engine                           ; work         ;
;       |rng_generator:u_rng|                                              ; 17 (17)             ; 16 (16)                   ; 0           ; 0          ; 0            ; 0       ; 0         ; 0    ; 0            ; 0          ; |samegame_top|game_fsm:u_game|rng_generator:u_rng                                                                                                                          ; rng_generator                            ; work         ;
;       |score_manager:u_score|                                            ; 34 (34)             ; 16 (16)                   ; 0           ; 0          ; 1            ; 1       ; 0         ; 0    ; 0            ; 0          ; |samegame_top|game_fsm:u_game|score_manager:u_score                                                                                                                        ; score_manager                            ; work         ;
;          |lpm_mult:Mult0|                                                ; 0 (0)               ; 0 (0)                     ; 0           ; 0          ; 1            ; 1       ; 0         ; 0    ; 0            ; 0          ; |samegame_top|game_fsm:u_game|score_manager:u_score|lpm_mult:Mult0                                                                                                         ; lpm_mult                                 ; work         ;
;             |mult_0ls:auto_generated|                                    ; 0 (0)               ; 0 (0)                     ; 0           ; 0          ; 1            ; 1       ; 0         ; 0    ; 0            ; 0          ; |samegame_top|game_fsm:u_game|score_manager:u_score|lpm_mult:Mult0|mult_0ls:auto_generated                                                                                 ; mult_0ls                                 ; work         ;
;    |lcd_ili9341_ctrl:u_lcd|                                              ; 406 (319)           ; 164 (145)                 ; 0           ; 0          ; 0            ; 0       ; 0         ; 0    ; 0            ; 0          ; |samegame_top|lcd_ili9341_ctrl:u_lcd                                                                                                                                       ; lcd_ili9341_ctrl                         ; work         ;
;       |lpm_mult:Mult0|                                                   ; 57 (0)              ; 0 (0)                     ; 0           ; 0          ; 0            ; 0       ; 0         ; 0    ; 0            ; 0          ; |samegame_top|lcd_ili9341_ctrl:u_lcd|lpm_mult:Mult0                                                                                                                        ; lpm_mult                                 ; work         ;
;          |multcore:mult_core|                                            ; 57 (25)             ; 0 (0)                     ; 0           ; 0          ; 0            ; 0       ; 0         ; 0    ; 0            ; 0          ; |samegame_top|lcd_ili9341_ctrl:u_lcd|lpm_mult:Mult0|multcore:mult_core                                                                                                     ; multcore                                 ; work         ;
;             |mpar_add:padder|                                            ; 32 (0)              ; 0 (0)                     ; 0           ; 0          ; 0            ; 0       ; 0         ; 0    ; 0            ; 0          ; |samegame_top|lcd_ili9341_ctrl:u_lcd|lpm_mult:Mult0|multcore:mult_core|mpar_add:padder                                                                                     ; mpar_add                                 ; work         ;
;                |lpm_add_sub:adder[0]|                                    ; 32 (0)              ; 0 (0)                     ; 0           ; 0          ; 0            ; 0       ; 0         ; 0    ; 0            ; 0          ; |samegame_top|lcd_ili9341_ctrl:u_lcd|lpm_mult:Mult0|multcore:mult_core|mpar_add:padder|lpm_add_sub:adder[0]                                                                ; lpm_add_sub                              ; work         ;
;                   |add_sub_arg:auto_generated|                           ; 32 (32)             ; 0 (0)                     ; 0           ; 0          ; 0            ; 0       ; 0         ; 0    ; 0            ; 0          ; |samegame_top|lcd_ili9341_ctrl:u_lcd|lpm_mult:Mult0|multcore:mult_core|mpar_add:padder|lpm_add_sub:adder[0]|add_sub_arg:auto_generated                                     ; add_sub_arg                              ; work         ;
;       |spi_byte_master:u_spi|                                            ; 30 (30)             ; 19 (19)                   ; 0           ; 0          ; 0            ; 0       ; 0         ; 0    ; 0            ; 0          ; |samegame_top|lcd_ili9341_ctrl:u_lcd|spi_byte_master:u_spi                                                                                                                 ; spi_byte_master                          ; work         ;
;    |lcd_renderer:u_render|                                               ; 1074 (1011)         ; 121 (121)                 ; 0           ; 0          ; 0            ; 0       ; 0         ; 0    ; 0            ; 0          ; |samegame_top|lcd_renderer:u_render                                                                                                                                        ; lcd_renderer                             ; work         ;
;       |lpm_mult:Mult0|                                                   ; 34 (0)              ; 0 (0)                     ; 0           ; 0          ; 0            ; 0       ; 0         ; 0    ; 0            ; 0          ; |samegame_top|lcd_renderer:u_render|lpm_mult:Mult0                                                                                                                         ; lpm_mult                                 ; work         ;
;          |multcore:mult_core|                                            ; 34 (14)             ; 0 (0)                     ; 0           ; 0          ; 0            ; 0       ; 0         ; 0    ; 0            ; 0          ; |samegame_top|lcd_renderer:u_render|lpm_mult:Mult0|multcore:mult_core                                                                                                      ; multcore                                 ; work         ;
;             |mpar_add:padder|                                            ; 20 (0)              ; 0 (0)                     ; 0           ; 0          ; 0            ; 0       ; 0         ; 0    ; 0            ; 0          ; |samegame_top|lcd_renderer:u_render|lpm_mult:Mult0|multcore:mult_core|mpar_add:padder                                                                                      ; mpar_add                                 ; work         ;
;                |lpm_add_sub:adder[0]|                                    ; 12 (0)              ; 0 (0)                     ; 0           ; 0          ; 0            ; 0       ; 0         ; 0    ; 0            ; 0          ; |samegame_top|lcd_renderer:u_render|lpm_mult:Mult0|multcore:mult_core|mpar_add:padder|lpm_add_sub:adder[0]                                                                 ; lpm_add_sub                              ; work         ;
;                   |add_sub_crg:auto_generated|                           ; 12 (12)             ; 0 (0)                     ; 0           ; 0          ; 0            ; 0       ; 0         ; 0    ; 0            ; 0          ; |samegame_top|lcd_renderer:u_render|lpm_mult:Mult0|multcore:mult_core|mpar_add:padder|lpm_add_sub:adder[0]|add_sub_crg:auto_generated                                      ; add_sub_crg                              ; work         ;
;                |mpar_add:sub_par_add|                                    ; 8 (0)               ; 0 (0)                     ; 0           ; 0          ; 0            ; 0       ; 0         ; 0    ; 0            ; 0          ; |samegame_top|lcd_renderer:u_render|lpm_mult:Mult0|multcore:mult_core|mpar_add:padder|mpar_add:sub_par_add                                                                 ; mpar_add                                 ; work         ;
;                   |lpm_add_sub:adder[0]|                                 ; 8 (0)               ; 0 (0)                     ; 0           ; 0          ; 0            ; 0       ; 0         ; 0    ; 0            ; 0          ; |samegame_top|lcd_renderer:u_render|lpm_mult:Mult0|multcore:mult_core|mpar_add:padder|mpar_add:sub_par_add|lpm_add_sub:adder[0]                                            ; lpm_add_sub                              ; work         ;
;                      |add_sub_grg:auto_generated|                        ; 8 (8)               ; 0 (0)                     ; 0           ; 0          ; 0            ; 0       ; 0         ; 0    ; 0            ; 0          ; |samegame_top|lcd_renderer:u_render|lpm_mult:Mult0|multcore:mult_core|mpar_add:padder|mpar_add:sub_par_add|lpm_add_sub:adder[0]|add_sub_grg:auto_generated                 ; add_sub_grg                              ; work         ;
;       |lpm_mult:Mult1|                                                   ; 26 (0)              ; 0 (0)                     ; 0           ; 0          ; 0            ; 0       ; 0         ; 0    ; 0            ; 0          ; |samegame_top|lcd_renderer:u_render|lpm_mult:Mult1                                                                                                                         ; lpm_mult                                 ; work         ;
;          |multcore:mult_core|                                            ; 26 (14)             ; 0 (0)                     ; 0           ; 0          ; 0            ; 0       ; 0         ; 0    ; 0            ; 0          ; |samegame_top|lcd_renderer:u_render|lpm_mult:Mult1|multcore:mult_core                                                                                                      ; multcore                                 ; work         ;
;             |mpar_add:padder|                                            ; 12 (0)              ; 0 (0)                     ; 0           ; 0          ; 0            ; 0       ; 0         ; 0    ; 0            ; 0          ; |samegame_top|lcd_renderer:u_render|lpm_mult:Mult1|multcore:mult_core|mpar_add:padder                                                                                      ; mpar_add                                 ; work         ;
;                |lpm_add_sub:adder[0]|                                    ; 12 (0)              ; 0 (0)                     ; 0           ; 0          ; 0            ; 0       ; 0         ; 0    ; 0            ; 0          ; |samegame_top|lcd_renderer:u_render|lpm_mult:Mult1|multcore:mult_core|mpar_add:padder|lpm_add_sub:adder[0]                                                                 ; lpm_add_sub                              ; work         ;
;                   |add_sub_crg:auto_generated|                           ; 12 (12)             ; 0 (0)                     ; 0           ; 0          ; 0            ; 0       ; 0         ; 0    ; 0            ; 0          ; |samegame_top|lcd_renderer:u_render|lpm_mult:Mult1|multcore:mult_core|mpar_add:padder|lpm_add_sub:adder[0]|add_sub_crg:auto_generated                                      ; add_sub_crg                              ; work         ;
;       |lpm_mult:Mult2|                                                   ; 3 (0)               ; 0 (0)                     ; 0           ; 0          ; 0            ; 0       ; 0         ; 0    ; 0            ; 0          ; |samegame_top|lcd_renderer:u_render|lpm_mult:Mult2                                                                                                                         ; lpm_mult                                 ; work         ;
;          |multcore:mult_core|                                            ; 3 (3)               ; 0 (0)                     ; 0           ; 0          ; 0            ; 0       ; 0         ; 0    ; 0            ; 0          ; |samegame_top|lcd_renderer:u_render|lpm_mult:Mult2|multcore:mult_core                                                                                                      ; multcore                                 ; work         ;
;    |logo_flash:u_ufm|                                                    ; 146 (0)             ; 99 (0)                    ; 0           ; 1          ; 0            ; 0       ; 0         ; 0    ; 0            ; 0          ; |samegame_top|logo_flash:u_ufm                                                                                                                                             ; logo_flash                               ; logo_flash   ;
;       |altera_onchip_flash:ufm|                                          ; 146 (0)             ; 99 (0)                    ; 0           ; 1          ; 0            ; 0       ; 0         ; 0    ; 0            ; 0          ; |samegame_top|logo_flash:u_ufm|altera_onchip_flash:ufm                                                                                                                     ; altera_onchip_flash                      ; logo_flash   ;
;          |altera_onchip_flash_avmm_csr_controller:avmm_csr_controller|   ; 0 (0)               ; 2 (2)                     ; 0           ; 0          ; 0            ; 0       ; 0         ; 0    ; 0            ; 0          ; |samegame_top|logo_flash:u_ufm|altera_onchip_flash:ufm|altera_onchip_flash_avmm_csr_controller:avmm_csr_controller                                                         ; altera_onchip_flash_avmm_csr_controller  ; logo_flash   ;
;          |altera_onchip_flash_avmm_data_controller:avmm_data_controller| ; 146 (141)           ; 97 (97)                   ; 0           ; 0          ; 0            ; 0       ; 0         ; 0    ; 0            ; 0          ; |samegame_top|logo_flash:u_ufm|altera_onchip_flash:ufm|altera_onchip_flash_avmm_data_controller:avmm_data_controller                                                       ; altera_onchip_flash_avmm_data_controller ; logo_flash   ;
;             |altera_onchip_flash_convert_address:address_convertor|      ; 5 (5)               ; 0 (0)                     ; 0           ; 0          ; 0            ; 0       ; 0         ; 0    ; 0            ; 0          ; |samegame_top|logo_flash:u_ufm|altera_onchip_flash:ufm|altera_onchip_flash_avmm_data_controller:avmm_data_controller|altera_onchip_flash_convert_address:address_convertor ; altera_onchip_flash_convert_address      ; logo_flash   ;
;          |altera_onchip_flash_block:altera_onchip_flash_block|           ; 0 (0)               ; 0 (0)                     ; 0           ; 1          ; 0            ; 0       ; 0         ; 0    ; 0            ; 0          ; |samegame_top|logo_flash:u_ufm|altera_onchip_flash:ufm|altera_onchip_flash_block:altera_onchip_flash_block                                                                 ; altera_onchip_flash_block                ; logo_flash   ;
;    |logo_ram:u_ram|                                                      ; 0 (0)               ; 0 (0)                     ; 32768       ; 0          ; 0            ; 0       ; 0         ; 0    ; 0            ; 0          ; |samegame_top|logo_ram:u_ram                                                                                                                                               ; logo_ram                                 ; work         ;
;       |altsyncram:mem_rtl_0|                                             ; 0 (0)               ; 0 (0)                     ; 32768       ; 0          ; 0            ; 0       ; 0         ; 0    ; 0            ; 0          ; |samegame_top|logo_ram:u_ram|altsyncram:mem_rtl_0                                                                                                                          ; altsyncram                               ; work         ;
;          |altsyncram_kgg1:auto_generated|                                ; 0 (0)               ; 0 (0)                     ; 32768       ; 0          ; 0            ; 0       ; 0         ; 0    ; 0            ; 0          ; |samegame_top|logo_ram:u_ram|altsyncram:mem_rtl_0|altsyncram_kgg1:auto_generated                                                                                           ; altsyncram_kgg1                          ; work         ;
;    |ps2_controller:u_pad|                                                ; 192 (192)           ; 133 (133)                 ; 0           ; 0          ; 0            ; 0       ; 0         ; 0    ; 0            ; 0          ; |samegame_top|ps2_controller:u_pad                                                                                                                                         ; ps2_controller                           ; work         ;
;    |reset_sync:u_reset|                                                  ; 0 (0)               ; 3 (3)                     ; 0           ; 0          ; 0            ; 0       ; 0         ; 0    ; 0            ; 0          ; |samegame_top|reset_sync:u_reset                                                                                                                                           ; reset_sync                               ; work         ;
;    |ufm_bootloader:u_boot|                                               ; 97 (97)             ; 75 (75)                   ; 0           ; 0          ; 0            ; 0       ; 0         ; 0    ; 0            ; 0          ; |samegame_top|ufm_bootloader:u_boot                                                                                                                                        ; ufm_bootloader                           ; work         ;
+--------------------------------------------------------------------------+---------------------+---------------------------+-------------+------------+--------------+---------+-----------+------+--------------+------------+----------------------------------------------------------------------------------------------------------------------------------------------------------------------------+------------------------------------------+--------------+
Note: For table entries with two numbers listed, the numbers in parentheses indicate the number of resources of the given type used by the specific entity alone. The numbers listed outside of parentheses indicate the total resources of the given type used by the specific entity and all of its sub-entities in the hierarchy.


+----------------------------------------------------------------------------------------------------------------------------------------------------------------------------------------------------------------+
; Analysis & Synthesis RAM Summary                                                                                                                                                                               ;
+-----------------------------------------------------------------------------------------------------------+------+------------------+--------------+--------------+--------------+--------------+-------+------+
; Name                                                                                                      ; Type ; Mode             ; Port A Depth ; Port A Width ; Port B Depth ; Port B Width ; Size  ; MIF  ;
+-----------------------------------------------------------------------------------------------------------+------+------------------+--------------+--------------+--------------+--------------+-------+------+
; game_fsm:u_game|floodfill_engine:u_ff|altsyncram:fifo_mem_rtl_0|altsyncram_8ob1:auto_generated|ALTSYNCRAM ; AUTO ; Simple Dual Port ; 256          ; 8            ; 256          ; 8            ; 2048  ; None ;
; logo_ram:u_ram|altsyncram:mem_rtl_0|altsyncram_kgg1:auto_generated|ALTSYNCRAM                             ; AUTO ; Simple Dual Port ; 2048         ; 16           ; 2048         ; 16           ; 32768 ; None ;
+-----------------------------------------------------------------------------------------------------------+------+------------------+--------------+--------------+--------------+--------------+-------+------+


+-----------------------------------------------------+
; Analysis & Synthesis DSP Block Usage Summary        ;
+---------------------------------------+-------------+
; Statistic                             ; Number Used ;
+---------------------------------------+-------------+
; Simple Multipliers (9-bit)            ; 1           ;
; Simple Multipliers (18-bit)           ; 0           ;
; Embedded Multiplier Blocks            ; --          ;
; Embedded Multiplier 9-bit elements    ; 1           ;
; Signed Embedded Multipliers           ; 0           ;
; Unsigned Embedded Multipliers         ; 1           ;
; Mixed Sign Embedded Multipliers       ; 0           ;
; Variable Sign Embedded Multipliers    ; 0           ;
; Dedicated Input Shift Register Chains ; 0           ;
+---------------------------------------+-------------+
Note: number of Embedded Multiplier Blocks used is only available after a successful fit.


+------------------------------------------------------------------------------------------------------------------+
; Analysis & Synthesis IP Cores Summary                                                                            ;
+--------+--------------+---------+--------------+--------------+--------------------------------+-----------------+
; Vendor ; IP Core Name ; Version ; Release Date ; License Type ; Entity Instance                ; IP Include File ;
+--------+--------------+---------+--------------+--------------+--------------------------------+-----------------+
; N/A    ; Qsys         ; 25.1    ; N/A          ; N/A          ; |samegame_top|logo_flash:u_ufm ; logo_flash.qsys ;
+--------+--------------+---------+--------------+--------------+--------------------------------+-----------------+


Encoding Type:  One-Hot
+---------------------------------------------------------------------------------------------+
; State Machine - |samegame_top|lcd_renderer:u_render|st                                      ;
+-----------+-----------+---------+-----------+-----------+-----------+-----------+-----------+
; Name      ; st.R_EMIT ; st.R_LW ; st.R_LOGO ; st.R_WAIT ; st.R_SCAN ; st.R_CELL ; st.R_IDLE ;
+-----------+-----------+---------+-----------+-----------+-----------+-----------+-----------+
; st.R_IDLE ; 0         ; 0       ; 0         ; 0         ; 0         ; 0         ; 0         ;
; st.R_CELL ; 0         ; 0       ; 0         ; 0         ; 0         ; 1         ; 1         ;
; st.R_SCAN ; 0         ; 0       ; 0         ; 0         ; 1         ; 0         ; 1         ;
; st.R_WAIT ; 0         ; 0       ; 0         ; 1         ; 0         ; 0         ; 1         ;
; st.R_LOGO ; 0         ; 0       ; 1         ; 0         ; 0         ; 0         ; 1         ;
; st.R_LW   ; 0         ; 1       ; 0         ; 0         ; 0         ; 0         ; 1         ;
; st.R_EMIT ; 1         ; 0       ; 0         ; 0         ; 0         ; 0         ; 1         ;
+-----------+-----------+---------+-----------+-----------+-----------+-----------+-----------+


Encoding Type:  One-Hot
+------------------------------------------------------------------------------------------------------------------------------------------------------------------------------------------------------------------------------------------------------------+
; State Machine - |samegame_top|game_fsm:u_game|state                                                                                                                                                                                                        ;
+----------------------+------------------+--------------------+--------------------+-------------------+-------------------+----------------------+-------------------+--------------+--------------------+---------------+------------------+--------------+
; Name                 ; state.S_GAMEOVER ; state.S_SHIFT_ANIM ; state.S_SHIFT_WAIT ; state.S_FALL_ANIM ; state.S_FALL_WAIT ; state.S_ERASE_EFFECT ; state.S_FLOODFILL ; state.S_PLAY ; state.S_CHECK_WAIT ; state.S_CHECK ; state.S_GENERATE ; state.S_INIT ;
+----------------------+------------------+--------------------+--------------------+-------------------+-------------------+----------------------+-------------------+--------------+--------------------+---------------+------------------+--------------+
; state.S_INIT         ; 0                ; 0                  ; 0                  ; 0                 ; 0                 ; 0                    ; 0                 ; 0            ; 0                  ; 0             ; 0                ; 0            ;
; state.S_GENERATE     ; 0                ; 0                  ; 0                  ; 0                 ; 0                 ; 0                    ; 0                 ; 0            ; 0                  ; 0             ; 1                ; 1            ;
; state.S_CHECK        ; 0                ; 0                  ; 0                  ; 0                 ; 0                 ; 0                    ; 0                 ; 0            ; 0                  ; 1             ; 0                ; 1            ;
; state.S_CHECK_WAIT   ; 0                ; 0                  ; 0                  ; 0                 ; 0                 ; 0                    ; 0                 ; 0            ; 1                  ; 0             ; 0                ; 1            ;
; state.S_PLAY         ; 0                ; 0                  ; 0                  ; 0                 ; 0                 ; 0                    ; 0                 ; 1            ; 0                  ; 0             ; 0                ; 1            ;
; state.S_FLOODFILL    ; 0                ; 0                  ; 0                  ; 0                 ; 0                 ; 0                    ; 1                 ; 0            ; 0                  ; 0             ; 0                ; 1            ;
; state.S_ERASE_EFFECT ; 0                ; 0                  ; 0                  ; 0                 ; 0                 ; 1                    ; 0                 ; 0            ; 0                  ; 0             ; 0                ; 1            ;
; state.S_FALL_WAIT    ; 0                ; 0                  ; 0                  ; 0                 ; 1                 ; 0                    ; 0                 ; 0            ; 0                  ; 0             ; 0                ; 1            ;
; state.S_FALL_ANIM    ; 0                ; 0                  ; 0                  ; 1                 ; 0                 ; 0                    ; 0                 ; 0            ; 0                  ; 0             ; 0                ; 1            ;
; state.S_SHIFT_WAIT   ; 0                ; 0                  ; 1                  ; 0                 ; 0                 ; 0                    ; 0                 ; 0            ; 0                  ; 0             ; 0                ; 1            ;
; state.S_SHIFT_ANIM   ; 0                ; 1                  ; 0                  ; 0                 ; 0                 ; 0                    ; 0                 ; 0            ; 0                  ; 0             ; 0                ; 1            ;
; state.S_GAMEOVER     ; 1                ; 0                  ; 0                  ; 0                 ; 0                 ; 0                    ; 0                 ; 0            ; 0                  ; 0             ; 0                ; 1            ;
+----------------------+------------------+--------------------+--------------------+-------------------+-------------------+----------------------+-------------------+--------------+--------------------+---------------+------------------+--------------+


Encoding Type:  One-Hot
+------------------------------------------------------------------------------------------------------------+
; State Machine - |samegame_top|game_fsm:u_game|column_shift_engine:u_shift|state                            ;
+---------------+--------------+---------------+---------------+---------------+--------------+--------------+
; Name          ; state.S_DONE ; state.S_WRITE ; state.S_CLEAR ; state.S_SCANW ; state.S_SCAN ; state.S_IDLE ;
+---------------+--------------+---------------+---------------+---------------+--------------+--------------+
; state.S_IDLE  ; 0            ; 0             ; 0             ; 0             ; 0            ; 0            ;
; state.S_SCAN  ; 0            ; 0             ; 0             ; 0             ; 1            ; 1            ;
; state.S_SCANW ; 0            ; 0             ; 0             ; 1             ; 0            ; 1            ;
; state.S_CLEAR ; 0            ; 0             ; 1             ; 0             ; 0            ; 1            ;
; state.S_WRITE ; 0            ; 1             ; 0             ; 0             ; 0            ; 1            ;
; state.S_DONE  ; 1            ; 0             ; 0             ; 0             ; 0            ; 1            ;
+---------------+--------------+---------------+---------------+---------------+--------------+--------------+


Encoding Type:  One-Hot
+-----------------------------------------------------------------------------------------------------------+
; State Machine - |samegame_top|game_fsm:u_game|gravity_engine:u_grav|state                                 ;
+---------------+--------------+--------------+--------------+---------------+---------------+--------------+
; Name          ; state.S_DONE ; state.S_NEXT ; state.S_SCAN ; state.S_CLEAR ; state.S_LATCH ; state.S_IDLE ;
+---------------+--------------+--------------+--------------+---------------+---------------+--------------+
; state.S_IDLE  ; 0            ; 0            ; 0            ; 0             ; 0             ; 0            ;
; state.S_LATCH ; 0            ; 0            ; 0            ; 0             ; 1             ; 1            ;
; state.S_CLEAR ; 0            ; 0            ; 0            ; 1             ; 0             ; 1            ;
; state.S_SCAN  ; 0            ; 0            ; 1            ; 0             ; 0             ; 1            ;
; state.S_NEXT  ; 0            ; 1            ; 0            ; 0             ; 0             ; 1            ;
; state.S_DONE  ; 1            ; 0            ; 0            ; 0             ; 0             ; 1            ;
+---------------+--------------+--------------+--------------+---------------+---------------+--------------+


Encoding Type:  One-Hot
+-------------------------------------------------------------------------------+
; State Machine - |samegame_top|game_fsm:u_game|erase_engine:u_erase|state      ;
+----------------+--------------+----------------+---------------+--------------+
; Name           ; state.S_DONE ; state.S_COMMIT ; state.S_BLINK ; state.S_IDLE ;
+----------------+--------------+----------------+---------------+--------------+
; state.S_IDLE   ; 0            ; 0              ; 0             ; 0            ;
; state.S_BLINK  ; 0            ; 0              ; 1             ; 1            ;
; state.S_COMMIT ; 0            ; 1              ; 0             ; 1            ;
; state.S_DONE   ; 1            ; 0              ; 0             ; 1            ;
+----------------+--------------+----------------+---------------+--------------+


Encoding Type:  One-Hot
+-----------------------------------------------------------------------------------------------------------------------------------------------+
; State Machine - |samegame_top|game_fsm:u_game|floodfill_engine:u_ff|state                                                                     ;
+----------------+--------------+----------------+----------------+----------------+----------------+-------------+--------------+--------------+
; Name           ; state.S_DONE ; state.S_PROBE3 ; state.S_PROBE2 ; state.S_PROBE1 ; state.S_PROBE0 ; state.S_POP ; state.S_SEED ; state.S_IDLE ;
+----------------+--------------+----------------+----------------+----------------+----------------+-------------+--------------+--------------+
; state.S_IDLE   ; 0            ; 0              ; 0              ; 0              ; 0              ; 0           ; 0            ; 0            ;
; state.S_SEED   ; 0            ; 0              ; 0              ; 0              ; 0              ; 0           ; 1            ; 1            ;
; state.S_POP    ; 0            ; 0              ; 0              ; 0              ; 0              ; 1           ; 0            ; 1            ;
; state.S_PROBE0 ; 0            ; 0              ; 0              ; 0              ; 1              ; 0           ; 0            ; 1            ;
; state.S_PROBE1 ; 0            ; 0              ; 0              ; 1              ; 0              ; 0           ; 0            ; 1            ;
; state.S_PROBE2 ; 0            ; 0              ; 1              ; 0              ; 0              ; 0           ; 0            ; 1            ;
; state.S_PROBE3 ; 0            ; 1              ; 0              ; 0              ; 0              ; 0           ; 0            ; 1            ;
; state.S_DONE   ; 1            ; 0              ; 0              ; 0              ; 0              ; 0           ; 0            ; 1            ;
+----------------+--------------+----------------+----------------+----------------+----------------+-------------+--------------+--------------+


Encoding Type:  One-Hot
+--------------------------------------------------------------------------------------------------------------------------------------------------------------------------------+
; State Machine - |samegame_top|logo_flash:u_ufm|altera_onchip_flash:ufm|altera_onchip_flash_avmm_data_controller:avmm_data_controller|avmm_read_valid_state                     ;
+----------------------------------------------+---------------------------------------+----------------------------------------------+------------------------------------------+
; Name                                         ; avmm_read_valid_state.READ_VALID_IDLE ; avmm_read_valid_state.READ_VALID_PRE_READING ; avmm_read_valid_state.READ_VALID_READING ;
+----------------------------------------------+---------------------------------------+----------------------------------------------+------------------------------------------+
; avmm_read_valid_state.READ_VALID_IDLE        ; 0                                     ; 0                                            ; 0                                        ;
; avmm_read_valid_state.READ_VALID_READING     ; 1                                     ; 0                                            ; 1                                        ;
; avmm_read_valid_state.READ_VALID_PRE_READING ; 1                                     ; 1                                            ; 0                                        ;
+----------------------------------------------+---------------------------------------+----------------------------------------------+------------------------------------------+


Encoding Type:  One-Hot
+---------------------------------------------------------------------------------------------------------------------------------------------------------------------------------------------------------------------------------------------------------------------------------+
; State Machine - |samegame_top|logo_flash:u_ufm|altera_onchip_flash:ufm|altera_onchip_flash_avmm_data_controller:avmm_data_controller|read_state                                                                                                                                 ;
+--------------------------------+--------------------------------+-----------------------------+-----------------------------+-----------------------------+-----------------------------+-----------------------------+----------------------------+----------------------------+
; Name                           ; read_state.READ_STATE_PULSE_SE ; read_state.READ_STATE_CLEAR ; read_state.READ_STATE_FINAL ; read_state.READ_STATE_READY ; read_state.READ_STATE_DUMMY ; read_state.READ_STATE_SETUP ; read_state.READ_STATE_ADDR ; read_state.READ_STATE_IDLE ;
+--------------------------------+--------------------------------+-----------------------------+-----------------------------+-----------------------------+-----------------------------+-----------------------------+----------------------------+----------------------------+
; read_state.READ_STATE_IDLE     ; 0                              ; 0                           ; 0                           ; 0                           ; 0                           ; 0                           ; 0                          ; 0                          ;
; read_state.READ_STATE_ADDR     ; 0                              ; 0                           ; 0                           ; 0                           ; 0                           ; 0                           ; 1                          ; 1                          ;
; read_state.READ_STATE_SETUP    ; 0                              ; 0                           ; 0                           ; 0                           ; 0                           ; 1                           ; 0                          ; 1                          ;
; read_state.READ_STATE_DUMMY    ; 0                              ; 0                           ; 0                           ; 0                           ; 1                           ; 0                           ; 0                          ; 1                          ;
; read_state.READ_STATE_READY    ; 0                              ; 0                           ; 0                           ; 1                           ; 0                           ; 0                           ; 0                          ; 1                          ;
; read_state.READ_STATE_FINAL    ; 0                              ; 0                           ; 1                           ; 0                           ; 0                           ; 0                           ; 0                          ; 1                          ;
; read_state.READ_STATE_CLEAR    ; 0                              ; 1                           ; 0                           ; 0                           ; 0                           ; 0                           ; 0                          ; 1                          ;
; read_state.READ_STATE_PULSE_SE ; 1                              ; 0                           ; 0                           ; 0                           ; 0                           ; 0                           ; 0                          ; 1                          ;
+--------------------------------+--------------------------------+-----------------------------+-----------------------------+-----------------------------+-----------------------------+-----------------------------+----------------------------+----------------------------+


Encoding Type:  One-Hot
+-----------------------------------------------------------------------------------------------------------------------------------------------------------------------------------------------------------------------------------------+
; State Machine - |samegame_top|logo_flash:u_ufm|altera_onchip_flash:ufm|altera_onchip_flash_avmm_data_controller:avmm_data_controller|erase_state                                                                                        ;
+-----------------------------------+-------------------------------+-------------------------------+-----------------------------------+-----------------------------------+------------------------------+------------------------------+
; Name                              ; erase_state.ERASE_STATE_ERROR ; erase_state.ERASE_STATE_RESET ; erase_state.ERASE_STATE_WAIT_DONE ; erase_state.ERASE_STATE_WAIT_BUSY ; erase_state.ERASE_STATE_ADDR ; erase_state.ERASE_STATE_IDLE ;
+-----------------------------------+-------------------------------+-------------------------------+-----------------------------------+-----------------------------------+------------------------------+------------------------------+
; erase_state.ERASE_STATE_IDLE      ; 0                             ; 0                             ; 0                                 ; 0                                 ; 0                            ; 0                            ;
; erase_state.ERASE_STATE_ADDR      ; 0                             ; 0                             ; 0                                 ; 0                                 ; 1                            ; 1                            ;
; erase_state.ERASE_STATE_WAIT_BUSY ; 0                             ; 0                             ; 0                                 ; 1                                 ; 0                            ; 1                            ;
; erase_state.ERASE_STATE_WAIT_DONE ; 0                             ; 0                             ; 1                                 ; 0                                 ; 0                            ; 1                            ;
; erase_state.ERASE_STATE_RESET     ; 0                             ; 1                             ; 0                                 ; 0                                 ; 0                            ; 1                            ;
; erase_state.ERASE_STATE_ERROR     ; 1                             ; 0                             ; 0                                 ; 0                                 ; 0                            ; 1                            ;
+-----------------------------------+-------------------------------+-------------------------------+-----------------------------------+-----------------------------------+------------------------------+------------------------------+


Encoding Type:  One-Hot
+-------------------------------------------------------------------------------------------------------------------------------------------------------------------------------------------------------------------------------------------------------------------------+
; State Machine - |samegame_top|logo_flash:u_ufm|altera_onchip_flash:ufm|altera_onchip_flash_avmm_data_controller:avmm_data_controller|write_state                                                                                                                        ;
+-----------------------------------+-------------------------------+-------------------------------+-----------------------------------+-----------------------------------+-------------------------------+------------------------------+------------------------------+
; Name                              ; write_state.WRITE_STATE_ERROR ; write_state.WRITE_STATE_RESET ; write_state.WRITE_STATE_WAIT_DONE ; write_state.WRITE_STATE_WAIT_BUSY ; write_state.WRITE_STATE_WRITE ; write_state.WRITE_STATE_ADDR ; write_state.WRITE_STATE_IDLE ;
+-----------------------------------+-------------------------------+-------------------------------+-----------------------------------+-----------------------------------+-------------------------------+------------------------------+------------------------------+
; write_state.WRITE_STATE_IDLE      ; 0                             ; 0                             ; 0                                 ; 0                                 ; 0                             ; 0                            ; 0                            ;
; write_state.WRITE_STATE_ADDR      ; 0                             ; 0                             ; 0                                 ; 0                                 ; 0                             ; 1                            ; 1                            ;
; write_state.WRITE_STATE_WRITE     ; 0                             ; 0                             ; 0                                 ; 0                                 ; 1                             ; 0                            ; 1                            ;
; write_state.WRITE_STATE_WAIT_BUSY ; 0                             ; 0                             ; 0                                 ; 1                                 ; 0                             ; 0                            ; 1                            ;
; write_state.WRITE_STATE_WAIT_DONE ; 0                             ; 0                             ; 1                                 ; 0                                 ; 0                             ; 0                            ; 1                            ;
; write_state.WRITE_STATE_RESET     ; 0                             ; 1                             ; 0                                 ; 0                                 ; 0                             ; 0                            ; 1                            ;
; write_state.WRITE_STATE_ERROR     ; 1                             ; 0                             ; 0                                 ; 0                                 ; 0                             ; 0                            ; 1                            ;
+-----------------------------------+-------------------------------+-------------------------------+-----------------------------------+-----------------------------------+-------------------------------+------------------------------+------------------------------+


Encoding Type:  One-Hot
+----------------------------------------------------------------------------------------------------------------------------------------+
; State Machine - |samegame_top|ufm_bootloader:u_boot|state                                                                              ;
+---------------+--------------+---------------+--------------+---------------+--------------+--------------+-------------+--------------+
; Name          ; state.S_DONE ; state.S_ABORT ; state.S_NEXT ; state.S_WRITE ; state.S_DATA ; state.S_REQ2 ; state.S_REQ ; state.S_IDLE ;
+---------------+--------------+---------------+--------------+---------------+--------------+--------------+-------------+--------------+
; state.S_IDLE  ; 0            ; 0             ; 0            ; 0             ; 0            ; 0            ; 0           ; 0            ;
; state.S_REQ   ; 0            ; 0             ; 0            ; 0             ; 0            ; 0            ; 1           ; 1            ;
; state.S_REQ2  ; 0            ; 0             ; 0            ; 0             ; 0            ; 1            ; 0           ; 1            ;
; state.S_DATA  ; 0            ; 0             ; 0            ; 0             ; 1            ; 0            ; 0           ; 1            ;
; state.S_WRITE ; 0            ; 0             ; 0            ; 1             ; 0            ; 0            ; 0           ; 1            ;
; state.S_NEXT  ; 0            ; 0             ; 1            ; 0             ; 0            ; 0            ; 0           ; 1            ;
; state.S_ABORT ; 0            ; 1             ; 0            ; 0             ; 0            ; 0            ; 0           ; 1            ;
; state.S_DONE  ; 1            ; 0             ; 0            ; 0             ; 0            ; 0            ; 0           ; 1            ;
+---------------+--------------+---------------+--------------+---------------+--------------+--------------+-------------+--------------+


Encoding Type:  One-Hot
+-------------------------------------------------------------------------------------------+
; State Machine - |samegame_top|ps2_controller:u_pad|wst                                    ;
+--------------+-----------+-----------+------------+-----------+--------------+------------+
; Name         ; wst.W_END ; wst.W_GAP ; wst.W_HIGH ; wst.W_LOW ; wst.W_SETTLE ; wst.W_IDLE ;
+--------------+-----------+-----------+------------+-----------+--------------+------------+
; wst.W_IDLE   ; 0         ; 0         ; 0          ; 0         ; 0            ; 0          ;
; wst.W_SETTLE ; 0         ; 0         ; 0          ; 0         ; 1            ; 1          ;
; wst.W_LOW    ; 0         ; 0         ; 0          ; 1         ; 0            ; 1          ;
; wst.W_HIGH   ; 0         ; 0         ; 1          ; 0         ; 0            ; 1          ;
; wst.W_GAP    ; 0         ; 1         ; 0          ; 0         ; 0            ; 1          ;
; wst.W_END    ; 1         ; 0         ; 0          ; 0         ; 0            ; 1          ;
+--------------+-----------+-----------+------------+-----------+--------------+------------+


Encoding Type:  One-Hot
+-----------------------------------------------------------------------------+
; State Machine - |samegame_top|frame_seq:u_fseq|state                        ;
+---------------------+-------------------+-------------+---------------------+
; Name                ; state.F_WAIT_INIT ; state.F_REQ ; state.F_WAIT_PERIOD ;
+---------------------+-------------------+-------------+---------------------+
; state.F_WAIT_INIT   ; 0                 ; 0           ; 0                   ;
; state.F_WAIT_PERIOD ; 1                 ; 0           ; 1                   ;
; state.F_REQ         ; 1                 ; 1           ; 0                   ;
+---------------------+-------------------+-------------+---------------------+


Encoding Type:  One-Hot
+-----------------------------------------------------------------------------------------------------------------------------------------------------------------------------------------------------------------------------------------------------------+
; State Machine - |samegame_top|lcd_ili9341_ctrl:u_lcd|state                                                                                                                                                                                                ;
+--------------------+-------------------+------------------+-----------------+-------------------+------------------+-------------------+---------------+--------------------+-------------------+-------------------+-------------------+-----------------+
; Name               ; state.S_FRAME_END ; state.S_SCAN_TXW ; state.S_SCAN_TX ; state.S_SCAN_WAIT ; state.S_SCAN_REQ ; state.S_FRAME_HDR ; state.S_READY ; state.S_INIT_DELAY ; state.S_INIT_WAIT ; state.S_INIT_SEND ; state.S_INIT_STEP ; state.S_POWERON ;
+--------------------+-------------------+------------------+-----------------+-------------------+------------------+-------------------+---------------+--------------------+-------------------+-------------------+-------------------+-----------------+
; state.S_POWERON    ; 0                 ; 0                ; 0               ; 0                 ; 0                ; 0                 ; 0             ; 0                  ; 0                 ; 0                 ; 0                 ; 0               ;
; state.S_INIT_STEP  ; 0                 ; 0                ; 0               ; 0                 ; 0                ; 0                 ; 0             ; 0                  ; 0                 ; 0                 ; 1                 ; 1               ;
; state.S_INIT_SEND  ; 0                 ; 0                ; 0               ; 0                 ; 0                ; 0                 ; 0             ; 0                  ; 0                 ; 1                 ; 0                 ; 1               ;
; state.S_INIT_WAIT  ; 0                 ; 0                ; 0               ; 0                 ; 0                ; 0                 ; 0             ; 0                  ; 1                 ; 0                 ; 0                 ; 1               ;
; state.S_INIT_DELAY ; 0                 ; 0                ; 0               ; 0                 ; 0                ; 0                 ; 0             ; 1                  ; 0                 ; 0                 ; 0                 ; 1               ;
; state.S_READY      ; 0                 ; 0                ; 0               ; 0                 ; 0                ; 0                 ; 1             ; 0                  ; 0                 ; 0                 ; 0                 ; 1               ;
; state.S_FRAME_HDR  ; 0                 ; 0                ; 0               ; 0                 ; 0                ; 1                 ; 0             ; 0                  ; 0                 ; 0                 ; 0                 ; 1               ;
; state.S_SCAN_REQ   ; 0                 ; 0                ; 0               ; 0                 ; 1                ; 0                 ; 0             ; 0                  ; 0                 ; 0                 ; 0                 ; 1               ;
; state.S_SCAN_WAIT  ; 0                 ; 0                ; 0               ; 1                 ; 0                ; 0                 ; 0             ; 0                  ; 0                 ; 0                 ; 0                 ; 1               ;
; state.S_SCAN_TX    ; 0                 ; 0                ; 1               ; 0                 ; 0                ; 0                 ; 0             ; 0                  ; 0                 ; 0                 ; 0                 ; 1               ;
; state.S_SCAN_TXW   ; 0                 ; 1                ; 0               ; 0                 ; 0                ; 0                 ; 0             ; 0                  ; 0                 ; 0                 ; 0                 ; 1               ;
; state.S_FRAME_END  ; 1                 ; 0                ; 0               ; 0                 ; 0                ; 0                 ; 0             ; 0                  ; 0                 ; 0                 ; 0                 ; 1               ;
+--------------------+-------------------+------------------+-----------------+-------------------+------------------+-------------------+---------------+--------------------+-------------------+-------------------+-------------------+-----------------+


Encoding Type:  One-Hot
+----------------------------------------------------------------------------------+
; State Machine - |samegame_top|lcd_ili9341_ctrl:u_lcd|spi_byte_master:u_spi|state ;
+--------------+--------------+--------------+-------------------------------------+
; Name         ; state.S_IDLE ; state.S_HIGH ; state.S_LOW                         ;
+--------------+--------------+--------------+-------------------------------------+
; state.S_IDLE ; 0            ; 0            ; 0                                   ;
; state.S_LOW  ; 1            ; 0            ; 1                                   ;
; state.S_HIGH ; 1            ; 1            ; 0                                   ;
+--------------+--------------+--------------+-------------------------------------+


+-----------------------------------------------------------------------------------------------------------------------------------------------------------------------------------------------------------------------------------------------------------------------------------+
; Registers Removed During Synthesis                                                                                                                                                                                                                                                ;
+---------------------------------------------------------------------------------------------------------------------------------------------------+-------------------------------------------------------------------------------------------------------------------------------+
; Register name                                                                                                                                     ; Reason for Removal                                                                                                            ;
+---------------------------------------------------------------------------------------------------------------------------------------------------+-------------------------------------------------------------------------------------------------------------------------------+
; game_fsm:u_game|cur_on_r                                                                                                                          ; Stuck at VCC due to stuck port data_in                                                                                        ;
; logo_flash:u_ufm|altera_onchip_flash:ufm|altera_onchip_flash_avmm_data_controller:avmm_data_controller|is_sector3_writable_reg                    ; Stuck at GND due to stuck port data_in                                                                                        ;
; logo_flash:u_ufm|altera_onchip_flash:ufm|altera_onchip_flash_avmm_data_controller:avmm_data_controller|is_sector4_writable_reg                    ; Stuck at GND due to stuck port data_in                                                                                        ;
; logo_flash:u_ufm|altera_onchip_flash:ufm|altera_onchip_flash_avmm_data_controller:avmm_data_controller|is_sector5_writable_reg                    ; Stuck at GND due to stuck port data_in                                                                                        ;
; logo_flash:u_ufm|altera_onchip_flash:ufm|altera_onchip_flash_avmm_data_controller:avmm_data_controller|flash_sector_addr[2]                       ; Stuck at GND due to stuck port data_in                                                                                        ;
; game_fsm:u_game|erase_engine:u_erase|wr_data[0..2]                                                                                                ; Stuck at VCC due to stuck port data_in                                                                                        ;
; logo_flash:u_ufm|altera_onchip_flash:ufm|altera_onchip_flash_avmm_data_controller:avmm_data_controller|avmm_burstcount_input_reg[1..3]            ; Stuck at GND due to stuck port data_in                                                                                        ;
; logo_flash:u_ufm|altera_onchip_flash:ufm|altera_onchip_flash_avmm_csr_controller:avmm_csr_controller|csr_wp_mode[0,1]                             ; Stuck at VCC due to stuck port data_in                                                                                        ;
; logo_flash:u_ufm|altera_onchip_flash:ufm|altera_onchip_flash_avmm_csr_controller:avmm_csr_controller|csr_sector_page_erase_addr_reg[0..22]        ; Stuck at VCC due to stuck port data_in                                                                                        ;
; logo_flash:u_ufm|altera_onchip_flash:ufm|altera_onchip_flash_avmm_data_controller:avmm_data_controller|flash_sector_addr[0]                       ; Stuck at GND due to stuck port data_in                                                                                        ;
; logo_flash:u_ufm|altera_onchip_flash:ufm|altera_onchip_flash_avmm_data_controller:avmm_data_controller|is_sector1_writable_reg                    ; Stuck at GND due to stuck port data_in                                                                                        ;
; logo_flash:u_ufm|altera_onchip_flash:ufm|altera_onchip_flash_avmm_data_controller:avmm_data_controller|is_sector2_writable_reg                    ; Stuck at GND due to stuck port data_in                                                                                        ;
; logo_flash:u_ufm|altera_onchip_flash:ufm|altera_onchip_flash_avmm_data_controller:avmm_data_controller|flash_sector_addr[1]                       ; Stuck at GND due to stuck port data_in                                                                                        ;
; lcd_renderer:u_render|span_r[0]                                                                                                                   ; Merged with lcd_renderer:u_render|span_r[1]                                                                                   ;
; lcd_renderer:u_render|ly0[1]                                                                                                                      ; Merged with lcd_renderer:u_render|pya[1]                                                                                      ;
; game_fsm:u_game|grav_start                                                                                                                        ; Merged with game_fsm:u_game|score_add                                                                                         ;
; lcd_renderer:u_render|ly0[0]                                                                                                                      ; Merged with lcd_renderer:u_render|pya[0]                                                                                      ;
; game_fsm:u_game|fall_span_r[1]                                                                                                                    ; Merged with game_fsm:u_game|fall_span_r[0]                                                                                    ;
; game_fsm:u_game|shift_span_r[1]                                                                                                                   ; Merged with game_fsm:u_game|shift_span_r[0]                                                                                   ;
; logo_flash:u_ufm|altera_onchip_flash:ufm|altera_onchip_flash_avmm_data_controller:avmm_data_controller|reset_n_reg2                               ; Merged with logo_flash:u_ufm|altera_onchip_flash:ufm|altera_onchip_flash_avmm_csr_controller:avmm_csr_controller|reset_n_reg2 ;
; logo_flash:u_ufm|altera_onchip_flash:ufm|altera_onchip_flash_avmm_data_controller:avmm_data_controller|reset_n_reg1                               ; Merged with logo_flash:u_ufm|altera_onchip_flash:ufm|altera_onchip_flash_avmm_csr_controller:avmm_csr_controller|reset_n_reg1 ;
; ufm_bootloader:u_boot|flash_addr[12]                                                                                                              ; Merged with ufm_bootloader:u_boot|flash_addr[11]                                                                              ;
; lcd_renderer:u_render|pxa[1]                                                                                                                      ; Merged with lcd_renderer:u_render|lx0[1]                                                                                      ;
; lcd_renderer:u_render|pxa[0]                                                                                                                      ; Merged with lcd_renderer:u_render|lx0[0]                                                                                      ;
; lcd_renderer:u_render|span_r[1]                                                                                                                   ; Stuck at GND due to stuck port data_in                                                                                        ;
; game_fsm:u_game|shift_span_r[0]                                                                                                                   ; Stuck at GND due to stuck port data_in                                                                                        ;
; game_fsm:u_game|fall_span_r[0]                                                                                                                    ; Stuck at GND due to stuck port data_in                                                                                        ;
; ufm_bootloader:u_boot|flash_addr[11]                                                                                                              ; Stuck at GND due to stuck port data_in                                                                                        ;
; logo_flash:u_ufm|altera_onchip_flash:ufm|altera_onchip_flash_avmm_data_controller:avmm_data_controller|erase_busy_scan                            ; Stuck at GND due to stuck port data_in                                                                                        ;
; lcd_renderer:u_render|pya[8]                                                                                                                      ; Stuck at GND due to stuck port data_in                                                                                        ;
; logo_flash:u_ufm|altera_onchip_flash:ufm|altera_onchip_flash_avmm_csr_controller:avmm_csr_controller|csr_erase_state[0,1]                         ; Stuck at GND due to stuck port data_in                                                                                        ;
; logo_flash:u_ufm|altera_onchip_flash:ufm|altera_onchip_flash_avmm_data_controller:avmm_data_controller|csr_status_busy[0,1]                       ; Lost fanout                                                                                                                   ;
; game_fsm:u_game|shift_px_r[0]                                                                                                                     ; Stuck at GND due to stuck port data_in                                                                                        ;
; game_fsm:u_game|fall_px_r[0]                                                                                                                      ; Stuck at GND due to stuck port data_in                                                                                        ;
; logo_flash:u_ufm|altera_onchip_flash:ufm|altera_onchip_flash_avmm_data_controller:avmm_data_controller|flash_seq_read_ardin[20..22]               ; Stuck at GND due to stuck port data_in                                                                                        ;
; logo_flash:u_ufm|altera_onchip_flash:ufm|altera_onchip_flash_avmm_data_controller:avmm_data_controller|flash_page_addr[21,22]                     ; Stuck at GND due to stuck port data_in                                                                                        ;
; logo_flash:u_ufm|altera_onchip_flash:ufm|altera_onchip_flash_avmm_data_controller:avmm_data_controller|flash_addr_wire_neg_reg[21,22]             ; Stuck at GND due to stuck port data_in                                                                                        ;
; ufm_bootloader:u_boot|retry_cnt[2]                                                                                                                ; Stuck at GND due to stuck port data_in                                                                                        ;
; logo_flash:u_ufm|altera_onchip_flash:ufm|altera_onchip_flash_avmm_data_controller:avmm_data_controller|flash_seq_read_ardin[17..19]               ; Stuck at GND due to stuck port data_in                                                                                        ;
; logo_flash:u_ufm|altera_onchip_flash:ufm|altera_onchip_flash_avmm_data_controller:avmm_data_controller|flash_page_addr[18..20]                    ; Stuck at GND due to stuck port data_in                                                                                        ;
; logo_flash:u_ufm|altera_onchip_flash:ufm|altera_onchip_flash_avmm_data_controller:avmm_data_controller|flash_addr_wire_neg_reg[18..20]            ; Stuck at GND due to stuck port data_in                                                                                        ;
; logo_flash:u_ufm|altera_onchip_flash:ufm|altera_onchip_flash_avmm_data_controller:avmm_data_controller|erase_state.ERASE_STATE_ADDR               ; Lost fanout                                                                                                                   ;
; logo_flash:u_ufm|altera_onchip_flash:ufm|altera_onchip_flash_avmm_data_controller:avmm_data_controller|write_state.WRITE_STATE_ADDR               ; Lost fanout                                                                                                                   ;
; lcd_renderer:u_render|st~9                                                                                                                        ; Lost fanout                                                                                                                   ;
; lcd_renderer:u_render|st~10                                                                                                                       ; Lost fanout                                                                                                                   ;
; lcd_renderer:u_render|st~11                                                                                                                       ; Lost fanout                                                                                                                   ;
; game_fsm:u_game|state~14                                                                                                                          ; Lost fanout                                                                                                                   ;
; game_fsm:u_game|state~15                                                                                                                          ; Lost fanout                                                                                                                   ;
; game_fsm:u_game|state~16                                                                                                                          ; Lost fanout                                                                                                                   ;
; game_fsm:u_game|state~17                                                                                                                          ; Lost fanout                                                                                                                   ;
; game_fsm:u_game|column_shift_engine:u_shift|state~7                                                                                               ; Lost fanout                                                                                                                   ;
; game_fsm:u_game|column_shift_engine:u_shift|state~8                                                                                               ; Lost fanout                                                                                                                   ;
; game_fsm:u_game|column_shift_engine:u_shift|state~9                                                                                               ; Lost fanout                                                                                                                   ;
; game_fsm:u_game|gravity_engine:u_grav|state~7                                                                                                     ; Lost fanout                                                                                                                   ;
; game_fsm:u_game|gravity_engine:u_grav|state~8                                                                                                     ; Lost fanout                                                                                                                   ;
; game_fsm:u_game|gravity_engine:u_grav|state~9                                                                                                     ; Lost fanout                                                                                                                   ;
; game_fsm:u_game|erase_engine:u_erase|state~5                                                                                                      ; Lost fanout                                                                                                                   ;
; game_fsm:u_game|erase_engine:u_erase|state~6                                                                                                      ; Lost fanout                                                                                                                   ;
; game_fsm:u_game|floodfill_engine:u_ff|state~9                                                                                                     ; Lost fanout                                                                                                                   ;
; game_fsm:u_game|floodfill_engine:u_ff|state~10                                                                                                    ; Lost fanout                                                                                                                   ;
; game_fsm:u_game|floodfill_engine:u_ff|state~11                                                                                                    ; Lost fanout                                                                                                                   ;
; logo_flash:u_ufm|altera_onchip_flash:ufm|altera_onchip_flash_avmm_data_controller:avmm_data_controller|read_state~7                               ; Lost fanout                                                                                                                   ;
; logo_flash:u_ufm|altera_onchip_flash:ufm|altera_onchip_flash_avmm_data_controller:avmm_data_controller|read_state~8                               ; Lost fanout                                                                                                                   ;
; logo_flash:u_ufm|altera_onchip_flash:ufm|altera_onchip_flash_avmm_data_controller:avmm_data_controller|read_state~9                               ; Lost fanout                                                                                                                   ;
; logo_flash:u_ufm|altera_onchip_flash:ufm|altera_onchip_flash_avmm_data_controller:avmm_data_controller|erase_state~7                              ; Lost fanout                                                                                                                   ;
; logo_flash:u_ufm|altera_onchip_flash:ufm|altera_onchip_flash_avmm_data_controller:avmm_data_controller|erase_state~8                              ; Lost fanout                                                                                                                   ;
; logo_flash:u_ufm|altera_onchip_flash:ufm|altera_onchip_flash_avmm_data_controller:avmm_data_controller|erase_state~9                              ; Lost fanout                                                                                                                   ;
; logo_flash:u_ufm|altera_onchip_flash:ufm|altera_onchip_flash_avmm_data_controller:avmm_data_controller|write_state~6                              ; Lost fanout                                                                                                                   ;
; logo_flash:u_ufm|altera_onchip_flash:ufm|altera_onchip_flash_avmm_data_controller:avmm_data_controller|write_state~7                              ; Lost fanout                                                                                                                   ;
; logo_flash:u_ufm|altera_onchip_flash:ufm|altera_onchip_flash_avmm_data_controller:avmm_data_controller|write_state~8                              ; Lost fanout                                                                                                                   ;
; ufm_bootloader:u_boot|state~10                                                                                                                    ; Lost fanout                                                                                                                   ;
; ufm_bootloader:u_boot|state~11                                                                                                                    ; Lost fanout                                                                                                                   ;
; ufm_bootloader:u_boot|state~12                                                                                                                    ; Lost fanout                                                                                                                   ;
; ps2_controller:u_pad|wst~8                                                                                                                        ; Lost fanout                                                                                                                   ;
; ps2_controller:u_pad|wst~9                                                                                                                        ; Lost fanout                                                                                                                   ;
; ps2_controller:u_pad|wst~10                                                                                                                       ; Lost fanout                                                                                                                   ;
; lcd_ili9341_ctrl:u_lcd|state~14                                                                                                                   ; Lost fanout                                                                                                                   ;
; lcd_ili9341_ctrl:u_lcd|state~15                                                                                                                   ; Lost fanout                                                                                                                   ;
; lcd_ili9341_ctrl:u_lcd|state~16                                                                                                                   ; Lost fanout                                                                                                                   ;
; lcd_ili9341_ctrl:u_lcd|state~17                                                                                                                   ; Lost fanout                                                                                                                   ;
; game_fsm:u_game|floodfill_engine:u_ff|state.S_PROBE2                                                                                              ; Merged with game_fsm:u_game|floodfill_engine:u_ff|state.S_PROBE1                                                              ;
; game_fsm:u_game|floodfill_engine:u_ff|state.S_PROBE3                                                                                              ; Merged with game_fsm:u_game|floodfill_engine:u_ff|state.S_PROBE1                                                              ;
; logo_flash:u_ufm|altera_onchip_flash:ufm|altera_onchip_flash_avmm_data_controller:avmm_data_controller|erase_state.ERASE_STATE_WAIT_BUSY          ; Stuck at GND due to stuck port data_in                                                                                        ;
; game_fsm:u_game|floodfill_engine:u_ff|state.S_PROBE1                                                                                              ; Stuck at GND due to stuck port data_in                                                                                        ;
; logo_flash:u_ufm|altera_onchip_flash:ufm|altera_onchip_flash_avmm_data_controller:avmm_data_controller|write_state.WRITE_STATE_WRITE              ; Stuck at GND due to stuck port data_in                                                                                        ;
; logo_flash:u_ufm|altera_onchip_flash:ufm|altera_onchip_flash_avmm_data_controller:avmm_data_controller|lpm_shiftreg:ufm_data_shiftreg|dffs[31]    ; Stuck at GND due to stuck port clock_enable                                                                                   ;
; logo_flash:u_ufm|altera_onchip_flash:ufm|altera_onchip_flash_avmm_data_controller:avmm_data_controller|write_state.WRITE_STATE_ERROR              ; Stuck at GND due to stuck port data_in                                                                                        ;
; logo_flash:u_ufm|altera_onchip_flash:ufm|altera_onchip_flash_avmm_data_controller:avmm_data_controller|erase_state.ERASE_STATE_ERROR              ; Stuck at GND due to stuck port data_in                                                                                        ;
; logo_flash:u_ufm|altera_onchip_flash:ufm|altera_onchip_flash_avmm_data_controller:avmm_data_controller|lpm_shiftreg:ufm_data_shiftreg|dffs[0..30] ; Stuck at GND due to stuck port clock_enable                                                                                   ;
; logo_flash:u_ufm|altera_onchip_flash:ufm|altera_onchip_flash_avmm_data_controller:avmm_data_controller|write_drclk_en                             ; Stuck at GND due to stuck port clock_enable                                                                                   ;
; logo_flash:u_ufm|altera_onchip_flash:ufm|altera_onchip_flash_avmm_data_controller:avmm_data_controller|enable_drclk_neg_pos_write_reg             ; Stuck at GND due to stuck port data_in                                                                                        ;
; logo_flash:u_ufm|altera_onchip_flash:ufm|altera_onchip_flash_avmm_data_controller:avmm_data_controller|write_busy_scan                            ; Stuck at GND due to stuck port data_in                                                                                        ;
; logo_flash:u_ufm|altera_onchip_flash:ufm|altera_onchip_flash_avmm_data_controller:avmm_data_controller|flash_busy_reg                             ; Stuck at GND due to stuck port clear                                                                                          ;
; logo_flash:u_ufm|altera_onchip_flash:ufm|altera_onchip_flash_avmm_data_controller:avmm_data_controller|flash_busy_clear_reg                       ; Stuck at GND due to stuck port clear                                                                                          ;
; logo_flash:u_ufm|altera_onchip_flash:ufm|altera_onchip_flash_avmm_data_controller:avmm_data_controller|write_state.WRITE_STATE_WAIT_BUSY          ; Stuck at GND due to stuck port data_in                                                                                        ;
; logo_flash:u_ufm|altera_onchip_flash:ufm|altera_onchip_flash_avmm_data_controller:avmm_data_controller|erase_state.ERASE_STATE_WAIT_DONE          ; Stuck at GND due to stuck port data_in                                                                                        ;
; logo_flash:u_ufm|altera_onchip_flash:ufm|altera_onchip_flash_avmm_data_controller:avmm_data_controller|write_state.WRITE_STATE_WAIT_DONE          ; Stuck at GND due to stuck port data_in                                                                                        ;
; logo_flash:u_ufm|altera_onchip_flash:ufm|altera_onchip_flash_avmm_data_controller:avmm_data_controller|write_state.WRITE_STATE_RESET              ; Stuck at GND due to stuck port data_in                                                                                        ;
; logo_flash:u_ufm|altera_onchip_flash:ufm|altera_onchip_flash_avmm_data_controller:avmm_data_controller|write_count[1,5]                           ; Stuck at GND due to stuck port data_in                                                                                        ;
; logo_flash:u_ufm|altera_onchip_flash:ufm|altera_onchip_flash_avmm_data_controller:avmm_data_controller|write_wait                                 ; Stuck at GND due to stuck port data_in                                                                                        ;
; logo_flash:u_ufm|altera_onchip_flash:ufm|altera_onchip_flash_avmm_data_controller:avmm_data_controller|write_wait_neg                             ; Stuck at GND due to stuck port data_in                                                                                        ;
; ufm_bootloader:u_boot|state.S_NEXT                                                                                                                ; Merged with ufm_bootloader:u_boot|ram_wr_en                                                                                   ;
; lcd_renderer:u_render|span_r[2]                                                                                                                   ; Merged with lcd_renderer:u_render|scan_addr[0]                                                                                ;
; lcd_renderer:u_render|span_r[3]                                                                                                                   ; Merged with lcd_renderer:u_render|scan_addr[1]                                                                                ;
; logo_flash:u_ufm|altera_onchip_flash:ufm|altera_onchip_flash_avmm_data_controller:avmm_data_controller|write_state.WRITE_STATE_IDLE               ; Stuck at GND due to stuck port data_in                                                                                        ;
; logo_flash:u_ufm|altera_onchip_flash:ufm|altera_onchip_flash_avmm_data_controller:avmm_data_controller|write_count[0,3,6,8..15]                   ; Stuck at GND due to stuck port data_in                                                                                        ;
; logo_flash:u_ufm|altera_onchip_flash:ufm|altera_onchip_flash_avmm_data_controller:avmm_data_controller|write_count[2,4,7]                         ; Lost fanout                                                                                                                   ;
; logo_flash:u_ufm|altera_onchip_flash:ufm|altera_onchip_flash_avmm_data_controller:avmm_data_controller|flash_seq_read_ardin[13..16]               ; Stuck at GND due to stuck port data_in                                                                                        ;
; logo_flash:u_ufm|altera_onchip_flash:ufm|altera_onchip_flash_avmm_data_controller:avmm_data_controller|flash_page_addr[14..17]                    ; Stuck at GND due to stuck port data_in                                                                                        ;
; logo_flash:u_ufm|altera_onchip_flash:ufm|altera_onchip_flash_avmm_data_controller:avmm_data_controller|flash_addr_wire_neg_reg[14..17]            ; Stuck at GND due to stuck port data_in                                                                                        ;
; logo_flash:u_ufm|altera_onchip_flash:ufm|altera_onchip_flash_avmm_data_controller:avmm_data_controller|read_ctrl_count[2]                         ; Stuck at GND due to stuck port data_in                                                                                        ;
; logo_flash:u_ufm|altera_onchip_flash:ufm|altera_onchip_flash_avmm_data_controller:avmm_data_controller|erase_state.ERASE_STATE_RESET              ; Stuck at GND due to stuck port data_in                                                                                        ;
; logo_flash:u_ufm|altera_onchip_flash:ufm|altera_onchip_flash_avmm_data_controller:avmm_data_controller|erase_count[0..25]                         ; Lost fanout                                                                                                                   ;
; Total Number of Removed Registers = 217                                                                                                           ;                                                                                                                               ;
+---------------------------------------------------------------------------------------------------------------------------------------------------+-------------------------------------------------------------------------------------------------------------------------------+


+-----------------------------------------------------------------------------------------------------------------------------------------------------------------------------------------------------------------------------------------------------------------------------------------------------------------------+
; Removed Registers Triggering Further Register Optimizations                                                                                                                                                                                                                                                           ;
+-----------------------------------------------------------------------------------------------------------------------------------------+---------------------------+-------------------------------------------------------------------------------------------------------------------------------------------------+
; Register name                                                                                                                           ; Reason for Removal        ; Registers Removed due to This Register                                                                                                          ;
+-----------------------------------------------------------------------------------------------------------------------------------------+---------------------------+-------------------------------------------------------------------------------------------------------------------------------------------------+
; logo_flash:u_ufm|altera_onchip_flash:ufm|altera_onchip_flash_avmm_data_controller:avmm_data_controller|is_sector4_writable_reg          ; Stuck at GND              ; logo_flash:u_ufm|altera_onchip_flash:ufm|altera_onchip_flash_avmm_data_controller:avmm_data_controller|lpm_shiftreg:ufm_data_shiftreg|dffs[31], ;
;                                                                                                                                         ; due to stuck port data_in ; logo_flash:u_ufm|altera_onchip_flash:ufm|altera_onchip_flash_avmm_data_controller:avmm_data_controller|lpm_shiftreg:ufm_data_shiftreg|dffs[30], ;
;                                                                                                                                         ;                           ; logo_flash:u_ufm|altera_onchip_flash:ufm|altera_onchip_flash_avmm_data_controller:avmm_data_controller|lpm_shiftreg:ufm_data_shiftreg|dffs[29], ;
;                                                                                                                                         ;                           ; logo_flash:u_ufm|altera_onchip_flash:ufm|altera_onchip_flash_avmm_data_controller:avmm_data_controller|lpm_shiftreg:ufm_data_shiftreg|dffs[28], ;
;                                                                                                                                         ;                           ; logo_flash:u_ufm|altera_onchip_flash:ufm|altera_onchip_flash_avmm_data_controller:avmm_data_controller|lpm_shiftreg:ufm_data_shiftreg|dffs[27], ;
;                                                                                                                                         ;                           ; logo_flash:u_ufm|altera_onchip_flash:ufm|altera_onchip_flash_avmm_data_controller:avmm_data_controller|lpm_shiftreg:ufm_data_shiftreg|dffs[26], ;
;                                                                                                                                         ;                           ; logo_flash:u_ufm|altera_onchip_flash:ufm|altera_onchip_flash_avmm_data_controller:avmm_data_controller|lpm_shiftreg:ufm_data_shiftreg|dffs[25], ;
;                                                                                                                                         ;                           ; logo_flash:u_ufm|altera_onchip_flash:ufm|altera_onchip_flash_avmm_data_controller:avmm_data_controller|lpm_shiftreg:ufm_data_shiftreg|dffs[24], ;
;                                                                                                                                         ;                           ; logo_flash:u_ufm|altera_onchip_flash:ufm|altera_onchip_flash_avmm_data_controller:avmm_data_controller|lpm_shiftreg:ufm_data_shiftreg|dffs[23], ;
;                                                                                                                                         ;                           ; logo_flash:u_ufm|altera_onchip_flash:ufm|altera_onchip_flash_avmm_data_controller:avmm_data_controller|lpm_shiftreg:ufm_data_shiftreg|dffs[22], ;
;                                                                                                                                         ;                           ; logo_flash:u_ufm|altera_onchip_flash:ufm|altera_onchip_flash_avmm_data_controller:avmm_data_controller|lpm_shiftreg:ufm_data_shiftreg|dffs[21], ;
;                                                                                                                                         ;                           ; logo_flash:u_ufm|altera_onchip_flash:ufm|altera_onchip_flash_avmm_data_controller:avmm_data_controller|lpm_shiftreg:ufm_data_shiftreg|dffs[20], ;
;                                                                                                                                         ;                           ; logo_flash:u_ufm|altera_onchip_flash:ufm|altera_onchip_flash_avmm_data_controller:avmm_data_controller|lpm_shiftreg:ufm_data_shiftreg|dffs[19], ;
;                                                                                                                                         ;                           ; logo_flash:u_ufm|altera_onchip_flash:ufm|altera_onchip_flash_avmm_data_controller:avmm_data_controller|lpm_shiftreg:ufm_data_shiftreg|dffs[18], ;
;                                                                                                                                         ;                           ; logo_flash:u_ufm|altera_onchip_flash:ufm|altera_onchip_flash_avmm_data_controller:avmm_data_controller|lpm_shiftreg:ufm_data_shiftreg|dffs[17], ;
;                                                                                                                                         ;                           ; logo_flash:u_ufm|altera_onchip_flash:ufm|altera_onchip_flash_avmm_data_controller:avmm_data_controller|lpm_shiftreg:ufm_data_shiftreg|dffs[16], ;
;                                                                                                                                         ;                           ; logo_flash:u_ufm|altera_onchip_flash:ufm|altera_onchip_flash_avmm_data_controller:avmm_data_controller|lpm_shiftreg:ufm_data_shiftreg|dffs[15], ;
;                                                                                                                                         ;                           ; logo_flash:u_ufm|altera_onchip_flash:ufm|altera_onchip_flash_avmm_data_controller:avmm_data_controller|lpm_shiftreg:ufm_data_shiftreg|dffs[14], ;
;                                                                                                                                         ;                           ; logo_flash:u_ufm|altera_onchip_flash:ufm|altera_onchip_flash_avmm_data_controller:avmm_data_controller|lpm_shiftreg:ufm_data_shiftreg|dffs[13], ;
;                                                                                                                                         ;                           ; logo_flash:u_ufm|altera_onchip_flash:ufm|altera_onchip_flash_avmm_data_controller:avmm_data_controller|lpm_shiftreg:ufm_data_shiftreg|dffs[12], ;
;                                                                                                                                         ;                           ; logo_flash:u_ufm|altera_onchip_flash:ufm|altera_onchip_flash_avmm_data_controller:avmm_data_controller|lpm_shiftreg:ufm_data_shiftreg|dffs[11], ;
;                                                                                                                                         ;                           ; logo_flash:u_ufm|altera_onchip_flash:ufm|altera_onchip_flash_avmm_data_controller:avmm_data_controller|lpm_shiftreg:ufm_data_shiftreg|dffs[10], ;
;                                                                                                                                         ;                           ; logo_flash:u_ufm|altera_onchip_flash:ufm|altera_onchip_flash_avmm_data_controller:avmm_data_controller|lpm_shiftreg:ufm_data_shiftreg|dffs[9],  ;
;                                                                                                                                         ;                           ; logo_flash:u_ufm|altera_onchip_flash:ufm|altera_onchip_flash_avmm_data_controller:avmm_data_controller|lpm_shiftreg:ufm_data_shiftreg|dffs[8],  ;
;                                                                                                                                         ;                           ; logo_flash:u_ufm|altera_onchip_flash:ufm|altera_onchip_flash_avmm_data_controller:avmm_data_controller|lpm_shiftreg:ufm_data_shiftreg|dffs[7],  ;
;                                                                                                                                         ;                           ; logo_flash:u_ufm|altera_onchip_flash:ufm|altera_onchip_flash_avmm_data_controller:avmm_data_controller|lpm_shiftreg:ufm_data_shiftreg|dffs[6],  ;
;                                                                                                                                         ;                           ; logo_flash:u_ufm|altera_onchip_flash:ufm|altera_onchip_flash_avmm_data_controller:avmm_data_controller|lpm_shiftreg:ufm_data_shiftreg|dffs[5],  ;
;                                                                                                                                         ;                           ; logo_flash:u_ufm|altera_onchip_flash:ufm|altera_onchip_flash_avmm_data_controller:avmm_data_controller|lpm_shiftreg:ufm_data_shiftreg|dffs[4],  ;
;                                                                                                                                         ;                           ; logo_flash:u_ufm|altera_onchip_flash:ufm|altera_onchip_flash_avmm_data_controller:avmm_data_controller|lpm_shiftreg:ufm_data_shiftreg|dffs[3],  ;
;                                                                                                                                         ;                           ; logo_flash:u_ufm|altera_onchip_flash:ufm|altera_onchip_flash_avmm_data_controller:avmm_data_controller|lpm_shiftreg:ufm_data_shiftreg|dffs[2],  ;
;                                                                                                                                         ;                           ; logo_flash:u_ufm|altera_onchip_flash:ufm|altera_onchip_flash_avmm_data_controller:avmm_data_controller|lpm_shiftreg:ufm_data_shiftreg|dffs[1],  ;
;                                                                                                                                         ;                           ; logo_flash:u_ufm|altera_onchip_flash:ufm|altera_onchip_flash_avmm_data_controller:avmm_data_controller|lpm_shiftreg:ufm_data_shiftreg|dffs[0],  ;
;                                                                                                                                         ;                           ; logo_flash:u_ufm|altera_onchip_flash:ufm|altera_onchip_flash_avmm_data_controller:avmm_data_controller|write_count[4],                          ;
;                                                                                                                                         ;                           ; logo_flash:u_ufm|altera_onchip_flash:ufm|altera_onchip_flash_avmm_data_controller:avmm_data_controller|write_count[7]                           ;
; logo_flash:u_ufm|altera_onchip_flash:ufm|altera_onchip_flash_avmm_data_controller:avmm_data_controller|is_sector5_writable_reg          ; Stuck at GND              ; logo_flash:u_ufm|altera_onchip_flash:ufm|altera_onchip_flash_avmm_data_controller:avmm_data_controller|write_drclk_en,                          ;
;                                                                                                                                         ; due to stuck port data_in ; logo_flash:u_ufm|altera_onchip_flash:ufm|altera_onchip_flash_avmm_data_controller:avmm_data_controller|enable_drclk_neg_pos_write_reg,          ;
;                                                                                                                                         ;                           ; logo_flash:u_ufm|altera_onchip_flash:ufm|altera_onchip_flash_avmm_data_controller:avmm_data_controller|write_busy_scan,                         ;
;                                                                                                                                         ;                           ; logo_flash:u_ufm|altera_onchip_flash:ufm|altera_onchip_flash_avmm_data_controller:avmm_data_controller|write_count[0],                          ;
;                                                                                                                                         ;                           ; logo_flash:u_ufm|altera_onchip_flash:ufm|altera_onchip_flash_avmm_data_controller:avmm_data_controller|write_count[3],                          ;
;                                                                                                                                         ;                           ; logo_flash:u_ufm|altera_onchip_flash:ufm|altera_onchip_flash_avmm_data_controller:avmm_data_controller|write_count[6],                          ;
;                                                                                                                                         ;                           ; logo_flash:u_ufm|altera_onchip_flash:ufm|altera_onchip_flash_avmm_data_controller:avmm_data_controller|write_count[8],                          ;
;                                                                                                                                         ;                           ; logo_flash:u_ufm|altera_onchip_flash:ufm|altera_onchip_flash_avmm_data_controller:avmm_data_controller|write_count[9],                          ;
;                                                                                                                                         ;                           ; logo_flash:u_ufm|altera_onchip_flash:ufm|altera_onchip_flash_avmm_data_controller:avmm_data_controller|write_count[10],                         ;
;                                                                                                                                         ;                           ; logo_flash:u_ufm|altera_onchip_flash:ufm|altera_onchip_flash_avmm_data_controller:avmm_data_controller|write_count[11],                         ;
;                                                                                                                                         ;                           ; logo_flash:u_ufm|altera_onchip_flash:ufm|altera_onchip_flash_avmm_data_controller:avmm_data_controller|write_count[12],                         ;
;                                                                                                                                         ;                           ; logo_flash:u_ufm|altera_onchip_flash:ufm|altera_onchip_flash_avmm_data_controller:avmm_data_controller|write_count[13],                         ;
;                                                                                                                                         ;                           ; logo_flash:u_ufm|altera_onchip_flash:ufm|altera_onchip_flash_avmm_data_controller:avmm_data_controller|write_count[14],                         ;
;                                                                                                                                         ;                           ; logo_flash:u_ufm|altera_onchip_flash:ufm|altera_onchip_flash_avmm_data_controller:avmm_data_controller|write_count[15]                          ;
; logo_flash:u_ufm|altera_onchip_flash:ufm|altera_onchip_flash_avmm_csr_controller:avmm_csr_controller|csr_sector_page_erase_addr_reg[0]  ; Stuck at VCC              ; logo_flash:u_ufm|altera_onchip_flash:ufm|altera_onchip_flash_avmm_data_controller:avmm_data_controller|flash_page_addr[21],                     ;
;                                                                                                                                         ; due to stuck port data_in ; logo_flash:u_ufm|altera_onchip_flash:ufm|altera_onchip_flash_avmm_data_controller:avmm_data_controller|flash_page_addr[22],                     ;
;                                                                                                                                         ;                           ; logo_flash:u_ufm|altera_onchip_flash:ufm|altera_onchip_flash_avmm_data_controller:avmm_data_controller|flash_page_addr[18],                     ;
;                                                                                                                                         ;                           ; logo_flash:u_ufm|altera_onchip_flash:ufm|altera_onchip_flash_avmm_data_controller:avmm_data_controller|flash_page_addr[19],                     ;
;                                                                                                                                         ;                           ; logo_flash:u_ufm|altera_onchip_flash:ufm|altera_onchip_flash_avmm_data_controller:avmm_data_controller|flash_page_addr[20],                     ;
;                                                                                                                                         ;                           ; logo_flash:u_ufm|altera_onchip_flash:ufm|altera_onchip_flash_avmm_data_controller:avmm_data_controller|flash_page_addr[14],                     ;
;                                                                                                                                         ;                           ; logo_flash:u_ufm|altera_onchip_flash:ufm|altera_onchip_flash_avmm_data_controller:avmm_data_controller|flash_page_addr[15],                     ;
;                                                                                                                                         ;                           ; logo_flash:u_ufm|altera_onchip_flash:ufm|altera_onchip_flash_avmm_data_controller:avmm_data_controller|flash_page_addr[16],                     ;
;                                                                                                                                         ;                           ; logo_flash:u_ufm|altera_onchip_flash:ufm|altera_onchip_flash_avmm_data_controller:avmm_data_controller|flash_page_addr[17]                      ;
; logo_flash:u_ufm|altera_onchip_flash:ufm|altera_onchip_flash_avmm_csr_controller:avmm_csr_controller|csr_sector_page_erase_addr_reg[20] ; Stuck at VCC              ; logo_flash:u_ufm|altera_onchip_flash:ufm|altera_onchip_flash_avmm_data_controller:avmm_data_controller|flash_addr_wire_neg_reg[21],             ;
;                                                                                                                                         ; due to stuck port data_in ; logo_flash:u_ufm|altera_onchip_flash:ufm|altera_onchip_flash_avmm_data_controller:avmm_data_controller|flash_addr_wire_neg_reg[18],             ;
;                                                                                                                                         ;                           ; logo_flash:u_ufm|altera_onchip_flash:ufm|altera_onchip_flash_avmm_data_controller:avmm_data_controller|flash_addr_wire_neg_reg[19],             ;
;                                                                                                                                         ;                           ; logo_flash:u_ufm|altera_onchip_flash:ufm|altera_onchip_flash_avmm_data_controller:avmm_data_controller|flash_addr_wire_neg_reg[20],             ;
;                                                                                                                                         ;                           ; logo_flash:u_ufm|altera_onchip_flash:ufm|altera_onchip_flash_avmm_data_controller:avmm_data_controller|flash_addr_wire_neg_reg[14],             ;
;                                                                                                                                         ;                           ; logo_flash:u_ufm|altera_onchip_flash:ufm|altera_onchip_flash_avmm_data_controller:avmm_data_controller|flash_addr_wire_neg_reg[15],             ;
;                                                                                                                                         ;                           ; logo_flash:u_ufm|altera_onchip_flash:ufm|altera_onchip_flash_avmm_data_controller:avmm_data_controller|flash_addr_wire_neg_reg[16],             ;
;                                                                                                                                         ;                           ; logo_flash:u_ufm|altera_onchip_flash:ufm|altera_onchip_flash_avmm_data_controller:avmm_data_controller|flash_addr_wire_neg_reg[17]              ;
; logo_flash:u_ufm|altera_onchip_flash:ufm|altera_onchip_flash_avmm_data_controller:avmm_data_controller|flash_seq_read_ardin[22]         ; Stuck at GND              ; logo_flash:u_ufm|altera_onchip_flash:ufm|altera_onchip_flash_avmm_data_controller:avmm_data_controller|flash_seq_read_ardin[19],                ;
;                                                                                                                                         ; due to stuck port data_in ; logo_flash:u_ufm|altera_onchip_flash:ufm|altera_onchip_flash_avmm_data_controller:avmm_data_controller|flash_seq_read_ardin[18],                ;
;                                                                                                                                         ;                           ; logo_flash:u_ufm|altera_onchip_flash:ufm|altera_onchip_flash_avmm_data_controller:avmm_data_controller|flash_seq_read_ardin[17],                ;
;                                                                                                                                         ;                           ; logo_flash:u_ufm|altera_onchip_flash:ufm|altera_onchip_flash_avmm_data_controller:avmm_data_controller|flash_seq_read_ardin[13],                ;
;                                                                                                                                         ;                           ; logo_flash:u_ufm|altera_onchip_flash:ufm|altera_onchip_flash_avmm_data_controller:avmm_data_controller|flash_seq_read_ardin[14],                ;
;                                                                                                                                         ;                           ; logo_flash:u_ufm|altera_onchip_flash:ufm|altera_onchip_flash_avmm_data_controller:avmm_data_controller|flash_seq_read_ardin[15],                ;
;                                                                                                                                         ;                           ; logo_flash:u_ufm|altera_onchip_flash:ufm|altera_onchip_flash_avmm_data_controller:avmm_data_controller|flash_seq_read_ardin[16]                 ;
; logo_flash:u_ufm|altera_onchip_flash:ufm|altera_onchip_flash_avmm_data_controller:avmm_data_controller|is_sector3_writable_reg          ; Stuck at GND              ; logo_flash:u_ufm|altera_onchip_flash:ufm|altera_onchip_flash_avmm_data_controller:avmm_data_controller|erase_busy_scan,                         ;
;                                                                                                                                         ; due to stuck port data_in ; logo_flash:u_ufm|altera_onchip_flash:ufm|altera_onchip_flash_avmm_data_controller:avmm_data_controller|flash_busy_reg,                          ;
;                                                                                                                                         ;                           ; logo_flash:u_ufm|altera_onchip_flash:ufm|altera_onchip_flash_avmm_data_controller:avmm_data_controller|flash_busy_clear_reg,                    ;
;                                                                                                                                         ;                           ; logo_flash:u_ufm|altera_onchip_flash:ufm|altera_onchip_flash_avmm_data_controller:avmm_data_controller|write_count[1],                          ;
;                                                                                                                                         ;                           ; logo_flash:u_ufm|altera_onchip_flash:ufm|altera_onchip_flash_avmm_data_controller:avmm_data_controller|write_count[5],                          ;
;                                                                                                                                         ;                           ; logo_flash:u_ufm|altera_onchip_flash:ufm|altera_onchip_flash_avmm_data_controller:avmm_data_controller|write_wait                               ;
; logo_flash:u_ufm|altera_onchip_flash:ufm|altera_onchip_flash_avmm_csr_controller:avmm_csr_controller|csr_erase_state[0]                 ; Stuck at GND              ; logo_flash:u_ufm|altera_onchip_flash:ufm|altera_onchip_flash_avmm_data_controller:avmm_data_controller|csr_status_busy[0],                      ;
;                                                                                                                                         ; due to stuck port data_in ; logo_flash:u_ufm|altera_onchip_flash:ufm|altera_onchip_flash_avmm_data_controller:avmm_data_controller|csr_status_busy[1],                      ;
;                                                                                                                                         ;                           ; logo_flash:u_ufm|altera_onchip_flash:ufm|altera_onchip_flash_avmm_data_controller:avmm_data_controller|erase_count[0],                          ;
;                                                                                                                                         ;                           ; logo_flash:u_ufm|altera_onchip_flash:ufm|altera_onchip_flash_avmm_data_controller:avmm_data_controller|erase_count[1],                          ;
;                                                                                                                                         ;                           ; logo_flash:u_ufm|altera_onchip_flash:ufm|altera_onchip_flash_avmm_data_controller:avmm_data_controller|erase_count[2]                           ;
; logo_flash:u_ufm|altera_onchip_flash:ufm|altera_onchip_flash_avmm_data_controller:avmm_data_controller|flash_sector_addr[2]             ; Stuck at GND              ; logo_flash:u_ufm|altera_onchip_flash:ufm|altera_onchip_flash_avmm_data_controller:avmm_data_controller|flash_addr_wire_neg_reg[22]              ;
;                                                                                                                                         ; due to stuck port data_in ;                                                                                                                                                 ;
; logo_flash:u_ufm|altera_onchip_flash:ufm|altera_onchip_flash_avmm_csr_controller:avmm_csr_controller|csr_wp_mode[0]                     ; Stuck at VCC              ; logo_flash:u_ufm|altera_onchip_flash:ufm|altera_onchip_flash_avmm_data_controller:avmm_data_controller|is_sector1_writable_reg                  ;
;                                                                                                                                         ; due to stuck port data_in ;                                                                                                                                                 ;
; logo_flash:u_ufm|altera_onchip_flash:ufm|altera_onchip_flash_avmm_csr_controller:avmm_csr_controller|csr_wp_mode[1]                     ; Stuck at VCC              ; logo_flash:u_ufm|altera_onchip_flash:ufm|altera_onchip_flash_avmm_data_controller:avmm_data_controller|is_sector2_writable_reg                  ;
;                                                                                                                                         ; due to stuck port data_in ;                                                                                                                                                 ;
; game_fsm:u_game|fall_span_r[0]                                                                                                          ; Stuck at GND              ; game_fsm:u_game|shift_px_r[0]                                                                                                                   ;
;                                                                                                                                         ; due to stuck port data_in ;                                                                                                                                                 ;
; logo_flash:u_ufm|altera_onchip_flash:ufm|altera_onchip_flash_avmm_data_controller:avmm_data_controller|erase_state~7                    ; Lost Fanouts              ; logo_flash:u_ufm|altera_onchip_flash:ufm|altera_onchip_flash_avmm_data_controller:avmm_data_controller|erase_count[3]                           ;
; logo_flash:u_ufm|altera_onchip_flash:ufm|altera_onchip_flash_avmm_data_controller:avmm_data_controller|write_state~7                    ; Lost Fanouts              ; logo_flash:u_ufm|altera_onchip_flash:ufm|altera_onchip_flash_avmm_data_controller:avmm_data_controller|write_count[2]                           ;
+-----------------------------------------------------------------------------------------------------------------------------------------+---------------------------+-------------------------------------------------------------------------------------------------------------------------------------------------+


+------------------------------------------------------+
; General Register Statistics                          ;
+----------------------------------------------+-------+
; Statistic                                    ; Value ;
+----------------------------------------------+-------+
; Total registers                              ; 3400  ;
; Number of registers using Synchronous Clear  ; 603   ;
; Number of registers using Synchronous Load   ; 75    ;
; Number of registers using Asynchronous Clear ; 5     ;
; Number of registers using Asynchronous Load  ; 0     ;
; Number of registers using Clock Enable       ; 2863  ;
; Number of registers using Preset             ; 0     ;
+----------------------------------------------+-------+


+---------------------------------------------------------------------------------------------------------------------------------------+
; Inverted Register Statistics                                                                                                          ;
+-----------------------------------------------------------------------------------------------------------------------------+---------+
; Inverted Register                                                                                                           ; Fan out ;
+-----------------------------------------------------------------------------------------------------------------------------+---------+
; logo_flash:u_ufm|altera_onchip_flash:ufm|altera_onchip_flash_avmm_data_controller:avmm_data_controller|flash_drshft_neg_reg ; 1       ;
; logo_flash:u_ufm|altera_onchip_flash:ufm|altera_onchip_flash_avmm_data_controller:avmm_data_controller|flash_drshft_reg     ; 2       ;
; Total number of inverted registers = 2                                                                                      ;         ;
+-----------------------------------------------------------------------------------------------------------------------------+---------+


+------------------------------------------------------------------------------------------------------------------------+
; Registers Added for RAM Pass-Through Logic                                                                             ;
+-----------------------------------------------------------------+------------------------------------------------------+
; Register Name                                                   ; RAM Name                                             ;
+-----------------------------------------------------------------+------------------------------------------------------+
; game_fsm:u_game|floodfill_engine:u_ff|fifo_mem_rtl_0_bypass[0]  ; game_fsm:u_game|floodfill_engine:u_ff|fifo_mem_rtl_0 ;
; game_fsm:u_game|floodfill_engine:u_ff|fifo_mem_rtl_0_bypass[1]  ; game_fsm:u_game|floodfill_engine:u_ff|fifo_mem_rtl_0 ;
; game_fsm:u_game|floodfill_engine:u_ff|fifo_mem_rtl_0_bypass[2]  ; game_fsm:u_game|floodfill_engine:u_ff|fifo_mem_rtl_0 ;
; game_fsm:u_game|floodfill_engine:u_ff|fifo_mem_rtl_0_bypass[3]  ; game_fsm:u_game|floodfill_engine:u_ff|fifo_mem_rtl_0 ;
; game_fsm:u_game|floodfill_engine:u_ff|fifo_mem_rtl_0_bypass[4]  ; game_fsm:u_game|floodfill_engine:u_ff|fifo_mem_rtl_0 ;
; game_fsm:u_game|floodfill_engine:u_ff|fifo_mem_rtl_0_bypass[5]  ; game_fsm:u_game|floodfill_engine:u_ff|fifo_mem_rtl_0 ;
; game_fsm:u_game|floodfill_engine:u_ff|fifo_mem_rtl_0_bypass[6]  ; game_fsm:u_game|floodfill_engine:u_ff|fifo_mem_rtl_0 ;
; game_fsm:u_game|floodfill_engine:u_ff|fifo_mem_rtl_0_bypass[7]  ; game_fsm:u_game|floodfill_engine:u_ff|fifo_mem_rtl_0 ;
; game_fsm:u_game|floodfill_engine:u_ff|fifo_mem_rtl_0_bypass[8]  ; game_fsm:u_game|floodfill_engine:u_ff|fifo_mem_rtl_0 ;
; game_fsm:u_game|floodfill_engine:u_ff|fifo_mem_rtl_0_bypass[9]  ; game_fsm:u_game|floodfill_engine:u_ff|fifo_mem_rtl_0 ;
; game_fsm:u_game|floodfill_engine:u_ff|fifo_mem_rtl_0_bypass[10] ; game_fsm:u_game|floodfill_engine:u_ff|fifo_mem_rtl_0 ;
; game_fsm:u_game|floodfill_engine:u_ff|fifo_mem_rtl_0_bypass[11] ; game_fsm:u_game|floodfill_engine:u_ff|fifo_mem_rtl_0 ;
; game_fsm:u_game|floodfill_engine:u_ff|fifo_mem_rtl_0_bypass[12] ; game_fsm:u_game|floodfill_engine:u_ff|fifo_mem_rtl_0 ;
; game_fsm:u_game|floodfill_engine:u_ff|fifo_mem_rtl_0_bypass[13] ; game_fsm:u_game|floodfill_engine:u_ff|fifo_mem_rtl_0 ;
; game_fsm:u_game|floodfill_engine:u_ff|fifo_mem_rtl_0_bypass[14] ; game_fsm:u_game|floodfill_engine:u_ff|fifo_mem_rtl_0 ;
; game_fsm:u_game|floodfill_engine:u_ff|fifo_mem_rtl_0_bypass[15] ; game_fsm:u_game|floodfill_engine:u_ff|fifo_mem_rtl_0 ;
; game_fsm:u_game|floodfill_engine:u_ff|fifo_mem_rtl_0_bypass[16] ; game_fsm:u_game|floodfill_engine:u_ff|fifo_mem_rtl_0 ;
; game_fsm:u_game|floodfill_engine:u_ff|fifo_mem_rtl_0_bypass[17] ; game_fsm:u_game|floodfill_engine:u_ff|fifo_mem_rtl_0 ;
; game_fsm:u_game|floodfill_engine:u_ff|fifo_mem_rtl_0_bypass[18] ; game_fsm:u_game|floodfill_engine:u_ff|fifo_mem_rtl_0 ;
; game_fsm:u_game|floodfill_engine:u_ff|fifo_mem_rtl_0_bypass[19] ; game_fsm:u_game|floodfill_engine:u_ff|fifo_mem_rtl_0 ;
; game_fsm:u_game|floodfill_engine:u_ff|fifo_mem_rtl_0_bypass[20] ; game_fsm:u_game|floodfill_engine:u_ff|fifo_mem_rtl_0 ;
; game_fsm:u_game|floodfill_engine:u_ff|fifo_mem_rtl_0_bypass[21] ; game_fsm:u_game|floodfill_engine:u_ff|fifo_mem_rtl_0 ;
; game_fsm:u_game|floodfill_engine:u_ff|fifo_mem_rtl_0_bypass[22] ; game_fsm:u_game|floodfill_engine:u_ff|fifo_mem_rtl_0 ;
; game_fsm:u_game|floodfill_engine:u_ff|fifo_mem_rtl_0_bypass[23] ; game_fsm:u_game|floodfill_engine:u_ff|fifo_mem_rtl_0 ;
; game_fsm:u_game|floodfill_engine:u_ff|fifo_mem_rtl_0_bypass[24] ; game_fsm:u_game|floodfill_engine:u_ff|fifo_mem_rtl_0 ;
+-----------------------------------------------------------------+------------------------------------------------------+


+-----------------------------------------------------------------+
; Registers Packed Into Inferred Megafunctions                    ;
+-------------------------------+--------------------------+------+
; Register Name                 ; Megafunction             ; Type ;
+-------------------------------+--------------------------+------+
; logo_ram:u_ram|rd_data[0..15] ; logo_ram:u_ram|mem_rtl_0 ; RAM  ;
+-------------------------------+--------------------------+------+


+-------------------------------------------------------------------------------------------------------------------------------------------------------------------------------------------------------------------------------------------------------------+
; Multiplexer Restructuring Statistics (Restructuring Performed)                                                                                                                                                                                              ;
+--------------------+-----------+---------------+----------------------+------------------------+------------+-----------------------------------------------------------------------------------------------------------------------------------------------+
; Multiplexer Inputs ; Bus Width ; Baseline Area ; Area if Restructured ; Saving if Restructured ; Registered ; Example Multiplexer Output                                                                                                                    ;
+--------------------+-----------+---------------+----------------------+------------------------+------------+-----------------------------------------------------------------------------------------------------------------------------------------------+
; 3:1                ; 11 bits   ; 22 LEs        ; 11 LEs               ; 11 LEs                 ; Yes        ; |samegame_top|lcd_renderer:u_render|rom_addr[2]                                                                                               ;
; 3:1                ; 2 bits    ; 4 LEs         ; 2 LEs                ; 2 LEs                  ; Yes        ; |samegame_top|game_fsm:u_game|erase_engine:u_erase|wr_en                                                                                      ;
; 3:1                ; 12 bits   ; 24 LEs        ; 12 LEs               ; 12 LEs                 ; Yes        ; |samegame_top|ufm_bootloader:u_boot|all_ones_seen                                                                                             ;
; 3:1                ; 33 bits   ; 66 LEs        ; 33 LEs               ; 33 LEs                 ; Yes        ; |samegame_top|lcd_renderer:u_render|cy0[0]                                                                                                    ;
; 3:1                ; 16 bits   ; 32 LEs        ; 16 LEs               ; 16 LEs                 ; Yes        ; |samegame_top|game_fsm:u_game|rng_generator:u_rng|rng[9]                                                                                      ;
; 3:1                ; 6 bits    ; 12 LEs        ; 6 LEs                ; 6 LEs                  ; Yes        ; |samegame_top|ps2_controller:u_pad|hist1[0]                                                                                                   ;
; 3:1                ; 7 bits    ; 14 LEs        ; 7 LEs                ; 7 LEs                  ; Yes        ; |samegame_top|game_fsm:u_game|fall_span_r[8]                                                                                                  ;
; 3:1                ; 7 bits    ; 14 LEs        ; 7 LEs                ; 7 LEs                  ; Yes        ; |samegame_top|game_fsm:u_game|shift_span_r[2]                                                                                                 ;
; 3:1                ; 8 bits    ; 16 LEs        ; 8 LEs                ; 8 LEs                  ; Yes        ; |samegame_top|ps2_controller:u_pad|rxb[0][4]                                                                                                  ;
; 3:1                ; 8 bits    ; 16 LEs        ; 8 LEs                ; 8 LEs                  ; Yes        ; |samegame_top|ps2_controller:u_pad|rxb[1][6]                                                                                                  ;
; 3:1                ; 8 bits    ; 16 LEs        ; 8 LEs                ; 8 LEs                  ; Yes        ; |samegame_top|ps2_controller:u_pad|rxb[2][0]                                                                                                  ;
; 3:1                ; 8 bits    ; 16 LEs        ; 8 LEs                ; 8 LEs                  ; Yes        ; |samegame_top|ps2_controller:u_pad|rxb[3][0]                                                                                                  ;
; 3:1                ; 8 bits    ; 16 LEs        ; 8 LEs                ; 8 LEs                  ; Yes        ; |samegame_top|ps2_controller:u_pad|rxb[4][7]                                                                                                  ;
; 3:1                ; 4 bits    ; 8 LEs         ; 4 LEs                ; 4 LEs                  ; Yes        ; |samegame_top|game_fsm:u_game|floodfill_engine:u_ff|target_id[2]                                                                              ;
; 3:1                ; 16 bits   ; 32 LEs        ; 16 LEs               ; 16 LEs                 ; Yes        ; |samegame_top|lcd_ili9341_ctrl:u_lcd|cur_color[12]                                                                                            ;
; 3:1                ; 8 bits    ; 16 LEs        ; 8 LEs                ; 8 LEs                  ; Yes        ; |samegame_top|board_memory:u_board|clr_addr[4]                                                                                                ;
; 3:1                ; 11 bits   ; 22 LEs        ; 11 LEs               ; 11 LEs                 ; Yes        ; |samegame_top|ufm_bootloader:u_boot|flash_addr[1]                                                                                             ;
; 3:1                ; 192 bits  ; 384 LEs       ; 192 LEs              ; 192 LEs                ; Yes        ; |samegame_top|game_fsm:u_game|erase_engine:u_erase|mask[66]                                                                                   ;
; 3:1                ; 16 bits   ; 32 LEs        ; 16 LEs               ; 16 LEs                 ; Yes        ; |samegame_top|ufm_bootloader:u_boot|ram_wr_data[7]                                                                                            ;
; 3:1                ; 16 bits   ; 32 LEs        ; 16 LEs               ; 16 LEs                 ; Yes        ; |samegame_top|ps2_controller:u_pad|half_cnt[8]                                                                                                ;
; 3:1                ; 14 bits   ; 28 LEs        ; 28 LEs               ; 0 LEs                  ; Yes        ; |samegame_top|logo_flash:u_ufm|altera_onchip_flash:ufm|altera_onchip_flash_avmm_data_controller:avmm_data_controller|flash_page_addr[20]      ;
; 4:1                ; 6 bits    ; 12 LEs        ; 6 LEs                ; 6 LEs                  ; Yes        ; |samegame_top|ps2_controller:u_pad|hist0[2]                                                                                                   ;
; 4:1                ; 5 bits    ; 10 LEs        ; 5 LEs                ; 5 LEs                  ; Yes        ; |samegame_top|ps2_controller:u_pad|btn_q[4]                                                                                                   ;
; 4:1                ; 3 bits    ; 6 LEs         ; 3 LEs                ; 3 LEs                  ; Yes        ; |samegame_top|game_fsm:u_game|cur_y_r[3]                                                                                                      ;
; 4:1                ; 3 bits    ; 6 LEs         ; 3 LEs                ; 3 LEs                  ; Yes        ; |samegame_top|game_fsm:u_game|cur_x_r[3]                                                                                                      ;
; 4:1                ; 9 bits    ; 18 LEs        ; 18 LEs               ; 0 LEs                  ; Yes        ; |samegame_top|logo_flash:u_ufm|altera_onchip_flash:ufm|altera_onchip_flash_avmm_data_controller:avmm_data_controller|flash_page_addr[8]       ;
; 4:1                ; 2 bits    ; 4 LEs         ; 4 LEs                ; 0 LEs                  ; Yes        ; |samegame_top|logo_flash:u_ufm|altera_onchip_flash:ufm|altera_onchip_flash_avmm_data_controller:avmm_data_controller|csr_status_busy[1]       ;
; 4:1                ; 4 bits    ; 8 LEs         ; 0 LEs                ; 8 LEs                  ; Yes        ; |samegame_top|game_fsm:u_game|column_shift_engine:u_shift|wr_addr[5]                                                                          ;
; 4:1                ; 4 bits    ; 8 LEs         ; 4 LEs                ; 4 LEs                  ; Yes        ; |samegame_top|game_fsm:u_game|column_shift_engine:u_shift|wr_addr[1]                                                                          ;
; 5:1                ; 16 bits   ; 48 LEs        ; 32 LEs               ; 16 LEs                 ; Yes        ; |samegame_top|game_fsm:u_game|score_manager:u_score|score[8]                                                                                  ;
; 4:1                ; 3 bits    ; 6 LEs         ; 3 LEs                ; 3 LEs                  ; Yes        ; |samegame_top|game_fsm:u_game|gravity_engine:u_grav|wr_data[0]                                                                                ;
; 4:1                ; 4 bits    ; 8 LEs         ; 0 LEs                ; 8 LEs                  ; Yes        ; |samegame_top|game_fsm:u_game|gravity_engine:u_grav|wr_addr[0]                                                                                ;
; 4:1                ; 4 bits    ; 8 LEs         ; 4 LEs                ; 4 LEs                  ; Yes        ; |samegame_top|game_fsm:u_game|gravity_engine:u_grav|wr_addr[7]                                                                                ;
; 5:1                ; 24 bits   ; 72 LEs        ; 24 LEs               ; 48 LEs                 ; Yes        ; |samegame_top|ps2_controller:u_pad|poll_cnt[3]                                                                                                ;
; 5:1                ; 8 bits    ; 24 LEs        ; 16 LEs               ; 8 LEs                  ; Yes        ; |samegame_top|game_fsm:u_game|tap_y[3]                                                                                                        ;
; 7:1                ; 2 bits    ; 8 LEs         ; 4 LEs                ; 4 LEs                  ; Yes        ; |samegame_top|logo_flash:u_ufm|altera_onchip_flash:ufm|altera_onchip_flash_avmm_csr_controller:avmm_csr_controller|csr_erase_state[1]         ;
; 5:1                ; 3 bits    ; 9 LEs         ; 6 LEs                ; 3 LEs                  ; Yes        ; |samegame_top|game_fsm:u_game|gravity_engine:u_grav|dst[3]                                                                                    ;
; 5:1                ; 8 bits    ; 24 LEs        ; 16 LEs               ; 8 LEs                  ; Yes        ; |samegame_top|lcd_renderer:u_render|faddr[4]                                                                                                  ;
; 5:1                ; 12 bits   ; 36 LEs        ; 12 LEs               ; 24 LEs                 ; Yes        ; |samegame_top|logo_flash:u_ufm|altera_onchip_flash:ufm|altera_onchip_flash_avmm_data_controller:avmm_data_controller|flash_seq_read_ardin[22] ;
; 5:1                ; 10 bits   ; 30 LEs        ; 20 LEs               ; 10 LEs                 ; Yes        ; |samegame_top|logo_flash:u_ufm|altera_onchip_flash:ufm|altera_onchip_flash_avmm_data_controller:avmm_data_controller|flash_seq_read_ardin[10] ;
; 6:1                ; 4 bits    ; 16 LEs        ; 4 LEs                ; 12 LEs                 ; Yes        ; |samegame_top|lcd_renderer:u_render|idx0[0]                                                                                                   ;
; 6:1                ; 9 bits    ; 36 LEs        ; 9 LEs                ; 27 LEs                 ; Yes        ; |samegame_top|lcd_renderer:u_render|span_r[4]                                                                                                 ;
; 6:1                ; 8 bits    ; 32 LEs        ; 16 LEs               ; 16 LEs                 ; Yes        ; |samegame_top|lcd_renderer:u_render|board_rd_addr[7]                                                                                          ;
; 6:1                ; 4 bits    ; 16 LEs        ; 4 LEs                ; 12 LEs                 ; Yes        ; |samegame_top|game_fsm:u_game|gravity_engine:u_grav|col[3]                                                                                    ;
; 6:1                ; 8 bits    ; 32 LEs        ; 8 LEs                ; 24 LEs                 ; Yes        ; |samegame_top|game_fsm:u_game|erase_engine:u_erase|idx[0]                                                                                     ;
; 5:1                ; 3 bits    ; 9 LEs         ; 3 LEs                ; 6 LEs                  ; Yes        ; |samegame_top|ufm_bootloader:u_boot|retry_cnt[1]                                                                                              ;
; 5:1                ; 11 bits   ; 33 LEs        ; 11 LEs               ; 22 LEs                 ; Yes        ; |samegame_top|ufm_bootloader:u_boot|addr[1]                                                                                                   ;
; 6:1                ; 32 bits   ; 128 LEs       ; 32 LEs               ; 96 LEs                 ; Yes        ; |samegame_top|frame_seq:u_fseq|timer[17]                                                                                                      ;
; 6:1                ; 4 bits    ; 16 LEs        ; 8 LEs                ; 8 LEs                  ; Yes        ; |samegame_top|lcd_ili9341_ctrl:u_lcd|spi_byte_master:u_spi|bitcnt[3]                                                                          ;
; 6:1                ; 7 bits    ; 28 LEs        ; 14 LEs               ; 14 LEs                 ; Yes        ; |samegame_top|lcd_ili9341_ctrl:u_lcd|spi_byte_master:u_spi|shreg[6]                                                                           ;
; 6:1                ; 3 bits    ; 12 LEs        ; 3 LEs                ; 9 LEs                  ; Yes        ; |samegame_top|game_fsm:u_game|erase_engine:u_erase|frame_cnt[2]                                                                               ;
; 6:1                ; 8 bits    ; 32 LEs        ; 16 LEs               ; 16 LEs                 ; Yes        ; |samegame_top|game_fsm:u_game|floodfill_engine:u_ff|wr_ptr[6]                                                                                 ;
; 6:1                ; 4 bits    ; 16 LEs        ; 8 LEs                ; 8 LEs                  ; Yes        ; |samegame_top|logo_flash:u_ufm|altera_onchip_flash:ufm|altera_onchip_flash_avmm_data_controller:avmm_data_controller|avmm_burstcount_reg[1]   ;
; 6:1                ; 17 bits   ; 68 LEs        ; 34 LEs               ; 34 LEs                 ; Yes        ; |samegame_top|lcd_ili9341_ctrl:u_lcd|pix_left[6]                                                                                              ;
; 6:1                ; 4 bits    ; 16 LEs        ; 4 LEs                ; 12 LEs                 ; Yes        ; |samegame_top|game_fsm:u_game|gravity_engine:u_grav|max_r[0]                                                                                  ;
; 6:1                ; 4 bits    ; 16 LEs        ; 4 LEs                ; 12 LEs                 ; Yes        ; |samegame_top|game_fsm:u_game|column_shift_engine:u_shift|max_r[2]                                                                            ;
; 6:1                ; 8 bits    ; 32 LEs        ; 8 LEs                ; 24 LEs                 ; Yes        ; |samegame_top|lcd_ili9341_ctrl:u_lcd|row_cnt[7]                                                                                               ;
; 6:1                ; 4 bits    ; 16 LEs        ; 4 LEs                ; 12 LEs                 ; Yes        ; |samegame_top|lcd_ili9341_ctrl:u_lcd|hdr_step[3]                                                                                              ;
; 6:1                ; 4 bits    ; 16 LEs        ; 4 LEs                ; 12 LEs                 ; Yes        ; |samegame_top|game_fsm:u_game|column_shift_engine:u_shift|dst_cnt[2]                                                                          ;
; 7:1                ; 10 bits   ; 40 LEs        ; 20 LEs               ; 20 LEs                 ; Yes        ; |samegame_top|lcd_renderer:u_render|fly[1]                                                                                                    ;
; 7:1                ; 6 bits    ; 24 LEs        ; 12 LEs               ; 12 LEs                 ; Yes        ; |samegame_top|lcd_renderer:u_render|scan_addr[7]                                                                                              ;
; 7:1                ; 4 bits    ; 16 LEs        ; 8 LEs                ; 8 LEs                  ; Yes        ; |samegame_top|game_fsm:u_game|gravity_engine:u_grav|row[0]                                                                                    ;
; 7:1                ; 3 bits    ; 12 LEs        ; 3 LEs                ; 9 LEs                  ; Yes        ; |samegame_top|ps2_controller:u_pad|byte_i[1]                                                                                                  ;
; 7:1                ; 3 bits    ; 12 LEs        ; 3 LEs                ; 9 LEs                  ; Yes        ; |samegame_top|ps2_controller:u_pad|bit_i[0]                                                                                                   ;
; 6:1                ; 12 bits   ; 48 LEs        ; 12 LEs               ; 36 LEs                 ; Yes        ; |samegame_top|lcd_ili9341_ctrl:u_lcd|delay_cnt[25]                                                                                            ;
; 6:1                ; 10 bits   ; 40 LEs        ; 20 LEs               ; 20 LEs                 ; Yes        ; |samegame_top|lcd_ili9341_ctrl:u_lcd|delay_cnt[15]                                                                                            ;
; 6:1                ; 10 bits   ; 40 LEs        ; 20 LEs               ; 20 LEs                 ; Yes        ; |samegame_top|lcd_ili9341_ctrl:u_lcd|delay_cnt[5]                                                                                             ;
; 7:1                ; 3 bits    ; 12 LEs        ; 3 LEs                ; 9 LEs                  ; Yes        ; |samegame_top|game_fsm:u_game|column_shift_engine:u_shift|shift_dist[6]                                                                       ;
; 7:1                ; 3 bits    ; 12 LEs        ; 3 LEs                ; 9 LEs                  ; Yes        ; |samegame_top|game_fsm:u_game|column_shift_engine:u_shift|shift_dist[10]                                                                      ;
; 7:1                ; 3 bits    ; 12 LEs        ; 3 LEs                ; 9 LEs                  ; Yes        ; |samegame_top|game_fsm:u_game|column_shift_engine:u_shift|shift_dist[14]                                                                      ;
; 7:1                ; 3 bits    ; 12 LEs        ; 3 LEs                ; 9 LEs                  ; Yes        ; |samegame_top|game_fsm:u_game|column_shift_engine:u_shift|shift_dist[18]                                                                      ;
; 7:1                ; 3 bits    ; 12 LEs        ; 3 LEs                ; 9 LEs                  ; Yes        ; |samegame_top|game_fsm:u_game|column_shift_engine:u_shift|shift_dist[22]                                                                      ;
; 7:1                ; 3 bits    ; 12 LEs        ; 3 LEs                ; 9 LEs                  ; Yes        ; |samegame_top|game_fsm:u_game|column_shift_engine:u_shift|shift_dist[26]                                                                      ;
; 7:1                ; 3 bits    ; 12 LEs        ; 3 LEs                ; 9 LEs                  ; Yes        ; |samegame_top|game_fsm:u_game|column_shift_engine:u_shift|shift_dist[30]                                                                      ;
; 7:1                ; 3 bits    ; 12 LEs        ; 3 LEs                ; 9 LEs                  ; Yes        ; |samegame_top|game_fsm:u_game|column_shift_engine:u_shift|shift_dist[34]                                                                      ;
; 7:1                ; 3 bits    ; 12 LEs        ; 3 LEs                ; 9 LEs                  ; Yes        ; |samegame_top|game_fsm:u_game|column_shift_engine:u_shift|shift_dist[37]                                                                      ;
; 7:1                ; 3 bits    ; 12 LEs        ; 3 LEs                ; 9 LEs                  ; Yes        ; |samegame_top|game_fsm:u_game|column_shift_engine:u_shift|shift_dist[40]                                                                      ;
; 7:1                ; 3 bits    ; 12 LEs        ; 3 LEs                ; 9 LEs                  ; Yes        ; |samegame_top|game_fsm:u_game|column_shift_engine:u_shift|shift_dist[46]                                                                      ;
; 7:1                ; 3 bits    ; 12 LEs        ; 3 LEs                ; 9 LEs                  ; Yes        ; |samegame_top|game_fsm:u_game|column_shift_engine:u_shift|shift_dist[49]                                                                      ;
; 7:1                ; 3 bits    ; 12 LEs        ; 3 LEs                ; 9 LEs                  ; Yes        ; |samegame_top|game_fsm:u_game|column_shift_engine:u_shift|shift_dist[54]                                                                      ;
; 7:1                ; 3 bits    ; 12 LEs        ; 3 LEs                ; 9 LEs                  ; Yes        ; |samegame_top|game_fsm:u_game|column_shift_engine:u_shift|shift_dist[57]                                                                      ;
; 7:1                ; 4 bits    ; 16 LEs        ; 4 LEs                ; 12 LEs                 ; Yes        ; |samegame_top|game_fsm:u_game|column_shift_engine:u_shift|shift_dist[61]                                                                      ;
; 7:1                ; 9 bits    ; 36 LEs        ; 9 LEs                ; 27 LEs                 ; Yes        ; |samegame_top|lcd_ili9341_ctrl:u_lcd|col_cnt[7]                                                                                               ;
; 7:1                ; 3 bits    ; 12 LEs        ; 6 LEs                ; 6 LEs                  ; Yes        ; |samegame_top|logo_flash:u_ufm|altera_onchip_flash:ufm|altera_onchip_flash_avmm_data_controller:avmm_data_controller|data_count[1]            ;
; 7:1                ; 3 bits    ; 12 LEs        ; 3 LEs                ; 9 LEs                  ; Yes        ; |samegame_top|game_fsm:u_game|column_shift_engine:u_shift|shift_dist[1]                                                                       ;
; 8:1                ; 8 bits    ; 40 LEs        ; 8 LEs                ; 32 LEs                 ; Yes        ; |samegame_top|game_fsm:u_game|scan_idx[6]                                                                                                     ;
; 8:1                ; 2 bits    ; 10 LEs        ; 2 LEs                ; 8 LEs                  ; Yes        ; |samegame_top|game_fsm:u_game|floodfill_engine:u_ff|phase[1]                                                                                  ;
; 8:1                ; 7 bits    ; 35 LEs        ; 7 LEs                ; 28 LEs                 ; Yes        ; |samegame_top|lcd_ili9341_ctrl:u_lcd|init_idx[2]                                                                                              ;
; 8:1                ; 8 bits    ; 40 LEs        ; 8 LEs                ; 32 LEs                 ; Yes        ; |samegame_top|lcd_ili9341_ctrl:u_lcd|gap_cnt[0]                                                                                               ;
; 8:1                ; 7 bits    ; 35 LEs        ; 7 LEs                ; 28 LEs                 ; Yes        ; |samegame_top|ps2_controller:u_pad|rx_shift[7]                                                                                                ;
; 8:1                ; 8 bits    ; 40 LEs        ; 8 LEs                ; 32 LEs                 ; Yes        ; |samegame_top|game_fsm:u_game|fall_px_r[1]                                                                                                    ;
; 8:1                ; 8 bits    ; 40 LEs        ; 8 LEs                ; 32 LEs                 ; Yes        ; |samegame_top|game_fsm:u_game|shift_px_r[4]                                                                                                   ;
; 9:1                ; 5 bits    ; 30 LEs        ; 20 LEs               ; 10 LEs                 ; Yes        ; |samegame_top|lcd_renderer:u_render|pix_color[13]                                                                                             ;
; 9:1                ; 11 bits   ; 66 LEs        ; 33 LEs               ; 33 LEs                 ; Yes        ; |samegame_top|lcd_renderer:u_render|pix_color[8]                                                                                              ;
; 8:1                ; 4 bits    ; 20 LEs        ; 4 LEs                ; 16 LEs                 ; Yes        ; |samegame_top|game_fsm:u_game|column_shift_engine:u_shift|row[0]                                                                              ;
; 9:1                ; 8 bits    ; 48 LEs        ; 24 LEs               ; 24 LEs                 ; Yes        ; |samegame_top|lcd_ili9341_ctrl:u_lcd|spi_data[7]                                                                                              ;
; 9:1                ; 4 bits    ; 24 LEs        ; 4 LEs                ; 20 LEs                 ; Yes        ; |samegame_top|ps2_controller:u_pad|tx_shift[5]                                                                                                ;
; 9:1                ; 2 bits    ; 12 LEs        ; 4 LEs                ; 8 LEs                  ; Yes        ; |samegame_top|ps2_controller:u_pad|tx_shift[1]                                                                                                ;
; 7:1                ; 22 bits   ; 88 LEs        ; 66 LEs               ; 22 LEs                 ; Yes        ; |samegame_top|logo_flash:u_ufm|altera_onchip_flash:ufm|altera_onchip_flash_avmm_data_controller:avmm_data_controller|erase_count[11]          ;
; 9:1                ; 4 bits    ; 24 LEs        ; 4 LEs                ; 20 LEs                 ; Yes        ; |samegame_top|game_fsm:u_game|column_shift_engine:u_shift|scan_col[1]                                                                         ;
; 9:1                ; 13 bits   ; 78 LEs        ; 13 LEs               ; 65 LEs                 ; Yes        ; |samegame_top|ufm_bootloader:u_boot|watch[5]                                                                                                  ;
; 8:1                ; 4 bits    ; 20 LEs        ; 16 LEs               ; 4 LEs                  ; Yes        ; |samegame_top|logo_flash:u_ufm|altera_onchip_flash:ufm|altera_onchip_flash_avmm_data_controller:avmm_data_controller|erase_count[0]           ;
; 7:1                ; 11 bits   ; 44 LEs        ; 33 LEs               ; 11 LEs                 ; Yes        ; |samegame_top|logo_flash:u_ufm|altera_onchip_flash:ufm|altera_onchip_flash_avmm_data_controller:avmm_data_controller|write_count[13]          ;
; 9:1                ; 4 bits    ; 24 LEs        ; 4 LEs                ; 20 LEs                 ; Yes        ; |samegame_top|ps2_controller:u_pad|gap_i[3]                                                                                                   ;
; 9:1                ; 3 bits    ; 18 LEs        ; 6 LEs                ; 12 LEs                 ; Yes        ; |samegame_top|logo_flash:u_ufm|altera_onchip_flash:ufm|altera_onchip_flash_avmm_data_controller:avmm_data_controller|write_count[7]           ;
; 3:1                ; 17 bits   ; 34 LEs        ; 17 LEs               ; 17 LEs                 ; Yes        ; |samegame_top|lcd_ili9341_ctrl:u_lcd|pix_x[8]                                                                                                 ;
; 6:1                ; 8 bits    ; 32 LEs        ; 8 LEs                ; 24 LEs                 ; Yes        ; |samegame_top|game_fsm:u_game|floodfill_engine:u_ff|group_cnt[2]                                                                              ;
; 3:1                ; 8 bits    ; 16 LEs        ; 16 LEs               ; 0 LEs                  ; No         ; |samegame_top|lcd_renderer:u_render|board_rd_addr                                                                                             ;
; 3:1                ; 2 bits    ; 4 LEs         ; 4 LEs                ; 0 LEs                  ; No         ; |samegame_top|logo_flash:u_ufm|altera_onchip_flash:ufm|altera_onchip_flash_avmm_data_controller:avmm_data_controller|avmm_read_valid_state    ;
; 3:1                ; 12 bits   ; 24 LEs        ; 24 LEs               ; 0 LEs                  ; No         ; |samegame_top|logo_flash:u_ufm|altera_onchip_flash:ufm|altera_onchip_flash_avmm_data_controller:avmm_data_controller|cur_a_addr[16]           ;
; 3:1                ; 2 bits    ; 4 LEs         ; 4 LEs                ; 0 LEs                  ; No         ; |samegame_top|logo_flash:u_ufm|altera_onchip_flash:ufm|altera_onchip_flash_avmm_data_controller:avmm_data_controller|cur_a_addr[10]           ;
; 5:1                ; 3 bits    ; 9 LEs         ; 6 LEs                ; 3 LEs                  ; No         ; |samegame_top|frame_seq:u_fseq|state                                                                                                          ;
; 16:1               ; 36 bits   ; 360 LEs       ; 360 LEs              ; 0 LEs                  ; No         ; |samegame_top|board_memory:u_board|Mux6                                                                                                       ;
; 5:1                ; 2 bits    ; 6 LEs         ; 6 LEs                ; 0 LEs                  ; No         ; |samegame_top|game_fsm:u_game|gravity_engine:u_grav|Mux0                                                                                      ;
; 5:1                ; 2 bits    ; 6 LEs         ; 6 LEs                ; 0 LEs                  ; No         ; |samegame_top|game_fsm:u_game|column_shift_engine:u_shift|Mux3                                                                                ;
; 16:1               ; 4 bits    ; 40 LEs        ; 40 LEs               ; 0 LEs                  ; No         ; |samegame_top|lcd_renderer:u_render|Mux7                                                                                                      ;
; 5:1                ; 3 bits    ; 9 LEs         ; 9 LEs                ; 0 LEs                  ; No         ; |samegame_top|board_memory:u_board|cells                                                                                                      ;
; 5:1                ; 8 bits    ; 24 LEs        ; 16 LEs               ; 8 LEs                  ; No         ; |samegame_top|game_fsm:u_game|board_wr_addr[7]                                                                                                ;
; 4:1                ; 6 bits    ; 12 LEs        ; 12 LEs               ; 0 LEs                  ; No         ; |samegame_top|ps2_controller:u_pad|Selector2                                                                                                  ;
; 6:1                ; 8 bits    ; 32 LEs        ; 16 LEs               ; 16 LEs                 ; No         ; |samegame_top|game_fsm:u_game|floodfill_engine:u_ff|rd_ptr                                                                                    ;
; 7:1                ; 2 bits    ; 8 LEs         ; 6 LEs                ; 2 LEs                  ; No         ; |samegame_top|lcd_ili9341_ctrl:u_lcd|spi_byte_master:u_spi|state                                                                              ;
; 8:1                ; 2 bits    ; 10 LEs        ; 6 LEs                ; 4 LEs                  ; No         ; |samegame_top|game_fsm:u_game|gravity_engine:u_grav|state                                                                                     ;
; 8:1                ; 4 bits    ; 20 LEs        ; 16 LEs               ; 4 LEs                  ; No         ; |samegame_top|game_fsm:u_game|erase_engine:u_erase|state                                                                                      ;
; 256:1              ; 3 bits    ; 510 LEs       ; 384 LEs              ; 126 LEs                ; No         ; |samegame_top|board_memory:u_board|Mux5                                                                                                       ;
; 256:1              ; 3 bits    ; 510 LEs       ; 384 LEs              ; 126 LEs                ; No         ; |samegame_top|board_memory:u_board|Mux2                                                                                                       ;
; 256:1              ; 4 bits    ; 680 LEs       ; 512 LEs              ; 168 LEs                ; No         ; |samegame_top|lcd_renderer:u_render|Mux2                                                                                                      ;
; 7:1                ; 3 bits    ; 12 LEs        ; 12 LEs               ; 0 LEs                  ; No         ; |samegame_top|ufm_bootloader:u_boot|state                                                                                                     ;
; 9:1                ; 2 bits    ; 12 LEs        ; 6 LEs                ; 6 LEs                  ; No         ; |samegame_top|game_fsm:u_game|column_shift_engine:u_shift|state                                                                               ;
; 9:1                ; 2 bits    ; 12 LEs        ; 8 LEs                ; 4 LEs                  ; No         ; |samegame_top|game_fsm:u_game|gravity_engine:u_grav|state                                                                                     ;
; 10:1               ; 2 bits    ; 12 LEs        ; 8 LEs                ; 4 LEs                  ; No         ; |samegame_top|game_fsm:u_game|column_shift_engine:u_shift|state                                                                               ;
; 12:1               ; 2 bits    ; 16 LEs        ; 14 LEs               ; 2 LEs                  ; No         ; |samegame_top|game_fsm:u_game|gravity_engine:u_grav|Mux0                                                                                      ;
; 12:1               ; 2 bits    ; 16 LEs        ; 14 LEs               ; 2 LEs                  ; No         ; |samegame_top|game_fsm:u_game|column_shift_engine:u_shift|Mux3                                                                                ;
; 8:1                ; 4 bits    ; 20 LEs        ; 16 LEs               ; 4 LEs                  ; No         ; |samegame_top|logo_flash:u_ufm|altera_onchip_flash:ufm|altera_onchip_flash_avmm_data_controller:avmm_data_controller|erase_state              ;
; 7:1                ; 4 bits    ; 16 LEs        ; 16 LEs               ; 0 LEs                  ; No         ; |samegame_top|logo_flash:u_ufm|altera_onchip_flash:ufm|altera_onchip_flash_avmm_data_controller:avmm_data_controller|write_state              ;
; 10:1               ; 2 bits    ; 12 LEs        ; 10 LEs               ; 2 LEs                  ; No         ; |samegame_top|logo_flash:u_ufm|altera_onchip_flash:ufm|altera_onchip_flash_avmm_data_controller:avmm_data_controller|erase_state              ;
; 16:1               ; 3 bits    ; 30 LEs        ; 9 LEs                ; 21 LEs                 ; No         ; |samegame_top|lcd_ili9341_ctrl:u_lcd|state                                                                                                    ;
; 18:1               ; 4 bits    ; 48 LEs        ; 16 LEs               ; 32 LEs                 ; No         ; |samegame_top|game_fsm:u_game|state                                                                                                           ;
; 19:1               ; 2 bits    ; 24 LEs        ; 6 LEs                ; 18 LEs                 ; No         ; |samegame_top|game_fsm:u_game|state                                                                                                           ;
; 20:1               ; 2 bits    ; 26 LEs        ; 6 LEs                ; 20 LEs                 ; No         ; |samegame_top|game_fsm:u_game|state                                                                                                           ;
+--------------------+-----------+---------------+----------------------+------------------------+------------+-----------------------------------------------------------------------------------------------------------------------------------------------+


+--------------------------------------------------------------------------------------------------------------------------------------------------------------------+
; Source assignments for logo_flash:u_ufm|altera_onchip_flash:ufm|altera_onchip_flash_avmm_data_controller:avmm_data_controller|altera_std_synchronizer:stdsync_busy ;
+-----------------------------+------------------------+------+------------------------------------------------------------------------------------------------------+
; Assignment                  ; Value                  ; From ; To                                                                                                   ;
+-----------------------------+------------------------+------+------------------------------------------------------------------------------------------------------+
; ADV_NETLIST_OPT_ALLOWED     ; NEVER_ALLOW            ; -    ; dreg[0]                                                                                              ;
; SYNCHRONIZER_IDENTIFICATION ; FORCED_IF_ASYNCHRONOUS ; -    ; dreg[0]                                                                                              ;
; DONT_MERGE_REGISTER         ; ON                     ; -    ; dreg[0]                                                                                              ;
; PRESERVE_REGISTER           ; ON                     ; -    ; dreg[0]                                                                                              ;
; ADV_NETLIST_OPT_ALLOWED     ; NEVER_ALLOW            ; -    ; din_s1                                                                                               ;
; SYNCHRONIZER_IDENTIFICATION ; FORCED_IF_ASYNCHRONOUS ; -    ; din_s1                                                                                               ;
; DONT_MERGE_REGISTER         ; ON                     ; -    ; din_s1                                                                                               ;
; PRESERVE_REGISTER           ; ON                     ; -    ; din_s1                                                                                               ;
+-----------------------------+------------------------+------+------------------------------------------------------------------------------------------------------+


+--------------------------------------------------------------------------------------------------------------------------------------------------------------------------+
; Source assignments for logo_flash:u_ufm|altera_onchip_flash:ufm|altera_onchip_flash_avmm_data_controller:avmm_data_controller|altera_std_synchronizer:stdsync_busy_clear ;
+-----------------------------+------------------------+------+------------------------------------------------------------------------------------------------------------+
; Assignment                  ; Value                  ; From ; To                                                                                                         ;
+-----------------------------+------------------------+------+------------------------------------------------------------------------------------------------------------+
; ADV_NETLIST_OPT_ALLOWED     ; NEVER_ALLOW            ; -    ; dreg[0]                                                                                                    ;
; SYNCHRONIZER_IDENTIFICATION ; FORCED_IF_ASYNCHRONOUS ; -    ; dreg[0]                                                                                                    ;
; DONT_MERGE_REGISTER         ; ON                     ; -    ; dreg[0]                                                                                                    ;
; PRESERVE_REGISTER           ; ON                     ; -    ; dreg[0]                                                                                                    ;
; ADV_NETLIST_OPT_ALLOWED     ; NEVER_ALLOW            ; -    ; din_s1                                                                                                     ;
; SYNCHRONIZER_IDENTIFICATION ; FORCED_IF_ASYNCHRONOUS ; -    ; din_s1                                                                                                     ;
; DONT_MERGE_REGISTER         ; ON                     ; -    ; din_s1                                                                                                     ;
; PRESERVE_REGISTER           ; ON                     ; -    ; din_s1                                                                                                     ;
+-----------------------------+------------------------+------+------------------------------------------------------------------------------------------------------------+


+-----------------------------------------------------------------------------------------------------------------------+
; Source assignments for game_fsm:u_game|floodfill_engine:u_ff|altsyncram:fifo_mem_rtl_0|altsyncram_8ob1:auto_generated ;
+---------------------------------+--------------------+------+---------------------------------------------------------+
; Assignment                      ; Value              ; From ; To                                                      ;
+---------------------------------+--------------------+------+---------------------------------------------------------+
; OPTIMIZE_POWER_DURING_SYNTHESIS ; NORMAL_COMPILATION ; -    ; -                                                       ;
+---------------------------------+--------------------+------+---------------------------------------------------------+


+-------------------------------------------------------------------------------------------+
; Source assignments for logo_ram:u_ram|altsyncram:mem_rtl_0|altsyncram_kgg1:auto_generated ;
+---------------------------------+--------------------+------+-----------------------------+
; Assignment                      ; Value              ; From ; To                          ;
+---------------------------------+--------------------+------+-----------------------------+
; OPTIMIZE_POWER_DURING_SYNTHESIS ; NORMAL_COMPILATION ; -    ; -                           ;
+---------------------------------+--------------------+------+-----------------------------+


+------------------------------------------------------------------------------+
; Parameter Settings for User Entity Instance: Top-level Entity: |samegame_top ;
+------------------+------------------+----------------------------------------+
; Parameter Name   ; Value            ; Type                                   ;
+------------------+------------------+----------------------------------------+
; CLK_FREQ_HZ      ; 50000000         ; Signed Integer                         ;
; FRAME_PERIOD_MS  ; 166              ; Signed Integer                         ;
; POWERON_WAIT_MS  ; 150              ; Signed Integer                         ;
; SCLK_HALF_CYCLES ; 2                ; Signed Integer                         ;
; MS_SCALE         ; 1                ; Signed Integer                         ;
; MADCTL_VALUE     ; 00101000         ; Unsigned Binary                        ;
; BG_COLOR         ; 0000000000000000 ; Unsigned Binary                        ;
+------------------+------------------+----------------------------------------+
Note: In order to hide this table in the UI and the text report file, please set the "Show Parameter Settings in Synthesis Report" option in "Analysis and Synthesis Settings -> More Settings" to "Off".


+-----------------------------------------------------------------+
; Parameter Settings for User Entity Instance: reset_sync:u_reset ;
+----------------+-------+----------------------------------------+
; Parameter Name ; Value ; Type                                   ;
+----------------+-------+----------------------------------------+
; SYNC_STAGES    ; 3     ; Signed Integer                         ;
+----------------+-------+----------------------------------------+
Note: In order to hide this table in the UI and the text report file, please set the "Show Parameter Settings in Synthesis Report" option in "Analysis and Synthesis Settings -> More Settings" to "Off".


+-------------------------------------------------------------+
; Parameter Settings for User Entity Instance: debounce:u_sw1 ;
+----------------+----------+---------------------------------+
; Parameter Name ; Value    ; Type                            ;
+----------------+----------+---------------------------------+
; CLK_FREQ_HZ    ; 50000000 ; Signed Integer                  ;
; DEBOUNCE_MS    ; 10       ; Signed Integer                  ;
+----------------+----------+---------------------------------+
Note: In order to hide this table in the UI and the text report file, please set the "Show Parameter Settings in Synthesis Report" option in "Analysis and Synthesis Settings -> More Settings" to "Off".


+---------------------------------------------------------------------+
; Parameter Settings for User Entity Instance: lcd_ili9341_ctrl:u_lcd ;
+------------------+----------+---------------------------------------+
; Parameter Name   ; Value    ; Type                                  ;
+------------------+----------+---------------------------------------+
; SCLK_HALF_CYCLES ; 2        ; Signed Integer                        ;
; CLK_FREQ_HZ      ; 50000000 ; Signed Integer                        ;
; SCREEN_W         ; 320      ; Signed Integer                        ;
; SCREEN_H         ; 240      ; Signed Integer                        ;
; POWERON_WAIT_MS  ; 150      ; Signed Integer                        ;
; MS_SCALE         ; 1        ; Signed Integer                        ;
; MADCTL_VALUE     ; 00101000 ; Unsigned Binary                       ;
+------------------+----------+---------------------------------------+
Note: In order to hide this table in the UI and the text report file, please set the "Show Parameter Settings in Synthesis Report" option in "Analysis and Synthesis Settings -> More Settings" to "Off".


+-------------------------------------------------------------------------------------------+
; Parameter Settings for User Entity Instance: lcd_ili9341_ctrl:u_lcd|spi_byte_master:u_spi ;
+----------------+-------+------------------------------------------------------------------+
; Parameter Name ; Value ; Type                                                             ;
+----------------+-------+------------------------------------------------------------------+
; HALF_PERIOD    ; 2     ; Signed Integer                                                   ;
+----------------+-------+------------------------------------------------------------------+
Note: In order to hide this table in the UI and the text report file, please set the "Show Parameter Settings in Synthesis Report" option in "Analysis and Synthesis Settings -> More Settings" to "Off".


+---------------------------------------------------------------+
; Parameter Settings for User Entity Instance: frame_seq:u_fseq ;
+-----------------+----------+----------------------------------+
; Parameter Name  ; Value    ; Type                             ;
+-----------------+----------+----------------------------------+
; CLK_FREQ_HZ     ; 50000000 ; Signed Integer                   ;
; FRAME_PERIOD_MS ; 166      ; Signed Integer                   ;
; MS_SCALE        ; 1        ; Signed Integer                   ;
+-----------------+----------+----------------------------------+
Note: In order to hide this table in the UI and the text report file, please set the "Show Parameter Settings in Synthesis Report" option in "Analysis and Synthesis Settings -> More Settings" to "Off".


+-------------------------------------------------------------------+
; Parameter Settings for User Entity Instance: ps2_controller:u_pad ;
+----------------+----------+---------------------------------------+
; Parameter Name ; Value    ; Type                                  ;
+----------------+----------+---------------------------------------+
; CLK_FREQ_HZ    ; 50000000 ; Signed Integer                        ;
; PS2_CLK_HZ     ; 25000    ; Signed Integer                        ;
; POLL_MS        ; 10       ; Signed Integer                        ;
+----------------+----------+---------------------------------------+
Note: In order to hide this table in the UI and the text report file, please set the "Show Parameter Settings in Synthesis Report" option in "Analysis and Synthesis Settings -> More Settings" to "Off".


+-------------------------------------------------------------------+
; Parameter Settings for User Entity Instance: board_memory:u_board ;
+----------------+-------+------------------------------------------+
; Parameter Name ; Value ; Type                                     ;
+----------------+-------+------------------------------------------+
; COLS           ; 16    ; Signed Integer                           ;
; ROWS           ; 12    ; Signed Integer                           ;
; AW             ; 8     ; Signed Integer                           ;
+----------------+-------+------------------------------------------+
Note: In order to hide this table in the UI and the text report file, please set the "Show Parameter Settings in Synthesis Report" option in "Analysis and Synthesis Settings -> More Settings" to "Off".


+-------------------------------------------------------------+
; Parameter Settings for User Entity Instance: logo_ram:u_ram ;
+----------------+-------+------------------------------------+
; Parameter Name ; Value ; Type                               ;
+----------------+-------+------------------------------------+
; ROM_DEPTH      ; 2000  ; Signed Integer                     ;
; MEM_DEPTH      ; 2048  ; Signed Integer                     ;
; AW             ; 11    ; Signed Integer                     ;
; DW             ; 16    ; Signed Integer                     ;
+----------------+-------+------------------------------------+
Note: In order to hide this table in the UI and the text report file, please set the "Show Parameter Settings in Synthesis Report" option in "Analysis and Synthesis Settings -> More Settings" to "Off".


+--------------------------------------------------------------------+
; Parameter Settings for User Entity Instance: ufm_bootloader:u_boot ;
+----------------+-------+-------------------------------------------+
; Parameter Name ; Value ; Type                                      ;
+----------------+-------+-------------------------------------------+
; PIXELS         ; 2000  ; Signed Integer                            ;
; RAM_AW         ; 11    ; Signed Integer                            ;
; RAM_DW         ; 16    ; Signed Integer                            ;
; WATCH_CYCLES   ; 6000  ; Signed Integer                            ;
; MAX_RETRIES    ; 2     ; Signed Integer                            ;
+----------------+-------+-------------------------------------------+
Note: In order to hide this table in the UI and the text report file, please set the "Show Parameter Settings in Synthesis Report" option in "Analysis and Synthesis Settings -> More Settings" to "Off".


+---------------------------------------------------------------------------------------+
; Parameter Settings for User Entity Instance: logo_flash:u_ufm|altera_onchip_flash:ufm ;
+-------------------------------------+-------------------------+-----------------------+
; Parameter Name                      ; Value                   ; Type                  ;
+-------------------------------------+-------------------------+-----------------------+
; DEVICE_FAMILY                       ; MAX 10                  ; String                ;
; PART_NAME                           ; 10M08SCE144C8G          ; String                ;
; IS_DUAL_BOOT                        ; False                   ; String                ;
; IS_ERAM_SKIP                        ; True                    ; String                ;
; IS_COMPRESSED_IMAGE                 ; False                   ; String                ;
; INIT_FILENAME                       ; logo_rom.hex            ; String                ;
; DEVICE_ID                           ; 08                      ; String                ;
; INIT_FILENAME_SIM                   ; altera_onchip_flash.dat ; String                ;
; PARALLEL_MODE                       ; 1                       ; Signed Integer        ;
; READ_AND_WRITE_MODE                 ; 1                       ; Signed Integer        ;
; WRAPPING_BURST_MODE                 ; 0                       ; Signed Integer        ;
; AVMM_CSR_DATA_WIDTH                 ; 32                      ; Signed Integer        ;
; AVMM_DATA_DATA_WIDTH                ; 32                      ; Signed Integer        ;
; AVMM_DATA_ADDR_WIDTH                ; 13                      ; Signed Integer        ;
; AVMM_DATA_BURSTCOUNT_WIDTH          ; 4                       ; Signed Integer        ;
; FLASH_DATA_WIDTH                    ; 32                      ; Signed Integer        ;
; FLASH_ADDR_WIDTH                    ; 23                      ; Signed Integer        ;
; FLASH_SEQ_READ_DATA_COUNT           ; 2                       ; Signed Integer        ;
; FLASH_READ_CYCLE_MAX_INDEX          ; 4                       ; Signed Integer        ;
; FLASH_ADDR_ALIGNMENT_BITS           ; 1                       ; Signed Integer        ;
; FLASH_RESET_CYCLE_MAX_INDEX         ; 29                      ; Signed Integer        ;
; FLASH_BUSY_TIMEOUT_CYCLE_MAX_INDEX  ; 139                     ; Signed Integer        ;
; FLASH_ERASE_TIMEOUT_CYCLE_MAX_INDEX ; 40600000                ; Signed Integer        ;
; FLASH_WRITE_TIMEOUT_CYCLE_MAX_INDEX ; 35380                   ; Signed Integer        ;
; MIN_VALID_ADDR                      ; 0                       ; Signed Integer        ;
; MAX_VALID_ADDR                      ; 8191                    ; Signed Integer        ;
; MIN_UFM_VALID_ADDR                  ; 0                       ; Signed Integer        ;
; MAX_UFM_VALID_ADDR                  ; 8191                    ; Signed Integer        ;
; SECTOR1_START_ADDR                  ; 0                       ; Signed Integer        ;
; SECTOR1_END_ADDR                    ; 4095                    ; Signed Integer        ;
; SECTOR2_START_ADDR                  ; 4096                    ; Signed Integer        ;
; SECTOR2_END_ADDR                    ; 8191                    ; Signed Integer        ;
; SECTOR3_START_ADDR                  ; 0                       ; Signed Integer        ;
; SECTOR3_END_ADDR                    ; 0                       ; Signed Integer        ;
; SECTOR4_START_ADDR                  ; 0                       ; Signed Integer        ;
; SECTOR4_END_ADDR                    ; 0                       ; Signed Integer        ;
; SECTOR5_START_ADDR                  ; 0                       ; Signed Integer        ;
; SECTOR5_END_ADDR                    ; 0                       ; Signed Integer        ;
; SECTOR_READ_PROTECTION_MODE         ; 28                      ; Signed Integer        ;
; SECTOR1_MAP                         ; 1                       ; Signed Integer        ;
; SECTOR2_MAP                         ; 2                       ; Signed Integer        ;
; SECTOR3_MAP                         ; 0                       ; Signed Integer        ;
; SECTOR4_MAP                         ; 0                       ; Signed Integer        ;
; SECTOR5_MAP                         ; 0                       ; Signed Integer        ;
; ADDR_RANGE1_END_ADDR                ; 8191                    ; Signed Integer        ;
; ADDR_RANGE2_END_ADDR                ; 8191                    ; Signed Integer        ;
; ADDR_RANGE1_OFFSET                  ; 512                     ; Signed Integer        ;
; ADDR_RANGE2_OFFSET                  ; 0                       ; Signed Integer        ;
; ADDR_RANGE3_OFFSET                  ; 0                       ; Signed Integer        ;
+-------------------------------------+-------------------------+-----------------------+
Note: In order to hide this table in the UI and the text report file, please set the "Show Parameter Settings in Synthesis Report" option in "Analysis and Synthesis Settings -> More Settings" to "Off".


+---------------------------------------------------------------------------------------------------------------------------------------------------+
; Parameter Settings for User Entity Instance: logo_flash:u_ufm|altera_onchip_flash:ufm|altera_onchip_flash_avmm_csr_controller:avmm_csr_controller ;
+---------------------+-------+---------------------------------------------------------------------------------------------------------------------+
; Parameter Name      ; Value ; Type                                                                                                                ;
+---------------------+-------+---------------------------------------------------------------------------------------------------------------------+
; AVMM_CSR_DATA_WIDTH ; 32    ; Signed Integer                                                                                                      ;
+---------------------+-------+---------------------------------------------------------------------------------------------------------------------+
Note: In order to hide this table in the UI and the text report file, please set the "Show Parameter Settings in Synthesis Report" option in "Analysis and Synthesis Settings -> More Settings" to "Off".


+-----------------------------------------------------------------------------------------------------------------------------------------------------+
; Parameter Settings for User Entity Instance: logo_flash:u_ufm|altera_onchip_flash:ufm|altera_onchip_flash_avmm_data_controller:avmm_data_controller ;
+-------------------------------------+----------+----------------------------------------------------------------------------------------------------+
; Parameter Name                      ; Value    ; Type                                                                                               ;
+-------------------------------------+----------+----------------------------------------------------------------------------------------------------+
; READ_AND_WRITE_MODE                 ; 1        ; Signed Integer                                                                                     ;
; WRAPPING_BURST_MODE                 ; 0        ; Signed Integer                                                                                     ;
; DATA_WIDTH                          ; 32       ; Signed Integer                                                                                     ;
; AVMM_DATA_ADDR_WIDTH                ; 13       ; Signed Integer                                                                                     ;
; AVMM_DATA_BURSTCOUNT_WIDTH          ; 4        ; Signed Integer                                                                                     ;
; FLASH_ADDR_WIDTH                    ; 23       ; Signed Integer                                                                                     ;
; FLASH_SEQ_READ_DATA_COUNT           ; 2        ; Signed Integer                                                                                     ;
; FLASH_READ_CYCLE_MAX_INDEX          ; 4        ; Signed Integer                                                                                     ;
; FLASH_ADDR_ALIGNMENT_BITS           ; 1        ; Signed Integer                                                                                     ;
; FLASH_RESET_CYCLE_MAX_INDEX         ; 29       ; Signed Integer                                                                                     ;
; FLASH_BUSY_TIMEOUT_CYCLE_MAX_INDEX  ; 139      ; Signed Integer                                                                                     ;
; FLASH_ERASE_TIMEOUT_CYCLE_MAX_INDEX ; 40600000 ; Signed Integer                                                                                     ;
; FLASH_WRITE_TIMEOUT_CYCLE_MAX_INDEX ; 35380    ; Signed Integer                                                                                     ;
; MIN_VALID_ADDR                      ; 0        ; Signed Integer                                                                                     ;
; MAX_VALID_ADDR                      ; 8191     ; Signed Integer                                                                                     ;
; SECTOR1_START_ADDR                  ; 0        ; Signed Integer                                                                                     ;
; SECTOR1_END_ADDR                    ; 4095     ; Signed Integer                                                                                     ;
; SECTOR2_START_ADDR                  ; 4096     ; Signed Integer                                                                                     ;
; SECTOR2_END_ADDR                    ; 8191     ; Signed Integer                                                                                     ;
; SECTOR3_START_ADDR                  ; 0        ; Signed Integer                                                                                     ;
; SECTOR3_END_ADDR                    ; 0        ; Signed Integer                                                                                     ;
; SECTOR4_START_ADDR                  ; 0        ; Signed Integer                                                                                     ;
; SECTOR4_END_ADDR                    ; 0        ; Signed Integer                                                                                     ;
; SECTOR5_START_ADDR                  ; 0        ; Signed Integer                                                                                     ;
; SECTOR5_END_ADDR                    ; 0        ; Signed Integer                                                                                     ;
; SECTOR_READ_PROTECTION_MODE         ; 28       ; Signed Integer                                                                                     ;
; SECTOR1_MAP                         ; 1        ; Signed Integer                                                                                     ;
; SECTOR2_MAP                         ; 2        ; Signed Integer                                                                                     ;
; SECTOR3_MAP                         ; 0        ; Signed Integer                                                                                     ;
; SECTOR4_MAP                         ; 0        ; Signed Integer                                                                                     ;
; SECTOR5_MAP                         ; 0        ; Signed Integer                                                                                     ;
; ADDR_RANGE1_END_ADDR                ; 8191     ; Signed Integer                                                                                     ;
; ADDR_RANGE2_END_ADDR                ; 8191     ; Signed Integer                                                                                     ;
; ADDR_RANGE1_OFFSET                  ; 512      ; Signed Integer                                                                                     ;
; ADDR_RANGE2_OFFSET                  ; 0        ; Signed Integer                                                                                     ;
; ADDR_RANGE3_OFFSET                  ; 0        ; Signed Integer                                                                                     ;
+-------------------------------------+----------+----------------------------------------------------------------------------------------------------+
Note: In order to hide this table in the UI and the text report file, please set the "Show Parameter Settings in Synthesis Report" option in "Analysis and Synthesis Settings -> More Settings" to "Off".


+------------------------------------------------------------------------------------------------------------------------------------------------------------------------------------------+
; Parameter Settings for User Entity Instance: logo_flash:u_ufm|altera_onchip_flash:ufm|altera_onchip_flash_avmm_data_controller:avmm_data_controller|altera_std_synchronizer:stdsync_busy ;
+----------------+-------+-----------------------------------------------------------------------------------------------------------------------------------------------------------------+
; Parameter Name ; Value ; Type                                                                                                                                                            ;
+----------------+-------+-----------------------------------------------------------------------------------------------------------------------------------------------------------------+
; depth          ; 2     ; Signed Integer                                                                                                                                                  ;
+----------------+-------+-----------------------------------------------------------------------------------------------------------------------------------------------------------------+
Note: In order to hide this table in the UI and the text report file, please set the "Show Parameter Settings in Synthesis Report" option in "Analysis and Synthesis Settings -> More Settings" to "Off".


+------------------------------------------------------------------------------------------------------------------------------------------------------------------------------------------------+
; Parameter Settings for User Entity Instance: logo_flash:u_ufm|altera_onchip_flash:ufm|altera_onchip_flash_avmm_data_controller:avmm_data_controller|altera_std_synchronizer:stdsync_busy_clear ;
+----------------+-------+-----------------------------------------------------------------------------------------------------------------------------------------------------------------------+
; Parameter Name ; Value ; Type                                                                                                                                                                  ;
+----------------+-------+-----------------------------------------------------------------------------------------------------------------------------------------------------------------------+
; depth          ; 2     ; Signed Integer                                                                                                                                                        ;
+----------------+-------+-----------------------------------------------------------------------------------------------------------------------------------------------------------------------+
Note: In order to hide this table in the UI and the text report file, please set the "Show Parameter Settings in Synthesis Report" option in "Analysis and Synthesis Settings -> More Settings" to "Off".


+------------------------------------------------------------------------------------------------------------------------------------------------------------------------------------+
; Parameter Settings for User Entity Instance: logo_flash:u_ufm|altera_onchip_flash:ufm|altera_onchip_flash_avmm_data_controller:avmm_data_controller|lpm_shiftreg:ufm_data_shiftreg ;
+------------------------+--------+--------------------------------------------------------------------------------------------------------------------------------------------------+
; Parameter Name         ; Value  ; Type                                                                                                                                             ;
+------------------------+--------+--------------------------------------------------------------------------------------------------------------------------------------------------+
; LPM_WIDTH              ; 32     ; Signed Integer                                                                                                                                   ;
; LPM_DIRECTION          ; LEFT   ; Untyped                                                                                                                                          ;
; LPM_AVALUE             ; UNUSED ; Untyped                                                                                                                                          ;
; LPM_SVALUE             ; UNUSED ; Untyped                                                                                                                                          ;
; DEVICE_FAMILY          ; MAX 10 ; Untyped                                                                                                                                          ;
; AUTO_CARRY_CHAINS      ; ON     ; AUTO_CARRY                                                                                                                                       ;
; IGNORE_CARRY_BUFFERS   ; OFF    ; IGNORE_CARRY                                                                                                                                     ;
; AUTO_CASCADE_CHAINS    ; ON     ; AUTO_CASCADE                                                                                                                                     ;
; IGNORE_CASCADE_BUFFERS ; OFF    ; IGNORE_CASCADE                                                                                                                                   ;
+------------------------+--------+--------------------------------------------------------------------------------------------------------------------------------------------------+
Note: In order to hide this table in the UI and the text report file, please set the "Show Parameter Settings in Synthesis Report" option in "Analysis and Synthesis Settings -> More Settings" to "Off".


+-------------------------------------------------------------------------------------------------------------------------------------------------------------------------------------------------------------------+
; Parameter Settings for User Entity Instance: logo_flash:u_ufm|altera_onchip_flash:ufm|altera_onchip_flash_avmm_data_controller:avmm_data_controller|altera_onchip_flash_address_range_check:address_range_checker ;
+------------------+-------+----------------------------------------------------------------------------------------------------------------------------------------------------------------------------------------+
; Parameter Name   ; Value ; Type                                                                                                                                                                                   ;
+------------------+-------+----------------------------------------------------------------------------------------------------------------------------------------------------------------------------------------+
; FLASH_ADDR_WIDTH ; 23    ; Signed Integer                                                                                                                                                                         ;
; MIN_VALID_ADDR   ; 0     ; Signed Integer                                                                                                                                                                         ;
; MAX_VALID_ADDR   ; 8191  ; Signed Integer                                                                                                                                                                         ;
+------------------+-------+----------------------------------------------------------------------------------------------------------------------------------------------------------------------------------------+
Note: In order to hide this table in the UI and the text report file, please set the "Show Parameter Settings in Synthesis Report" option in "Analysis and Synthesis Settings -> More Settings" to "Off".


+-----------------------------------------------------------------------------------------------------------------------------------------------------------------------------------------------------------+
; Parameter Settings for User Entity Instance: logo_flash:u_ufm|altera_onchip_flash:ufm|altera_onchip_flash_avmm_data_controller:avmm_data_controller|altera_onchip_flash_convert_address:address_convertor ;
+----------------------+-------+----------------------------------------------------------------------------------------------------------------------------------------------------------------------------+
; Parameter Name       ; Value ; Type                                                                                                                                                                       ;
+----------------------+-------+----------------------------------------------------------------------------------------------------------------------------------------------------------------------------+
; FLASH_ADDR_WIDTH     ; 23    ; Signed Integer                                                                                                                                                             ;
; ADDR_RANGE1_END_ADDR ; 8191  ; Signed Integer                                                                                                                                                             ;
; ADDR_RANGE2_END_ADDR ; 8191  ; Signed Integer                                                                                                                                                             ;
; ADDR_RANGE1_OFFSET   ; 512   ; Signed Integer                                                                                                                                                             ;
; ADDR_RANGE2_OFFSET   ; 0     ; Signed Integer                                                                                                                                                             ;
; ADDR_RANGE3_OFFSET   ; 0     ; Signed Integer                                                                                                                                                             ;
+----------------------+-------+----------------------------------------------------------------------------------------------------------------------------------------------------------------------------+
Note: In order to hide this table in the UI and the text report file, please set the "Show Parameter Settings in Synthesis Report" option in "Analysis and Synthesis Settings -> More Settings" to "Off".


+--------------------------------------------------------------------------------------------------------------------------------------------------------------------------------------------------------------------------------------------------+
; Parameter Settings for User Entity Instance: logo_flash:u_ufm|altera_onchip_flash:ufm|altera_onchip_flash_avmm_data_controller:avmm_data_controller|altera_onchip_flash_a_address_write_protection_check:access_address_write_protection_checker ;
+--------------------+-------+---------------------------------------------------------------------------------------------------------------------------------------------------------------------------------------------------------------------+
; Parameter Name     ; Value ; Type                                                                                                                                                                                                                ;
+--------------------+-------+---------------------------------------------------------------------------------------------------------------------------------------------------------------------------------------------------------------------+
; FLASH_ADDR_WIDTH   ; 23    ; Signed Integer                                                                                                                                                                                                      ;
; SECTOR1_START_ADDR ; 0     ; Signed Integer                                                                                                                                                                                                      ;
; SECTOR1_END_ADDR   ; 4095  ; Signed Integer                                                                                                                                                                                                      ;
; SECTOR2_START_ADDR ; 4096  ; Signed Integer                                                                                                                                                                                                      ;
; SECTOR2_END_ADDR   ; 8191  ; Signed Integer                                                                                                                                                                                                      ;
; SECTOR3_START_ADDR ; 0     ; Signed Integer                                                                                                                                                                                                      ;
; SECTOR3_END_ADDR   ; 0     ; Signed Integer                                                                                                                                                                                                      ;
; SECTOR4_START_ADDR ; 0     ; Signed Integer                                                                                                                                                                                                      ;
; SECTOR4_END_ADDR   ; 0     ; Signed Integer                                                                                                                                                                                                      ;
; SECTOR5_START_ADDR ; 0     ; Signed Integer                                                                                                                                                                                                      ;
; SECTOR5_END_ADDR   ; 0     ; Signed Integer                                                                                                                                                                                                      ;
+--------------------+-------+---------------------------------------------------------------------------------------------------------------------------------------------------------------------------------------------------------------------+
Note: In order to hide this table in the UI and the text report file, please set the "Show Parameter Settings in Synthesis Report" option in "Analysis and Synthesis Settings -> More Settings" to "Off".


+---------------------------------------------------------------------------------------------------------------------------------------------------------------------------------------------------------+
; Parameter Settings for User Entity Instance: logo_flash:u_ufm|altera_onchip_flash:ufm|altera_onchip_flash_avmm_data_controller:avmm_data_controller|altera_onchip_flash_convert_sector:sector_convertor ;
+----------------+-------+--------------------------------------------------------------------------------------------------------------------------------------------------------------------------------+
; Parameter Name ; Value ; Type                                                                                                                                                                           ;
+----------------+-------+--------------------------------------------------------------------------------------------------------------------------------------------------------------------------------+
; SECTOR1_MAP    ; 1     ; Signed Integer                                                                                                                                                                 ;
; SECTOR2_MAP    ; 2     ; Signed Integer                                                                                                                                                                 ;
; SECTOR3_MAP    ; 0     ; Signed Integer                                                                                                                                                                 ;
; SECTOR4_MAP    ; 0     ; Signed Integer                                                                                                                                                                 ;
; SECTOR5_MAP    ; 0     ; Signed Integer                                                                                                                                                                 ;
+----------------+-------+--------------------------------------------------------------------------------------------------------------------------------------------------------------------------------+
Note: In order to hide this table in the UI and the text report file, please set the "Show Parameter Settings in Synthesis Report" option in "Analysis and Synthesis Settings -> More Settings" to "Off".


+-------------------------------------------------------------------------------------------------------------------------------------------+
; Parameter Settings for User Entity Instance: logo_flash:u_ufm|altera_onchip_flash:ufm|altera_onchip_flash_block:altera_onchip_flash_block ;
+----------------------+-------------------------+------------------------------------------------------------------------------------------+
; Parameter Name       ; Value                   ; Type                                                                                     ;
+----------------------+-------------------------+------------------------------------------------------------------------------------------+
; FLASH_ADDR_WIDTH     ; 23                      ; Signed Integer                                                                           ;
; FLASH_DATA_WIDTH     ; 32                      ; Signed Integer                                                                           ;
; DEVICE_FAMILY        ; MAX 10                  ; String                                                                                   ;
; UNIQUE_IDENTIFIER    ; altera_private_atom     ; String                                                                                   ;
; PART_NAME            ; 10M08SCE144C8G          ; String                                                                                   ;
; IS_DUAL_BOOT         ; False                   ; String                                                                                   ;
; IS_ERAM_SKIP         ; True                    ; String                                                                                   ;
; IS_COMPRESSED_IMAGE  ; False                   ; String                                                                                   ;
; INIT_FILENAME        ; logo_rom.hex            ; String                                                                                   ;
; MIN_VALID_ADDR       ; 0                       ; Signed Integer                                                                           ;
; MAX_VALID_ADDR       ; 8191                    ; Signed Integer                                                                           ;
; MIN_UFM_VALID_ADDR   ; 0                       ; Signed Integer                                                                           ;
; MAX_UFM_VALID_ADDR   ; 8191                    ; Signed Integer                                                                           ;
; ADDR_RANGE1_END_ADDR ; 8191                    ; Signed Integer                                                                           ;
; ADDR_RANGE2_END_ADDR ; 8191                    ; Signed Integer                                                                           ;
; ADDR_RANGE1_OFFSET   ; 512                     ; Signed Integer                                                                           ;
; ADDR_RANGE2_OFFSET   ; 0                       ; Signed Integer                                                                           ;
; ADDR_RANGE3_OFFSET   ; 0                       ; Signed Integer                                                                           ;
; DEVICE_ID            ; 08                      ; String                                                                                   ;
; INIT_FILENAME_SIM    ; altera_onchip_flash.dat ; String                                                                                   ;
+----------------------+-------------------------+------------------------------------------------------------------------------------------+
Note: In order to hide this table in the UI and the text report file, please set the "Show Parameter Settings in Synthesis Report" option in "Analysis and Synthesis Settings -> More Settings" to "Off".


+--------------------------------------------------------------+
; Parameter Settings for User Entity Instance: game_fsm:u_game ;
+----------------+-------+-------------------------------------+
; Parameter Name ; Value ; Type                                ;
+----------------+-------+-------------------------------------+
; COLS           ; 16    ; Signed Integer                      ;
; ROWS           ; 12    ; Signed Integer                      ;
; CELLS          ; 192   ; Signed Integer                      ;
; AW             ; 8     ; Signed Integer                      ;
; BLINK_FRAMES   ; 3     ; Signed Integer                      ;
+----------------+-------+-------------------------------------+
Note: In order to hide this table in the UI and the text report file, please set the "Show Parameter Settings in Synthesis Report" option in "Analysis and Synthesis Settings -> More Settings" to "Off".


+------------------------------------------------------------------------------------+
; Parameter Settings for User Entity Instance: game_fsm:u_game|floodfill_engine:u_ff ;
+----------------+-------+-----------------------------------------------------------+
; Parameter Name ; Value ; Type                                                      ;
+----------------+-------+-----------------------------------------------------------+
; COLS           ; 16    ; Signed Integer                                            ;
; ROWS           ; 12    ; Signed Integer                                            ;
; CELLS          ; 192   ; Signed Integer                                            ;
; AW             ; 8     ; Signed Integer                                            ;
; FIFO_DEPTH     ; 256   ; Signed Integer                                            ;
+----------------+-------+-----------------------------------------------------------+
Note: In order to hide this table in the UI and the text report file, please set the "Show Parameter Settings in Synthesis Report" option in "Analysis and Synthesis Settings -> More Settings" to "Off".


+-----------------------------------------------------------------------------------+
; Parameter Settings for User Entity Instance: game_fsm:u_game|erase_engine:u_erase ;
+----------------+-------+----------------------------------------------------------+
; Parameter Name ; Value ; Type                                                     ;
+----------------+-------+----------------------------------------------------------+
; CELLS          ; 192   ; Signed Integer                                           ;
; AW             ; 8     ; Signed Integer                                           ;
; BLINK_FRAMES   ; 3     ; Signed Integer                                           ;
+----------------+-------+----------------------------------------------------------+
Note: In order to hide this table in the UI and the text report file, please set the "Show Parameter Settings in Synthesis Report" option in "Analysis and Synthesis Settings -> More Settings" to "Off".


+------------------------------------------------------------------------------------+
; Parameter Settings for User Entity Instance: game_fsm:u_game|gravity_engine:u_grav ;
+----------------+-------+-----------------------------------------------------------+
; Parameter Name ; Value ; Type                                                      ;
+----------------+-------+-----------------------------------------------------------+
; COLS           ; 16    ; Signed Integer                                            ;
; ROWS           ; 12    ; Signed Integer                                            ;
; CELLS          ; 192   ; Signed Integer                                            ;
; AW             ; 8     ; Signed Integer                                            ;
+----------------+-------+-----------------------------------------------------------+
Note: In order to hide this table in the UI and the text report file, please set the "Show Parameter Settings in Synthesis Report" option in "Analysis and Synthesis Settings -> More Settings" to "Off".


+------------------------------------------------------------------------------------------+
; Parameter Settings for User Entity Instance: game_fsm:u_game|column_shift_engine:u_shift ;
+----------------+-------+-----------------------------------------------------------------+
; Parameter Name ; Value ; Type                                                            ;
+----------------+-------+-----------------------------------------------------------------+
; COLS           ; 16    ; Signed Integer                                                  ;
; ROWS           ; 12    ; Signed Integer                                                  ;
; AW             ; 8     ; Signed Integer                                                  ;
+----------------+-------+-----------------------------------------------------------------+
Note: In order to hide this table in the UI and the text report file, please set the "Show Parameter Settings in Synthesis Report" option in "Analysis and Synthesis Settings -> More Settings" to "Off".


+--------------------------------------------------------------------+
; Parameter Settings for User Entity Instance: lcd_renderer:u_render ;
+----------------+------------------+--------------------------------+
; Parameter Name ; Value            ; Type                           ;
+----------------+------------------+--------------------------------+
; COLS           ; 16               ; Signed Integer                 ;
; ROWS           ; 12               ; Signed Integer                 ;
; CELLS          ; 192              ; Signed Integer                 ;
; AW             ; 8                ; Signed Integer                 ;
; RA_W           ; 11               ; Signed Integer                 ;
; BG_COLOR       ; 0000000000000000 ; Unsigned Binary                ;
+----------------+------------------+--------------------------------+
Note: In order to hide this table in the UI and the text report file, please set the "Show Parameter Settings in Synthesis Report" option in "Analysis and Synthesis Settings -> More Settings" to "Off".


+------------------------------------------------------------------------------------------------------------------+
; Parameter Settings for Inferred Entity Instance: game_fsm:u_game|floodfill_engine:u_ff|altsyncram:fifo_mem_rtl_0 ;
+------------------------------------+----------------------+------------------------------------------------------+
; Parameter Name                     ; Value                ; Type                                                 ;
+------------------------------------+----------------------+------------------------------------------------------+
; BYTE_SIZE_BLOCK                    ; 8                    ; Untyped                                              ;
; AUTO_CARRY_CHAINS                  ; ON                   ; AUTO_CARRY                                           ;
; IGNORE_CARRY_BUFFERS               ; OFF                  ; IGNORE_CARRY                                         ;
; AUTO_CASCADE_CHAINS                ; ON                   ; AUTO_CASCADE                                         ;
; IGNORE_CASCADE_BUFFERS             ; OFF                  ; IGNORE_CASCADE                                       ;
; WIDTH_BYTEENA                      ; 1                    ; Untyped                                              ;
; OPERATION_MODE                     ; DUAL_PORT            ; Untyped                                              ;
; WIDTH_A                            ; 8                    ; Untyped                                              ;
; WIDTHAD_A                          ; 8                    ; Untyped                                              ;
; NUMWORDS_A                         ; 256                  ; Untyped                                              ;
; OUTDATA_REG_A                      ; UNREGISTERED         ; Untyped                                              ;
; ADDRESS_ACLR_A                     ; NONE                 ; Untyped                                              ;
; OUTDATA_ACLR_A                     ; NONE                 ; Untyped                                              ;
; WRCONTROL_ACLR_A                   ; NONE                 ; Untyped                                              ;
; INDATA_ACLR_A                      ; NONE                 ; Untyped                                              ;
; BYTEENA_ACLR_A                     ; NONE                 ; Untyped                                              ;
; WIDTH_B                            ; 8                    ; Untyped                                              ;
; WIDTHAD_B                          ; 8                    ; Untyped                                              ;
; NUMWORDS_B                         ; 256                  ; Untyped                                              ;
; INDATA_REG_B                       ; CLOCK1               ; Untyped                                              ;
; WRCONTROL_WRADDRESS_REG_B          ; CLOCK1               ; Untyped                                              ;
; RDCONTROL_REG_B                    ; CLOCK1               ; Untyped                                              ;
; ADDRESS_REG_B                      ; CLOCK0               ; Untyped                                              ;
; OUTDATA_REG_B                      ; UNREGISTERED         ; Untyped                                              ;
; BYTEENA_REG_B                      ; CLOCK1               ; Untyped                                              ;
; INDATA_ACLR_B                      ; NONE                 ; Untyped                                              ;
; WRCONTROL_ACLR_B                   ; NONE                 ; Untyped                                              ;
; ADDRESS_ACLR_B                     ; NONE                 ; Untyped                                              ;
; OUTDATA_ACLR_B                     ; NONE                 ; Untyped                                              ;
; RDCONTROL_ACLR_B                   ; NONE                 ; Untyped                                              ;
; BYTEENA_ACLR_B                     ; NONE                 ; Untyped                                              ;
; WIDTH_BYTEENA_A                    ; 1                    ; Untyped                                              ;
; WIDTH_BYTEENA_B                    ; 1                    ; Untyped                                              ;
; RAM_BLOCK_TYPE                     ; AUTO                 ; Untyped                                              ;
; BYTE_SIZE                          ; 8                    ; Untyped                                              ;
; READ_DURING_WRITE_MODE_MIXED_PORTS ; DONT_CARE            ; Untyped                                              ;
; READ_DURING_WRITE_MODE_PORT_A      ; NEW_DATA_NO_NBE_READ ; Untyped                                              ;
; READ_DURING_WRITE_MODE_PORT_B      ; NEW_DATA_NO_NBE_READ ; Untyped                                              ;
; INIT_FILE                          ; UNUSED               ; Untyped                                              ;
; INIT_FILE_LAYOUT                   ; PORT_A               ; Untyped                                              ;
; MAXIMUM_DEPTH                      ; 0                    ; Untyped                                              ;
; CLOCK_ENABLE_INPUT_A               ; NORMAL               ; Untyped                                              ;
; CLOCK_ENABLE_INPUT_B               ; NORMAL               ; Untyped                                              ;
; CLOCK_ENABLE_OUTPUT_A              ; NORMAL               ; Untyped                                              ;
; CLOCK_ENABLE_OUTPUT_B              ; NORMAL               ; Untyped                                              ;
; CLOCK_ENABLE_CORE_A                ; USE_INPUT_CLKEN      ; Untyped                                              ;
; CLOCK_ENABLE_CORE_B                ; USE_INPUT_CLKEN      ; Untyped                                              ;
; ENABLE_ECC                         ; FALSE                ; Untyped                                              ;
; ECC_PIPELINE_STAGE_ENABLED         ; FALSE                ; Untyped                                              ;
; WIDTH_ECCSTATUS                    ; 3                    ; Untyped                                              ;
; DEVICE_FAMILY                      ; MAX 10               ; Untyped                                              ;
; CBXI_PARAMETER                     ; altsyncram_8ob1      ; Untyped                                              ;
+------------------------------------+----------------------+------------------------------------------------------+
Note: In order to hide this table in the UI and the text report file, please set the "Show Parameter Settings in Synthesis Report" option in "Analysis and Synthesis Settings -> More Settings" to "Off".


+--------------------------------------------------------------------------------------+
; Parameter Settings for Inferred Entity Instance: logo_ram:u_ram|altsyncram:mem_rtl_0 ;
+------------------------------------+----------------------+--------------------------+
; Parameter Name                     ; Value                ; Type                     ;
+------------------------------------+----------------------+--------------------------+
; BYTE_SIZE_BLOCK                    ; 8                    ; Untyped                  ;
; AUTO_CARRY_CHAINS                  ; ON                   ; AUTO_CARRY               ;
; IGNORE_CARRY_BUFFERS               ; OFF                  ; IGNORE_CARRY             ;
; AUTO_CASCADE_CHAINS                ; ON                   ; AUTO_CASCADE             ;
; IGNORE_CASCADE_BUFFERS             ; OFF                  ; IGNORE_CASCADE           ;
; WIDTH_BYTEENA                      ; 1                    ; Untyped                  ;
; OPERATION_MODE                     ; DUAL_PORT            ; Untyped                  ;
; WIDTH_A                            ; 16                   ; Untyped                  ;
; WIDTHAD_A                          ; 11                   ; Untyped                  ;
; NUMWORDS_A                         ; 2048                 ; Untyped                  ;
; OUTDATA_REG_A                      ; UNREGISTERED         ; Untyped                  ;
; ADDRESS_ACLR_A                     ; NONE                 ; Untyped                  ;
; OUTDATA_ACLR_A                     ; NONE                 ; Untyped                  ;
; WRCONTROL_ACLR_A                   ; NONE                 ; Untyped                  ;
; INDATA_ACLR_A                      ; NONE                 ; Untyped                  ;
; BYTEENA_ACLR_A                     ; NONE                 ; Untyped                  ;
; WIDTH_B                            ; 16                   ; Untyped                  ;
; WIDTHAD_B                          ; 11                   ; Untyped                  ;
; NUMWORDS_B                         ; 2048                 ; Untyped                  ;
; INDATA_REG_B                       ; CLOCK1               ; Untyped                  ;
; WRCONTROL_WRADDRESS_REG_B          ; CLOCK1               ; Untyped                  ;
; RDCONTROL_REG_B                    ; CLOCK1               ; Untyped                  ;
; ADDRESS_REG_B                      ; CLOCK0               ; Untyped                  ;
; OUTDATA_REG_B                      ; UNREGISTERED         ; Untyped                  ;
; BYTEENA_REG_B                      ; CLOCK1               ; Untyped                  ;
; INDATA_ACLR_B                      ; NONE                 ; Untyped                  ;
; WRCONTROL_ACLR_B                   ; NONE                 ; Untyped                  ;
; ADDRESS_ACLR_B                     ; NONE                 ; Untyped                  ;
; OUTDATA_ACLR_B                     ; NONE                 ; Untyped                  ;
; RDCONTROL_ACLR_B                   ; NONE                 ; Untyped                  ;
; BYTEENA_ACLR_B                     ; NONE                 ; Untyped                  ;
; WIDTH_BYTEENA_A                    ; 1                    ; Untyped                  ;
; WIDTH_BYTEENA_B                    ; 1                    ; Untyped                  ;
; RAM_BLOCK_TYPE                     ; AUTO                 ; Untyped                  ;
; BYTE_SIZE                          ; 8                    ; Untyped                  ;
; READ_DURING_WRITE_MODE_MIXED_PORTS ; OLD_DATA             ; Untyped                  ;
; READ_DURING_WRITE_MODE_PORT_A      ; NEW_DATA_NO_NBE_READ ; Untyped                  ;
; READ_DURING_WRITE_MODE_PORT_B      ; NEW_DATA_NO_NBE_READ ; Untyped                  ;
; INIT_FILE                          ; UNUSED               ; Untyped                  ;
; INIT_FILE_LAYOUT                   ; PORT_A               ; Untyped                  ;
; MAXIMUM_DEPTH                      ; 0                    ; Untyped                  ;
; CLOCK_ENABLE_INPUT_A               ; NORMAL               ; Untyped                  ;
; CLOCK_ENABLE_INPUT_B               ; NORMAL               ; Untyped                  ;
; CLOCK_ENABLE_OUTPUT_A              ; NORMAL               ; Untyped                  ;
; CLOCK_ENABLE_OUTPUT_B              ; NORMAL               ; Untyped                  ;
; CLOCK_ENABLE_CORE_A                ; USE_INPUT_CLKEN      ; Untyped                  ;
; CLOCK_ENABLE_CORE_B                ; USE_INPUT_CLKEN      ; Untyped                  ;
; ENABLE_ECC                         ; FALSE                ; Untyped                  ;
; ECC_PIPELINE_STAGE_ENABLED         ; FALSE                ; Untyped                  ;
; WIDTH_ECCSTATUS                    ; 3                    ; Untyped                  ;
; DEVICE_FAMILY                      ; MAX 10               ; Untyped                  ;
; CBXI_PARAMETER                     ; altsyncram_kgg1      ; Untyped                  ;
+------------------------------------+----------------------+--------------------------+
Note: In order to hide this table in the UI and the text report file, please set the "Show Parameter Settings in Synthesis Report" option in "Analysis and Synthesis Settings -> More Settings" to "Off".


+----------------------------------------------------------------------------------------+
; Parameter Settings for Inferred Entity Instance: lcd_ili9341_ctrl:u_lcd|lpm_mult:Mult0 ;
+------------------------------------------------+----------+----------------------------+
; Parameter Name                                 ; Value    ; Type                       ;
+------------------------------------------------+----------+----------------------------+
; AUTO_CARRY_CHAINS                              ; ON       ; AUTO_CARRY                 ;
; IGNORE_CARRY_BUFFERS                           ; OFF      ; IGNORE_CARRY               ;
; AUTO_CASCADE_CHAINS                            ; ON       ; AUTO_CASCADE               ;
; IGNORE_CASCADE_BUFFERS                         ; OFF      ; IGNORE_CASCADE             ;
; LPM_WIDTHA                                     ; 8        ; Untyped                    ;
; LPM_WIDTHB                                     ; 16       ; Untyped                    ;
; LPM_WIDTHP                                     ; 24       ; Untyped                    ;
; LPM_WIDTHR                                     ; 24       ; Untyped                    ;
; LPM_WIDTHS                                     ; 1        ; Untyped                    ;
; LPM_REPRESENTATION                             ; UNSIGNED ; Untyped                    ;
; LPM_PIPELINE                                   ; 0        ; Untyped                    ;
; LATENCY                                        ; 0        ; Untyped                    ;
; INPUT_A_IS_CONSTANT                            ; NO       ; Untyped                    ;
; INPUT_B_IS_CONSTANT                            ; YES      ; Untyped                    ;
; USE_EAB                                        ; OFF      ; Untyped                    ;
; MAXIMIZE_SPEED                                 ; 6        ; Untyped                    ;
; DEVICE_FAMILY                                  ; MAX 10   ; Untyped                    ;
; CARRY_CHAIN                                    ; MANUAL   ; Untyped                    ;
; APEX20K_TECHNOLOGY_MAPPER                      ; LUT      ; TECH_MAPPER_APEX20K        ;
; DEDICATED_MULTIPLIER_CIRCUITRY                 ; AUTO     ; Untyped                    ;
; DEDICATED_MULTIPLIER_MIN_INPUT_WIDTH_FOR_AUTO  ; 0        ; Untyped                    ;
; DEDICATED_MULTIPLIER_MIN_OUTPUT_WIDTH_FOR_AUTO ; 0        ; Untyped                    ;
; CBXI_PARAMETER                                 ; NOTHING  ; Untyped                    ;
; INPUT_A_FIXED_VALUE                            ; Bx       ; Untyped                    ;
; INPUT_B_FIXED_VALUE                            ; Bx       ; Untyped                    ;
; USE_AHDL_IMPLEMENTATION                        ; OFF      ; Untyped                    ;
+------------------------------------------------+----------+----------------------------+
Note: In order to hide this table in the UI and the text report file, please set the "Show Parameter Settings in Synthesis Report" option in "Analysis and Synthesis Settings -> More Settings" to "Off".


+-------------------------------------------------------------------------------------------------------+
; Parameter Settings for Inferred Entity Instance: game_fsm:u_game|score_manager:u_score|lpm_mult:Mult0 ;
+------------------------------------------------+----------+-------------------------------------------+
; Parameter Name                                 ; Value    ; Type                                      ;
+------------------------------------------------+----------+-------------------------------------------+
; AUTO_CARRY_CHAINS                              ; ON       ; AUTO_CARRY                                ;
; IGNORE_CARRY_BUFFERS                           ; OFF      ; IGNORE_CARRY                              ;
; AUTO_CASCADE_CHAINS                            ; ON       ; AUTO_CASCADE                              ;
; IGNORE_CASCADE_BUFFERS                         ; OFF      ; IGNORE_CASCADE                            ;
; LPM_WIDTHA                                     ; 8        ; Untyped                                   ;
; LPM_WIDTHB                                     ; 8        ; Untyped                                   ;
; LPM_WIDTHP                                     ; 16       ; Untyped                                   ;
; LPM_WIDTHR                                     ; 16       ; Untyped                                   ;
; LPM_WIDTHS                                     ; 1        ; Untyped                                   ;
; LPM_REPRESENTATION                             ; UNSIGNED ; Untyped                                   ;
; LPM_PIPELINE                                   ; 0        ; Untyped                                   ;
; LATENCY                                        ; 0        ; Untyped                                   ;
; INPUT_A_IS_CONSTANT                            ; NO       ; Untyped                                   ;
; INPUT_B_IS_CONSTANT                            ; NO       ; Untyped                                   ;
; USE_EAB                                        ; OFF      ; Untyped                                   ;
; MAXIMIZE_SPEED                                 ; 5        ; Untyped                                   ;
; DEVICE_FAMILY                                  ; MAX 10   ; Untyped                                   ;
; CARRY_CHAIN                                    ; MANUAL   ; Untyped                                   ;
; APEX20K_TECHNOLOGY_MAPPER                      ; LUT      ; TECH_MAPPER_APEX20K                       ;
; DEDICATED_MULTIPLIER_CIRCUITRY                 ; AUTO     ; Untyped                                   ;
; DEDICATED_MULTIPLIER_MIN_INPUT_WIDTH_FOR_AUTO  ; 0        ; Untyped                                   ;
; DEDICATED_MULTIPLIER_MIN_OUTPUT_WIDTH_FOR_AUTO ; 0        ; Untyped                                   ;
; CBXI_PARAMETER                                 ; mult_0ls ; Untyped                                   ;
; INPUT_A_FIXED_VALUE                            ; Bx       ; Untyped                                   ;
; INPUT_B_FIXED_VALUE                            ; Bx       ; Untyped                                   ;
; USE_AHDL_IMPLEMENTATION                        ; OFF      ; Untyped                                   ;
+------------------------------------------------+----------+-------------------------------------------+
Note: In order to hide this table in the UI and the text report file, please set the "Show Parameter Settings in Synthesis Report" option in "Analysis and Synthesis Settings -> More Settings" to "Off".


+---------------------------------------------------------------------------------------+
; Parameter Settings for Inferred Entity Instance: lcd_renderer:u_render|lpm_mult:Mult0 ;
+------------------------------------------------+----------+---------------------------+
; Parameter Name                                 ; Value    ; Type                      ;
+------------------------------------------------+----------+---------------------------+
; AUTO_CARRY_CHAINS                              ; ON       ; AUTO_CARRY                ;
; IGNORE_CARRY_BUFFERS                           ; OFF      ; IGNORE_CARRY              ;
; AUTO_CASCADE_CHAINS                            ; ON       ; AUTO_CASCADE              ;
; IGNORE_CASCADE_BUFFERS                         ; OFF      ; IGNORE_CASCADE            ;
; LPM_WIDTHA                                     ; 9        ; Untyped                   ;
; LPM_WIDTHB                                     ; 9        ; Untyped                   ;
; LPM_WIDTHP                                     ; 18       ; Untyped                   ;
; LPM_WIDTHR                                     ; 18       ; Untyped                   ;
; LPM_WIDTHS                                     ; 1        ; Untyped                   ;
; LPM_REPRESENTATION                             ; UNSIGNED ; Untyped                   ;
; LPM_PIPELINE                                   ; 0        ; Untyped                   ;
; LATENCY                                        ; 0        ; Untyped                   ;
; INPUT_A_IS_CONSTANT                            ; NO       ; Untyped                   ;
; INPUT_B_IS_CONSTANT                            ; YES      ; Untyped                   ;
; USE_EAB                                        ; OFF      ; Untyped                   ;
; MAXIMIZE_SPEED                                 ; 5        ; Untyped                   ;
; DEVICE_FAMILY                                  ; MAX 10   ; Untyped                   ;
; CARRY_CHAIN                                    ; MANUAL   ; Untyped                   ;
; APEX20K_TECHNOLOGY_MAPPER                      ; LUT      ; TECH_MAPPER_APEX20K       ;
; DEDICATED_MULTIPLIER_CIRCUITRY                 ; AUTO     ; Untyped                   ;
; DEDICATED_MULTIPLIER_MIN_INPUT_WIDTH_FOR_AUTO  ; 0        ; Untyped                   ;
; DEDICATED_MULTIPLIER_MIN_OUTPUT_WIDTH_FOR_AUTO ; 0        ; Untyped                   ;
; CBXI_PARAMETER                                 ; NOTHING  ; Untyped                   ;
; INPUT_A_FIXED_VALUE                            ; Bx       ; Untyped                   ;
; INPUT_B_FIXED_VALUE                            ; Bx       ; Untyped                   ;
; USE_AHDL_IMPLEMENTATION                        ; OFF      ; Untyped                   ;
+------------------------------------------------+----------+---------------------------+
Note: In order to hide this table in the UI and the text report file, please set the "Show Parameter Settings in Synthesis Report" option in "Analysis and Synthesis Settings -> More Settings" to "Off".


+---------------------------------------------------------------------------------------+
; Parameter Settings for Inferred Entity Instance: lcd_renderer:u_render|lpm_mult:Mult2 ;
+------------------------------------------------+----------+---------------------------+
; Parameter Name                                 ; Value    ; Type                      ;
+------------------------------------------------+----------+---------------------------+
; AUTO_CARRY_CHAINS                              ; ON       ; AUTO_CARRY                ;
; IGNORE_CARRY_BUFFERS                           ; OFF      ; IGNORE_CARRY              ;
; AUTO_CASCADE_CHAINS                            ; ON       ; AUTO_CASCADE              ;
; IGNORE_CASCADE_BUFFERS                         ; OFF      ; IGNORE_CASCADE            ;
; LPM_WIDTHA                                     ; 3        ; Untyped                   ;
; LPM_WIDTHB                                     ; 9        ; Untyped                   ;
; LPM_WIDTHP                                     ; 12       ; Untyped                   ;
; LPM_WIDTHR                                     ; 12       ; Untyped                   ;
; LPM_WIDTHS                                     ; 1        ; Untyped                   ;
; LPM_REPRESENTATION                             ; UNSIGNED ; Untyped                   ;
; LPM_PIPELINE                                   ; 0        ; Untyped                   ;
; LATENCY                                        ; 0        ; Untyped                   ;
; INPUT_A_IS_CONSTANT                            ; NO       ; Untyped                   ;
; INPUT_B_IS_CONSTANT                            ; YES      ; Untyped                   ;
; USE_EAB                                        ; OFF      ; Untyped                   ;
; MAXIMIZE_SPEED                                 ; 5        ; Untyped                   ;
; DEVICE_FAMILY                                  ; MAX 10   ; Untyped                   ;
; CARRY_CHAIN                                    ; MANUAL   ; Untyped                   ;
; APEX20K_TECHNOLOGY_MAPPER                      ; LUT      ; TECH_MAPPER_APEX20K       ;
; DEDICATED_MULTIPLIER_CIRCUITRY                 ; AUTO     ; Untyped                   ;
; DEDICATED_MULTIPLIER_MIN_INPUT_WIDTH_FOR_AUTO  ; 0        ; Untyped                   ;
; DEDICATED_MULTIPLIER_MIN_OUTPUT_WIDTH_FOR_AUTO ; 0        ; Untyped                   ;
; CBXI_PARAMETER                                 ; NOTHING  ; Untyped                   ;
; INPUT_A_FIXED_VALUE                            ; Bx       ; Untyped                   ;
; INPUT_B_FIXED_VALUE                            ; Bx       ; Untyped                   ;
; USE_AHDL_IMPLEMENTATION                        ; OFF      ; Untyped                   ;
+------------------------------------------------+----------+---------------------------+
Note: In order to hide this table in the UI and the text report file, please set the "Show Parameter Settings in Synthesis Report" option in "Analysis and Synthesis Settings -> More Settings" to "Off".


+---------------------------------------------------------------------------------------+
; Parameter Settings for Inferred Entity Instance: lcd_renderer:u_render|lpm_mult:Mult1 ;
+------------------------------------------------+----------+---------------------------+
; Parameter Name                                 ; Value    ; Type                      ;
+------------------------------------------------+----------+---------------------------+
; AUTO_CARRY_CHAINS                              ; ON       ; AUTO_CARRY                ;
; IGNORE_CARRY_BUFFERS                           ; OFF      ; IGNORE_CARRY              ;
; AUTO_CASCADE_CHAINS                            ; ON       ; AUTO_CASCADE              ;
; IGNORE_CASCADE_BUFFERS                         ; OFF      ; IGNORE_CASCADE            ;
; LPM_WIDTHA                                     ; 8        ; Untyped                   ;
; LPM_WIDTHB                                     ; 9        ; Untyped                   ;
; LPM_WIDTHP                                     ; 17       ; Untyped                   ;
; LPM_WIDTHR                                     ; 17       ; Untyped                   ;
; LPM_WIDTHS                                     ; 1        ; Untyped                   ;
; LPM_REPRESENTATION                             ; UNSIGNED ; Untyped                   ;
; LPM_PIPELINE                                   ; 0        ; Untyped                   ;
; LATENCY                                        ; 0        ; Untyped                   ;
; INPUT_A_IS_CONSTANT                            ; NO       ; Untyped                   ;
; INPUT_B_IS_CONSTANT                            ; YES      ; Untyped                   ;
; USE_EAB                                        ; OFF      ; Untyped                   ;
; MAXIMIZE_SPEED                                 ; 5        ; Untyped                   ;
; DEVICE_FAMILY                                  ; MAX 10   ; Untyped                   ;
; CARRY_CHAIN                                    ; MANUAL   ; Untyped                   ;
; APEX20K_TECHNOLOGY_MAPPER                      ; LUT      ; TECH_MAPPER_APEX20K       ;
; DEDICATED_MULTIPLIER_CIRCUITRY                 ; AUTO     ; Untyped                   ;
; DEDICATED_MULTIPLIER_MIN_INPUT_WIDTH_FOR_AUTO  ; 0        ; Untyped                   ;
; DEDICATED_MULTIPLIER_MIN_OUTPUT_WIDTH_FOR_AUTO ; 0        ; Untyped                   ;
; CBXI_PARAMETER                                 ; NOTHING  ; Untyped                   ;
; INPUT_A_FIXED_VALUE                            ; Bx       ; Untyped                   ;
; INPUT_B_FIXED_VALUE                            ; Bx       ; Untyped                   ;
; USE_AHDL_IMPLEMENTATION                        ; OFF      ; Untyped                   ;
+------------------------------------------------+----------+---------------------------+
Note: In order to hide this table in the UI and the text report file, please set the "Show Parameter Settings in Synthesis Report" option in "Analysis and Synthesis Settings -> More Settings" to "Off".


+--------------------------------------------------------------------------------------------------------------------------------------------------------------------+
; lpm_shiftreg Parameter Settings by Entity Instance                                                                                                                 ;
+----------------------------+---------------------------------------------------------------------------------------------------------------------------------------+
; Name                       ; Value                                                                                                                                 ;
+----------------------------+---------------------------------------------------------------------------------------------------------------------------------------+
; Number of entity instances ; 1                                                                                                                                     ;
; Entity Instance            ; logo_flash:u_ufm|altera_onchip_flash:ufm|altera_onchip_flash_avmm_data_controller:avmm_data_controller|lpm_shiftreg:ufm_data_shiftreg ;
;     -- LPM_WIDTH           ; 32                                                                                                                                    ;
;     -- LPM_DIRECTION       ; LEFT                                                                                                                                  ;
+----------------------------+---------------------------------------------------------------------------------------------------------------------------------------+


+-------------------------------------------------------------------------------------------------------------+
; altsyncram Parameter Settings by Entity Instance                                                            ;
+-------------------------------------------+-----------------------------------------------------------------+
; Name                                      ; Value                                                           ;
+-------------------------------------------+-----------------------------------------------------------------+
; Number of entity instances                ; 2                                                               ;
; Entity Instance                           ; game_fsm:u_game|floodfill_engine:u_ff|altsyncram:fifo_mem_rtl_0 ;
;     -- OPERATION_MODE                     ; DUAL_PORT                                                       ;
;     -- WIDTH_A                            ; 8                                                               ;
;     -- NUMWORDS_A                         ; 256                                                             ;
;     -- OUTDATA_REG_A                      ; UNREGISTERED                                                    ;
;     -- WIDTH_B                            ; 8                                                               ;
;     -- NUMWORDS_B                         ; 256                                                             ;
;     -- ADDRESS_REG_B                      ; CLOCK0                                                          ;
;     -- OUTDATA_REG_B                      ; UNREGISTERED                                                    ;
;     -- RAM_BLOCK_TYPE                     ; AUTO                                                            ;
;     -- READ_DURING_WRITE_MODE_MIXED_PORTS ; DONT_CARE                                                       ;
; Entity Instance                           ; logo_ram:u_ram|altsyncram:mem_rtl_0                             ;
;     -- OPERATION_MODE                     ; DUAL_PORT                                                       ;
;     -- WIDTH_A                            ; 16                                                              ;
;     -- NUMWORDS_A                         ; 2048                                                            ;
;     -- OUTDATA_REG_A                      ; UNREGISTERED                                                    ;
;     -- WIDTH_B                            ; 16                                                              ;
;     -- NUMWORDS_B                         ; 2048                                                            ;
;     -- ADDRESS_REG_B                      ; CLOCK0                                                          ;
;     -- OUTDATA_REG_B                      ; UNREGISTERED                                                    ;
;     -- RAM_BLOCK_TYPE                     ; AUTO                                                            ;
;     -- READ_DURING_WRITE_MODE_MIXED_PORTS ; OLD_DATA                                                        ;
+-------------------------------------------+-----------------------------------------------------------------+


+----------------------------------------------------------------------------------------------+
; lpm_mult Parameter Settings by Entity Instance                                               ;
+---------------------------------------+------------------------------------------------------+
; Name                                  ; Value                                                ;
+---------------------------------------+------------------------------------------------------+
; Number of entity instances            ; 5                                                    ;
; Entity Instance                       ; lcd_ili9341_ctrl:u_lcd|lpm_mult:Mult0                ;
;     -- LPM_WIDTHA                     ; 8                                                    ;
;     -- LPM_WIDTHB                     ; 16                                                   ;
;     -- LPM_WIDTHP                     ; 24                                                   ;
;     -- LPM_REPRESENTATION             ; UNSIGNED                                             ;
;     -- INPUT_A_IS_CONSTANT            ; NO                                                   ;
;     -- INPUT_B_IS_CONSTANT            ; YES                                                  ;
;     -- USE_EAB                        ; OFF                                                  ;
;     -- DEDICATED_MULTIPLIER_CIRCUITRY ; AUTO                                                 ;
;     -- INPUT_A_FIXED_VALUE            ; Bx                                                   ;
;     -- INPUT_B_FIXED_VALUE            ; Bx                                                   ;
; Entity Instance                       ; game_fsm:u_game|score_manager:u_score|lpm_mult:Mult0 ;
;     -- LPM_WIDTHA                     ; 8                                                    ;
;     -- LPM_WIDTHB                     ; 8                                                    ;
;     -- LPM_WIDTHP                     ; 16                                                   ;
;     -- LPM_REPRESENTATION             ; UNSIGNED                                             ;
;     -- INPUT_A_IS_CONSTANT            ; NO                                                   ;
;     -- INPUT_B_IS_CONSTANT            ; NO                                                   ;
;     -- USE_EAB                        ; OFF                                                  ;
;     -- DEDICATED_MULTIPLIER_CIRCUITRY ; AUTO                                                 ;
;     -- INPUT_A_FIXED_VALUE            ; Bx                                                   ;
;     -- INPUT_B_FIXED_VALUE            ; Bx                                                   ;
; Entity Instance                       ; lcd_renderer:u_render|lpm_mult:Mult0                 ;
;     -- LPM_WIDTHA                     ; 9                                                    ;
;     -- LPM_WIDTHB                     ; 9                                                    ;
;     -- LPM_WIDTHP                     ; 18                                                   ;
;     -- LPM_REPRESENTATION             ; UNSIGNED                                             ;
;     -- INPUT_A_IS_CONSTANT            ; NO                                                   ;
;     -- INPUT_B_IS_CONSTANT            ; YES                                                  ;
;     -- USE_EAB                        ; OFF                                                  ;
;     -- DEDICATED_MULTIPLIER_CIRCUITRY ; AUTO                                                 ;
;     -- INPUT_A_FIXED_VALUE            ; Bx                                                   ;
;     -- INPUT_B_FIXED_VALUE            ; Bx                                                   ;
; Entity Instance                       ; lcd_renderer:u_render|lpm_mult:Mult2                 ;
;     -- LPM_WIDTHA                     ; 3                                                    ;
;     -- LPM_WIDTHB                     ; 9                                                    ;
;     -- LPM_WIDTHP                     ; 12                                                   ;
;     -- LPM_REPRESENTATION             ; UNSIGNED                                             ;
;     -- INPUT_A_IS_CONSTANT            ; NO                                                   ;
;     -- INPUT_B_IS_CONSTANT            ; YES                                                  ;
;     -- USE_EAB                        ; OFF                                                  ;
;     -- DEDICATED_MULTIPLIER_CIRCUITRY ; AUTO                                                 ;
;     -- INPUT_A_FIXED_VALUE            ; Bx                                                   ;
;     -- INPUT_B_FIXED_VALUE            ; Bx                                                   ;
; Entity Instance                       ; lcd_renderer:u_render|lpm_mult:Mult1                 ;
;     -- LPM_WIDTHA                     ; 8                                                    ;
;     -- LPM_WIDTHB                     ; 9                                                    ;
;     -- LPM_WIDTHP                     ; 17                                                   ;
;     -- LPM_REPRESENTATION             ; UNSIGNED                                             ;
;     -- INPUT_A_IS_CONSTANT            ; NO                                                   ;
;     -- INPUT_B_IS_CONSTANT            ; YES                                                  ;
;     -- USE_EAB                        ; OFF                                                  ;
;     -- DEDICATED_MULTIPLIER_CIRCUITRY ; AUTO                                                 ;
;     -- INPUT_A_FIXED_VALUE            ; Bx                                                   ;
;     -- INPUT_B_FIXED_VALUE            ; Bx                                                   ;
+---------------------------------------+------------------------------------------------------+


+------------------------------------------------------------------------------------------------------------------------+
; Port Connectivity Checks: "game_fsm:u_game|column_shift_engine:u_shift"                                                ;
+--------------+--------+----------+-------------------------------------------------------------------------------------+
; Port         ; Type   ; Severity ; Details                                                                             ;
+--------------+--------+----------+-------------------------------------------------------------------------------------+
; column_empty ; Output ; Info     ; Connected to dangling logic. Logic that only feeds a dangling port will be removed. ;
+--------------+--------+----------+-------------------------------------------------------------------------------------+


+----------------------------------------------------------------------------------------------------------------+
; Port Connectivity Checks: "game_fsm:u_game|floodfill_engine:u_ff"                                              ;
+------+--------+----------+-------------------------------------------------------------------------------------+
; Port ; Type   ; Severity ; Details                                                                             ;
+------+--------+----------+-------------------------------------------------------------------------------------+
; busy ; Output ; Info     ; Connected to dangling logic. Logic that only feeds a dangling port will be removed. ;
+------+--------+----------+-------------------------------------------------------------------------------------+


+----------------------------------------------------------------------------------------------------------------------+
; Port Connectivity Checks: "game_fsm:u_game|rng_generator:u_rng"                                                      ;
+------------+--------+----------+-------------------------------------------------------------------------------------+
; Port       ; Type   ; Severity ; Details                                                                             ;
+------------+--------+----------+-------------------------------------------------------------------------------------+
; seed       ; Input  ; Info     ; Stuck at GND                                                                        ;
; rng[15..3] ; Output ; Info     ; Connected to dangling logic. Logic that only feeds a dangling port will be removed. ;
+------------+--------+----------+-------------------------------------------------------------------------------------+


+--------------------------------------------------------------------------------------------------------------------------+
; Port Connectivity Checks: "logo_flash:u_ufm|altera_onchip_flash:ufm|altera_onchip_flash_block:altera_onchip_flash_block" ;
+----------+-------+----------+--------------------------------------------------------------------------------------------+
; Port     ; Type  ; Severity ; Details                                                                                    ;
+----------+-------+----------+--------------------------------------------------------------------------------------------+
; nosc_ena ; Input ; Info     ; Stuck at GND                                                                               ;
; par_en   ; Input ; Info     ; Stuck at VCC                                                                               ;
+----------+-------+----------+--------------------------------------------------------------------------------------------+


+--------------------------------------------------------------------------------------------------------------------------------------------------------------------------------------------------+
; Port Connectivity Checks: "logo_flash:u_ufm|altera_onchip_flash:ufm|altera_onchip_flash_avmm_data_controller:avmm_data_controller|altera_onchip_flash_address_range_check:address_range_checker" ;
+-----------------+-------+----------+-------------------------------------------------------------------------------------------------------------------------------------------------------------+
; Port            ; Type  ; Severity ; Details                                                                                                                                                     ;
+-----------------+-------+----------+-------------------------------------------------------------------------------------------------------------------------------------------------------------+
; address[22..13] ; Input ; Info     ; Stuck at GND                                                                                                                                                ;
+-----------------+-------+----------+-------------------------------------------------------------------------------------------------------------------------------------------------------------+


+------------------------------------------------------------------------+
; Port Connectivity Checks: "logo_flash:u_ufm"                           ;
+---------------------------+--------+----------+------------------------+
; Port                      ; Type   ; Severity ; Details                ;
+---------------------------+--------+----------+------------------------+
; ufm_data_writedata        ; Input  ; Info     ; Stuck at GND           ;
; ufm_data_write            ; Input  ; Info     ; Stuck at GND           ;
; ufm_data_burstcount[3..1] ; Input  ; Info     ; Stuck at GND           ;
; ufm_data_burstcount[0]    ; Input  ; Info     ; Stuck at VCC           ;
; ufm_csr_address           ; Input  ; Info     ; Stuck at GND           ;
; ufm_csr_read              ; Input  ; Info     ; Stuck at GND           ;
; ufm_csr_writedata         ; Input  ; Info     ; Stuck at GND           ;
; ufm_csr_write             ; Input  ; Info     ; Stuck at GND           ;
; ufm_csr_readdata          ; Output ; Info     ; Explicitly unconnected ;
+---------------------------+--------+----------+------------------------+


+---------------------------------------------------------------------------------------------------------------------+
; Port Connectivity Checks: "ufm_bootloader:u_boot"                                                                   ;
+-----------+--------+----------+-------------------------------------------------------------------------------------+
; Port      ; Type   ; Severity ; Details                                                                             ;
+-----------+--------+----------+-------------------------------------------------------------------------------------+
; boot_fail ; Output ; Info     ; Connected to dangling logic. Logic that only feeds a dangling port will be removed. ;
; boot_beat ; Output ; Info     ; Connected to dangling logic. Logic that only feeds a dangling port will be removed. ;
; boot_pix  ; Output ; Info     ; Connected to dangling logic. Logic that only feeds a dangling port will be removed. ;
+-----------+--------+----------+-------------------------------------------------------------------------------------+


+---------------------------------------------------------------------------------------------------------------------+
; Port Connectivity Checks: "board_memory:u_board"                                                                    ;
+-----------+--------+----------+-------------------------------------------------------------------------------------+
; Port      ; Type   ; Severity ; Details                                                                             ;
+-----------+--------+----------+-------------------------------------------------------------------------------------+
; clr_start ; Input  ; Info     ; Stuck at GND                                                                        ;
; clr_busy  ; Output ; Info     ; Connected to dangling logic. Logic that only feeds a dangling port will be removed. ;
+-----------+--------+----------+-------------------------------------------------------------------------------------+


+-----------------------------------------------------------------------------------------------------------------------------+
; Port Connectivity Checks: "ps2_controller:u_pad"                                                                            ;
+-------------------+--------+----------+-------------------------------------------------------------------------------------+
; Port              ; Type   ; Severity ; Details                                                                             ;
+-------------------+--------+----------+-------------------------------------------------------------------------------------+
; btn_cross         ; Output ; Info     ; Connected to dangling logic. Logic that only feeds a dangling port will be removed. ;
; pad_ok            ; Output ; Info     ; Connected to dangling logic. Logic that only feeds a dangling port will be removed. ;
; dbg_rx0           ; Output ; Info     ; Connected to dangling logic. Logic that only feeds a dangling port will be removed. ;
; dbg_rx1           ; Output ; Info     ; Connected to dangling logic. Logic that only feeds a dangling port will be removed. ;
; dbg_rx2           ; Output ; Info     ; Connected to dangling logic. Logic that only feeds a dangling port will be removed. ;
; dbg_rx3           ; Output ; Info     ; Connected to dangling logic. Logic that only feeds a dangling port will be removed. ;
; dbg_rx4           ; Output ; Info     ; Connected to dangling logic. Logic that only feeds a dangling port will be removed. ;
; dbg_dat_low       ; Output ; Info     ; Connected to dangling logic. Logic that only feeds a dangling port will be removed. ;
; dbg_polls         ; Output ; Info     ; Connected to dangling logic. Logic that only feeds a dangling port will be removed. ;
; dbg_dat_high_idle ; Output ; Info     ; Connected to dangling logic. Logic that only feeds a dangling port will be removed. ;
; dbg_dat_high_act  ; Output ; Info     ; Connected to dangling logic. Logic that only feeds a dangling port will be removed. ;
; dbg_sig_idx       ; Output ; Info     ; Connected to dangling logic. Logic that only feeds a dangling port will be removed. ;
; dbg_sig_hits      ; Output ; Info     ; Connected to dangling logic. Logic that only feeds a dangling port will be removed. ;
; dbg_loopback      ; Output ; Info     ; Connected to dangling logic. Logic that only feeds a dangling port will be removed. ;
+-------------------+--------+----------+-------------------------------------------------------------------------------------+


+------------------------------------------------------------------------------------------------------------------------+
; Port Connectivity Checks: "frame_seq:u_fseq"                                                                           ;
+--------------+--------+----------+-------------------------------------------------------------------------------------+
; Port         ; Type   ; Severity ; Details                                                                             ;
+--------------+--------+----------+-------------------------------------------------------------------------------------+
; frame_active ; Output ; Info     ; Connected to dangling logic. Logic that only feeds a dangling port will be removed. ;
+--------------+--------+----------+-------------------------------------------------------------------------------------+


+------------------------------------------------------------------------------------------------------------------+
; Port Connectivity Checks: "lcd_ili9341_ctrl:u_lcd"                                                               ;
+--------+--------+----------+-------------------------------------------------------------------------------------+
; Port   ; Type   ; Severity ; Details                                                                             ;
+--------+--------+----------+-------------------------------------------------------------------------------------+
; active ; Output ; Info     ; Connected to dangling logic. Logic that only feeds a dangling port will be removed. ;
+--------+--------+----------+-------------------------------------------------------------------------------------+


+---------------------------------------------------------------------------------------------------------------------+
; Port Connectivity Checks: "debounce:u_sw1"                                                                          ;
+-----------+--------+----------+-------------------------------------------------------------------------------------+
; Port      ; Type   ; Severity ; Details                                                                             ;
+-----------+--------+----------+-------------------------------------------------------------------------------------+
; btn_level ; Output ; Info     ; Connected to dangling logic. Logic that only feeds a dangling port will be removed. ;
+-----------+--------+----------+-------------------------------------------------------------------------------------+


+-----------------------------------------------------+
; Post-Synthesis Netlist Statistics for Top Partition ;
+-----------------------+-----------------------------+
; Type                  ; Count                       ;
+-----------------------+-----------------------------+
; boundary_port         ; 17                          ;
; cycloneiii_ff         ; 3400                        ;
;     CLR               ; 5                           ;
;     ENA               ; 2575                        ;
;     ENA SCLR          ; 224                         ;
;     ENA SCLR SLD      ; 21                          ;
;     ENA SLD           ; 43                          ;
;     SCLR              ; 354                         ;
;     SCLR SLD          ; 4                           ;
;     SLD               ; 7                           ;
;     plain             ; 167                         ;
; cycloneiii_lcell_comb ; 5868                        ;
;     arith             ; 439                         ;
;         2 data inputs ; 282                         ;
;         3 data inputs ; 157                         ;
;     normal            ; 5429                        ;
;         0 data inputs ; 5                           ;
;         1 data inputs ; 37                          ;
;         2 data inputs ; 327                         ;
;         3 data inputs ; 741                         ;
;         4 data inputs ; 4319                        ;
; cycloneiii_mac_mult   ; 1                           ;
; cycloneiii_mac_out    ; 1                           ;
; cycloneiii_ram_block  ; 24                          ;
; fiftyfivenm_unvm      ; 1                           ;
;                       ;                             ;
; Max LUT depth         ; 18.30                       ;
; Average LUT depth     ; 8.97                        ;
+-----------------------+-----------------------------+


+-------------------------------+
; Elapsed Time Per Partition    ;
+----------------+--------------+
; Partition Name ; Elapsed Time ;
+----------------+--------------+
; Top            ; 00:00:24     ;
+----------------+--------------+


+-------------------------------+
; Analysis & Synthesis Messages ;
+-------------------------------+
Info: *******************************************************************
Info: Running Quartus Prime Analysis & Synthesis
    Info: Version 25.1std.0 Build 1129 10/21/2025 SC Lite Edition
    Info: Processing started: Sun Sep 27 01:48:43 2026
Info: Command: quartus_map --read_settings_files=on --write_settings_files=off lcd_game -c lcd_game
Info (20030): Parallel compilation is enabled and will use 16 of the 16 processors detected
Info (12021): Found 1 design units, including 1 entities, in source file rtl/samegame_top.sv
    Info (12023): Found entity 1: samegame_top File: H:/git/PCB_CQmax10/CQmax10/sample/lcd_samegame/rtl/samegame_top.sv Line: 38
Info (12021): Found 1 design units, including 1 entities, in source file rtl/game_fsm.sv
    Info (12023): Found entity 1: game_fsm File: H:/git/PCB_CQmax10/CQmax10/sample/lcd_samegame/rtl/game_fsm.sv Line: 35
Info (12021): Found 1 design units, including 1 entities, in source file rtl/board_memory.sv
    Info (12023): Found entity 1: board_memory File: H:/git/PCB_CQmax10/CQmax10/sample/lcd_samegame/rtl/board_memory.sv Line: 19
Info (12021): Found 1 design units, including 1 entities, in source file rtl/floodfill_engine.sv
    Info (12023): Found entity 1: floodfill_engine File: H:/git/PCB_CQmax10/CQmax10/sample/lcd_samegame/rtl/floodfill_engine.sv Line: 18
Info (12021): Found 1 design units, including 1 entities, in source file rtl/erase_engine.sv
    Info (12023): Found entity 1: erase_engine File: H:/git/PCB_CQmax10/CQmax10/sample/lcd_samegame/rtl/erase_engine.sv Line: 21
Info (12021): Found 1 design units, including 1 entities, in source file rtl/gravity_engine.sv
    Info (12023): Found entity 1: gravity_engine File: H:/git/PCB_CQmax10/CQmax10/sample/lcd_samegame/rtl/gravity_engine.sv Line: 24
Info (12021): Found 1 design units, including 1 entities, in source file rtl/column_shift_engine.sv
    Info (12023): Found entity 1: column_shift_engine File: H:/git/PCB_CQmax10/CQmax10/sample/lcd_samegame/rtl/column_shift_engine.sv Line: 22
Info (12021): Found 1 design units, including 1 entities, in source file rtl/score_manager.sv
    Info (12023): Found entity 1: score_manager File: H:/git/PCB_CQmax10/CQmax10/sample/lcd_samegame/rtl/score_manager.sv Line: 7
Info (12021): Found 1 design units, including 1 entities, in source file rtl/rng_generator.sv
    Info (12023): Found entity 1: rng_generator File: H:/git/PCB_CQmax10/CQmax10/sample/lcd_samegame/rtl/rng_generator.sv Line: 13
Info (12021): Found 1 design units, including 1 entities, in source file rtl/ps2_controller.sv
    Info (12023): Found entity 1: ps2_controller File: H:/git/PCB_CQmax10/CQmax10/sample/lcd_samegame/rtl/ps2_controller.sv Line: 52
Info (12021): Found 1 design units, including 1 entities, in source file rtl/logo_ram.sv
    Info (12023): Found entity 1: logo_ram File: H:/git/PCB_CQmax10/CQmax10/sample/lcd_samegame/rtl/logo_ram.sv Line: 20
Info (12021): Found 1 design units, including 1 entities, in source file rtl/ufm_bootloader.sv
    Info (12023): Found entity 1: ufm_bootloader File: H:/git/PCB_CQmax10/CQmax10/sample/lcd_samegame/rtl/ufm_bootloader.sv Line: 71
Info (12021): Found 1 design units, including 1 entities, in source file rtl/lcd_renderer.sv
    Info (12023): Found entity 1: lcd_renderer File: H:/git/PCB_CQmax10/CQmax10/sample/lcd_samegame/rtl/lcd_renderer.sv Line: 80
Info (12021): Found 1 design units, including 1 entities, in source file rtl/lcd_ili9341_ctrl.sv
    Info (12023): Found entity 1: lcd_ili9341_ctrl File: H:/git/PCB_CQmax10/CQmax10/sample/lcd_samegame/rtl/lcd_ili9341_ctrl.sv Line: 29
Info (12021): Found 1 design units, including 1 entities, in source file rtl/spi_byte_master.sv
    Info (12023): Found entity 1: spi_byte_master File: H:/git/PCB_CQmax10/CQmax10/sample/lcd_samegame/rtl/spi_byte_master.sv Line: 5
Info (12021): Found 1 design units, including 1 entities, in source file rtl/frame_seq.sv
    Info (12023): Found entity 1: frame_seq File: H:/git/PCB_CQmax10/CQmax10/sample/lcd_samegame/rtl/frame_seq.sv Line: 7
Info (12021): Found 1 design units, including 1 entities, in source file rtl/reset_sync.sv
    Info (12023): Found entity 1: reset_sync File: H:/git/PCB_CQmax10/CQmax10/sample/lcd_samegame/rtl/reset_sync.sv Line: 6
Info (12021): Found 1 design units, including 1 entities, in source file rtl/debounce.sv
    Info (12023): Found entity 1: debounce File: H:/git/PCB_CQmax10/CQmax10/sample/lcd_samegame/rtl/debounce.sv Line: 6
Info (12021): Found 1 design units, including 1 entities, in source file logo_flash/synthesis/logo_flash.v
    Info (12023): Found entity 1: logo_flash File: H:/git/PCB_CQmax10/CQmax10/sample/lcd_samegame/logo_flash/synthesis/logo_flash.v Line: 6
Info (12021): Found 7 design units, including 7 entities, in source file logo_flash/synthesis/submodules/altera_onchip_flash_util.v
    Info (12023): Found entity 1: altera_onchip_flash_address_range_check File: H:/git/PCB_CQmax10/CQmax10/sample/lcd_samegame/logo_flash/synthesis/submodules/altera_onchip_flash_util.v Line: 38
    Info (12023): Found entity 2: altera_onchip_flash_address_write_protection_check File: H:/git/PCB_CQmax10/CQmax10/sample/lcd_samegame/logo_flash/synthesis/submodules/altera_onchip_flash_util.v Line: 55
    Info (12023): Found entity 3: altera_onchip_flash_s_address_write_protection_check File: H:/git/PCB_CQmax10/CQmax10/sample/lcd_samegame/logo_flash/synthesis/submodules/altera_onchip_flash_util.v Line: 109
    Info (12023): Found entity 4: altera_onchip_flash_a_address_write_protection_check File: H:/git/PCB_CQmax10/CQmax10/sample/lcd_samegame/logo_flash/synthesis/submodules/altera_onchip_flash_util.v Line: 147
    Info (12023): Found entity 5: altera_onchip_flash_convert_address File: H:/git/PCB_CQmax10/CQmax10/sample/lcd_samegame/logo_flash/synthesis/submodules/altera_onchip_flash_util.v Line: 197
    Info (12023): Found entity 6: altera_onchip_flash_convert_sector File: H:/git/PCB_CQmax10/CQmax10/sample/lcd_samegame/logo_flash/synthesis/submodules/altera_onchip_flash_util.v Line: 219
    Info (12023): Found entity 7: altera_onchip_flash_counter File: H:/git/PCB_CQmax10/CQmax10/sample/lcd_samegame/logo_flash/synthesis/submodules/altera_onchip_flash_util.v Line: 244
Info (12021): Found 1 design units, including 1 entities, in source file logo_flash/synthesis/submodules/altera_onchip_flash.v
    Info (12023): Found entity 1: altera_onchip_flash File: H:/git/PCB_CQmax10/CQmax10/sample/lcd_samegame/logo_flash/synthesis/submodules/altera_onchip_flash.v Line: 38
Info (12021): Found 1 design units, including 1 entities, in source file logo_flash/synthesis/submodules/altera_onchip_flash_avmm_data_controller.v
    Info (12023): Found entity 1: altera_onchip_flash_avmm_data_controller File: H:/git/PCB_CQmax10/CQmax10/sample/lcd_samegame/logo_flash/synthesis/submodules/altera_onchip_flash_avmm_data_controller.v Line: 38
Info (12021): Found 1 design units, including 1 entities, in source file logo_flash/synthesis/submodules/altera_onchip_flash_avmm_csr_controller.v
    Info (12023): Found entity 1: altera_onchip_flash_avmm_csr_controller File: H:/git/PCB_CQmax10/CQmax10/sample/lcd_samegame/logo_flash/synthesis/submodules/altera_onchip_flash_avmm_csr_controller.v Line: 38
Info (12021): Found 1 design units, including 1 entities, in source file logo_flash/synthesis/submodules/rtl/altera_onchip_flash_block.v
    Info (12023): Found entity 1: altera_onchip_flash_block File: H:/git/PCB_CQmax10/CQmax10/sample/lcd_samegame/logo_flash/synthesis/submodules/rtl/altera_onchip_flash_block.v Line: 38
Info (12127): Elaborating entity "samegame_top" for the top level hierarchy
Warning (10036): Verilog HDL or VHDL warning at samegame_top.sv(398): object "unused_boot_beat" assigned a value but never read File: H:/git/PCB_CQmax10/CQmax10/sample/lcd_samegame/rtl/samegame_top.sv Line: 398
Warning (10036): Verilog HDL or VHDL warning at samegame_top.sv(399): object "unused_boot_pix" assigned a value but never read File: H:/git/PCB_CQmax10/CQmax10/sample/lcd_samegame/rtl/samegame_top.sv Line: 399
Warning (10036): Verilog HDL or VHDL warning at samegame_top.sv(403): object "unused_boot_ok" assigned a value but never read File: H:/git/PCB_CQmax10/CQmax10/sample/lcd_samegame/rtl/samegame_top.sv Line: 403
Warning (10036): Verilog HDL or VHDL warning at samegame_top.sv(409): object "unused_pad" assigned a value but never read File: H:/git/PCB_CQmax10/CQmax10/sample/lcd_samegame/rtl/samegame_top.sv Line: 409
Warning (10036): Verilog HDL or VHDL warning at samegame_top.sv(413): object "unused_diag" assigned a value but never read File: H:/git/PCB_CQmax10/CQmax10/sample/lcd_samegame/rtl/samegame_top.sv Line: 413
Warning (10230): Verilog HDL assignment warning at samegame_top.sv(410): truncated value with size 8 to match size of target (1) File: H:/git/PCB_CQmax10/CQmax10/sample/lcd_samegame/rtl/samegame_top.sv Line: 410
Info (12128): Elaborating entity "reset_sync" for hierarchy "reset_sync:u_reset" File: H:/git/PCB_CQmax10/CQmax10/sample/lcd_samegame/rtl/samegame_top.sv Line: 80
Info (12128): Elaborating entity "debounce" for hierarchy "debounce:u_sw1" File: H:/git/PCB_CQmax10/CQmax10/sample/lcd_samegame/rtl/samegame_top.sv Line: 85
Info (12128): Elaborating entity "lcd_ili9341_ctrl" for hierarchy "lcd_ili9341_ctrl:u_lcd" File: H:/git/PCB_CQmax10/CQmax10/sample/lcd_samegame/rtl/samegame_top.sv Line: 116
Info (12128): Elaborating entity "spi_byte_master" for hierarchy "lcd_ili9341_ctrl:u_lcd|spi_byte_master:u_spi" File: H:/git/PCB_CQmax10/CQmax10/sample/lcd_samegame/rtl/lcd_ili9341_ctrl.sv Line: 90
Info (12128): Elaborating entity "frame_seq" for hierarchy "frame_seq:u_fseq" File: H:/git/PCB_CQmax10/CQmax10/sample/lcd_samegame/rtl/samegame_top.sv Line: 126
Info (12128): Elaborating entity "ps2_controller" for hierarchy "ps2_controller:u_pad" File: H:/git/PCB_CQmax10/CQmax10/sample/lcd_samegame/rtl/samegame_top.sv Line: 164
Info (10264): Verilog HDL Case Statement information at ps2_controller.sv(423): all case item expressions in this case statement are onehot File: H:/git/PCB_CQmax10/CQmax10/sample/lcd_samegame/rtl/ps2_controller.sv Line: 423
Info (12128): Elaborating entity "board_memory" for hierarchy "board_memory:u_board" File: H:/git/PCB_CQmax10/CQmax10/sample/lcd_samegame/rtl/samegame_top.sv Line: 190
Warning (10027): Verilog HDL or VHDL warning at the board_memory.sv(72): index expression is not wide enough to address all of the elements in the array File: H:/git/PCB_CQmax10/CQmax10/sample/lcd_samegame/rtl/board_memory.sv Line: 72
Info (12128): Elaborating entity "logo_ram" for hierarchy "logo_ram:u_ram" File: H:/git/PCB_CQmax10/CQmax10/sample/lcd_samegame/rtl/samegame_top.sv Line: 212
Info (12128): Elaborating entity "ufm_bootloader" for hierarchy "ufm_bootloader:u_boot" File: H:/git/PCB_CQmax10/CQmax10/sample/lcd_samegame/rtl/samegame_top.sv Line: 244
Info (12128): Elaborating entity "logo_flash" for hierarchy "logo_flash:u_ufm" File: H:/git/PCB_CQmax10/CQmax10/sample/lcd_samegame/rtl/samegame_top.sv Line: 262
Info (12128): Elaborating entity "altera_onchip_flash" for hierarchy "logo_flash:u_ufm|altera_onchip_flash:ufm" File: H:/git/PCB_CQmax10/CQmax10/sample/lcd_samegame/logo_flash/synthesis/logo_flash.v Line: 87
Info (12128): Elaborating entity "altera_onchip_flash_avmm_csr_controller" for hierarchy "logo_flash:u_ufm|altera_onchip_flash:ufm|altera_onchip_flash_avmm_csr_controller:avmm_csr_controller" File: H:/git/PCB_CQmax10/CQmax10/sample/lcd_samegame/logo_flash/synthesis/submodules/altera_onchip_flash.v Line: 203
Info (12128): Elaborating entity "altera_onchip_flash_avmm_data_controller" for hierarchy "logo_flash:u_ufm|altera_onchip_flash:ufm|altera_onchip_flash_avmm_data_controller:avmm_data_controller" File: H:/git/PCB_CQmax10/CQmax10/sample/lcd_samegame/logo_flash/synthesis/submodules/altera_onchip_flash.v Line: 282
Info (12128): Elaborating entity "altera_std_synchronizer" for hierarchy "logo_flash:u_ufm|altera_onchip_flash:ufm|altera_onchip_flash_avmm_data_controller:avmm_data_controller|altera_std_synchronizer:stdsync_busy" File: H:/git/PCB_CQmax10/CQmax10/sample/lcd_samegame/logo_flash/synthesis/submodules/altera_onchip_flash_avmm_data_controller.v Line: 569
Info (12130): Elaborated megafunction instantiation "logo_flash:u_ufm|altera_onchip_flash:ufm|altera_onchip_flash_avmm_data_controller:avmm_data_controller|altera_std_synchronizer:stdsync_busy" File: H:/git/PCB_CQmax10/CQmax10/sample/lcd_samegame/logo_flash/synthesis/submodules/altera_onchip_flash_avmm_data_controller.v Line: 569
Info (12133): Instantiated megafunction "logo_flash:u_ufm|altera_onchip_flash:ufm|altera_onchip_flash_avmm_data_controller:avmm_data_controller|altera_std_synchronizer:stdsync_busy" with the following parameter: File: H:/git/PCB_CQmax10/CQmax10/sample/lcd_samegame/logo_flash/synthesis/submodules/altera_onchip_flash_avmm_data_controller.v Line: 569
    Info (12134): Parameter "depth" = "2"
Info (12128): Elaborating entity "lpm_shiftreg" for hierarchy "logo_flash:u_ufm|altera_onchip_flash:ufm|altera_onchip_flash_avmm_data_controller:avmm_data_controller|lpm_shiftreg:ufm_data_shiftreg" File: H:/git/PCB_CQmax10/CQmax10/sample/lcd_samegame/logo_flash/synthesis/submodules/altera_onchip_flash_avmm_data_controller.v Line: 1182
Info (12130): Elaborated megafunction instantiation "logo_flash:u_ufm|altera_onchip_flash:ufm|altera_onchip_flash_avmm_data_controller:avmm_data_controller|lpm_shiftreg:ufm_data_shiftreg" File: H:/git/PCB_CQmax10/CQmax10/sample/lcd_samegame/logo_flash/synthesis/submodules/altera_onchip_flash_avmm_data_controller.v Line: 1182
Info (12133): Instantiated megafunction "logo_flash:u_ufm|altera_onchip_flash:ufm|altera_onchip_flash_avmm_data_controller:avmm_data_controller|lpm_shiftreg:ufm_data_shiftreg" with the following parameter: File: H:/git/PCB_CQmax10/CQmax10/sample/lcd_samegame/logo_flash/synthesis/submodules/altera_onchip_flash_avmm_data_controller.v Line: 1182
    Info (12134): Parameter "lpm_type" = "LPM_SHIFTREG"
    Info (12134): Parameter "lpm_width" = "32"
    Info (12134): Parameter "lpm_direction" = "LEFT"
Info (12128): Elaborating entity "altera_onchip_flash_address_range_check" for hierarchy "logo_flash:u_ufm|altera_onchip_flash:ufm|altera_onchip_flash_avmm_data_controller:avmm_data_controller|altera_onchip_flash_address_range_check:address_range_checker" File: H:/git/PCB_CQmax10/CQmax10/sample/lcd_samegame/logo_flash/synthesis/submodules/altera_onchip_flash_avmm_data_controller.v Line: 1192
Info (12128): Elaborating entity "altera_onchip_flash_convert_address" for hierarchy "logo_flash:u_ufm|altera_onchip_flash:ufm|altera_onchip_flash_avmm_data_controller:avmm_data_controller|altera_onchip_flash_convert_address:address_convertor" File: H:/git/PCB_CQmax10/CQmax10/sample/lcd_samegame/logo_flash/synthesis/submodules/altera_onchip_flash_avmm_data_controller.v Line: 1203
Info (12128): Elaborating entity "altera_onchip_flash_a_address_write_protection_check" for hierarchy "logo_flash:u_ufm|altera_onchip_flash:ufm|altera_onchip_flash_avmm_data_controller:avmm_data_controller|altera_onchip_flash_a_address_write_protection_check:access_address_write_protection_checker" File: H:/git/PCB_CQmax10/CQmax10/sample/lcd_samegame/logo_flash/synthesis/submodules/altera_onchip_flash_avmm_data_controller.v Line: 1245
Info (12128): Elaborating entity "altera_onchip_flash_s_address_write_protection_check" for hierarchy "logo_flash:u_ufm|altera_onchip_flash:ufm|altera_onchip_flash_avmm_data_controller:avmm_data_controller|altera_onchip_flash_s_address_write_protection_check:sector_address_write_protection_checker" File: H:/git/PCB_CQmax10/CQmax10/sample/lcd_samegame/logo_flash/synthesis/submodules/altera_onchip_flash_avmm_data_controller.v Line: 1255
Info (12128): Elaborating entity "altera_onchip_flash_convert_sector" for hierarchy "logo_flash:u_ufm|altera_onchip_flash:ufm|altera_onchip_flash_avmm_data_controller:avmm_data_controller|altera_onchip_flash_convert_sector:sector_convertor" File: H:/git/PCB_CQmax10/CQmax10/sample/lcd_samegame/logo_flash/synthesis/submodules/altera_onchip_flash_avmm_data_controller.v Line: 1266
Info (12128): Elaborating entity "altera_onchip_flash_block" for hierarchy "logo_flash:u_ufm|altera_onchip_flash:ufm|altera_onchip_flash_block:altera_onchip_flash_block" File: H:/git/PCB_CQmax10/CQmax10/sample/lcd_samegame/logo_flash/synthesis/submodules/altera_onchip_flash.v Line: 327
Info (12128): Elaborating entity "game_fsm" for hierarchy "game_fsm:u_game" File: H:/git/PCB_CQmax10/CQmax10/sample/lcd_samegame/rtl/samegame_top.sv Line: 299
Warning (10036): Verilog HDL or VHDL warning at game_fsm.sv(133): object "fall_frame" assigned a value but never read File: H:/git/PCB_CQmax10/CQmax10/sample/lcd_samegame/rtl/game_fsm.sv Line: 133
Warning (10036): Verilog HDL or VHDL warning at game_fsm.sv(133): object "shift_frame" assigned a value but never read File: H:/git/PCB_CQmax10/CQmax10/sample/lcd_samegame/rtl/game_fsm.sv Line: 133
Info (10264): Verilog HDL Case Statement information at game_fsm.sv(537): all case item expressions in this case statement are onehot File: H:/git/PCB_CQmax10/CQmax10/sample/lcd_samegame/rtl/game_fsm.sv Line: 537
Info (12128): Elaborating entity "rng_generator" for hierarchy "game_fsm:u_game|rng_generator:u_rng" File: H:/git/PCB_CQmax10/CQmax10/sample/lcd_samegame/rtl/game_fsm.sv Line: 119
Info (12128): Elaborating entity "floodfill_engine" for hierarchy "game_fsm:u_game|floodfill_engine:u_ff" File: H:/git/PCB_CQmax10/CQmax10/sample/lcd_samegame/rtl/game_fsm.sv Line: 171
Warning (10230): Verilog HDL assignment warning at floodfill_engine.sv(89): truncated value with size 32 to match size of target (8) File: H:/git/PCB_CQmax10/CQmax10/sample/lcd_samegame/rtl/floodfill_engine.sv Line: 89
Warning (10230): Verilog HDL assignment warning at floodfill_engine.sv(96): truncated value with size 32 to match size of target (8) File: H:/git/PCB_CQmax10/CQmax10/sample/lcd_samegame/rtl/floodfill_engine.sv Line: 96
Warning (10230): Verilog HDL assignment warning at floodfill_engine.sv(120): truncated value with size 32 to match size of target (8) File: H:/git/PCB_CQmax10/CQmax10/sample/lcd_samegame/rtl/floodfill_engine.sv Line: 120
Info (12128): Elaborating entity "erase_engine" for hierarchy "game_fsm:u_game|erase_engine:u_erase" File: H:/git/PCB_CQmax10/CQmax10/sample/lcd_samegame/rtl/game_fsm.sv Line: 201
Info (12128): Elaborating entity "gravity_engine" for hierarchy "game_fsm:u_game|gravity_engine:u_grav" File: H:/git/PCB_CQmax10/CQmax10/sample/lcd_samegame/rtl/game_fsm.sv Line: 218
Warning (10230): Verilog HDL assignment warning at gravity_engine.sv(116): truncated value with size 32 to match size of target (8) File: H:/git/PCB_CQmax10/CQmax10/sample/lcd_samegame/rtl/gravity_engine.sv Line: 116
Warning (10230): Verilog HDL assignment warning at gravity_engine.sv(130): truncated value with size 32 to match size of target (8) File: H:/git/PCB_CQmax10/CQmax10/sample/lcd_samegame/rtl/gravity_engine.sv Line: 130
Info (12128): Elaborating entity "column_shift_engine" for hierarchy "game_fsm:u_game|column_shift_engine:u_shift" File: H:/git/PCB_CQmax10/CQmax10/sample/lcd_samegame/rtl/game_fsm.sv Line: 237
Warning (10230): Verilog HDL assignment warning at column_shift_engine.sv(144): truncated value with size 32 to match size of target (8) File: H:/git/PCB_CQmax10/CQmax10/sample/lcd_samegame/rtl/column_shift_engine.sv Line: 144
Warning (10230): Verilog HDL assignment warning at column_shift_engine.sv(174): truncated value with size 32 to match size of target (8) File: H:/git/PCB_CQmax10/CQmax10/sample/lcd_samegame/rtl/column_shift_engine.sv Line: 174
Info (12128): Elaborating entity "score_manager" for hierarchy "game_fsm:u_game|score_manager:u_score" File: H:/git/PCB_CQmax10/CQmax10/sample/lcd_samegame/rtl/game_fsm.sv Line: 245
Info (12128): Elaborating entity "lcd_renderer" for hierarchy "lcd_renderer:u_render" File: H:/git/PCB_CQmax10/CQmax10/sample/lcd_samegame/rtl/samegame_top.sv Line: 319
Warning (10230): Verilog HDL assignment warning at lcd_renderer.sv(183): truncated value with size 9 to match size of target (5) File: H:/git/PCB_CQmax10/CQmax10/sample/lcd_samegame/rtl/lcd_renderer.sv Line: 183
Warning (10230): Verilog HDL assignment warning at lcd_renderer.sv(184): truncated value with size 8 to match size of target (5) File: H:/git/PCB_CQmax10/CQmax10/sample/lcd_samegame/rtl/lcd_renderer.sv Line: 184
Warning (10230): Verilog HDL assignment warning at lcd_renderer.sv(265): truncated value with size 32 to match size of target (8) File: H:/git/PCB_CQmax10/CQmax10/sample/lcd_samegame/rtl/lcd_renderer.sv Line: 265
Warning (10230): Verilog HDL assignment warning at lcd_renderer.sv(304): truncated value with size 32 to match size of target (8) File: H:/git/PCB_CQmax10/CQmax10/sample/lcd_samegame/rtl/lcd_renderer.sv Line: 304
Warning (10230): Verilog HDL assignment warning at lcd_renderer.sv(324): truncated value with size 32 to match size of target (8) File: H:/git/PCB_CQmax10/CQmax10/sample/lcd_samegame/rtl/lcd_renderer.sv Line: 324
Warning (10230): Verilog HDL assignment warning at lcd_renderer.sv(371): truncated value with size 32 to match size of target (8) File: H:/git/PCB_CQmax10/CQmax10/sample/lcd_samegame/rtl/lcd_renderer.sv Line: 371
Warning (10230): Verilog HDL assignment warning at lcd_renderer.sv(372): truncated value with size 32 to match size of target (8) File: H:/git/PCB_CQmax10/CQmax10/sample/lcd_samegame/rtl/lcd_renderer.sv Line: 372
Warning (276020): Inferred RAM node "game_fsm:u_game|floodfill_engine:u_ff|fifo_mem_rtl_0" from synchronous design logic.  Pass-through logic has been added to match the read-during-write behavior of the original design.
Info (276014): Found 2 instances of uninferred RAM logic
    Info (276007): RAM logic "game_fsm:u_game|column_shift_engine:u_shift|cols" is uninferred due to asynchronous read logic File: H:/git/PCB_CQmax10/CQmax10/sample/lcd_samegame/rtl/column_shift_engine.sv Line: 70
    Info (276004): RAM logic "game_fsm:u_game|column_shift_engine:u_shift|target" is uninferred due to inappropriate RAM size File: H:/git/PCB_CQmax10/CQmax10/sample/lcd_samegame/rtl/column_shift_engine.sv Line: 71
Info (19000): Inferred 2 megafunctions from design logic
    Info (276029): Inferred altsyncram megafunction from the following design logic: "game_fsm:u_game|floodfill_engine:u_ff|fifo_mem_rtl_0" 
        Info (286033): Parameter OPERATION_MODE set to DUAL_PORT
        Info (286033): Parameter WIDTH_A set to 8
        Info (286033): Parameter WIDTHAD_A set to 8
        Info (286033): Parameter NUMWORDS_A set to 256
        Info (286033): Parameter WIDTH_B set to 8
        Info (286033): Parameter WIDTHAD_B set to 8
        Info (286033): Parameter NUMWORDS_B set to 256
        Info (286033): Parameter ADDRESS_ACLR_A set to NONE
        Info (286033): Parameter OUTDATA_REG_B set to UNREGISTERED
        Info (286033): Parameter ADDRESS_ACLR_B set to NONE
        Info (286033): Parameter OUTDATA_ACLR_B set to NONE
        Info (286033): Parameter ADDRESS_REG_B set to CLOCK0
        Info (286033): Parameter INDATA_ACLR_A set to NONE
        Info (286033): Parameter WRCONTROL_ACLR_A set to NONE
    Info (276029): Inferred altsyncram megafunction from the following design logic: "logo_ram:u_ram|mem_rtl_0" 
        Info (286033): Parameter OPERATION_MODE set to DUAL_PORT
        Info (286033): Parameter WIDTH_A set to 16
        Info (286033): Parameter WIDTHAD_A set to 11
        Info (286033): Parameter NUMWORDS_A set to 2048
        Info (286033): Parameter WIDTH_B set to 16
        Info (286033): Parameter WIDTHAD_B set to 11
        Info (286033): Parameter NUMWORDS_B set to 2048
        Info (286033): Parameter ADDRESS_ACLR_A set to NONE
        Info (286033): Parameter OUTDATA_REG_B set to UNREGISTERED
        Info (286033): Parameter ADDRESS_ACLR_B set to NONE
        Info (286033): Parameter OUTDATA_ACLR_B set to NONE
        Info (286033): Parameter ADDRESS_REG_B set to CLOCK0
        Info (286033): Parameter INDATA_ACLR_A set to NONE
        Info (286033): Parameter WRCONTROL_ACLR_A set to NONE
        Info (286033): Parameter READ_DURING_WRITE_MODE_MIXED_PORTS set to OLD_DATA
Info (278001): Inferred 5 megafunctions from design logic
    Info (278003): Inferred multiplier megafunction ("lpm_mult") from the following logic: "lcd_ili9341_ctrl:u_lcd|Mult0" File: H:/git/PCB_CQmax10/CQmax10/sample/lcd_samegame/rtl/lcd_ili9341_ctrl.sv Line: 230
    Info (278003): Inferred multiplier megafunction ("lpm_mult") from the following logic: "game_fsm:u_game|score_manager:u_score|Mult0" File: H:/git/PCB_CQmax10/CQmax10/sample/lcd_samegame/rtl/score_manager.sv Line: 22
    Info (278003): Inferred multiplier megafunction ("lpm_mult") from the following logic: "lcd_renderer:u_render|Mult0" File: H:/git/PCB_CQmax10/CQmax10/sample/lcd_samegame/rtl/lcd_renderer.sv Line: 179
    Info (278003): Inferred multiplier megafunction ("lpm_mult") from the following logic: "lcd_renderer:u_render|Mult2" File: H:/git/PCB_CQmax10/CQmax10/sample/lcd_samegame/rtl/lcd_renderer.sv Line: 435
    Info (278003): Inferred multiplier megafunction ("lpm_mult") from the following logic: "lcd_renderer:u_render|Mult1" File: H:/git/PCB_CQmax10/CQmax10/sample/lcd_samegame/rtl/lcd_renderer.sv Line: 180
Info (12130): Elaborated megafunction instantiation "game_fsm:u_game|floodfill_engine:u_ff|altsyncram:fifo_mem_rtl_0"
Info (12133): Instantiated megafunction "game_fsm:u_game|floodfill_engine:u_ff|altsyncram:fifo_mem_rtl_0" with the following parameter:
    Info (12134): Parameter "OPERATION_MODE" = "DUAL_PORT"
    Info (12134): Parameter "WIDTH_A" = "8"
    Info (12134): Parameter "WIDTHAD_A" = "8"
    Info (12134): Parameter "NUMWORDS_A" = "256"
    Info (12134): Parameter "WIDTH_B" = "8"
    Info (12134): Parameter "WIDTHAD_B" = "8"
    Info (12134): Parameter "NUMWORDS_B" = "256"
    Info (12134): Parameter "ADDRESS_ACLR_A" = "NONE"
    Info (12134): Parameter "OUTDATA_REG_B" = "UNREGISTERED"
    Info (12134): Parameter "ADDRESS_ACLR_B" = "NONE"
    Info (12134): Parameter "OUTDATA_ACLR_B" = "NONE"
    Info (12134): Parameter "ADDRESS_REG_B" = "CLOCK0"
    Info (12134): Parameter "INDATA_ACLR_A" = "NONE"
    Info (12134): Parameter "WRCONTROL_ACLR_A" = "NONE"
Info (12021): Found 1 design units, including 1 entities, in source file db/altsyncram_8ob1.tdf
    Info (12023): Found entity 1: altsyncram_8ob1 File: H:/git/PCB_CQmax10/CQmax10/sample/lcd_samegame/db/altsyncram_8ob1.tdf Line: 28
Info (12130): Elaborated megafunction instantiation "logo_ram:u_ram|altsyncram:mem_rtl_0"
Info (12133): Instantiated megafunction "logo_ram:u_ram|altsyncram:mem_rtl_0" with the following parameter:
    Info (12134): Parameter "OPERATION_MODE" = "DUAL_PORT"
    Info (12134): Parameter "WIDTH_A" = "16"
    Info (12134): Parameter "WIDTHAD_A" = "11"
    Info (12134): Parameter "NUMWORDS_A" = "2048"
    Info (12134): Parameter "WIDTH_B" = "16"
    Info (12134): Parameter "WIDTHAD_B" = "11"
    Info (12134): Parameter "NUMWORDS_B" = "2048"
    Info (12134): Parameter "ADDRESS_ACLR_A" = "NONE"
    Info (12134): Parameter "OUTDATA_REG_B" = "UNREGISTERED"
    Info (12134): Parameter "ADDRESS_ACLR_B" = "NONE"
    Info (12134): Parameter "OUTDATA_ACLR_B" = "NONE"
    Info (12134): Parameter "ADDRESS_REG_B" = "CLOCK0"
    Info (12134): Parameter "INDATA_ACLR_A" = "NONE"
    Info (12134): Parameter "WRCONTROL_ACLR_A" = "NONE"
    Info (12134): Parameter "READ_DURING_WRITE_MODE_MIXED_PORTS" = "OLD_DATA"
Info (12021): Found 1 design units, including 1 entities, in source file db/altsyncram_kgg1.tdf
    Info (12023): Found entity 1: altsyncram_kgg1 File: H:/git/PCB_CQmax10/CQmax10/sample/lcd_samegame/db/altsyncram_kgg1.tdf Line: 28
Info (12130): Elaborated megafunction instantiation "lcd_ili9341_ctrl:u_lcd|lpm_mult:Mult0" File: H:/git/PCB_CQmax10/CQmax10/sample/lcd_samegame/rtl/lcd_ili9341_ctrl.sv Line: 230
Info (12133): Instantiated megafunction "lcd_ili9341_ctrl:u_lcd|lpm_mult:Mult0" with the following parameter: File: H:/git/PCB_CQmax10/CQmax10/sample/lcd_samegame/rtl/lcd_ili9341_ctrl.sv Line: 230
    Info (12134): Parameter "LPM_WIDTHA" = "8"
    Info (12134): Parameter "LPM_WIDTHB" = "16"
    Info (12134): Parameter "LPM_WIDTHP" = "24"
    Info (12134): Parameter "LPM_WIDTHR" = "24"
    Info (12134): Parameter "LPM_WIDTHS" = "1"
    Info (12134): Parameter "LPM_REPRESENTATION" = "UNSIGNED"
    Info (12134): Parameter "INPUT_A_IS_CONSTANT" = "NO"
    Info (12134): Parameter "INPUT_B_IS_CONSTANT" = "YES"
    Info (12134): Parameter "MAXIMIZE_SPEED" = "6"
Info (12131): Elaborated megafunction instantiation "lcd_ili9341_ctrl:u_lcd|lpm_mult:Mult0|multcore:mult_core", which is child of megafunction instantiation "lcd_ili9341_ctrl:u_lcd|lpm_mult:Mult0" File: h:/altera_lite/25.1std/quartus/libraries/megafunctions/lpm_mult.tdf Line: 309
Info (12131): Elaborated megafunction instantiation "lcd_ili9341_ctrl:u_lcd|lpm_mult:Mult0|multcore:mult_core|mpar_add:padder", which is child of megafunction instantiation "lcd_ili9341_ctrl:u_lcd|lpm_mult:Mult0" File: h:/altera_lite/25.1std/quartus/libraries/megafunctions/multcore.tdf Line: 229
Info (12131): Elaborated megafunction instantiation "lcd_ili9341_ctrl:u_lcd|lpm_mult:Mult0|multcore:mult_core|mpar_add:padder|lpm_add_sub:adder[0]", which is child of megafunction instantiation "lcd_ili9341_ctrl:u_lcd|lpm_mult:Mult0" File: h:/altera_lite/25.1std/quartus/libraries/megafunctions/mpar_add.tdf Line: 78
Info (12021): Found 1 design units, including 1 entities, in source file db/add_sub_arg.tdf
    Info (12023): Found entity 1: add_sub_arg File: H:/git/PCB_CQmax10/CQmax10/sample/lcd_samegame/db/add_sub_arg.tdf Line: 23
Info (12131): Elaborated megafunction instantiation "lcd_ili9341_ctrl:u_lcd|lpm_mult:Mult0|altshift:external_latency_ffs", which is child of megafunction instantiation "lcd_ili9341_ctrl:u_lcd|lpm_mult:Mult0" File: h:/altera_lite/25.1std/quartus/libraries/megafunctions/lpm_mult.tdf Line: 352
Info (12130): Elaborated megafunction instantiation "game_fsm:u_game|score_manager:u_score|lpm_mult:Mult0" File: H:/git/PCB_CQmax10/CQmax10/sample/lcd_samegame/rtl/score_manager.sv Line: 22
Info (12133): Instantiated megafunction "game_fsm:u_game|score_manager:u_score|lpm_mult:Mult0" with the following parameter: File: H:/git/PCB_CQmax10/CQmax10/sample/lcd_samegame/rtl/score_manager.sv Line: 22
    Info (12134): Parameter "LPM_WIDTHA" = "8"
    Info (12134): Parameter "LPM_WIDTHB" = "8"
    Info (12134): Parameter "LPM_WIDTHP" = "16"
    Info (12134): Parameter "LPM_WIDTHR" = "16"
    Info (12134): Parameter "LPM_WIDTHS" = "1"
    Info (12134): Parameter "LPM_REPRESENTATION" = "UNSIGNED"
    Info (12134): Parameter "INPUT_A_IS_CONSTANT" = "NO"
    Info (12134): Parameter "INPUT_B_IS_CONSTANT" = "NO"
    Info (12134): Parameter "MAXIMIZE_SPEED" = "5"
Info (12021): Found 1 design units, including 1 entities, in source file db/mult_0ls.tdf
    Info (12023): Found entity 1: mult_0ls File: H:/git/PCB_CQmax10/CQmax10/sample/lcd_samegame/db/mult_0ls.tdf Line: 29
Info (12130): Elaborated megafunction instantiation "lcd_renderer:u_render|lpm_mult:Mult0" File: H:/git/PCB_CQmax10/CQmax10/sample/lcd_samegame/rtl/lcd_renderer.sv Line: 179
Info (12133): Instantiated megafunction "lcd_renderer:u_render|lpm_mult:Mult0" with the following parameter: File: H:/git/PCB_CQmax10/CQmax10/sample/lcd_samegame/rtl/lcd_renderer.sv Line: 179
    Info (12134): Parameter "LPM_WIDTHA" = "9"
    Info (12134): Parameter "LPM_WIDTHB" = "9"
    Info (12134): Parameter "LPM_WIDTHP" = "18"
    Info (12134): Parameter "LPM_WIDTHR" = "18"
    Info (12134): Parameter "LPM_WIDTHS" = "1"
    Info (12134): Parameter "LPM_REPRESENTATION" = "UNSIGNED"
    Info (12134): Parameter "INPUT_A_IS_CONSTANT" = "NO"
    Info (12134): Parameter "INPUT_B_IS_CONSTANT" = "YES"
    Info (12134): Parameter "MAXIMIZE_SPEED" = "5"
Info (12131): Elaborated megafunction instantiation "lcd_renderer:u_render|lpm_mult:Mult0|multcore:mult_core", which is child of megafunction instantiation "lcd_renderer:u_render|lpm_mult:Mult0" File: h:/altera_lite/25.1std/quartus/libraries/megafunctions/lpm_mult.tdf Line: 309
Info (12131): Elaborated megafunction instantiation "lcd_renderer:u_render|lpm_mult:Mult0|multcore:mult_core|mpar_add:padder", which is child of megafunction instantiation "lcd_renderer:u_render|lpm_mult:Mult0" File: h:/altera_lite/25.1std/quartus/libraries/megafunctions/multcore.tdf Line: 229
Info (12131): Elaborated megafunction instantiation "lcd_renderer:u_render|lpm_mult:Mult0|multcore:mult_core|mpar_add:padder|lpm_add_sub:adder[0]", which is child of megafunction instantiation "lcd_renderer:u_render|lpm_mult:Mult0" File: h:/altera_lite/25.1std/quartus/libraries/megafunctions/mpar_add.tdf Line: 78
Info (12021): Found 1 design units, including 1 entities, in source file db/add_sub_crg.tdf
    Info (12023): Found entity 1: add_sub_crg File: H:/git/PCB_CQmax10/CQmax10/sample/lcd_samegame/db/add_sub_crg.tdf Line: 23
Info (12131): Elaborated megafunction instantiation "lcd_renderer:u_render|lpm_mult:Mult0|multcore:mult_core|mpar_add:padder|mpar_add:sub_par_add", which is child of megafunction instantiation "lcd_renderer:u_render|lpm_mult:Mult0" File: h:/altera_lite/25.1std/quartus/libraries/megafunctions/mpar_add.tdf Line: 138
Info (12131): Elaborated megafunction instantiation "lcd_renderer:u_render|lpm_mult:Mult0|multcore:mult_core|mpar_add:padder|mpar_add:sub_par_add|lpm_add_sub:adder[0]", which is child of megafunction instantiation "lcd_renderer:u_render|lpm_mult:Mult0" File: h:/altera_lite/25.1std/quartus/libraries/megafunctions/mpar_add.tdf Line: 78
Info (12021): Found 1 design units, including 1 entities, in source file db/add_sub_grg.tdf
    Info (12023): Found entity 1: add_sub_grg File: H:/git/PCB_CQmax10/CQmax10/sample/lcd_samegame/db/add_sub_grg.tdf Line: 23
Info (12131): Elaborated megafunction instantiation "lcd_renderer:u_render|lpm_mult:Mult0|altshift:external_latency_ffs", which is child of megafunction instantiation "lcd_renderer:u_render|lpm_mult:Mult0" File: h:/altera_lite/25.1std/quartus/libraries/megafunctions/lpm_mult.tdf Line: 352
Info (12130): Elaborated megafunction instantiation "lcd_renderer:u_render|lpm_mult:Mult2" File: H:/git/PCB_CQmax10/CQmax10/sample/lcd_samegame/rtl/lcd_renderer.sv Line: 435
Info (12133): Instantiated megafunction "lcd_renderer:u_render|lpm_mult:Mult2" with the following parameter: File: H:/git/PCB_CQmax10/CQmax10/sample/lcd_samegame/rtl/lcd_renderer.sv Line: 435
    Info (12134): Parameter "LPM_WIDTHA" = "3"
    Info (12134): Parameter "LPM_WIDTHB" = "9"
    Info (12134): Parameter "LPM_WIDTHP" = "12"
    Info (12134): Parameter "LPM_WIDTHR" = "12"
    Info (12134): Parameter "LPM_WIDTHS" = "1"
    Info (12134): Parameter "LPM_REPRESENTATION" = "UNSIGNED"
    Info (12134): Parameter "INPUT_A_IS_CONSTANT" = "NO"
    Info (12134): Parameter "INPUT_B_IS_CONSTANT" = "YES"
    Info (12134): Parameter "MAXIMIZE_SPEED" = "5"
Info (12131): Elaborated megafunction instantiation "lcd_renderer:u_render|lpm_mult:Mult2|multcore:mult_core", which is child of megafunction instantiation "lcd_renderer:u_render|lpm_mult:Mult2" File: h:/altera_lite/25.1std/quartus/libraries/megafunctions/lpm_mult.tdf Line: 309
Info (12131): Elaborated megafunction instantiation "lcd_renderer:u_render|lpm_mult:Mult2|multcore:mult_core|mpar_add:padder", which is child of megafunction instantiation "lcd_renderer:u_render|lpm_mult:Mult2" File: h:/altera_lite/25.1std/quartus/libraries/megafunctions/multcore.tdf Line: 229
Info (12131): Elaborated megafunction instantiation "lcd_renderer:u_render|lpm_mult:Mult2|altshift:external_latency_ffs", which is child of megafunction instantiation "lcd_renderer:u_render|lpm_mult:Mult2" File: h:/altera_lite/25.1std/quartus/libraries/megafunctions/lpm_mult.tdf Line: 352
Info (12130): Elaborated megafunction instantiation "lcd_renderer:u_render|lpm_mult:Mult1" File: H:/git/PCB_CQmax10/CQmax10/sample/lcd_samegame/rtl/lcd_renderer.sv Line: 180
Info (12133): Instantiated megafunction "lcd_renderer:u_render|lpm_mult:Mult1" with the following parameter: File: H:/git/PCB_CQmax10/CQmax10/sample/lcd_samegame/rtl/lcd_renderer.sv Line: 180
    Info (12134): Parameter "LPM_WIDTHA" = "8"
    Info (12134): Parameter "LPM_WIDTHB" = "9"
    Info (12134): Parameter "LPM_WIDTHP" = "17"
    Info (12134): Parameter "LPM_WIDTHR" = "17"
    Info (12134): Parameter "LPM_WIDTHS" = "1"
    Info (12134): Parameter "LPM_REPRESENTATION" = "UNSIGNED"
    Info (12134): Parameter "INPUT_A_IS_CONSTANT" = "NO"
    Info (12134): Parameter "INPUT_B_IS_CONSTANT" = "YES"
    Info (12134): Parameter "MAXIMIZE_SPEED" = "5"
Info (12131): Elaborated megafunction instantiation "lcd_renderer:u_render|lpm_mult:Mult1|multcore:mult_core", which is child of megafunction instantiation "lcd_renderer:u_render|lpm_mult:Mult1" File: h:/altera_lite/25.1std/quartus/libraries/megafunctions/lpm_mult.tdf Line: 309
Info (12131): Elaborated megafunction instantiation "lcd_renderer:u_render|lpm_mult:Mult1|multcore:mult_core|mpar_add:padder", which is child of megafunction instantiation "lcd_renderer:u_render|lpm_mult:Mult1" File: h:/altera_lite/25.1std/quartus/libraries/megafunctions/multcore.tdf Line: 229
Info (12131): Elaborated megafunction instantiation "lcd_renderer:u_render|lpm_mult:Mult1|altshift:external_latency_ffs", which is child of megafunction instantiation "lcd_renderer:u_render|lpm_mult:Mult1" File: h:/altera_lite/25.1std/quartus/libraries/megafunctions/lpm_mult.tdf Line: 352
Info (286030): Timing-Driven Synthesis is running
Info (17049): 58 registers lost all their fanouts during netlist optimizations.
Info (144001): Generated suppressed messages file H:/git/PCB_CQmax10/CQmax10/sample/lcd_samegame/output_files/lcd_game.map.smsg
Info (16010): Generating hard_block partition "hard_block:auto_generated_inst"
    Info (16011): Adding 0 node(s), including 0 DDIO, 0 PLL, 0 transceiver and 0 LCELL
Warning (21074): Design contains 2 input pin(s) that do not drive logic
    Warning (15610): No output dependent on input pin "sw1" File: H:/git/PCB_CQmax10/CQmax10/sample/lcd_samegame/rtl/samegame_top.sv Line: 50
    Warning (15610): No output dependent on input pin "sw2" File: H:/git/PCB_CQmax10/CQmax10/sample/lcd_samegame/rtl/samegame_top.sv Line: 51
Info (21057): Implemented 8126 device resources after synthesis - the final resource count might be different
    Info (21058): Implemented 5 input pins
    Info (21059): Implemented 12 output pins
    Info (21061): Implemented 8083 logic cells
    Info (21064): Implemented 24 RAM segments
    Info (21062): Implemented 1 DSP elements
    Info (21070): Implemented 1 User Flash Memory blocks
Info: Quartus Prime Analysis & Synthesis was successful. 0 errors, 27 warnings
    Info: Peak virtual memory: 4922 megabytes
    Info: Processing ended: Sun Sep 27 01:49:20 2026
    Info: Elapsed time: 00:00:37
    Info: Total CPU time (on all processors): 00:00:51


+------------------------------------------+
; Analysis & Synthesis Suppressed Messages ;
+------------------------------------------+
The suppressed messages can be found in H:/git/PCB_CQmax10/CQmax10/sample/lcd_samegame/output_files/lcd_game.map.smsg.


