Analysis & Synthesis report for lcd_game
Sat Sep 26 01:25:31 2026
Quartus Prime Version 25.1std.0 Build 1129 10/21/2025 SC Lite Edition


---------------------
; Table of Contents ;
---------------------
  1. Legal Notice
  2. Analysis & Synthesis Summary
  3. Analysis & Synthesis Settings
  4. Parallel Compilation
  5. Analysis & Synthesis Source Files Read
  6. Analysis & Synthesis Resource Usage Summary
  7. Analysis & Synthesis Resource Utilization by Entity
  8. Analysis & Synthesis RAM Summary
  9. Analysis & Synthesis DSP Block Usage Summary
 10. State Machine - |lcd_test_top|init_state
 11. State Machine - |lcd_test_top|game_ctrl:u_game|state
 12. State Machine - |lcd_test_top|dot_field:u_dots|state
 13. State Machine - |lcd_test_top|line_draw:u_line|state
 14. State Machine - |lcd_test_top|lcd_ili9341_ctrl:u_lcd|state
 15. State Machine - |lcd_test_top|lcd_ili9341_ctrl:u_lcd|spi_byte_master:u_spi|state
 16. Registers Removed During Synthesis
 17. Removed Registers Triggering Further Register Optimizations
 18. General Register Statistics
 19. Registers Packed Into Inferred Megafunctions
 20. Multiplexer Restructuring Statistics (Restructuring Performed)
 21. Source assignments for framebuffer:u_fb|altsyncram:mem_rtl_0|altsyncram_7sd1:auto_generated
 22. Parameter Settings for User Entity Instance: Top-level Entity: |lcd_test_top
 23. Parameter Settings for User Entity Instance: reset_sync:u_reset
 24. Parameter Settings for User Entity Instance: debounce:u_debounce
 25. Parameter Settings for User Entity Instance: framebuffer:u_fb
 26. Parameter Settings for User Entity Instance: lcd_ili9341_ctrl:u_lcd
 27. Parameter Settings for User Entity Instance: lcd_ili9341_ctrl:u_lcd|spi_byte_master:u_spi
 28. Parameter Settings for User Entity Instance: line_draw:u_line
 29. Parameter Settings for User Entity Instance: dot_field:u_dots
 30. Parameter Settings for User Entity Instance: game_ctrl:u_game
 31. Parameter Settings for Inferred Entity Instance: framebuffer:u_fb|altsyncram:mem_rtl_0
 32. Parameter Settings for Inferred Entity Instance: lcd_ili9341_ctrl:u_lcd|lpm_mult:Mult0
 33. Parameter Settings for Inferred Entity Instance: lcd_ili9341_ctrl:u_lcd|lpm_mult:Mult1
 34. altsyncram Parameter Settings by Entity Instance
 35. lpm_mult Parameter Settings by Entity Instance
 36. Port Connectivity Checks: "game_ctrl:u_game"
 37. Post-Synthesis Netlist Statistics for Top Partition
 38. Elapsed Time Per Partition
 39. Analysis & Synthesis Messages
 40. Analysis & Synthesis Suppressed Messages



----------------
; Legal Notice ;
----------------
Copyright (C) 2025  Altera Corporation. All rights reserved.
Your use of Altera Corporation's design tools, logic functions 
and other software and tools, and any partner logic 
functions, and any output files from any of the foregoing 
(including device programming or simulation files), and any 
associated documentation or information are expressly subject 
to the terms and conditions of the Altera Program License 
Subscription Agreement, the Altera Quartus Prime License Agreement,
the Altera IP License Agreement, or other applicable license
agreement, including, without limitation, that your use is for
the sole purpose of programming logic devices manufactured by
Altera and sold by Altera or its authorized distributors.  Please
refer to the Altera Software License Subscription Agreements 
on the Quartus Prime software download page.



+--------------------------------------------------------------------------------------+
; Analysis & Synthesis Summary                                                         ;
+------------------------------------+-------------------------------------------------+
; Analysis & Synthesis Status        ; Successful - Sat Sep 26 01:25:31 2026           ;
; Quartus Prime Version              ; 25.1std.0 Build 1129 10/21/2025 SC Lite Edition ;
; Revision Name                      ; lcd_game                                        ;
; Top-level Entity Name              ; lcd_test_top                                    ;
; Family                             ; MAX 10                                          ;
; Total logic elements               ; 1,370                                           ;
;     Total combinational functions  ; 1,320                                           ;
;     Dedicated logic registers      ; 621                                             ;
; Total registers                    ; 621                                             ;
; Total pins                         ; 13                                              ;
; Total virtual pins                 ; 0                                               ;
; Total memory bits                  ; 76,800                                          ;
; Embedded Multiplier 9-bit elements ; 2                                               ;
; Total PLLs                         ; 0                                               ;
; UFM blocks                         ; 0                                               ;
; ADC blocks                         ; 0                                               ;
+------------------------------------+-------------------------------------------------+


+------------------------------------------------------------------------------------------------------------+
; Analysis & Synthesis Settings                                                                              ;
+------------------------------------------------------------------+--------------------+--------------------+
; Option                                                           ; Setting            ; Default Value      ;
+------------------------------------------------------------------+--------------------+--------------------+
; Device                                                           ; 10M08SCE144C8G     ;                    ;
; Top-level entity name                                            ; lcd_test_top       ; lcd_game           ;
; Family name                                                      ; MAX 10             ; Cyclone V          ;
; Maximum processors allowed for parallel compilation              ; All                ;                    ;
; Use smart compilation                                            ; Off                ; Off                ;
; Enable parallel Assembler and Timing Analyzer during compilation ; On                 ; On                 ;
; Enable compact report table                                      ; Off                ; Off                ;
; Restructure Multiplexers                                         ; Auto               ; Auto               ;
; Create Debugging Nodes for IP Cores                              ; Off                ; Off                ;
; Preserve fewer node names                                        ; On                 ; On                 ;
; Intel FPGA IP Evaluation Mode                                    ; Enable             ; Enable             ;
; Verilog Version                                                  ; Verilog_2001       ; Verilog_2001       ;
; VHDL Version                                                     ; VHDL_1993          ; VHDL_1993          ;
; State Machine Processing                                         ; Auto               ; Auto               ;
; Safe State Machine                                               ; Off                ; Off                ;
; Extract Verilog State Machines                                   ; On                 ; On                 ;
; Extract VHDL State Machines                                      ; On                 ; On                 ;
; Ignore Verilog initial constructs                                ; Off                ; Off                ;
; Iteration limit for constant Verilog loops                       ; 5000               ; 5000               ;
; Iteration limit for non-constant Verilog loops                   ; 250                ; 250                ;
; Add Pass-Through Logic to Inferred RAMs                          ; On                 ; On                 ;
; Infer RAMs from Raw Logic                                        ; On                 ; On                 ;
; Parallel Synthesis                                               ; On                 ; On                 ;
; DSP Block Balancing                                              ; Auto               ; Auto               ;
; NOT Gate Push-Back                                               ; On                 ; On                 ;
; Power-Up Don't Care                                              ; On                 ; On                 ;
; Remove Redundant Logic Cells                                     ; Off                ; Off                ;
; Remove Duplicate Registers                                       ; On                 ; On                 ;
; Ignore CARRY Buffers                                             ; Off                ; Off                ;
; Ignore CASCADE Buffers                                           ; Off                ; Off                ;
; Ignore GLOBAL Buffers                                            ; Off                ; Off                ;
; Ignore ROW GLOBAL Buffers                                        ; Off                ; Off                ;
; Ignore LCELL Buffers                                             ; Off                ; Off                ;
; Ignore SOFT Buffers                                              ; On                 ; On                 ;
; Limit AHDL Integers to 32 Bits                                   ; Off                ; Off                ;
; Optimization Technique                                           ; Balanced           ; Balanced           ;
; Carry Chain Length                                               ; 70                 ; 70                 ;
; Auto Carry Chains                                                ; On                 ; On                 ;
; Auto Open-Drain Pins                                             ; On                 ; On                 ;
; Perform WYSIWYG Primitive Resynthesis                            ; Off                ; Off                ;
; Auto ROM Replacement                                             ; On                 ; On                 ;
; Auto RAM Replacement                                             ; On                 ; On                 ;
; Auto DSP Block Replacement                                       ; On                 ; On                 ;
; Auto Shift Register Replacement                                  ; Auto               ; Auto               ;
; Allow Shift Register Merging across Hierarchies                  ; Auto               ; Auto               ;
; Auto Clock Enable Replacement                                    ; On                 ; On                 ;
; Strict RAM Replacement                                           ; Off                ; Off                ;
; Allow Synchronous Control Signals                                ; On                 ; On                 ;
; Force Use of Synchronous Clear Signals                           ; Off                ; Off                ;
; Auto RAM Block Balancing                                         ; On                 ; On                 ;
; Auto RAM to Logic Cell Conversion                                ; Off                ; Off                ;
; Auto Resource Sharing                                            ; Off                ; Off                ;
; Allow Any RAM Size For Recognition                               ; Off                ; Off                ;
; Allow Any ROM Size For Recognition                               ; Off                ; Off                ;
; Allow Any Shift Register Size For Recognition                    ; Off                ; Off                ;
; Use LogicLock Constraints during Resource Balancing              ; On                 ; On                 ;
; Ignore translate_off and synthesis_off directives                ; Off                ; Off                ;
; Timing-Driven Synthesis                                          ; On                 ; On                 ;
; Report Parameter Settings                                        ; On                 ; On                 ;
; Report Source Assignments                                        ; On                 ; On                 ;
; Report Connectivity Checks                                       ; On                 ; On                 ;
; Ignore Maximum Fan-Out Assignments                               ; Off                ; Off                ;
; Synchronization Register Chain Length                            ; 2                  ; 2                  ;
; Power Optimization During Synthesis                              ; Normal compilation ; Normal compilation ;
; HDL message level                                                ; Level2             ; Level2             ;
; Suppress Register Optimization Related Messages                  ; Off                ; Off                ;
; Number of Removed Registers Reported in Synthesis Report         ; 5000               ; 5000               ;
; Number of Swept Nodes Reported in Synthesis Report               ; 5000               ; 5000               ;
; Number of Inverted Registers Reported in Synthesis Report        ; 100                ; 100                ;
; Clock MUX Protection                                             ; On                 ; On                 ;
; Auto Gated Clock Conversion                                      ; Off                ; Off                ;
; Block Design Naming                                              ; Auto               ; Auto               ;
; SDC constraint protection                                        ; Off                ; Off                ;
; Synthesis Effort                                                 ; Auto               ; Auto               ;
; Shift Register Replacement - Allow Asynchronous Clear Signal     ; On                 ; On                 ;
; Pre-Mapping Resynthesis Optimization                             ; Off                ; Off                ;
; Analysis & Synthesis Message Level                               ; Medium             ; Medium             ;
; Disable Register Merging Across Hierarchies                      ; Auto               ; Auto               ;
; Resource Aware Inference For Block RAM                           ; On                 ; On                 ;
+------------------------------------------------------------------+--------------------+--------------------+


+------------------------------------------+
; Parallel Compilation                     ;
+----------------------------+-------------+
; Processors                 ; Number      ;
+----------------------------+-------------+
; Number detected on machine ; 36          ;
; Maximum allowed            ; 16          ;
;                            ;             ;
; Average used               ; 1.01        ;
; Maximum used               ; 16          ;
;                            ;             ;
; Usage by Processor         ; % Time Used ;
;     Processor 1            ; 100.0%      ;
;     Processor 2            ;   0.1%      ;
;     Processor 3            ;   0.1%      ;
;     Processor 4            ;   0.1%      ;
;     Processor 5            ;   0.1%      ;
;     Processor 6            ;   0.0%      ;
;     Processor 7            ;   0.0%      ;
;     Processor 8            ;   0.0%      ;
;     Processors 9-16        ;   0.0%      ;
+----------------------------+-------------+


+------------------------------------------------------------------------------------------------------------------------------------------------------------------------------+
; Analysis & Synthesis Source Files Read                                                                                                                                       ;
+----------------------------------+-----------------+------------------------------+--------------------------------------------------------------------------------+---------+
; File Name with User-Entered Path ; Used in Netlist ; File Type                    ; File Name with Absolute Path                                                   ; Library ;
+----------------------------------+-----------------+------------------------------+--------------------------------------------------------------------------------+---------+
; rtl/lcd_test_top.sv              ; yes             ; User SystemVerilog HDL File  ; H:/git/PCB_CQmax10/CQmax10/sample/lcd_game/rtl/lcd_test_top.sv                 ;         ;
; rtl/lcd_ili9341_ctrl.sv          ; yes             ; User SystemVerilog HDL File  ; H:/git/PCB_CQmax10/CQmax10/sample/lcd_game/rtl/lcd_ili9341_ctrl.sv             ;         ;
; rtl/spi_byte_master.sv           ; yes             ; User SystemVerilog HDL File  ; H:/git/PCB_CQmax10/CQmax10/sample/lcd_game/rtl/spi_byte_master.sv              ;         ;
; rtl/framebuffer.v                ; yes             ; User SystemVerilog HDL File  ; H:/git/PCB_CQmax10/CQmax10/sample/lcd_game/rtl/framebuffer.v                   ;         ;
; rtl/line_draw.sv                 ; yes             ; User SystemVerilog HDL File  ; H:/git/PCB_CQmax10/CQmax10/sample/lcd_game/rtl/line_draw.sv                    ;         ;
; rtl/dot_field.sv                 ; yes             ; User SystemVerilog HDL File  ; H:/git/PCB_CQmax10/CQmax10/sample/lcd_game/rtl/dot_field.sv                    ;         ;
; rtl/game_ctrl.sv                 ; yes             ; User SystemVerilog HDL File  ; H:/git/PCB_CQmax10/CQmax10/sample/lcd_game/rtl/game_ctrl.sv                    ;         ;
; rtl/reset_sync.sv                ; yes             ; User SystemVerilog HDL File  ; H:/git/PCB_CQmax10/CQmax10/sample/lcd_game/rtl/reset_sync.sv                   ;         ;
; rtl/debounce.sv                  ; yes             ; User SystemVerilog HDL File  ; H:/git/PCB_CQmax10/CQmax10/sample/lcd_game/rtl/debounce.sv                     ;         ;
; altsyncram.tdf                   ; yes             ; Megafunction                 ; h:/altera_lite/25.1std/quartus/libraries/megafunctions/altsyncram.tdf          ;         ;
; stratix_ram_block.inc            ; yes             ; Megafunction                 ; h:/altera_lite/25.1std/quartus/libraries/megafunctions/stratix_ram_block.inc   ;         ;
; lpm_mux.inc                      ; yes             ; Megafunction                 ; h:/altera_lite/25.1std/quartus/libraries/megafunctions/lpm_mux.inc             ;         ;
; lpm_decode.inc                   ; yes             ; Megafunction                 ; h:/altera_lite/25.1std/quartus/libraries/megafunctions/lpm_decode.inc          ;         ;
; aglobal251.inc                   ; yes             ; Megafunction                 ; h:/altera_lite/25.1std/quartus/libraries/megafunctions/aglobal251.inc          ;         ;
; a_rdenreg.inc                    ; yes             ; Megafunction                 ; h:/altera_lite/25.1std/quartus/libraries/megafunctions/a_rdenreg.inc           ;         ;
; altrom.inc                       ; yes             ; Megafunction                 ; h:/altera_lite/25.1std/quartus/libraries/megafunctions/altrom.inc              ;         ;
; altram.inc                       ; yes             ; Megafunction                 ; h:/altera_lite/25.1std/quartus/libraries/megafunctions/altram.inc              ;         ;
; altdpram.inc                     ; yes             ; Megafunction                 ; h:/altera_lite/25.1std/quartus/libraries/megafunctions/altdpram.inc            ;         ;
; db/altsyncram_7sd1.tdf           ; yes             ; Auto-Generated Megafunction  ; H:/git/PCB_CQmax10/CQmax10/sample/lcd_game/db/altsyncram_7sd1.tdf              ;         ;
; lpm_mult.tdf                     ; yes             ; Megafunction                 ; h:/altera_lite/25.1std/quartus/libraries/megafunctions/lpm_mult.tdf            ;         ;
; lpm_add_sub.inc                  ; yes             ; Megafunction                 ; h:/altera_lite/25.1std/quartus/libraries/megafunctions/lpm_add_sub.inc         ;         ;
; multcore.inc                     ; yes             ; Megafunction                 ; h:/altera_lite/25.1std/quartus/libraries/megafunctions/multcore.inc            ;         ;
; bypassff.inc                     ; yes             ; Megafunction                 ; h:/altera_lite/25.1std/quartus/libraries/megafunctions/bypassff.inc            ;         ;
; altshift.inc                     ; yes             ; Megafunction                 ; h:/altera_lite/25.1std/quartus/libraries/megafunctions/altshift.inc            ;         ;
; db/mult_ems.tdf                  ; yes             ; Auto-Generated Megafunction  ; H:/git/PCB_CQmax10/CQmax10/sample/lcd_game/db/mult_ems.tdf                     ;         ;
; multcore.tdf                     ; yes             ; Megafunction                 ; h:/altera_lite/25.1std/quartus/libraries/megafunctions/multcore.tdf            ;         ;
; csa_add.inc                      ; yes             ; Megafunction                 ; h:/altera_lite/25.1std/quartus/libraries/megafunctions/csa_add.inc             ;         ;
; mpar_add.inc                     ; yes             ; Megafunction                 ; h:/altera_lite/25.1std/quartus/libraries/megafunctions/mpar_add.inc            ;         ;
; muleabz.inc                      ; yes             ; Megafunction                 ; h:/altera_lite/25.1std/quartus/libraries/megafunctions/muleabz.inc             ;         ;
; mul_lfrg.inc                     ; yes             ; Megafunction                 ; h:/altera_lite/25.1std/quartus/libraries/megafunctions/mul_lfrg.inc            ;         ;
; mul_boothc.inc                   ; yes             ; Megafunction                 ; h:/altera_lite/25.1std/quartus/libraries/megafunctions/mul_boothc.inc          ;         ;
; alt_ded_mult.inc                 ; yes             ; Megafunction                 ; h:/altera_lite/25.1std/quartus/libraries/megafunctions/alt_ded_mult.inc        ;         ;
; alt_ded_mult_y.inc               ; yes             ; Megafunction                 ; h:/altera_lite/25.1std/quartus/libraries/megafunctions/alt_ded_mult_y.inc      ;         ;
; dffpipe.inc                      ; yes             ; Megafunction                 ; h:/altera_lite/25.1std/quartus/libraries/megafunctions/dffpipe.inc             ;         ;
; mpar_add.tdf                     ; yes             ; Megafunction                 ; h:/altera_lite/25.1std/quartus/libraries/megafunctions/mpar_add.tdf            ;         ;
; lpm_add_sub.tdf                  ; yes             ; Megafunction                 ; h:/altera_lite/25.1std/quartus/libraries/megafunctions/lpm_add_sub.tdf         ;         ;
; addcore.inc                      ; yes             ; Megafunction                 ; h:/altera_lite/25.1std/quartus/libraries/megafunctions/addcore.inc             ;         ;
; look_add.inc                     ; yes             ; Megafunction                 ; h:/altera_lite/25.1std/quartus/libraries/megafunctions/look_add.inc            ;         ;
; alt_stratix_add_sub.inc          ; yes             ; Megafunction                 ; h:/altera_lite/25.1std/quartus/libraries/megafunctions/alt_stratix_add_sub.inc ;         ;
; db/add_sub_arg.tdf               ; yes             ; Auto-Generated Megafunction  ; H:/git/PCB_CQmax10/CQmax10/sample/lcd_game/db/add_sub_arg.tdf                  ;         ;
; altshift.tdf                     ; yes             ; Megafunction                 ; h:/altera_lite/25.1std/quartus/libraries/megafunctions/altshift.tdf            ;         ;
+----------------------------------+-----------------+------------------------------+--------------------------------------------------------------------------------+---------+


+---------------------------------------------------------+
; Analysis & Synthesis Resource Usage Summary             ;
+---------------------------------------------+-----------+
; Resource                                    ; Usage     ;
+---------------------------------------------+-----------+
; Estimated Total logic elements              ; 1,370     ;
;                                             ;           ;
; Total combinational functions               ; 1320      ;
; Logic element usage by number of LUT inputs ;           ;
;     -- 4 input functions                    ; 591       ;
;     -- 3 input functions                    ; 274       ;
;     -- <=2 input functions                  ; 455       ;
;                                             ;           ;
; Logic elements by mode                      ;           ;
;     -- normal mode                          ; 1042      ;
;     -- arithmetic mode                      ; 278       ;
;                                             ;           ;
; Total registers                             ; 621       ;
;     -- Dedicated logic registers            ; 621       ;
;     -- I/O registers                        ; 0         ;
;                                             ;           ;
; I/O pins                                    ; 13        ;
; Total memory bits                           ; 76800     ;
;                                             ;           ;
; Embedded Multiplier 9-bit elements          ; 2         ;
;                                             ;           ;
; Maximum fan-out node                        ; clk~input ;
; Maximum fan-out                             ; 653       ;
; Total fan-out                               ; 7071      ;
; Average fan-out                             ; 3.53      ;
+---------------------------------------------+-----------+


+--------------------------------------------------------------------------------------------------------------------------------------------------------------------------------------------------------------------------------------------------------------------------------------------------------------------------------------------------------------------------------+
; Analysis & Synthesis Resource Utilization by Entity                                                                                                                                                                                                                                                                                                                            ;
+------------------------------------------------+---------------------+---------------------------+-------------+------------+--------------+---------+-----------+------+--------------+------------+----------------------------------------------------------------------------------------------------------------------------------------+------------------+--------------+
; Compilation Hierarchy Node                     ; Combinational ALUTs ; Dedicated Logic Registers ; Memory Bits ; UFM Blocks ; DSP Elements ; DSP 9x9 ; DSP 18x18 ; Pins ; Virtual Pins ; ADC blocks ; Full Hierarchy Name                                                                                                                    ; Entity Name      ; Library Name ;
+------------------------------------------------+---------------------+---------------------------+-------------+------------+--------------+---------+-----------+------+--------------+------------+----------------------------------------------------------------------------------------------------------------------------------------+------------------+--------------+
; |lcd_test_top                                  ; 1320 (63)           ; 621 (21)                  ; 76800       ; 0          ; 2            ; 0       ; 1         ; 13   ; 0            ; 0          ; |lcd_test_top                                                                                                                          ; lcd_test_top     ; work         ;
;    |debounce:u_debounce|                       ; 31 (31)             ; 23 (23)                   ; 0           ; 0          ; 0            ; 0       ; 0         ; 0    ; 0            ; 0          ; |lcd_test_top|debounce:u_debounce                                                                                                      ; debounce         ; work         ;
;    |dot_field:u_dots|                          ; 243 (243)           ; 179 (179)                 ; 0           ; 0          ; 0            ; 0       ; 0         ; 0    ; 0            ; 0          ; |lcd_test_top|dot_field:u_dots                                                                                                         ; dot_field        ; work         ;
;    |framebuffer:u_fb|                          ; 111 (111)           ; 15 (15)                   ; 76800       ; 0          ; 0            ; 0       ; 0         ; 0    ; 0            ; 0          ; |lcd_test_top|framebuffer:u_fb                                                                                                         ; framebuffer      ; work         ;
;       |altsyncram:mem_rtl_0|                   ; 0 (0)               ; 0 (0)                     ; 76800       ; 0          ; 0            ; 0       ; 0         ; 0    ; 0            ; 0          ; |lcd_test_top|framebuffer:u_fb|altsyncram:mem_rtl_0                                                                                    ; altsyncram       ; work         ;
;          |altsyncram_7sd1:auto_generated|      ; 0 (0)               ; 0 (0)                     ; 76800       ; 0          ; 0            ; 0       ; 0         ; 0    ; 0            ; 0          ; |lcd_test_top|framebuffer:u_fb|altsyncram:mem_rtl_0|altsyncram_7sd1:auto_generated                                                     ; altsyncram_7sd1  ; work         ;
;    |game_ctrl:u_game|                          ; 234 (234)           ; 124 (124)                 ; 0           ; 0          ; 0            ; 0       ; 0         ; 0    ; 0            ; 0          ; |lcd_test_top|game_ctrl:u_game                                                                                                         ; game_ctrl        ; work         ;
;    |lcd_ili9341_ctrl:u_lcd|                    ; 500 (406)           ; 151 (130)                 ; 0           ; 0          ; 2            ; 0       ; 1         ; 0    ; 0            ; 0          ; |lcd_test_top|lcd_ili9341_ctrl:u_lcd                                                                                                   ; lcd_ili9341_ctrl ; work         ;
;       |lpm_mult:Mult0|                         ; 0 (0)               ; 0 (0)                     ; 0           ; 0          ; 2            ; 0       ; 1         ; 0    ; 0            ; 0          ; |lcd_test_top|lcd_ili9341_ctrl:u_lcd|lpm_mult:Mult0                                                                                    ; lpm_mult         ; work         ;
;          |mult_ems:auto_generated|             ; 0 (0)               ; 0 (0)                     ; 0           ; 0          ; 2            ; 0       ; 1         ; 0    ; 0            ; 0          ; |lcd_test_top|lcd_ili9341_ctrl:u_lcd|lpm_mult:Mult0|mult_ems:auto_generated                                                            ; mult_ems         ; work         ;
;       |lpm_mult:Mult1|                         ; 59 (0)              ; 0 (0)                     ; 0           ; 0          ; 0            ; 0       ; 0         ; 0    ; 0            ; 0          ; |lcd_test_top|lcd_ili9341_ctrl:u_lcd|lpm_mult:Mult1                                                                                    ; lpm_mult         ; work         ;
;          |multcore:mult_core|                  ; 59 (27)             ; 0 (0)                     ; 0           ; 0          ; 0            ; 0       ; 0         ; 0    ; 0            ; 0          ; |lcd_test_top|lcd_ili9341_ctrl:u_lcd|lpm_mult:Mult1|multcore:mult_core                                                                 ; multcore         ; work         ;
;             |mpar_add:padder|                  ; 32 (0)              ; 0 (0)                     ; 0           ; 0          ; 0            ; 0       ; 0         ; 0    ; 0            ; 0          ; |lcd_test_top|lcd_ili9341_ctrl:u_lcd|lpm_mult:Mult1|multcore:mult_core|mpar_add:padder                                                 ; mpar_add         ; work         ;
;                |lpm_add_sub:adder[0]|          ; 32 (0)              ; 0 (0)                     ; 0           ; 0          ; 0            ; 0       ; 0         ; 0    ; 0            ; 0          ; |lcd_test_top|lcd_ili9341_ctrl:u_lcd|lpm_mult:Mult1|multcore:mult_core|mpar_add:padder|lpm_add_sub:adder[0]                            ; lpm_add_sub      ; work         ;
;                   |add_sub_arg:auto_generated| ; 32 (32)             ; 0 (0)                     ; 0           ; 0          ; 0            ; 0       ; 0         ; 0    ; 0            ; 0          ; |lcd_test_top|lcd_ili9341_ctrl:u_lcd|lpm_mult:Mult1|multcore:mult_core|mpar_add:padder|lpm_add_sub:adder[0]|add_sub_arg:auto_generated ; add_sub_arg      ; work         ;
;       |spi_byte_master:u_spi|                  ; 35 (35)             ; 21 (21)                   ; 0           ; 0          ; 0            ; 0       ; 0         ; 0    ; 0            ; 0          ; |lcd_test_top|lcd_ili9341_ctrl:u_lcd|spi_byte_master:u_spi                                                                             ; spi_byte_master  ; work         ;
;    |line_draw:u_line|                          ; 138 (138)           ; 105 (105)                 ; 0           ; 0          ; 0            ; 0       ; 0         ; 0    ; 0            ; 0          ; |lcd_test_top|line_draw:u_line                                                                                                         ; line_draw        ; work         ;
;    |reset_sync:u_reset|                        ; 0 (0)               ; 3 (3)                     ; 0           ; 0          ; 0            ; 0       ; 0         ; 0    ; 0            ; 0          ; |lcd_test_top|reset_sync:u_reset                                                                                                       ; reset_sync       ; work         ;
+------------------------------------------------+---------------------+---------------------------+-------------+------------+--------------+---------+-----------+------+--------------+------------+----------------------------------------------------------------------------------------------------------------------------------------+------------------+--------------+
Note: For table entries with two numbers listed, the numbers in parentheses indicate the number of resources of the given type used by the specific entity alone. The numbers listed outside of parentheses indicate the total resources of the given type used by the specific entity and all of its sub-entities in the hierarchy.


+--------------------------------------------------------------------------------------------------------------------------------------------------------------------------------------+
; Analysis & Synthesis RAM Summary                                                                                                                                                     ;
+---------------------------------------------------------------------------------+------+------------------+--------------+--------------+--------------+--------------+-------+------+
; Name                                                                            ; Type ; Mode             ; Port A Depth ; Port A Width ; Port B Depth ; Port B Width ; Size  ; MIF  ;
+---------------------------------------------------------------------------------+------+------------------+--------------+--------------+--------------+--------------+-------+------+
; framebuffer:u_fb|altsyncram:mem_rtl_0|altsyncram_7sd1:auto_generated|ALTSYNCRAM ; M9K  ; Simple Dual Port ; 2400         ; 32           ; 2400         ; 32           ; 76800 ; None ;
+---------------------------------------------------------------------------------+------+------------------+--------------+--------------+--------------+--------------+-------+------+


+-----------------------------------------------------+
; Analysis & Synthesis DSP Block Usage Summary        ;
+---------------------------------------+-------------+
; Statistic                             ; Number Used ;
+---------------------------------------+-------------+
; Simple Multipliers (9-bit)            ; 0           ;
; Simple Multipliers (18-bit)           ; 1           ;
; Embedded Multiplier Blocks            ; --          ;
; Embedded Multiplier 9-bit elements    ; 2           ;
; Signed Embedded Multipliers           ; 0           ;
; Unsigned Embedded Multipliers         ; 1           ;
; Mixed Sign Embedded Multipliers       ; 0           ;
; Variable Sign Embedded Multipliers    ; 0           ;
; Dedicated Input Shift Register Chains ; 0           ;
+---------------------------------------+-------------+
Note: number of Embedded Multiplier Blocks used is only available after a successful fit.


Encoding Type:  One-Hot
+-----------------------------------------------------------------------------------------------------------------------------------------------------------------------------------------------------------------------------------------------------------------------------------------------------------------------------------------------------------------------------------------------------------------+
; State Machine - |lcd_test_top|init_state                                                                                                                                                                                                                                                                                                                                                                        ;
+-------------------------+-------------------------+--------------------+-----------------------+------------------------+------------------------+-------------------+-----------------------+------------------------+------------------------+-------------------+-----------------------+------------------------+------------------------+-------------------+-------------------------+--------------------+
; Name                    ; init_state.I_GAME_BEGIN ; init_state.I_READY ; init_state.I_DOTS_GAP ; init_state.I_DOTS_WAIT ; init_state.I_DOTS_BUSY ; init_state.I_DOTS ; init_state.I_DRAW_GAP ; init_state.I_DRAW_WAIT ; init_state.I_DRAW_BUSY ; init_state.I_DRAW ; init_state.I_FILL_GAP ; init_state.I_FILL_WAIT ; init_state.I_FILL_BUSY ; init_state.I_FILL ; init_state.I_CLEAR_WAIT ; init_state.I_CLEAR ;
+-------------------------+-------------------------+--------------------+-----------------------+------------------------+------------------------+-------------------+-----------------------+------------------------+------------------------+-------------------+-----------------------+------------------------+------------------------+-------------------+-------------------------+--------------------+
; init_state.I_CLEAR      ; 0                       ; 0                  ; 0                     ; 0                      ; 0                      ; 0                 ; 0                     ; 0                      ; 0                      ; 0                 ; 0                     ; 0                      ; 0                      ; 0                 ; 0                       ; 0                  ;
; init_state.I_CLEAR_WAIT ; 0                       ; 0                  ; 0                     ; 0                      ; 0                      ; 0                 ; 0                     ; 0                      ; 0                      ; 0                 ; 0                     ; 0                      ; 0                      ; 0                 ; 1                       ; 1                  ;
; init_state.I_FILL       ; 0                       ; 0                  ; 0                     ; 0                      ; 0                      ; 0                 ; 0                     ; 0                      ; 0                      ; 0                 ; 0                     ; 0                      ; 0                      ; 1                 ; 0                       ; 1                  ;
; init_state.I_FILL_BUSY  ; 0                       ; 0                  ; 0                     ; 0                      ; 0                      ; 0                 ; 0                     ; 0                      ; 0                      ; 0                 ; 0                     ; 0                      ; 1                      ; 0                 ; 0                       ; 1                  ;
; init_state.I_FILL_WAIT  ; 0                       ; 0                  ; 0                     ; 0                      ; 0                      ; 0                 ; 0                     ; 0                      ; 0                      ; 0                 ; 0                     ; 1                      ; 0                      ; 0                 ; 0                       ; 1                  ;
; init_state.I_FILL_GAP   ; 0                       ; 0                  ; 0                     ; 0                      ; 0                      ; 0                 ; 0                     ; 0                      ; 0                      ; 0                 ; 1                     ; 0                      ; 0                      ; 0                 ; 0                       ; 1                  ;
; init_state.I_DRAW       ; 0                       ; 0                  ; 0                     ; 0                      ; 0                      ; 0                 ; 0                     ; 0                      ; 0                      ; 1                 ; 0                     ; 0                      ; 0                      ; 0                 ; 0                       ; 1                  ;
; init_state.I_DRAW_BUSY  ; 0                       ; 0                  ; 0                     ; 0                      ; 0                      ; 0                 ; 0                     ; 0                      ; 1                      ; 0                 ; 0                     ; 0                      ; 0                      ; 0                 ; 0                       ; 1                  ;
; init_state.I_DRAW_WAIT  ; 0                       ; 0                  ; 0                     ; 0                      ; 0                      ; 0                 ; 0                     ; 1                      ; 0                      ; 0                 ; 0                     ; 0                      ; 0                      ; 0                 ; 0                       ; 1                  ;
; init_state.I_DRAW_GAP   ; 0                       ; 0                  ; 0                     ; 0                      ; 0                      ; 0                 ; 1                     ; 0                      ; 0                      ; 0                 ; 0                     ; 0                      ; 0                      ; 0                 ; 0                       ; 1                  ;
; init_state.I_DOTS       ; 0                       ; 0                  ; 0                     ; 0                      ; 0                      ; 1                 ; 0                     ; 0                      ; 0                      ; 0                 ; 0                     ; 0                      ; 0                      ; 0                 ; 0                       ; 1                  ;
; init_state.I_DOTS_BUSY  ; 0                       ; 0                  ; 0                     ; 0                      ; 1                      ; 0                 ; 0                     ; 0                      ; 0                      ; 0                 ; 0                     ; 0                      ; 0                      ; 0                 ; 0                       ; 1                  ;
; init_state.I_DOTS_WAIT  ; 0                       ; 0                  ; 0                     ; 1                      ; 0                      ; 0                 ; 0                     ; 0                      ; 0                      ; 0                 ; 0                     ; 0                      ; 0                      ; 0                 ; 0                       ; 1                  ;
; init_state.I_DOTS_GAP   ; 0                       ; 0                  ; 1                     ; 0                      ; 0                      ; 0                 ; 0                     ; 0                      ; 0                      ; 0                 ; 0                     ; 0                      ; 0                      ; 0                 ; 0                       ; 1                  ;
; init_state.I_READY      ; 0                       ; 1                  ; 0                     ; 0                      ; 0                      ; 0                 ; 0                     ; 0                      ; 0                      ; 0                 ; 0                     ; 0                      ; 0                      ; 0                 ; 0                       ; 1                  ;
; init_state.I_GAME_BEGIN ; 1                       ; 0                  ; 0                     ; 0                      ; 0                      ; 0                 ; 0                     ; 0                      ; 0                      ; 0                 ; 0                     ; 0                      ; 0                      ; 0                 ; 0                       ; 1                  ;
+-------------------------+-------------------------+--------------------+-----------------------+------------------------+------------------------+-------------------+-----------------------+------------------------+------------------------+-------------------+-----------------------+------------------------+------------------------+-------------------+-------------------------+--------------------+


Encoding Type:  One-Hot
+-------------------------------------------------------------------------------------------------------------------------------------+
; State Machine - |lcd_test_top|game_ctrl:u_game|state                                                                                ;
+--------------+--------------+--------------+--------------+-------------+--------------+--------------+--------------+--------------+
; Name         ; state.G_OVER ; state.G_STEP ; state.G_LCDW ; state.G_LCD ; state.G_DRAW ; state.G_WAIT ; state.G_TEST ; state.G_IDLE ;
+--------------+--------------+--------------+--------------+-------------+--------------+--------------+--------------+--------------+
; state.G_IDLE ; 0            ; 0            ; 0            ; 0           ; 0            ; 0            ; 0            ; 0            ;
; state.G_TEST ; 0            ; 0            ; 0            ; 0           ; 0            ; 0            ; 1            ; 1            ;
; state.G_WAIT ; 0            ; 0            ; 0            ; 0           ; 0            ; 1            ; 0            ; 1            ;
; state.G_DRAW ; 0            ; 0            ; 0            ; 0           ; 1            ; 0            ; 0            ; 1            ;
; state.G_LCD  ; 0            ; 0            ; 0            ; 1           ; 0            ; 0            ; 0            ; 1            ;
; state.G_LCDW ; 0            ; 0            ; 1            ; 0           ; 0            ; 0            ; 0            ; 1            ;
; state.G_STEP ; 0            ; 1            ; 0            ; 0           ; 0            ; 0            ; 0            ; 1            ;
; state.G_OVER ; 1            ; 0            ; 0            ; 0           ; 0            ; 0            ; 0            ; 1            ;
+--------------+--------------+--------------+--------------+-------------+--------------+--------------+--------------+--------------+


Encoding Type:  One-Hot
+---------------------------------------------------------------------------------------------------------------------------------+
; State Machine - |lcd_test_top|dot_field:u_dots|state                                                                            ;
+---------------+--------------+-------------+---------------+--------------+--------------+-----------+-----------+--------------+
; Name          ; state.D_LCDW ; state.D_LCD ; state.D_WRITE ; state.D_WAIT ; state.D_READ ; state.D_Y ; state.D_X ; state.D_IDLE ;
+---------------+--------------+-------------+---------------+--------------+--------------+-----------+-----------+--------------+
; state.D_IDLE  ; 0            ; 0           ; 0             ; 0            ; 0            ; 0         ; 0         ; 0            ;
; state.D_X     ; 0            ; 0           ; 0             ; 0            ; 0            ; 0         ; 1         ; 1            ;
; state.D_Y     ; 0            ; 0           ; 0             ; 0            ; 0            ; 1         ; 0         ; 1            ;
; state.D_READ  ; 0            ; 0           ; 0             ; 0            ; 1            ; 0         ; 0         ; 1            ;
; state.D_WAIT  ; 0            ; 0           ; 0             ; 1            ; 0            ; 0         ; 0         ; 1            ;
; state.D_WRITE ; 0            ; 0           ; 1             ; 0            ; 0            ; 0         ; 0         ; 1            ;
; state.D_LCD   ; 0            ; 1           ; 0             ; 0            ; 0            ; 0         ; 0         ; 1            ;
; state.D_LCDW  ; 1            ; 0           ; 0             ; 0            ; 0            ; 0         ; 0         ; 1            ;
+---------------+--------------+-------------+---------------+--------------+--------------+-----------+-----------+--------------+


Encoding Type:  One-Hot
+-------------------------------------------------------------------------------------------------------------------------------+
; State Machine - |lcd_test_top|line_draw:u_line|state                                                                          ;
+------------------+--------------+-------------+---------------+------------------+--------------+--------------+--------------+
; Name             ; state.L_LCDW ; state.L_LCD ; state.L_WRITE ; state.L_WAITDATA ; state.L_READ ; state.L_LOAD ; state.L_IDLE ;
+------------------+--------------+-------------+---------------+------------------+--------------+--------------+--------------+
; state.L_IDLE     ; 0            ; 0           ; 0             ; 0                ; 0            ; 0            ; 0            ;
; state.L_LOAD     ; 0            ; 0           ; 0             ; 0                ; 0            ; 1            ; 1            ;
; state.L_READ     ; 0            ; 0           ; 0             ; 0                ; 1            ; 0            ; 1            ;
; state.L_WAITDATA ; 0            ; 0           ; 0             ; 1                ; 0            ; 0            ; 1            ;
; state.L_WRITE    ; 0            ; 0           ; 1             ; 0                ; 0            ; 0            ; 1            ;
; state.L_LCD      ; 0            ; 1           ; 0             ; 0                ; 0            ; 0            ; 1            ;
; state.L_LCDW     ; 1            ; 0           ; 0             ; 0                ; 0            ; 0            ; 1            ;
+------------------+--------------+-------------+---------------+------------------+--------------+--------------+--------------+


Encoding Type:  One-Hot
+-------------------------------------------------------------------------------------------------------------------------------------------------------------------------------------------------------------------+
; State Machine - |lcd_test_top|lcd_ili9341_ctrl:u_lcd|state                                                                                                                                                        ;
+--------------------+-------------+----------------+--------------+---------------+-------------+---------------+--------------------+-------------------+-------------------+-------------------+-----------------+
; Name               ; state.S_END ; state.S_DATA_W ; state.S_DATA ; state.S_HDR_W ; state.S_HDR ; state.S_READY ; state.S_INIT_DELAY ; state.S_INIT_WAIT ; state.S_INIT_SEND ; state.S_INIT_STEP ; state.S_POWERON ;
+--------------------+-------------+----------------+--------------+---------------+-------------+---------------+--------------------+-------------------+-------------------+-------------------+-----------------+
; state.S_POWERON    ; 0           ; 0              ; 0            ; 0             ; 0           ; 0             ; 0                  ; 0                 ; 0                 ; 0                 ; 0               ;
; state.S_INIT_STEP  ; 0           ; 0              ; 0            ; 0             ; 0           ; 0             ; 0                  ; 0                 ; 0                 ; 1                 ; 1               ;
; state.S_INIT_SEND  ; 0           ; 0              ; 0            ; 0             ; 0           ; 0             ; 0                  ; 0                 ; 1                 ; 0                 ; 1               ;
; state.S_INIT_WAIT  ; 0           ; 0              ; 0            ; 0             ; 0           ; 0             ; 0                  ; 1                 ; 0                 ; 0                 ; 1               ;
; state.S_INIT_DELAY ; 0           ; 0              ; 0            ; 0             ; 0           ; 0             ; 1                  ; 0                 ; 0                 ; 0                 ; 1               ;
; state.S_READY      ; 0           ; 0              ; 0            ; 0             ; 0           ; 1             ; 0                  ; 0                 ; 0                 ; 0                 ; 1               ;
; state.S_HDR        ; 0           ; 0              ; 0            ; 0             ; 1           ; 0             ; 0                  ; 0                 ; 0                 ; 0                 ; 1               ;
; state.S_HDR_W      ; 0           ; 0              ; 0            ; 1             ; 0           ; 0             ; 0                  ; 0                 ; 0                 ; 0                 ; 1               ;
; state.S_DATA       ; 0           ; 0              ; 1            ; 0             ; 0           ; 0             ; 0                  ; 0                 ; 0                 ; 0                 ; 1               ;
; state.S_DATA_W     ; 0           ; 1              ; 0            ; 0             ; 0           ; 0             ; 0                  ; 0                 ; 0                 ; 0                 ; 1               ;
; state.S_END        ; 1           ; 0              ; 0            ; 0             ; 0           ; 0             ; 0                  ; 0                 ; 0                 ; 0                 ; 1               ;
+--------------------+-------------+----------------+--------------+---------------+-------------+---------------+--------------------+-------------------+-------------------+-------------------+-----------------+


Encoding Type:  One-Hot
+----------------------------------------------------------------------------------+
; State Machine - |lcd_test_top|lcd_ili9341_ctrl:u_lcd|spi_byte_master:u_spi|state ;
+--------------+--------------+--------------+-------------------------------------+
; Name         ; state.S_IDLE ; state.S_HIGH ; state.S_LOW                         ;
+--------------+--------------+--------------+-------------------------------------+
; state.S_IDLE ; 0            ; 0            ; 0                                   ;
; state.S_LOW  ; 1            ; 0            ; 1                                   ;
; state.S_HIGH ; 1            ; 1            ; 0                                   ;
+--------------+--------------+--------------+-------------------------------------+


+------------------------------------------------------------------------------------------------------+
; Registers Removed During Synthesis                                                                   ;
+-----------------------------------------------------+------------------------------------------------+
; Register name                                       ; Reason for Removal                             ;
+-----------------------------------------------------+------------------------------------------------+
; game_ctrl:u_game|lcd_y0[2]                          ; Merged with game_ctrl:u_game|lcd_y1[2]         ;
; game_ctrl:u_game|lcd_color[13]                      ; Merged with game_ctrl:u_game|lcd_color[15]     ;
; game_ctrl:u_game|lcd_color[11]                      ; Merged with game_ctrl:u_game|lcd_color[12]     ;
; game_ctrl:u_game|lcd_color[0,4]                     ; Merged with game_ctrl:u_game|lcd_color[9]      ;
; game_ctrl:u_game|lcd_color[2,6]                     ; Merged with game_ctrl:u_game|lcd_color[8]      ;
; game_ctrl:u_game|lcd_color[1,3,5]                   ; Merged with game_ctrl:u_game|lcd_color[7]      ;
; game_ctrl:u_game|lcd_x0[2]                          ; Merged with game_ctrl:u_game|lcd_x1[2]         ;
; game_ctrl:u_game|lcd_x0[5]                          ; Merged with game_ctrl:u_game|lcd_x1[5]         ;
; dot_field:u_dots|lcd_color[1,3]                     ; Merged with dot_field:u_dots|lcd_color[15]     ;
; dot_field:u_dots|lcd_color[12,13]                   ; Merged with dot_field:u_dots|lcd_color[14]     ;
; dot_field:u_dots|lcd_color[0,2,4]                   ; Merged with dot_field:u_dots|lcd_color[11]     ;
; dot_field:u_dots|lcd_color[6,8]                     ; Merged with dot_field:u_dots|lcd_color[10]     ;
; dot_field:u_dots|lcd_color[7]                       ; Merged with dot_field:u_dots|lcd_color[9]      ;
; line_draw:u_line|lcd_y1[7]                          ; Merged with line_draw:u_line|lcd_y0[7]         ;
; line_draw:u_line|lcd_y1[6]                          ; Merged with line_draw:u_line|lcd_y0[6]         ;
; line_draw:u_line|lcd_y1[5]                          ; Merged with line_draw:u_line|lcd_y0[5]         ;
; line_draw:u_line|lcd_y1[4]                          ; Merged with line_draw:u_line|lcd_y0[4]         ;
; line_draw:u_line|lcd_y1[3]                          ; Merged with line_draw:u_line|lcd_y0[3]         ;
; line_draw:u_line|lcd_y1[2]                          ; Merged with line_draw:u_line|lcd_y0[2]         ;
; line_draw:u_line|lcd_y1[1]                          ; Merged with line_draw:u_line|lcd_y0[1]         ;
; line_draw:u_line|lcd_y1[0]                          ; Merged with line_draw:u_line|lcd_y0[0]         ;
; line_draw:u_line|lcd_color[11,13]                   ; Merged with line_draw:u_line|lcd_color[15]     ;
; line_draw:u_line|lcd_color[12]                      ; Merged with line_draw:u_line|lcd_color[14]     ;
; line_draw:u_line|lcd_color[0,2,4,6,8]               ; Merged with line_draw:u_line|lcd_color[10]     ;
; line_draw:u_line|lcd_color[1,5]                     ; Merged with line_draw:u_line|lcd_color[9]      ;
; line_draw:u_line|lcd_color[3]                       ; Merged with line_draw:u_line|lcd_color[7]      ;
; line_draw:u_line|x1_c[2,4,8]                        ; Merged with line_draw:u_line|x1_c[0]           ;
; line_draw:u_line|x0_c[1,7]                          ; Merged with line_draw:u_line|x1_c[6]           ;
; line_draw:u_line|x0_c[2,6]                          ; Merged with line_draw:u_line|x1_c[7]           ;
; line_draw:u_line|x0_c[4,8]                          ; Merged with line_draw:u_line|x0_c[0]           ;
; line_draw:u_line|x0_c[5]                            ; Merged with line_draw:u_line|x0_c[3]           ;
; game_ctrl:u_game|lcd_y0[6]                          ; Merged with game_ctrl:u_game|lcd_y1[6]         ;
; game_ctrl:u_game|lcd_y0[4]                          ; Merged with game_ctrl:u_game|lcd_y1[4]         ;
; game_ctrl:u_game|lcd_y0[3]                          ; Merged with game_ctrl:u_game|lcd_y1[3]         ;
; game_ctrl:u_game|lcd_y0[1]                          ; Merged with game_ctrl:u_game|lcd_y1[1]         ;
; game_ctrl:u_game|lcd_color[7]                       ; Merged with game_ctrl:u_game|lcd_color[9]      ;
; game_ctrl:u_game|lcd_y0[7]                          ; Merged with game_ctrl:u_game|lcd_y1[7]         ;
; game_ctrl:u_game|lcd_x0[0]                          ; Merged with game_ctrl:u_game|lcd_x1[0]         ;
; game_ctrl:u_game|lcd_x0[1]                          ; Merged with game_ctrl:u_game|lcd_x1[1]         ;
; game_ctrl:u_game|lcd_x0[6]                          ; Merged with game_ctrl:u_game|lcd_x1[6]         ;
; game_ctrl:u_game|lcd_x0[7]                          ; Merged with game_ctrl:u_game|lcd_x1[7]         ;
; dot_field:u_dots|lcd_color[14]                      ; Merged with dot_field:u_dots|lcd_color[15]     ;
; line_draw:u_line|lcd_x0[2]                          ; Merged with line_draw:u_line|lcd_x1[7]         ;
; line_draw:u_line|lcd_x0[1,7]                        ; Merged with line_draw:u_line|lcd_x1[6]         ;
; line_draw:u_line|lcd_x1[0,2,8]                      ; Merged with line_draw:u_line|lcd_x1[4]         ;
; line_draw:u_line|lcd_color[7]                       ; Merged with line_draw:u_line|lcd_color[10]     ;
; line_draw:u_line|lcd_x0[4,8]                        ; Merged with line_draw:u_line|lcd_x0[0]         ;
; line_draw:u_line|lcd_x0[5]                          ; Merged with line_draw:u_line|lcd_x0[3]         ;
; lcd_ili9341_ctrl:u_lcd|w_color[4]                   ; Merged with lcd_ili9341_ctrl:u_lcd|w_color[0]  ;
; game_ctrl:u_game|lcd_y0[0]                          ; Merged with game_ctrl:u_game|lcd_y1[0]         ;
; game_ctrl:u_game|lcd_color[12]                      ; Merged with game_ctrl:u_game|lcd_color[14]     ;
; game_ctrl:u_game|lcd_color[9]                       ; Merged with game_ctrl:u_game|lcd_color[10]     ;
; game_ctrl:u_game|lcd_x0[4]                          ; Merged with game_ctrl:u_game|lcd_x1[4]         ;
; dot_field:u_dots|lcd_color[5]                       ; Merged with dot_field:u_dots|lcd_color[10]     ;
; line_draw:u_line|lcd_x0[6]                          ; Merged with line_draw:u_line|lcd_x1[7]         ;
; line_draw:u_line|x0_c[0]                            ; Merged with line_draw:u_line|x1_c[6]           ;
; lcd_ili9341_ctrl:u_lcd|w_color[15]                  ; Merged with lcd_ili9341_ctrl:u_lcd|w_color[13] ;
; line_draw:u_line|lcd_x0[0]                          ; Merged with line_draw:u_line|lcd_x1[6]         ;
; lcd_ili9341_ctrl:u_lcd|w_color[14]                  ; Merged with lcd_ili9341_ctrl:u_lcd|w_color[12] ;
; game_ctrl:u_game|lcd_y0[5]                          ; Merged with game_ctrl:u_game|lcd_y1[5]         ;
; game_ctrl:u_game|lcd_x0[3]                          ; Merged with game_ctrl:u_game|lcd_x1[3]         ;
; game_ctrl:u_game|lcd_x0[8]                          ; Merged with game_ctrl:u_game|lcd_x1[8]         ;
; dot_field:u_dots|lcd_color[9]                       ; Merged with dot_field:u_dots|lcd_color[10]     ;
; game_ctrl:u_game|lcd_color[8]                       ; Merged with game_ctrl:u_game|lcd_color[10]     ;
; lcd_ili9341_ctrl:u_lcd|w_color[2]                   ; Merged with lcd_ili9341_ctrl:u_lcd|w_color[0]  ;
; lcd_ili9341_ctrl:u_lcd|w_color[10]                  ; Merged with lcd_ili9341_ctrl:u_lcd|w_color[8]  ;
; line_draw:u_line|x1_c[1]                            ; Merged with line_draw:u_line|x1_c[0]           ;
; line_draw:u_line|x1_c[7]                            ; Merged with line_draw:u_line|x1_c[6]           ;
; line_draw:u_line|x1_c[5]                            ; Merged with line_draw:u_line|x1_c[3]           ;
; lcd_ili9341_ctrl:u_lcd|w_color[12,13]               ; Merged with lcd_ili9341_ctrl:u_lcd|w_color[11] ;
; lcd_ili9341_ctrl:u_lcd|w_color[7,9]                 ; Merged with lcd_ili9341_ctrl:u_lcd|w_color[6]  ;
; line_draw:u_line|lcd_x1[7]                          ; Merged with line_draw:u_line|lcd_x1[6]         ;
; line_draw:u_line|lcd_x1[4]                          ; Merged with line_draw:u_line|lcd_x1[1]         ;
; line_draw:u_line|lcd_x1[5]                          ; Merged with line_draw:u_line|lcd_x1[3]         ;
; game_ctrl:u_game|lcd_color[15]                      ; Merged with game_ctrl:u_game|lcd_color[14]     ;
; dot_field:u_dots|lcd_color[15]                      ; Merged with dot_field:u_dots|lcd_color[11]     ;
; line_draw:u_line|lcd_color[15]                      ; Merged with line_draw:u_line|lcd_color[14]     ;
; line_draw:u_line|lcd_color[9]                       ; Merged with line_draw:u_line|lcd_color[10]     ;
; lcd_ili9341_ctrl:u_lcd|w_color[8]                   ; Merged with lcd_ili9341_ctrl:u_lcd|w_color[5]  ;
; lcd_ili9341_ctrl:u_lcd|w_color[1,3]                 ; Merged with lcd_ili9341_ctrl:u_lcd|w_color[0]  ;
; game_ctrl:u_game|lcd_color[10]                      ; Stuck at GND due to stuck port data_in         ;
; dot_field:u_dots|lcd_color[10]                      ; Stuck at GND due to stuck port data_in         ;
; line_draw:u_line|lcd_color[10]                      ; Stuck at GND due to stuck port data_in         ;
; line_draw:u_line|x1_c[6]                            ; Stuck at GND due to stuck port data_in         ;
; line_draw:u_line|lcd_x1[6]                          ; Stuck at GND due to stuck port data_in         ;
; lcd_ili9341_ctrl:u_lcd|w_color[6]                   ; Stuck at GND due to stuck port data_in         ;
; line_draw:u_line|mask[3,5,7]                        ; Merged with line_draw:u_line|mask[1]           ;
; line_draw:u_line|mask[6]                            ; Merged with line_draw:u_line|mask[2]           ;
; line_draw:u_line|mask[11,13,15]                     ; Merged with line_draw:u_line|mask[9]           ;
; line_draw:u_line|mask[14]                           ; Merged with line_draw:u_line|mask[10]          ;
; line_draw:u_line|mask[19,21,23]                     ; Merged with line_draw:u_line|mask[17]          ;
; line_draw:u_line|mask[22]                           ; Merged with line_draw:u_line|mask[18]          ;
; line_draw:u_line|mask[27,29,31]                     ; Merged with line_draw:u_line|mask[25]          ;
; line_draw:u_line|mask[30]                           ; Merged with line_draw:u_line|mask[26]          ;
; line_draw:u_line|mask[4]                            ; Merged with line_draw:u_line|mask[1]           ;
; line_draw:u_line|mask[12]                           ; Merged with line_draw:u_line|mask[9]           ;
; line_draw:u_line|mask[20]                           ; Merged with line_draw:u_line|mask[17]          ;
; line_draw:u_line|mask[28]                           ; Merged with line_draw:u_line|mask[25]          ;
; game_ctrl:u_game|lcd_color[14]                      ; Stuck at VCC due to stuck port data_in         ;
; dot_field:u_dots|lcd_color[11]                      ; Stuck at VCC due to stuck port data_in         ;
; line_draw:u_line|lcd_color[14]                      ; Stuck at VCC due to stuck port data_in         ;
; line_draw:u_line|x0_c[3]                            ; Merged with line_draw:u_line|x1_c[3]           ;
; line_draw:u_line|mask[2]                            ; Merged with line_draw:u_line|mask[1]           ;
; line_draw:u_line|mask[10,17,18]                     ; Merged with line_draw:u_line|mask[9]           ;
; line_draw:u_line|mask[26]                           ; Merged with line_draw:u_line|mask[25]          ;
; line_draw:u_line|lcd_x1[3]                          ; Merged with line_draw:u_line|lcd_x0[3]         ;
; init_state~17                                       ; Lost fanout                                    ;
; init_state~18                                       ; Lost fanout                                    ;
; init_state~19                                       ; Lost fanout                                    ;
; init_state~20                                       ; Lost fanout                                    ;
; game_ctrl:u_game|state~10                           ; Lost fanout                                    ;
; game_ctrl:u_game|state~11                           ; Lost fanout                                    ;
; game_ctrl:u_game|state~12                           ; Lost fanout                                    ;
; dot_field:u_dots|state~9                            ; Lost fanout                                    ;
; dot_field:u_dots|state~10                           ; Lost fanout                                    ;
; dot_field:u_dots|state~11                           ; Lost fanout                                    ;
; dot_field:u_dots|state~12                           ; Lost fanout                                    ;
; line_draw:u_line|state~8                            ; Lost fanout                                    ;
; line_draw:u_line|state~9                            ; Lost fanout                                    ;
; line_draw:u_line|state~10                           ; Lost fanout                                    ;
; lcd_ili9341_ctrl:u_lcd|state~12                     ; Lost fanout                                    ;
; lcd_ili9341_ctrl:u_lcd|state~13                     ; Lost fanout                                    ;
; lcd_ili9341_ctrl:u_lcd|state~14                     ; Lost fanout                                    ;
; lcd_ili9341_ctrl:u_lcd|state~15                     ; Lost fanout                                    ;
; game_ctrl:u_game|state.G_OVER                       ; Lost fanout                                    ;
; lcd_ili9341_ctrl:u_lcd|spi_byte_master:u_spi|acc[3] ; Stuck at GND due to stuck port data_in         ;
; Total Number of Removed Registers = 163             ;                                                ;
+-----------------------------------------------------+------------------------------------------------+


+-----------------------------------------------------------------------------------------------------+
; Removed Registers Triggering Further Register Optimizations                                         ;
+--------------------------------+---------------------------+----------------------------------------+
; Register name                  ; Reason for Removal        ; Registers Removed due to This Register ;
+--------------------------------+---------------------------+----------------------------------------+
; game_ctrl:u_game|lcd_color[10] ; Stuck at GND              ; lcd_ili9341_ctrl:u_lcd|w_color[6]      ;
;                                ; due to stuck port data_in ;                                        ;
; line_draw:u_line|x1_c[6]       ; Stuck at GND              ; line_draw:u_line|lcd_x1[6]             ;
;                                ; due to stuck port data_in ;                                        ;
; game_ctrl:u_game|state~10      ; Lost Fanouts              ; game_ctrl:u_game|state.G_OVER          ;
+--------------------------------+---------------------------+----------------------------------------+


+------------------------------------------------------+
; General Register Statistics                          ;
+----------------------------------------------+-------+
; Statistic                                    ; Value ;
+----------------------------------------------+-------+
; Total registers                              ; 621   ;
; Number of registers using Synchronous Clear  ; 300   ;
; Number of registers using Synchronous Load   ; 36    ;
; Number of registers using Asynchronous Clear ; 3     ;
; Number of registers using Asynchronous Load  ; 0     ;
; Number of registers using Clock Enable       ; 502   ;
; Number of registers using Preset             ; 0     ;
+----------------------------------------------+-------+


+---------------------------------------------------------------------+
; Registers Packed Into Inferred Megafunctions                        ;
+---------------------------------+----------------------------+------+
; Register Name                   ; Megafunction               ; Type ;
+---------------------------------+----------------------------+------+
; framebuffer:u_fb|rd_data[0..31] ; framebuffer:u_fb|mem_rtl_0 ; RAM  ;
+---------------------------------+----------------------------+------+


+------------------------------------------------------------------------------------------------------------------------------------------------------------------------------------+
; Multiplexer Restructuring Statistics (Restructuring Performed)                                                                                                                     ;
+--------------------+-----------+---------------+----------------------+------------------------+------------+----------------------------------------------------------------------+
; Multiplexer Inputs ; Bus Width ; Baseline Area ; Area if Restructured ; Saving if Restructured ; Registered ; Example Multiplexer Output                                           ;
+--------------------+-----------+---------------+----------------------+------------------------+------------+----------------------------------------------------------------------+
; 3:1                ; 12 bits   ; 24 LEs        ; 12 LEs               ; 12 LEs                 ; Yes        ; |lcd_test_top|game_ctrl:u_game|fb_rd_addr[7]                         ;
; 3:1                ; 17 bits   ; 34 LEs        ; 17 LEs               ; 17 LEs                 ; Yes        ; |lcd_test_top|game_ctrl:u_game|lcd_x1[6]                             ;
; 3:1                ; 12 bits   ; 24 LEs        ; 12 LEs               ; 12 LEs                 ; Yes        ; |lcd_test_top|dot_field:u_dots|fb_rd_addr[8]                         ;
; 3:1                ; 44 bits   ; 88 LEs        ; 44 LEs               ; 44 LEs                 ; Yes        ; |lcd_test_top|dot_field:u_dots|fb_wr_data[18]                        ;
; 3:1                ; 34 bits   ; 68 LEs        ; 34 LEs               ; 34 LEs                 ; Yes        ; |lcd_test_top|dot_field:u_dots|lcd_y0[1]                             ;
; 3:1                ; 10 bits   ; 20 LEs        ; 10 LEs               ; 10 LEs                 ; Yes        ; |lcd_test_top|line_draw:u_line|y_c[7]                                ;
; 3:1                ; 22 bits   ; 44 LEs        ; 22 LEs               ; 22 LEs                 ; Yes        ; |lcd_test_top|line_draw:u_line|fb_rd_addr[9]                         ;
; 3:1                ; 44 bits   ; 88 LEs        ; 44 LEs               ; 44 LEs                 ; Yes        ; |lcd_test_top|line_draw:u_line|fb_wr_data[18]                        ;
; 3:1                ; 11 bits   ; 22 LEs        ; 11 LEs               ; 11 LEs                 ; Yes        ; |lcd_test_top|line_draw:u_line|lcd_y0[1]                             ;
; 3:1                ; 14 bits   ; 28 LEs        ; 14 LEs               ; 14 LEs                 ; Yes        ; |lcd_test_top|framebuffer:u_fb|clr_addr[1]                           ;
; 3:1                ; 44 bits   ; 88 LEs        ; 44 LEs               ; 44 LEs                 ; Yes        ; |lcd_test_top|game_ctrl:u_game|fb_wr_data[31]                        ;
; 3:1                ; 18 bits   ; 36 LEs        ; 18 LEs               ; 18 LEs                 ; Yes        ; |lcd_test_top|dot_field:u_dots|x_c[1]                                ;
; 3:1                ; 16 bits   ; 32 LEs        ; 16 LEs               ; 16 LEs                 ; Yes        ; |lcd_test_top|dot_field:u_dots|y_c[6]                                ;
; 4:1                ; 19 bits   ; 38 LEs        ; 19 LEs               ; 19 LEs                 ; Yes        ; |lcd_test_top|debounce:u_debounce|cnt[15]                            ;
; 4:1                ; 3 bits    ; 6 LEs         ; 6 LEs                ; 0 LEs                  ; Yes        ; |lcd_test_top|lcd_ili9341_ctrl:u_lcd|spi_byte_master:u_spi|acc[1]    ;
; 5:1                ; 2 bits    ; 6 LEs         ; 4 LEs                ; 2 LEs                  ; Yes        ; |lcd_test_top|line_draw:u_line|mask[16]                              ;
; 5:1                ; 17 bits   ; 51 LEs        ; 17 LEs               ; 34 LEs                 ; Yes        ; |lcd_test_top|dot_field:u_dots|lfsr[20]                              ;
; 5:1                ; 15 bits   ; 45 LEs        ; 15 LEs               ; 30 LEs                 ; Yes        ; |lcd_test_top|dot_field:u_dots|lfsr[9]                               ;
; 6:1                ; 9 bits    ; 36 LEs        ; 18 LEs               ; 18 LEs                 ; Yes        ; |lcd_test_top|lcd_ili9341_ctrl:u_lcd|w_x1[6]                         ;
; 6:1                ; 26 bits   ; 104 LEs       ; 78 LEs               ; 26 LEs                 ; Yes        ; |lcd_test_top|lcd_ili9341_ctrl:u_lcd|w_y0[2]                         ;
; 6:1                ; 4 bits    ; 16 LEs        ; 4 LEs                ; 12 LEs                 ; Yes        ; |lcd_test_top|dot_field:u_dots|dx_i[0]                               ;
; 6:1                ; 8 bits    ; 32 LEs        ; 8 LEs                ; 24 LEs                 ; Yes        ; |lcd_test_top|lcd_ili9341_ctrl:u_lcd|gap_cnt[3]                      ;
; 6:1                ; 4 bits    ; 16 LEs        ; 8 LEs                ; 8 LEs                  ; Yes        ; |lcd_test_top|lcd_ili9341_ctrl:u_lcd|spi_byte_master:u_spi|bitcnt[2] ;
; 6:1                ; 7 bits    ; 28 LEs        ; 14 LEs               ; 14 LEs                 ; Yes        ; |lcd_test_top|lcd_ili9341_ctrl:u_lcd|spi_byte_master:u_spi|shreg[3]  ;
; 6:1                ; 5 bits    ; 20 LEs        ; 5 LEs                ; 15 LEs                 ; Yes        ; |lcd_test_top|dot_field:u_dots|dot_i[0]                              ;
; 6:1                ; 4 bits    ; 16 LEs        ; 4 LEs                ; 12 LEs                 ; Yes        ; |lcd_test_top|dot_field:u_dots|dy_i[0]                               ;
; 6:1                ; 4 bits    ; 16 LEs        ; 4 LEs                ; 12 LEs                 ; Yes        ; |lcd_test_top|lcd_ili9341_ctrl:u_lcd|hdr_step[3]                     ;
; 6:1                ; 17 bits   ; 68 LEs        ; 34 LEs               ; 34 LEs                 ; Yes        ; |lcd_test_top|lcd_ili9341_ctrl:u_lcd|pix_left[3]                     ;
; 6:1                ; 12 bits   ; 48 LEs        ; 12 LEs               ; 36 LEs                 ; Yes        ; |lcd_test_top|lcd_ili9341_ctrl:u_lcd|delay_cnt[1]                    ;
; 6:1                ; 10 bits   ; 40 LEs        ; 20 LEs               ; 20 LEs                 ; Yes        ; |lcd_test_top|lcd_ili9341_ctrl:u_lcd|delay_cnt[4]                    ;
; 6:1                ; 10 bits   ; 40 LEs        ; 20 LEs               ; 20 LEs                 ; Yes        ; |lcd_test_top|lcd_ili9341_ctrl:u_lcd|delay_cnt[22]                   ;
; 7:1                ; 8 bits    ; 32 LEs        ; 16 LEs               ; 16 LEs                 ; Yes        ; |lcd_test_top|game_ctrl:u_game|x[6]                                  ;
; 8:1                ; 22 bits   ; 110 LEs       ; 22 LEs               ; 88 LEs                 ; Yes        ; |lcd_test_top|game_ctrl:u_game|step_cnt[18]                          ;
; 8:1                ; 4 bits    ; 20 LEs        ; 4 LEs                ; 16 LEs                 ; Yes        ; |lcd_test_top|line_draw:u_line|li[2]                                 ;
; 8:1                ; 7 bits    ; 35 LEs        ; 7 LEs                ; 28 LEs                 ; Yes        ; |lcd_test_top|lcd_ili9341_ctrl:u_lcd|init_idx[5]                     ;
; 9:1                ; 8 bits    ; 48 LEs        ; 16 LEs               ; 32 LEs                 ; Yes        ; |lcd_test_top|game_ctrl:u_game|y[2]                                  ;
; 23:1               ; 5 bits    ; 75 LEs        ; 40 LEs               ; 35 LEs                 ; Yes        ; |lcd_test_top|lcd_ili9341_ctrl:u_lcd|spi_data[3]                     ;
; 3:1                ; 13 bits   ; 26 LEs        ; 26 LEs               ; 0 LEs                  ; No         ; |lcd_test_top|fb_rd_addr[7]                                          ;
; 3:1                ; 2 bits    ; 4 LEs         ; 2 LEs                ; 2 LEs                  ; No         ; |lcd_test_top|line_draw:u_line|ShiftLeft1                            ;
; 4:1                ; 32 bits   ; 64 LEs        ; 64 LEs               ; 0 LEs                  ; No         ; |lcd_test_top|framebuffer:u_fb|mem                                   ;
; 4:1                ; 12 bits   ; 24 LEs        ; 24 LEs               ; 0 LEs                  ; No         ; |lcd_test_top|framebuffer:u_fb|mem                                   ;
; 7:1                ; 2 bits    ; 8 LEs         ; 6 LEs                ; 2 LEs                  ; No         ; |lcd_test_top|lcd_ili9341_ctrl:u_lcd|spi_byte_master:u_spi|state     ;
; 9:1                ; 3 bits    ; 18 LEs        ; 9 LEs                ; 9 LEs                  ; No         ; |lcd_test_top|game_ctrl:u_game|state                                 ;
; 10:1               ; 2 bits    ; 12 LEs        ; 8 LEs                ; 4 LEs                  ; No         ; |lcd_test_top|dot_field:u_dots|state                                 ;
; 10:1               ; 2 bits    ; 12 LEs        ; 4 LEs                ; 8 LEs                  ; No         ; |lcd_test_top|game_ctrl:u_game|state                                 ;
; 12:1               ; 2 bits    ; 16 LEs        ; 8 LEs                ; 8 LEs                  ; No         ; |lcd_test_top|dot_field:u_dots|state                                 ;
; 16:1               ; 8 bits    ; 80 LEs        ; 48 LEs               ; 32 LEs                 ; No         ; |lcd_test_top|init_state                                             ;
; 14:1               ; 2 bits    ; 18 LEs        ; 6 LEs                ; 12 LEs                 ; No         ; |lcd_test_top|lcd_ili9341_ctrl:u_lcd|state                           ;
+--------------------+-----------+---------------+----------------------+------------------------+------------+----------------------------------------------------------------------+


+---------------------------------------------------------------------------------------------+
; Source assignments for framebuffer:u_fb|altsyncram:mem_rtl_0|altsyncram_7sd1:auto_generated ;
+---------------------------------+--------------------+------+-------------------------------+
; Assignment                      ; Value              ; From ; To                            ;
+---------------------------------+--------------------+------+-------------------------------+
; OPTIMIZE_POWER_DURING_SYNTHESIS ; NORMAL_COMPILATION ; -    ; -                             ;
+---------------------------------+--------------------+------+-------------------------------+


+------------------------------------------------------------------------------+
; Parameter Settings for User Entity Instance: Top-level Entity: |lcd_test_top ;
+-----------------+---------------------------------------+--------------------+
; Parameter Name  ; Value                                 ; Type               ;
+-----------------+---------------------------------------+--------------------+
; CLK_FREQ_HZ     ; 50000000                              ; Signed Integer     ;
; POWERON_WAIT_MS ; 150                                   ; Signed Integer     ;
; SCLK_HALF_NUM   ; 5                                     ; Signed Integer     ;
; SCLK_HALF_DEN   ; 2                                     ; Signed Integer     ;
; MS_SCALE        ; 1                                     ; Signed Integer     ;
; MADCTL_VALUE    ; 00101000                              ; Unsigned Binary    ;
; N_LINES         ; 9                                     ; Signed Integer     ;
; LINE_X0         ; (0,40,0,40,0,40,0,40,0)               ; Array/Record       ;
; LINE_X1         ; (279,319,279,319,279,319,279,319,279) ; Array/Record       ;
; LINE_Y          ; (25,50,75,100,125,150,175,200,225)    ; Array/Record       ;
; STEP_MS         ; 40                                    ; Signed Integer     ;
; LOCK_TO_FRAME   ; 1                                     ; Unsigned Binary    ;
; FRAME_PERIOD_MS ; 50                                    ; Signed Integer     ;
; START_X         ; 1                                     ; Signed Integer     ;
; START_Y         ; 1                                     ; Signed Integer     ;
; DOT_N           ; 20                                    ; Signed Integer     ;
; DOT_W           ; 4                                     ; Signed Integer     ;
; DOT_H           ; 4                                     ; Signed Integer     ;
; DOT_X_MIN       ; 2                                     ; Signed Integer     ;
; DOT_X_MAX       ; 318                                   ; Signed Integer     ;
; DOT_Y_MIN       ; 2                                     ; Signed Integer     ;
; DOT_Y_MAX       ; 318                                   ; Signed Integer     ;
; DOT_SEED        ; 10101100111000010010001101000111      ; Unsigned Binary    ;
; COLOR_BIT0      ; 1111110100100000                      ; Unsigned Binary    ;
; COLOR_BIT1      ; 1111100000000000                      ; Unsigned Binary    ;
; COLOR_DOT       ; 1111100000011111                      ; Unsigned Binary    ;
+-----------------+---------------------------------------+--------------------+
Note: In order to hide this table in the UI and the text report file, please set the "Show Parameter Settings in Synthesis Report" option in "Analysis and Synthesis Settings -> More Settings" to "Off".


+-----------------------------------------------------------------+
; Parameter Settings for User Entity Instance: reset_sync:u_reset ;
+----------------+-------+----------------------------------------+
; Parameter Name ; Value ; Type                                   ;
+----------------+-------+----------------------------------------+
; SYNC_STAGES    ; 3     ; Signed Integer                         ;
+----------------+-------+----------------------------------------+
Note: In order to hide this table in the UI and the text report file, please set the "Show Parameter Settings in Synthesis Report" option in "Analysis and Synthesis Settings -> More Settings" to "Off".


+------------------------------------------------------------------+
; Parameter Settings for User Entity Instance: debounce:u_debounce ;
+----------------+----------+--------------------------------------+
; Parameter Name ; Value    ; Type                                 ;
+----------------+----------+--------------------------------------+
; CLK_FREQ_HZ    ; 50000000 ; Signed Integer                       ;
; DEBOUNCE_MS    ; 10       ; Signed Integer                       ;
+----------------+----------+--------------------------------------+
Note: In order to hide this table in the UI and the text report file, please set the "Show Parameter Settings in Synthesis Report" option in "Analysis and Synthesis Settings -> More Settings" to "Off".


+---------------------------------------------------------------+
; Parameter Settings for User Entity Instance: framebuffer:u_fb ;
+----------------+-------+--------------------------------------+
; Parameter Name ; Value ; Type                                 ;
+----------------+-------+--------------------------------------+
; FIELD_W        ; 320   ; Signed Integer                       ;
; FIELD_H        ; 240   ; Signed Integer                       ;
; WORDS_PER_ROW  ; 10    ; Signed Integer                       ;
; AW             ; 14    ; Signed Integer                       ;
+----------------+-------+--------------------------------------+
Note: In order to hide this table in the UI and the text report file, please set the "Show Parameter Settings in Synthesis Report" option in "Analysis and Synthesis Settings -> More Settings" to "Off".


+---------------------------------------------------------------------+
; Parameter Settings for User Entity Instance: lcd_ili9341_ctrl:u_lcd ;
+-----------------+----------+----------------------------------------+
; Parameter Name  ; Value    ; Type                                   ;
+-----------------+----------+----------------------------------------+
; SCLK_HALF_NUM   ; 5        ; Signed Integer                         ;
; SCLK_HALF_DEN   ; 2        ; Signed Integer                         ;
; CLK_FREQ_HZ     ; 50000000 ; Signed Integer                         ;
; SCREEN_W        ; 320      ; Signed Integer                         ;
; SCREEN_H        ; 240      ; Signed Integer                         ;
; POWERON_WAIT_MS ; 150      ; Signed Integer                         ;
; MS_SCALE        ; 1        ; Signed Integer                         ;
; MADCTL_VALUE    ; 00101000 ; Unsigned Binary                        ;
+-----------------+----------+----------------------------------------+
Note: In order to hide this table in the UI and the text report file, please set the "Show Parameter Settings in Synthesis Report" option in "Analysis and Synthesis Settings -> More Settings" to "Off".


+-------------------------------------------------------------------------------------------+
; Parameter Settings for User Entity Instance: lcd_ili9341_ctrl:u_lcd|spi_byte_master:u_spi ;
+----------------+-------+------------------------------------------------------------------+
; Parameter Name ; Value ; Type                                                             ;
+----------------+-------+------------------------------------------------------------------+
; HALF_NUM       ; 5     ; Signed Integer                                                   ;
; HALF_DEN       ; 2     ; Signed Integer                                                   ;
+----------------+-------+------------------------------------------------------------------+
Note: In order to hide this table in the UI and the text report file, please set the "Show Parameter Settings in Synthesis Report" option in "Analysis and Synthesis Settings -> More Settings" to "Off".


+------------------------------------------------------------------------------------------------------+
; Parameter Settings for User Entity Instance: line_draw:u_line                                        ;
+----------------+-------------------------------------------------------------------+-----------------+
; Parameter Name ; Value                                                             ; Type            ;
+----------------+-------------------------------------------------------------------+-----------------+
; FIELD_W        ; 320                                                               ; Signed Integer  ;
; WORDS_PER_ROW  ; 10                                                                ; Signed Integer  ;
; AW             ; 14                                                                ; Signed Integer  ;
; COLOR          ; 1111100000000000                                                  ; Unsigned Binary ;
; N_LINES        ; 9                                                                 ; Signed Integer  ;
; LINE_X0        ; A(D"0",D"40",D"0",D"40",D"0",D"40",D"0",D"40",D"0")               ; Array/Record    ;
; LINE_X1        ; A(D"279",D"319",D"279",D"319",D"279",D"319",D"279",D"319",D"279") ; Array/Record    ;
; LINE_Y         ; A(D"25",D"50",D"75",D"100",D"125",D"150",D"175",D"200",D"225")    ; Array/Record    ;
+----------------+-------------------------------------------------------------------+-----------------+
Note: In order to hide this table in the UI and the text report file, please set the "Show Parameter Settings in Synthesis Report" option in "Analysis and Synthesis Settings -> More Settings" to "Off".


+---------------------------------------------------------------------+
; Parameter Settings for User Entity Instance: dot_field:u_dots       ;
+----------------+----------------------------------+-----------------+
; Parameter Name ; Value                            ; Type            ;
+----------------+----------------------------------+-----------------+
; FIELD_W        ; 320                              ; Signed Integer  ;
; FIELD_H        ; 240                              ; Signed Integer  ;
; WORDS_PER_ROW  ; 10                               ; Signed Integer  ;
; AW             ; 14                               ; Signed Integer  ;
; N_DOTS         ; 20                               ; Signed Integer  ;
; DOT_W          ; 4                                ; Signed Integer  ;
; DOT_H          ; 4                                ; Signed Integer  ;
; X_MIN          ; 2                                ; Signed Integer  ;
; X_MAX          ; 318                              ; Signed Integer  ;
; Y_MIN          ; 2                                ; Signed Integer  ;
; Y_MAX          ; 318                              ; Signed Integer  ;
; SEED           ; 10101100111000010010001101000111 ; Unsigned Binary ;
; COLOR          ; 1111100000011111                 ; Unsigned Binary ;
+----------------+----------------------------------+-----------------+
Note: In order to hide this table in the UI and the text report file, please set the "Show Parameter Settings in Synthesis Report" option in "Analysis and Synthesis Settings -> More Settings" to "Off".


+---------------------------------------------------------------+
; Parameter Settings for User Entity Instance: game_ctrl:u_game ;
+-----------------+------------------+--------------------------+
; Parameter Name  ; Value            ; Type                     ;
+-----------------+------------------+--------------------------+
; CLK_FREQ_HZ     ; 50000000         ; Signed Integer           ;
; MS_SCALE        ; 1                ; Signed Integer           ;
; STEP_MS         ; 40               ; Signed Integer           ;
; LOCK_TO_FRAME   ; 1                ; Unsigned Binary          ;
; FRAME_PERIOD_MS ; 50               ; Signed Integer           ;
; FIELD_W         ; 320              ; Signed Integer           ;
; FIELD_H         ; 240              ; Signed Integer           ;
; WORDS_PER_ROW   ; 10               ; Signed Integer           ;
; AW              ; 14               ; Signed Integer           ;
; START_X         ; 1                ; Signed Integer           ;
; START_Y         ; 1                ; Signed Integer           ;
; START_DIR_R     ; 1                ; Unsigned Binary          ;
; COLOR           ; 1111100000000000 ; Unsigned Binary          ;
+-----------------+------------------+--------------------------+
Note: In order to hide this table in the UI and the text report file, please set the "Show Parameter Settings in Synthesis Report" option in "Analysis and Synthesis Settings -> More Settings" to "Off".


+----------------------------------------------------------------------------------------+
; Parameter Settings for Inferred Entity Instance: framebuffer:u_fb|altsyncram:mem_rtl_0 ;
+------------------------------------+----------------------+----------------------------+
; Parameter Name                     ; Value                ; Type                       ;
+------------------------------------+----------------------+----------------------------+
; BYTE_SIZE_BLOCK                    ; 8                    ; Untyped                    ;
; AUTO_CARRY_CHAINS                  ; ON                   ; AUTO_CARRY                 ;
; IGNORE_CARRY_BUFFERS               ; OFF                  ; IGNORE_CARRY               ;
; AUTO_CASCADE_CHAINS                ; ON                   ; AUTO_CASCADE               ;
; IGNORE_CASCADE_BUFFERS             ; OFF                  ; IGNORE_CASCADE             ;
; WIDTH_BYTEENA                      ; 1                    ; Untyped                    ;
; OPERATION_MODE                     ; DUAL_PORT            ; Untyped                    ;
; WIDTH_A                            ; 32                   ; Untyped                    ;
; WIDTHAD_A                          ; 12                   ; Untyped                    ;
; NUMWORDS_A                         ; 2400                 ; Untyped                    ;
; OUTDATA_REG_A                      ; UNREGISTERED         ; Untyped                    ;
; ADDRESS_ACLR_A                     ; NONE                 ; Untyped                    ;
; OUTDATA_ACLR_A                     ; NONE                 ; Untyped                    ;
; WRCONTROL_ACLR_A                   ; NONE                 ; Untyped                    ;
; INDATA_ACLR_A                      ; NONE                 ; Untyped                    ;
; BYTEENA_ACLR_A                     ; NONE                 ; Untyped                    ;
; WIDTH_B                            ; 32                   ; Untyped                    ;
; WIDTHAD_B                          ; 12                   ; Untyped                    ;
; NUMWORDS_B                         ; 2400                 ; Untyped                    ;
; INDATA_REG_B                       ; CLOCK1               ; Untyped                    ;
; WRCONTROL_WRADDRESS_REG_B          ; CLOCK1               ; Untyped                    ;
; RDCONTROL_REG_B                    ; CLOCK1               ; Untyped                    ;
; ADDRESS_REG_B                      ; CLOCK0               ; Untyped                    ;
; OUTDATA_REG_B                      ; UNREGISTERED         ; Untyped                    ;
; BYTEENA_REG_B                      ; CLOCK1               ; Untyped                    ;
; INDATA_ACLR_B                      ; NONE                 ; Untyped                    ;
; WRCONTROL_ACLR_B                   ; NONE                 ; Untyped                    ;
; ADDRESS_ACLR_B                     ; NONE                 ; Untyped                    ;
; OUTDATA_ACLR_B                     ; NONE                 ; Untyped                    ;
; RDCONTROL_ACLR_B                   ; NONE                 ; Untyped                    ;
; BYTEENA_ACLR_B                     ; NONE                 ; Untyped                    ;
; WIDTH_BYTEENA_A                    ; 1                    ; Untyped                    ;
; WIDTH_BYTEENA_B                    ; 1                    ; Untyped                    ;
; RAM_BLOCK_TYPE                     ; M9K                  ; Untyped                    ;
; BYTE_SIZE                          ; 8                    ; Untyped                    ;
; READ_DURING_WRITE_MODE_MIXED_PORTS ; DONT_CARE            ; Untyped                    ;
; READ_DURING_WRITE_MODE_PORT_A      ; NEW_DATA_NO_NBE_READ ; Untyped                    ;
; READ_DURING_WRITE_MODE_PORT_B      ; NEW_DATA_NO_NBE_READ ; Untyped                    ;
; INIT_FILE                          ; UNUSED               ; Untyped                    ;
; INIT_FILE_LAYOUT                   ; PORT_A               ; Untyped                    ;
; MAXIMUM_DEPTH                      ; 0                    ; Untyped                    ;
; CLOCK_ENABLE_INPUT_A               ; NORMAL               ; Untyped                    ;
; CLOCK_ENABLE_INPUT_B               ; NORMAL               ; Untyped                    ;
; CLOCK_ENABLE_OUTPUT_A              ; NORMAL               ; Untyped                    ;
; CLOCK_ENABLE_OUTPUT_B              ; NORMAL               ; Untyped                    ;
; CLOCK_ENABLE_CORE_A                ; USE_INPUT_CLKEN      ; Untyped                    ;
; CLOCK_ENABLE_CORE_B                ; USE_INPUT_CLKEN      ; Untyped                    ;
; ENABLE_ECC                         ; FALSE                ; Untyped                    ;
; ECC_PIPELINE_STAGE_ENABLED         ; FALSE                ; Untyped                    ;
; WIDTH_ECCSTATUS                    ; 3                    ; Untyped                    ;
; DEVICE_FAMILY                      ; MAX 10               ; Untyped                    ;
; CBXI_PARAMETER                     ; altsyncram_7sd1      ; Untyped                    ;
+------------------------------------+----------------------+----------------------------+
Note: In order to hide this table in the UI and the text report file, please set the "Show Parameter Settings in Synthesis Report" option in "Analysis and Synthesis Settings -> More Settings" to "Off".


+----------------------------------------------------------------------------------------+
; Parameter Settings for Inferred Entity Instance: lcd_ili9341_ctrl:u_lcd|lpm_mult:Mult0 ;
+------------------------------------------------+----------+----------------------------+
; Parameter Name                                 ; Value    ; Type                       ;
+------------------------------------------------+----------+----------------------------+
; AUTO_CARRY_CHAINS                              ; ON       ; AUTO_CARRY                 ;
; IGNORE_CARRY_BUFFERS                           ; OFF      ; IGNORE_CARRY               ;
; AUTO_CASCADE_CHAINS                            ; ON       ; AUTO_CASCADE               ;
; IGNORE_CASCADE_BUFFERS                         ; OFF      ; IGNORE_CASCADE             ;
; LPM_WIDTHA                                     ; 10       ; Untyped                    ;
; LPM_WIDTHB                                     ; 9        ; Untyped                    ;
; LPM_WIDTHP                                     ; 19       ; Untyped                    ;
; LPM_WIDTHR                                     ; 19       ; Untyped                    ;
; LPM_WIDTHS                                     ; 1        ; Untyped                    ;
; LPM_REPRESENTATION                             ; UNSIGNED ; Untyped                    ;
; LPM_PIPELINE                                   ; 0        ; Untyped                    ;
; LATENCY                                        ; 0        ; Untyped                    ;
; INPUT_A_IS_CONSTANT                            ; NO       ; Untyped                    ;
; INPUT_B_IS_CONSTANT                            ; NO       ; Untyped                    ;
; USE_EAB                                        ; OFF      ; Untyped                    ;
; MAXIMIZE_SPEED                                 ; 6        ; Untyped                    ;
; DEVICE_FAMILY                                  ; MAX 10   ; Untyped                    ;
; CARRY_CHAIN                                    ; MANUAL   ; Untyped                    ;
; APEX20K_TECHNOLOGY_MAPPER                      ; LUT      ; TECH_MAPPER_APEX20K        ;
; DEDICATED_MULTIPLIER_CIRCUITRY                 ; AUTO     ; Untyped                    ;
; DEDICATED_MULTIPLIER_MIN_INPUT_WIDTH_FOR_AUTO  ; 0        ; Untyped                    ;
; DEDICATED_MULTIPLIER_MIN_OUTPUT_WIDTH_FOR_AUTO ; 0        ; Untyped                    ;
; CBXI_PARAMETER                                 ; mult_ems ; Untyped                    ;
; INPUT_A_FIXED_VALUE                            ; Bx       ; Untyped                    ;
; INPUT_B_FIXED_VALUE                            ; Bx       ; Untyped                    ;
; USE_AHDL_IMPLEMENTATION                        ; OFF      ; Untyped                    ;
+------------------------------------------------+----------+----------------------------+
Note: In order to hide this table in the UI and the text report file, please set the "Show Parameter Settings in Synthesis Report" option in "Analysis and Synthesis Settings -> More Settings" to "Off".


+----------------------------------------------------------------------------------------+
; Parameter Settings for Inferred Entity Instance: lcd_ili9341_ctrl:u_lcd|lpm_mult:Mult1 ;
+------------------------------------------------+----------+----------------------------+
; Parameter Name                                 ; Value    ; Type                       ;
+------------------------------------------------+----------+----------------------------+
; AUTO_CARRY_CHAINS                              ; ON       ; AUTO_CARRY                 ;
; IGNORE_CARRY_BUFFERS                           ; OFF      ; IGNORE_CARRY               ;
; AUTO_CASCADE_CHAINS                            ; ON       ; AUTO_CASCADE               ;
; IGNORE_CASCADE_BUFFERS                         ; OFF      ; IGNORE_CASCADE             ;
; LPM_WIDTHA                                     ; 8        ; Untyped                    ;
; LPM_WIDTHB                                     ; 16       ; Untyped                    ;
; LPM_WIDTHP                                     ; 24       ; Untyped                    ;
; LPM_WIDTHR                                     ; 24       ; Untyped                    ;
; LPM_WIDTHS                                     ; 1        ; Untyped                    ;
; LPM_REPRESENTATION                             ; UNSIGNED ; Untyped                    ;
; LPM_PIPELINE                                   ; 0        ; Untyped                    ;
; LATENCY                                        ; 0        ; Untyped                    ;
; INPUT_A_IS_CONSTANT                            ; NO       ; Untyped                    ;
; INPUT_B_IS_CONSTANT                            ; YES      ; Untyped                    ;
; USE_EAB                                        ; OFF      ; Untyped                    ;
; MAXIMIZE_SPEED                                 ; 6        ; Untyped                    ;
; DEVICE_FAMILY                                  ; MAX 10   ; Untyped                    ;
; CARRY_CHAIN                                    ; MANUAL   ; Untyped                    ;
; APEX20K_TECHNOLOGY_MAPPER                      ; LUT      ; TECH_MAPPER_APEX20K        ;
; DEDICATED_MULTIPLIER_CIRCUITRY                 ; AUTO     ; Untyped                    ;
; DEDICATED_MULTIPLIER_MIN_INPUT_WIDTH_FOR_AUTO  ; 0        ; Untyped                    ;
; DEDICATED_MULTIPLIER_MIN_OUTPUT_WIDTH_FOR_AUTO ; 0        ; Untyped                    ;
; CBXI_PARAMETER                                 ; NOTHING  ; Untyped                    ;
; INPUT_A_FIXED_VALUE                            ; Bx       ; Untyped                    ;
; INPUT_B_FIXED_VALUE                            ; Bx       ; Untyped                    ;
; USE_AHDL_IMPLEMENTATION                        ; OFF      ; Untyped                    ;
+------------------------------------------------+----------+----------------------------+
Note: In order to hide this table in the UI and the text report file, please set the "Show Parameter Settings in Synthesis Report" option in "Analysis and Synthesis Settings -> More Settings" to "Off".


+-----------------------------------------------------------------------------------+
; altsyncram Parameter Settings by Entity Instance                                  ;
+-------------------------------------------+---------------------------------------+
; Name                                      ; Value                                 ;
+-------------------------------------------+---------------------------------------+
; Number of entity instances                ; 1                                     ;
; Entity Instance                           ; framebuffer:u_fb|altsyncram:mem_rtl_0 ;
;     -- OPERATION_MODE                     ; DUAL_PORT                             ;
;     -- WIDTH_A                            ; 32                                    ;
;     -- NUMWORDS_A                         ; 2400                                  ;
;     -- OUTDATA_REG_A                      ; UNREGISTERED                          ;
;     -- WIDTH_B                            ; 32                                    ;
;     -- NUMWORDS_B                         ; 2400                                  ;
;     -- ADDRESS_REG_B                      ; CLOCK0                                ;
;     -- OUTDATA_REG_B                      ; UNREGISTERED                          ;
;     -- RAM_BLOCK_TYPE                     ; M9K                                   ;
;     -- READ_DURING_WRITE_MODE_MIXED_PORTS ; DONT_CARE                             ;
+-------------------------------------------+---------------------------------------+


+-------------------------------------------------------------------------------+
; lpm_mult Parameter Settings by Entity Instance                                ;
+---------------------------------------+---------------------------------------+
; Name                                  ; Value                                 ;
+---------------------------------------+---------------------------------------+
; Number of entity instances            ; 2                                     ;
; Entity Instance                       ; lcd_ili9341_ctrl:u_lcd|lpm_mult:Mult0 ;
;     -- LPM_WIDTHA                     ; 10                                    ;
;     -- LPM_WIDTHB                     ; 9                                     ;
;     -- LPM_WIDTHP                     ; 19                                    ;
;     -- LPM_REPRESENTATION             ; UNSIGNED                              ;
;     -- INPUT_A_IS_CONSTANT            ; NO                                    ;
;     -- INPUT_B_IS_CONSTANT            ; NO                                    ;
;     -- USE_EAB                        ; OFF                                   ;
;     -- DEDICATED_MULTIPLIER_CIRCUITRY ; AUTO                                  ;
;     -- INPUT_A_FIXED_VALUE            ; Bx                                    ;
;     -- INPUT_B_FIXED_VALUE            ; Bx                                    ;
; Entity Instance                       ; lcd_ili9341_ctrl:u_lcd|lpm_mult:Mult1 ;
;     -- LPM_WIDTHA                     ; 8                                     ;
;     -- LPM_WIDTHB                     ; 16                                    ;
;     -- LPM_WIDTHP                     ; 24                                    ;
;     -- LPM_REPRESENTATION             ; UNSIGNED                              ;
;     -- INPUT_A_IS_CONSTANT            ; NO                                    ;
;     -- INPUT_B_IS_CONSTANT            ; YES                                   ;
;     -- USE_EAB                        ; OFF                                   ;
;     -- DEDICATED_MULTIPLIER_CIRCUITRY ; AUTO                                  ;
;     -- INPUT_A_FIXED_VALUE            ; Bx                                    ;
;     -- INPUT_B_FIXED_VALUE            ; Bx                                    ;
+---------------------------------------+---------------------------------------+


+-------------------------------------------------------------------------------------------------------------------+
; Port Connectivity Checks: "game_ctrl:u_game"                                                                      ;
+---------+--------+----------+-------------------------------------------------------------------------------------+
; Port    ; Type   ; Severity ; Details                                                                             ;
+---------+--------+----------+-------------------------------------------------------------------------------------+
; running ; Output ; Info     ; Connected to dangling logic. Logic that only feeds a dangling port will be removed. ;
; dot_x   ; Output ; Info     ; Connected to dangling logic. Logic that only feeds a dangling port will be removed. ;
; dot_y   ; Output ; Info     ; Connected to dangling logic. Logic that only feeds a dangling port will be removed. ;
+---------+--------+----------+-------------------------------------------------------------------------------------+


+-----------------------------------------------------+
; Post-Synthesis Netlist Statistics for Top Partition ;
+-----------------------+-----------------------------+
; Type                  ; Count                       ;
+-----------------------+-----------------------------+
; boundary_port         ; 13                          ;
; cycloneiii_ff         ; 621                         ;
;     CLR               ; 3                           ;
;     ENA               ; 243                         ;
;     ENA SCLR          ; 233                         ;
;     ENA SCLR SLD      ; 16                          ;
;     ENA SLD           ; 10                          ;
;     SCLR              ; 49                          ;
;     SCLR SLD          ; 2                           ;
;     SLD               ; 8                           ;
;     plain             ; 57                          ;
; cycloneiii_lcell_comb ; 1325                        ;
;     arith             ; 278                         ;
;         2 data inputs ; 205                         ;
;         3 data inputs ; 73                          ;
;     normal            ; 1047                        ;
;         0 data inputs ; 5                           ;
;         1 data inputs ; 27                          ;
;         2 data inputs ; 223                         ;
;         3 data inputs ; 201                         ;
;         4 data inputs ; 591                         ;
; cycloneiii_mac_mult   ; 1                           ;
; cycloneiii_mac_out    ; 1                           ;
; cycloneiii_ram_block  ; 32                          ;
;                       ;                             ;
; Max LUT depth         ; 8.50                        ;
; Average LUT depth     ; 3.33                        ;
+-----------------------+-----------------------------+


+-------------------------------+
; Elapsed Time Per Partition    ;
+----------------+--------------+
; Partition Name ; Elapsed Time ;
+----------------+--------------+
; Top            ; 00:00:04     ;
+----------------+--------------+


+-------------------------------+
; Analysis & Synthesis Messages ;
+-------------------------------+
Info: *******************************************************************
Info: Running Quartus Prime Analysis & Synthesis
    Info: Version 25.1std.0 Build 1129 10/21/2025 SC Lite Edition
    Info: Processing started: Sat Sep 26 01:25:16 2026
Info: Command: quartus_map --read_settings_files=on --write_settings_files=off lcd_game -c lcd_game
Info (20030): Parallel compilation is enabled and will use 16 of the 16 processors detected
Info (12021): Found 1 design units, including 1 entities, in source file rtl/lcd_test_top.sv
    Info (12023): Found entity 1: lcd_test_top File: H:/git/PCB_CQmax10/CQmax10/sample/lcd_game/rtl/lcd_test_top.sv Line: 60
Info (12021): Found 1 design units, including 1 entities, in source file rtl/lcd_ili9341_ctrl.sv
    Info (12023): Found entity 1: lcd_ili9341_ctrl File: H:/git/PCB_CQmax10/CQmax10/sample/lcd_game/rtl/lcd_ili9341_ctrl.sv Line: 48
Info (12021): Found 1 design units, including 1 entities, in source file rtl/spi_byte_master.sv
    Info (12023): Found entity 1: spi_byte_master File: H:/git/PCB_CQmax10/CQmax10/sample/lcd_game/rtl/spi_byte_master.sv Line: 28
Info (12021): Found 1 design units, including 1 entities, in source file rtl/framebuffer.v
    Info (12023): Found entity 1: framebuffer File: H:/git/PCB_CQmax10/CQmax10/sample/lcd_game/rtl/framebuffer.v Line: 39
Info (12021): Found 1 design units, including 1 entities, in source file rtl/line_draw.sv
    Info (12023): Found entity 1: line_draw File: H:/git/PCB_CQmax10/CQmax10/sample/lcd_game/rtl/line_draw.sv Line: 53
Info (12021): Found 1 design units, including 1 entities, in source file rtl/dot_field.sv
    Info (12023): Found entity 1: dot_field File: H:/git/PCB_CQmax10/CQmax10/sample/lcd_game/rtl/dot_field.sv Line: 77
Info (12021): Found 1 design units, including 1 entities, in source file rtl/game_ctrl.sv
    Info (12023): Found entity 1: game_ctrl File: H:/git/PCB_CQmax10/CQmax10/sample/lcd_game/rtl/game_ctrl.sv Line: 55
Info (12021): Found 1 design units, including 1 entities, in source file rtl/reset_sync.sv
    Info (12023): Found entity 1: reset_sync File: H:/git/PCB_CQmax10/CQmax10/sample/lcd_game/rtl/reset_sync.sv Line: 6
Info (12021): Found 1 design units, including 1 entities, in source file rtl/debounce.sv
    Info (12023): Found entity 1: debounce File: H:/git/PCB_CQmax10/CQmax10/sample/lcd_game/rtl/debounce.sv Line: 6
Info (12127): Elaborating entity "lcd_test_top" for the top level hierarchy
Info (12128): Elaborating entity "reset_sync" for hierarchy "reset_sync:u_reset" File: H:/git/PCB_CQmax10/CQmax10/sample/lcd_game/rtl/lcd_test_top.sv Line: 137
Info (12128): Elaborating entity "debounce" for hierarchy "debounce:u_debounce" File: H:/git/PCB_CQmax10/CQmax10/sample/lcd_game/rtl/lcd_test_top.sv Line: 148
Info (12128): Elaborating entity "framebuffer" for hierarchy "framebuffer:u_fb" File: H:/git/PCB_CQmax10/CQmax10/sample/lcd_game/rtl/lcd_test_top.sv Line: 198
Info (12128): Elaborating entity "lcd_ili9341_ctrl" for hierarchy "lcd_ili9341_ctrl:u_lcd" File: H:/git/PCB_CQmax10/CQmax10/sample/lcd_game/rtl/lcd_test_top.sv Line: 260
Info (12128): Elaborating entity "spi_byte_master" for hierarchy "lcd_ili9341_ctrl:u_lcd|spi_byte_master:u_spi" File: H:/git/PCB_CQmax10/CQmax10/sample/lcd_game/rtl/lcd_ili9341_ctrl.sv Line: 100
Info (12128): Elaborating entity "line_draw" for hierarchy "line_draw:u_line" File: H:/git/PCB_CQmax10/CQmax10/sample/lcd_game/rtl/lcd_test_top.sv Line: 424
Info (12128): Elaborating entity "dot_field" for hierarchy "dot_field:u_dots" File: H:/git/PCB_CQmax10/CQmax10/sample/lcd_game/rtl/lcd_test_top.sv Line: 463
Info (12128): Elaborating entity "game_ctrl" for hierarchy "game_ctrl:u_game" File: H:/git/PCB_CQmax10/CQmax10/sample/lcd_game/rtl/lcd_test_top.sv Line: 506
Info (19000): Inferred 1 megafunctions from design logic
    Info (276029): Inferred altsyncram megafunction from the following design logic: "framebuffer:u_fb|mem_rtl_0" 
        Info (286033): Parameter OPERATION_MODE set to DUAL_PORT
        Info (286033): Parameter WIDTH_A set to 32
        Info (286033): Parameter WIDTHAD_A set to 12
        Info (286033): Parameter NUMWORDS_A set to 2400
        Info (286033): Parameter WIDTH_B set to 32
        Info (286033): Parameter WIDTHAD_B set to 12
        Info (286033): Parameter NUMWORDS_B set to 2400
        Info (286033): Parameter ADDRESS_ACLR_A set to NONE
        Info (286033): Parameter OUTDATA_REG_B set to UNREGISTERED
        Info (286033): Parameter ADDRESS_ACLR_B set to NONE
        Info (286033): Parameter OUTDATA_ACLR_B set to NONE
        Info (286033): Parameter ADDRESS_REG_B set to CLOCK0
        Info (286033): Parameter INDATA_ACLR_A set to NONE
        Info (286033): Parameter WRCONTROL_ACLR_A set to NONE
        Info (286033): Parameter RAM_BLOCK_TYPE set to M9K
Info (278001): Inferred 2 megafunctions from design logic
    Info (278003): Inferred multiplier megafunction ("lpm_mult") from the following logic: "lcd_ili9341_ctrl:u_lcd|Mult0" File: H:/git/PCB_CQmax10/CQmax10/sample/lcd_game/rtl/lcd_ili9341_ctrl.sv Line: 197
    Info (278003): Inferred multiplier megafunction ("lpm_mult") from the following logic: "lcd_ili9341_ctrl:u_lcd|Mult1" File: H:/git/PCB_CQmax10/CQmax10/sample/lcd_game/rtl/lcd_ili9341_ctrl.sv Line: 259
Info (12130): Elaborated megafunction instantiation "framebuffer:u_fb|altsyncram:mem_rtl_0"
Info (12133): Instantiated megafunction "framebuffer:u_fb|altsyncram:mem_rtl_0" with the following parameter:
    Info (12134): Parameter "OPERATION_MODE" = "DUAL_PORT"
    Info (12134): Parameter "WIDTH_A" = "32"
    Info (12134): Parameter "WIDTHAD_A" = "12"
    Info (12134): Parameter "NUMWORDS_A" = "2400"
    Info (12134): Parameter "WIDTH_B" = "32"
    Info (12134): Parameter "WIDTHAD_B" = "12"
    Info (12134): Parameter "NUMWORDS_B" = "2400"
    Info (12134): Parameter "ADDRESS_ACLR_A" = "NONE"
    Info (12134): Parameter "OUTDATA_REG_B" = "UNREGISTERED"
    Info (12134): Parameter "ADDRESS_ACLR_B" = "NONE"
    Info (12134): Parameter "OUTDATA_ACLR_B" = "NONE"
    Info (12134): Parameter "ADDRESS_REG_B" = "CLOCK0"
    Info (12134): Parameter "INDATA_ACLR_A" = "NONE"
    Info (12134): Parameter "WRCONTROL_ACLR_A" = "NONE"
    Info (12134): Parameter "RAM_BLOCK_TYPE" = "M9K"
Info (12021): Found 1 design units, including 1 entities, in source file db/altsyncram_7sd1.tdf
    Info (12023): Found entity 1: altsyncram_7sd1 File: H:/git/PCB_CQmax10/CQmax10/sample/lcd_game/db/altsyncram_7sd1.tdf Line: 28
Info (12130): Elaborated megafunction instantiation "lcd_ili9341_ctrl:u_lcd|lpm_mult:Mult0" File: H:/git/PCB_CQmax10/CQmax10/sample/lcd_game/rtl/lcd_ili9341_ctrl.sv Line: 197
Info (12133): Instantiated megafunction "lcd_ili9341_ctrl:u_lcd|lpm_mult:Mult0" with the following parameter: File: H:/git/PCB_CQmax10/CQmax10/sample/lcd_game/rtl/lcd_ili9341_ctrl.sv Line: 197
    Info (12134): Parameter "LPM_WIDTHA" = "10"
    Info (12134): Parameter "LPM_WIDTHB" = "9"
    Info (12134): Parameter "LPM_WIDTHP" = "19"
    Info (12134): Parameter "LPM_WIDTHR" = "19"
    Info (12134): Parameter "LPM_WIDTHS" = "1"
    Info (12134): Parameter "LPM_REPRESENTATION" = "UNSIGNED"
    Info (12134): Parameter "INPUT_A_IS_CONSTANT" = "NO"
    Info (12134): Parameter "INPUT_B_IS_CONSTANT" = "NO"
    Info (12134): Parameter "MAXIMIZE_SPEED" = "6"
Info (12021): Found 1 design units, including 1 entities, in source file db/mult_ems.tdf
    Info (12023): Found entity 1: mult_ems File: H:/git/PCB_CQmax10/CQmax10/sample/lcd_game/db/mult_ems.tdf Line: 29
Info (12130): Elaborated megafunction instantiation "lcd_ili9341_ctrl:u_lcd|lpm_mult:Mult1" File: H:/git/PCB_CQmax10/CQmax10/sample/lcd_game/rtl/lcd_ili9341_ctrl.sv Line: 259
Info (12133): Instantiated megafunction "lcd_ili9341_ctrl:u_lcd|lpm_mult:Mult1" with the following parameter: File: H:/git/PCB_CQmax10/CQmax10/sample/lcd_game/rtl/lcd_ili9341_ctrl.sv Line: 259
    Info (12134): Parameter "LPM_WIDTHA" = "8"
    Info (12134): Parameter "LPM_WIDTHB" = "16"
    Info (12134): Parameter "LPM_WIDTHP" = "24"
    Info (12134): Parameter "LPM_WIDTHR" = "24"
    Info (12134): Parameter "LPM_WIDTHS" = "1"
    Info (12134): Parameter "LPM_REPRESENTATION" = "UNSIGNED"
    Info (12134): Parameter "INPUT_A_IS_CONSTANT" = "NO"
    Info (12134): Parameter "INPUT_B_IS_CONSTANT" = "YES"
    Info (12134): Parameter "MAXIMIZE_SPEED" = "6"
Info (12131): Elaborated megafunction instantiation "lcd_ili9341_ctrl:u_lcd|lpm_mult:Mult1|multcore:mult_core", which is child of megafunction instantiation "lcd_ili9341_ctrl:u_lcd|lpm_mult:Mult1" File: h:/altera_lite/25.1std/quartus/libraries/megafunctions/lpm_mult.tdf Line: 309
Info (12131): Elaborated megafunction instantiation "lcd_ili9341_ctrl:u_lcd|lpm_mult:Mult1|multcore:mult_core|mpar_add:padder", which is child of megafunction instantiation "lcd_ili9341_ctrl:u_lcd|lpm_mult:Mult1" File: h:/altera_lite/25.1std/quartus/libraries/megafunctions/multcore.tdf Line: 229
Info (12131): Elaborated megafunction instantiation "lcd_ili9341_ctrl:u_lcd|lpm_mult:Mult1|multcore:mult_core|mpar_add:padder|lpm_add_sub:adder[0]", which is child of megafunction instantiation "lcd_ili9341_ctrl:u_lcd|lpm_mult:Mult1" File: h:/altera_lite/25.1std/quartus/libraries/megafunctions/mpar_add.tdf Line: 78
Info (12021): Found 1 design units, including 1 entities, in source file db/add_sub_arg.tdf
    Info (12023): Found entity 1: add_sub_arg File: H:/git/PCB_CQmax10/CQmax10/sample/lcd_game/db/add_sub_arg.tdf Line: 23
Info (12131): Elaborated megafunction instantiation "lcd_ili9341_ctrl:u_lcd|lpm_mult:Mult1|altshift:external_latency_ffs", which is child of megafunction instantiation "lcd_ili9341_ctrl:u_lcd|lpm_mult:Mult1" File: h:/altera_lite/25.1std/quartus/libraries/megafunctions/lpm_mult.tdf Line: 352
Info (286030): Timing-Driven Synthesis is running
Info (17049): 19 registers lost all their fanouts during netlist optimizations.
Info (144001): Generated suppressed messages file H:/git/PCB_CQmax10/CQmax10/sample/lcd_game/output_files/lcd_game.map.smsg
Info (16010): Generating hard_block partition "hard_block:auto_generated_inst"
    Info (16011): Adding 0 node(s), including 0 DDIO, 0 PLL, 0 transceiver and 0 LCELL
Warning (21074): Design contains 1 input pin(s) that do not drive logic
    Warning (15610): No output dependent on input pin "sw2" File: H:/git/PCB_CQmax10/CQmax10/sample/lcd_game/rtl/lcd_test_top.sv Line: 116
Info (21057): Implemented 1470 device resources after synthesis - the final resource count might be different
    Info (21058): Implemented 4 input pins
    Info (21059): Implemented 9 output pins
    Info (21061): Implemented 1423 logic cells
    Info (21064): Implemented 32 RAM segments
    Info (21062): Implemented 2 DSP elements
Info: Quartus Prime Analysis & Synthesis was successful. 0 errors, 2 warnings
    Info: Peak virtual memory: 4877 megabytes
    Info: Processing ended: Sat Sep 26 01:25:31 2026
    Info: Elapsed time: 00:00:15
    Info: Total CPU time (on all processors): 00:00:30


+------------------------------------------+
; Analysis & Synthesis Suppressed Messages ;
+------------------------------------------+
The suppressed messages can be found in H:/git/PCB_CQmax10/CQmax10/sample/lcd_game/output_files/lcd_game.map.smsg.


